sample_id,source_group,category,class_label,filepath,duration,sample_rate,channels,peak_amplitude,rms_energy,crest_factor,label_idx
bg_bg_session_01_0040,bg_session_01,background,BACKGROUND_NOISE,data/processed\background\bg_bg_session_01_0040.wav,1.0,16000,1,0.3392889685796717,0.0663015903225859,5.117357151695954,2
bg_bg_session_01_0041,bg_session_01,background,BACKGROUND_NOISE,data/processed\background\bg_bg_session_01_0041.wav,1.0,16000,1,0.280701988462846,0.0502490213650064,5.586216904836251,2
bg_bg_session_01_0042,bg_session_01,background,BACKGROUND_NOISE,data/processed\background\bg_bg_session_01_0042.wav,1.0,16000,1,0.4370607153011159,0.0716737211830276,6.097920508491847,2
bg_bg_session_01_0043,bg_session_01,background,BACKGROUND_NOISE,data/processed\background\bg_bg_session_01_0043.wav,1.0,16000,1,0.2490490193803759,0.0454277416458039,5.482310049640765,2
bg_bg_session_01_0044,bg_session_01,background,BACKGROUND_NOISE,data/processed\background\bg_bg_session_01_0044.wav,1.0,16000,1,0.3561146851777061,0.0608133681596052,5.85586092986119,2
bg_bg_session_01_0045,bg_session_01,background,BACKGROUND_NOISE,data/processed\background\bg_bg_session_01_0045.wav,1.0,16000,1,0.2453798476576226,0.0475155008018832,5.164205193557489,2
bg_bg_session_01_0046,bg_session_01,background,BACKGROUND_NOISE,data/processed\background\bg_bg_session_01_0046.wav,1.0,16000,1,0.3146091626685978,0.0583049769155128,5.395922018205477,2
bg_bg_session_01_0047,bg_session_01,background,BACKGROUND_NOISE,data/processed\background\bg_bg_session_01_0047.wav,1.0,16000,1,0.3943872072959005,0.0838962577484281,4.700890967861794,2
bg_bg_session_01_0048,bg_session_01,background,BACKGROUND_NOISE,data/processed\background\bg_bg_session_01_0048.wav,1.0,16000,1,0.2015349479023671,0.0434459045990088,4.638754869415617,2
bg_bg_session_01_0049,bg_session_01,background,BACKGROUND_NOISE,data/processed\background\bg_bg_session_01_0049.wav,1.0,16000,1,0.296952069528186,0.0615840115528033,4.82190123413057,2
bg_bg_session_01_0050,bg_session_01,background,BACKGROUND_NOISE,data/processed\background\bg_bg_session_01_0050.wav,1.0,16000,1,0.3115208086250322,0.0658371480797366,4.7316867512377,2
bg_bg_session_01_0051,bg_session_01,background,BACKGROUND_NOISE,data/processed\background\bg_bg_session_01_0051.wav,1.0,16000,1,0.2225660855746193,0.0418801212582453,5.314359790379134,2
bg_bg_session_01_0052,bg_session_01,background,BACKGROUND_NOISE,data/processed\background\bg_bg_session_01_0052.wav,1.0,16000,1,0.3595860059273112,0.0658609088124401,5.459778156927123,2
bg_bg_session_01_0053,bg_session_01,background,BACKGROUND_NOISE,data/processed\background\bg_bg_session_01_0053.wav,1.0,16000,1,0.226487501952607,0.0593909319287511,3.813502439889143,2
bg_bg_session_01_0054,bg_session_01,background,BACKGROUND_NOISE,data/processed\background\bg_bg_session_01_0054.wav,1.0,16000,1,0.2816230613362431,0.0568718362831042,4.951888847327767,2
bg_bg_session_01_0055,bg_session_01,background,BACKGROUND_NOISE,data/processed\background\bg_bg_session_01_0055.wav,1.0,16000,1,0.3108070466901278,0.0558468017127792,5.565349876884859,2
bg_bg_session_01_0056,bg_session_01,background,BACKGROUND_NOISE,data/processed\background\bg_bg_session_01_0056.wav,1.0,16000,1,0.3695159971200533,0.0604666592993313,6.111069146058282,2
bg_bg_session_01_0057,bg_session_01,background,BACKGROUND_NOISE,data/processed\background\bg_bg_session_01_0057.wav,1.0,16000,1,0.2417502584092778,0.0450118606698752,5.370811184061097,2
bg_bg_session_01_0058,bg_session_01,background,BACKGROUND_NOISE,data/processed\background\bg_bg_session_01_0058.wav,1.0,16000,1,0.2249799886819188,0.0566421484083025,3.9719529587866393,2
bg_bg_session_01_0059,bg_session_01,background,BACKGROUND_NOISE,data/processed\background\bg_bg_session_01_0059.wav,1.0,16000,1,0.3475058695700949,0.0673267034190093,5.161485715296752,2
bg_bg_session_01_0060,bg_session_01,background,BACKGROUND_NOISE,data/processed\background\bg_bg_session_01_0060.wav,1.0,16000,1,0.3565974329726326,0.0602438967910091,5.919228216883362,2
bg_bg_session_01_0061,bg_session_01,background,BACKGROUND_NOISE,data/processed\background\bg_bg_session_01_0061.wav,1.0,16000,1,0.2689636209972848,0.055048203009887,4.885964617034476,2
bg_bg_session_01_0062,bg_session_01,background,BACKGROUND_NOISE,data/processed\background\bg_bg_session_01_0062.wav,1.0,16000,1,0.3302930364411184,0.0674600499771456,4.8961272277702745,2
bg_bg_session_01_0063,bg_session_01,background,BACKGROUND_NOISE,data/processed\background\bg_bg_session_01_0063.wav,1.0,16000,1,0.3262928911076675,0.0653653228308388,4.991834003998604,2
bg_bg_session_01_0064,bg_session_01,background,BACKGROUND_NOISE,data/processed\background\bg_bg_session_01_0064.wav,1.0,16000,1,0.3050473453897941,0.0504505245441274,6.0464640889578485,2
bg_bg_session_01_0065,bg_session_01,background,BACKGROUND_NOISE,data/processed\background\bg_bg_session_01_0065.wav,1.0,16000,1,0.3154590236506235,0.0662312408814814,4.762993593690787,2
bg_bg_session_01_0066,bg_session_01,background,BACKGROUND_NOISE,data/processed\background\bg_bg_session_01_0066.wav,1.0,16000,1,0.2746931585881551,0.0530687353086961,5.176175863783659,2
bg_bg_session_01_0067,bg_session_01,background,BACKGROUND_NOISE,data/processed\background\bg_bg_session_01_0067.wav,1.0,16000,1,0.2149857903127871,0.0412347996776481,5.213696679903016,2
bg_bg_session_01_0068,bg_session_01,background,BACKGROUND_NOISE,data/processed\background\bg_bg_session_01_0068.wav,1.0,16000,1,0.332753368869625,0.0494962451792234,6.722798879728204,2
bg_bg_session_01_0069,bg_session_01,background,BACKGROUND_NOISE,data/processed\background\bg_bg_session_01_0069.wav,1.0,16000,1,0.3929750460763325,0.0771884978415679,5.091108211120329,2
bg_bg_session_01_0070,bg_session_01,background,BACKGROUND_NOISE,data/processed\background\bg_bg_session_01_0070.wav,1.0,16000,1,0.2078764579509504,0.0427626548900629,4.861167059755816,2
bg_bg_session_01_0071,bg_session_01,background,BACKGROUND_NOISE,data/processed\background\bg_bg_session_01_0071.wav,1.0,16000,1,0.3632959126498176,0.0650673065185889,5.583385516536992,2
bg_bg_session_01_0072,bg_session_01,background,BACKGROUND_NOISE,data/processed\background\bg_bg_session_01_0072.wav,1.0,16000,1,0.2993363843176381,0.0589792695560863,5.075280447143885,2
bg_bg_session_01_0073,bg_session_01,background,BACKGROUND_NOISE,data/processed\background\bg_bg_session_01_0073.wav,1.0,16000,1,0.3469527296147701,0.0652698994070315,5.31566127127783,2
bg_bg_session_01_0074,bg_session_01,background,BACKGROUND_NOISE,data/processed\background\bg_bg_session_01_0074.wav,1.0,16000,1,0.2839917011728869,0.0455339083978194,6.236926475154556,2
bg_bg_session_01_0075,bg_session_01,background,BACKGROUND_NOISE,data/processed\background\bg_bg_session_01_0075.wav,1.0,16000,1,0.2478933765733706,0.0436119415374492,5.684069798172334,2
bg_bg_session_01_0076,bg_session_01,background,BACKGROUND_NOISE,data/processed\background\bg_bg_session_01_0076.wav,1.0,16000,1,0.2449939985798326,0.0491226186191902,4.987395940862237,2
bg_bg_session_01_0077,bg_session_01,background,BACKGROUND_NOISE,data/processed\background\bg_bg_session_01_0077.wav,1.0,16000,1,0.3497532987759635,0.0634830123337538,5.509398984458881,2
bg_bg_session_01_0078,bg_session_01,background,BACKGROUND_NOISE,data/processed\background\bg_bg_session_01_0078.wav,1.0,16000,1,0.3211363328616755,0.0627581305647791,5.117046648796066,2
bg_bg_session_01_0079,bg_session_01,background,BACKGROUND_NOISE,data/processed\background\bg_bg_session_01_0079.wav,1.0,16000,1,0.3942515214984573,0.0651635680696501,6.050182221072351,2
bg_bg_session_02_0080,bg_session_02,background,BACKGROUND_NOISE,data/processed\background\bg_bg_session_02_0080.wav,1.0,16000,1,0.3299081551054288,0.1226028906394311,2.690867454071677,2
bg_bg_session_02_0081,bg_session_02,background,BACKGROUND_NOISE,data/processed\background\bg_bg_session_02_0081.wav,1.0,16000,1,0.3400840358578855,0.1228138213620871,2.76910207984009,2
bg_bg_session_02_0082,bg_session_02,background,BACKGROUND_NOISE,data/processed\background\bg_bg_session_02_0082.wav,1.0,16000,1,0.3364150574683432,0.1234713047030362,2.7246414138981425,2
bg_bg_session_02_0083,bg_session_02,background,BACKGROUND_NOISE,data/processed\background\bg_bg_session_02_0083.wav,1.0,16000,1,0.3404839058124591,0.1237480282906279,2.7514287136642688,2
bg_bg_session_02_0084,bg_session_02,background,BACKGROUND_NOISE,data/processed\background\bg_bg_session_02_0084.wav,1.0,16000,1,0.3531215736235553,0.1233394163863277,2.863006452758233,2
bg_bg_session_02_0085,bg_session_02,background,BACKGROUND_NOISE,data/processed\background\bg_bg_session_02_0085.wav,1.0,16000,1,0.3547456488805453,0.1233945263940235,2.8748894339030646,2
bg_bg_session_02_0086,bg_session_02,background,BACKGROUND_NOISE,data/processed\background\bg_bg_session_02_0086.wav,1.0,16000,1,0.3643018564278537,0.1231976539287795,2.957051658369564,2
bg_bg_session_02_0087,bg_session_02,background,BACKGROUND_NOISE,data/processed\background\bg_bg_session_02_0087.wav,1.0,16000,1,0.3637337124112225,0.1239630798628794,2.934209794331225,2
bg_bg_session_02_0088,bg_session_02,background,BACKGROUND_NOISE,data/processed\background\bg_bg_session_02_0088.wav,1.0,16000,1,0.3258240270144907,0.1238532747566653,2.630725762781644,2
bg_bg_session_02_0089,bg_session_02,background,BACKGROUND_NOISE,data/processed\background\bg_bg_session_02_0089.wav,1.0,16000,1,0.3463787621611016,0.1237385563023021,2.799278935516949,2
bg_bg_session_02_0090,bg_session_02,background,BACKGROUND_NOISE,data/processed\background\bg_bg_session_02_0090.wav,1.0,16000,1,0.3693064685864919,0.1229712952812394,3.0031922304303103,2
bg_bg_session_02_0091,bg_session_02,background,BACKGROUND_NOISE,data/processed\background\bg_bg_session_02_0091.wav,1.0,16000,1,0.3623556134448558,0.1234072680279643,2.9362580492436217,2
bg_bg_session_02_0092,bg_session_02,background,BACKGROUND_NOISE,data/processed\background\bg_bg_session_02_0092.wav,1.0,16000,1,0.3386892498650569,0.1245176199170905,2.7200104121044664,2
bg_bg_session_02_0093,bg_session_02,background,BACKGROUND_NOISE,data/processed\background\bg_bg_session_02_0093.wav,1.0,16000,1,0.3677180144895694,0.1235827519392691,2.9754798219372445,2
bg_bg_session_02_0094,bg_session_02,background,BACKGROUND_NOISE,data/processed\background\bg_bg_session_02_0094.wav,1.0,16000,1,0.3316639371481502,0.1231913702377388,2.692265777914771,2
bg_bg_session_02_0095,bg_session_02,background,BACKGROUND_NOISE,data/processed\background\bg_bg_session_02_0095.wav,1.0,16000,1,0.3405120674672759,0.1222840413134357,2.7845991673475323,2
bg_bg_session_02_0096,bg_session_02,background,BACKGROUND_NOISE,data/processed\background\bg_bg_session_02_0096.wav,1.0,16000,1,0.403210432845786,0.1241003494433924,3.249067405237516,2
bg_bg_session_02_0097,bg_session_02,background,BACKGROUND_NOISE,data/processed\background\bg_bg_session_02_0097.wav,1.0,16000,1,0.3319323186760202,0.1240004030208763,2.67686462157297,2
bg_bg_session_02_0098,bg_session_02,background,BACKGROUND_NOISE,data/processed\background\bg_bg_session_02_0098.wav,1.0,16000,1,0.3316468462256259,0.1230305957328547,2.6956450734360744,2
bg_bg_session_02_0099,bg_session_02,background,BACKGROUND_NOISE,data/processed\background\bg_bg_session_02_0099.wav,1.0,16000,1,0.3592105912836003,0.1220475671420474,2.943201329310505,2
bg_bg_session_02_0100,bg_session_02,background,BACKGROUND_NOISE,data/processed\background\bg_bg_session_02_0100.wav,1.0,16000,1,0.3362846719011519,0.12217634749903,2.752452919574245,2
bg_bg_session_02_0101,bg_session_02,background,BACKGROUND_NOISE,data/processed\background\bg_bg_session_02_0101.wav,1.0,16000,1,0.3498811268748122,0.1249049891026866,2.801177930333828,2
bg_bg_session_02_0102,bg_session_02,background,BACKGROUND_NOISE,data/processed\background\bg_bg_session_02_0102.wav,1.0,16000,1,0.347780096381924,0.1234479806473127,2.817219580151138,2
bg_bg_session_02_0103,bg_session_02,background,BACKGROUND_NOISE,data/processed\background\bg_bg_session_02_0103.wav,1.0,16000,1,0.3499128217760815,0.12386246310045,2.8250107802409947,2
bg_bg_session_02_0104,bg_session_02,background,BACKGROUND_NOISE,data/processed\background\bg_bg_session_02_0104.wav,1.0,16000,1,0.3435246041111928,0.1232097123101896,2.788129034544401,2
bg_bg_session_02_0105,bg_session_02,background,BACKGROUND_NOISE,data/processed\background\bg_bg_session_02_0105.wav,1.0,16000,1,0.3471169215311015,0.1239709595578783,2.799985535073539,2
bg_bg_session_02_0106,bg_session_02,background,BACKGROUND_NOISE,data/processed\background\bg_bg_session_02_0106.wav,1.0,16000,1,0.3398971909251037,0.1234470805620452,2.7533835700588614,2
bg_bg_session_02_0107,bg_session_02,background,BACKGROUND_NOISE,data/processed\background\bg_bg_session_02_0107.wav,1.0,16000,1,0.3280294052099785,0.122704251651628,2.673333434345524,2
bg_bg_session_02_0108,bg_session_02,background,BACKGROUND_NOISE,data/processed\background\bg_bg_session_02_0108.wav,1.0,16000,1,0.3727208816212929,0.1234303049531497,3.0196867095637403,2
bg_bg_session_02_0109,bg_session_02,background,BACKGROUND_NOISE,data/processed\background\bg_bg_session_02_0109.wav,1.0,16000,1,0.3506581684987698,0.1244494008553412,2.817676404321201,2
bg_bg_session_02_0110,bg_session_02,background,BACKGROUND_NOISE,data/processed\background\bg_bg_session_02_0110.wav,1.0,16000,1,0.3706147023096464,0.1225602855540908,3.0239377331305395,2
bg_bg_session_02_0111,bg_session_02,background,BACKGROUND_NOISE,data/processed\background\bg_bg_session_02_0111.wav,1.0,16000,1,0.3540421173715505,0.1233491050494129,2.8702444863890872,2
bg_bg_session_02_0112,bg_session_02,background,BACKGROUND_NOISE,data/processed\background\bg_bg_session_02_0112.wav,1.0,16000,1,0.3743008645687958,0.1233567456893924,3.03429562877992,2
bg_bg_session_02_0113,bg_session_02,background,BACKGROUND_NOISE,data/processed\background\bg_bg_session_02_0113.wav,1.0,16000,1,0.3643531276653227,0.123389535747622,2.952868700972136,2
bg_bg_session_02_0114,bg_session_02,background,BACKGROUND_NOISE,data/processed\background\bg_bg_session_02_0114.wav,1.0,16000,1,0.3479441922018578,0.1226751568596418,2.8363050249604016,2
bg_bg_session_02_0115,bg_session_02,background,BACKGROUND_NOISE,data/processed\background\bg_bg_session_02_0115.wav,1.0,16000,1,0.3514483266703834,0.1224960714447182,2.869057708013216,2
bg_bg_session_02_0116,bg_session_02,background,BACKGROUND_NOISE,data/processed\background\bg_bg_session_02_0116.wav,1.0,16000,1,0.3282337905088736,0.1245164808952243,2.636066822546976,2
bg_bg_session_02_0117,bg_session_02,background,BACKGROUND_NOISE,data/processed\background\bg_bg_session_02_0117.wav,1.0,16000,1,0.3301455825783806,0.1234037434893322,2.6753285312907478,2
bg_bg_session_02_0118,bg_session_02,background,BACKGROUND_NOISE,data/processed\background\bg_bg_session_02_0118.wav,1.0,16000,1,0.3495141594494059,0.1246540152681414,2.803873831571592,2
bg_bg_session_02_0119,bg_session_02,background,BACKGROUND_NOISE,data/processed\background\bg_bg_session_02_0119.wav,1.0,16000,1,0.3282484249606558,0.1233768147592767,2.660535522786461,2
bg_bg_session_05_0200,bg_session_05,background,BACKGROUND_NOISE,data/processed\background\bg_bg_session_05_0200.wav,1.0,16000,1,0.4833019038596485,0.1640406268045132,2.946232794960421,2
bg_bg_session_05_0201,bg_session_05,background,BACKGROUND_NOISE,data/processed\background\bg_bg_session_05_0201.wav,1.0,16000,1,0.3551958414541766,0.1622147289434164,2.189664415007785,2
bg_bg_session_05_0202,bg_session_05,background,BACKGROUND_NOISE,data/processed\background\bg_bg_session_05_0202.wav,1.0,16000,1,0.3958682063933484,0.1609215407881767,2.460007403945761,2
bg_bg_session_05_0203,bg_session_05,background,BACKGROUND_NOISE,data/processed\background\bg_bg_session_05_0203.wav,1.0,16000,1,0.3674300958295503,0.1651695530876341,2.224562982191838,2
bg_bg_session_05_0204,bg_session_05,background,BACKGROUND_NOISE,data/processed\background\bg_bg_session_05_0204.wav,1.0,16000,1,0.3936998906426142,0.1648101757897651,2.3888080021026434,2
bg_bg_session_05_0205,bg_session_05,background,BACKGROUND_NOISE,data/processed\background\bg_bg_session_05_0205.wav,1.0,16000,1,0.3673762764469629,0.1638275154157372,2.242457581622439,2
bg_bg_session_05_0206,bg_session_05,background,BACKGROUND_NOISE,data/processed\background\bg_bg_session_05_0206.wav,1.0,16000,1,0.4484512908115329,0.1647165250864762,2.722563891816301,2
bg_bg_session_05_0207,bg_session_05,background,BACKGROUND_NOISE,data/processed\background\bg_bg_session_05_0207.wav,1.0,16000,1,0.3879580961935875,0.1632218956006871,2.376875179626345,2
bg_bg_session_05_0208,bg_session_05,background,BACKGROUND_NOISE,data/processed\background\bg_bg_session_05_0208.wav,1.0,16000,1,0.4102574090741586,0.1628320799321383,2.519512027666885,2
bg_bg_session_05_0209,bg_session_05,background,BACKGROUND_NOISE,data/processed\background\bg_bg_session_05_0209.wav,1.0,16000,1,0.36363967323596,0.1644901852291492,2.210707287017187,2
bg_bg_session_05_0210,bg_session_05,background,BACKGROUND_NOISE,data/processed\background\bg_bg_session_05_0210.wav,1.0,16000,1,0.4591574540720464,0.1633631984097892,2.810653993280241,2
bg_bg_session_05_0211,bg_session_05,background,BACKGROUND_NOISE,data/processed\background\bg_bg_session_05_0211.wav,1.0,16000,1,0.4089989411552959,0.1655858666522957,2.4700110264484056,2
bg_bg_session_05_0212,bg_session_05,background,BACKGROUND_NOISE,data/processed\background\bg_bg_session_05_0212.wav,1.0,16000,1,0.4395155780316711,0.162758970899476,2.700407532676348,2
bg_bg_session_05_0213,bg_session_05,background,BACKGROUND_NOISE,data/processed\background\bg_bg_session_05_0213.wav,1.0,16000,1,0.4941354907490045,0.1639888057096516,3.0132267777571493,2
bg_bg_session_05_0214,bg_session_05,background,BACKGROUND_NOISE,data/processed\background\bg_bg_session_05_0214.wav,1.0,16000,1,0.5550117591067495,0.1653927820040076,3.3557191482280624,2
bg_bg_session_05_0215,bg_session_05,background,BACKGROUND_NOISE,data/processed\background\bg_bg_session_05_0215.wav,1.0,16000,1,0.4838154063629849,0.1637806280146951,2.9540451925677247,2
bg_bg_session_05_0216,bg_session_05,background,BACKGROUND_NOISE,data/processed\background\bg_bg_session_05_0216.wav,1.0,16000,1,0.3991256661713225,0.1638624037159327,2.4357365250534846,2
bg_bg_session_05_0217,bg_session_05,background,BACKGROUND_NOISE,data/processed\background\bg_bg_session_05_0217.wav,1.0,16000,1,0.429180842741016,0.1646995193412989,2.605841343065681,2
bg_bg_session_05_0218,bg_session_05,background,BACKGROUND_NOISE,data/processed\background\bg_bg_session_05_0218.wav,1.0,16000,1,0.3890052368670564,0.1653858029489693,2.352107656217684,2
bg_bg_session_05_0219,bg_session_05,background,BACKGROUND_NOISE,data/processed\background\bg_bg_session_05_0219.wav,1.0,16000,1,0.3914869315247063,0.1642734904027572,2.3831411065380537,2
bg_bg_session_05_0220,bg_session_05,background,BACKGROUND_NOISE,data/processed\background\bg_bg_session_05_0220.wav,1.0,16000,1,0.4387321133808606,0.164504239708972,2.6669956196088,2
bg_bg_session_05_0221,bg_session_05,background,BACKGROUND_NOISE,data/processed\background\bg_bg_session_05_0221.wav,1.0,16000,1,0.4010508958189966,0.1638989270340597,2.446940188121259,2
bg_bg_session_05_0222,bg_session_05,background,BACKGROUND_NOISE,data/processed\background\bg_bg_session_05_0222.wav,1.0,16000,1,0.3956806103532562,0.1619699057299112,2.4429265679995984,2
bg_bg_session_05_0223,bg_session_05,background,BACKGROUND_NOISE,data/processed\background\bg_bg_session_05_0223.wav,1.0,16000,1,0.4781519822681438,0.1637474473460747,2.9200574471064047,2
bg_bg_session_05_0224,bg_session_05,background,BACKGROUND_NOISE,data/processed\background\bg_bg_session_05_0224.wav,1.0,16000,1,0.4103163370427942,0.1638751049732499,2.50383554031234,2
bg_bg_session_05_0225,bg_session_05,background,BACKGROUND_NOISE,data/processed\background\bg_bg_session_05_0225.wav,1.0,16000,1,0.4808358205745044,0.1637785318544991,2.9358902279254573,2
bg_bg_session_05_0226,bg_session_05,background,BACKGROUND_NOISE,data/processed\background\bg_bg_session_05_0226.wav,1.0,16000,1,0.4309849475613553,0.1618250065794145,2.6632776357532606,2
bg_bg_session_05_0227,bg_session_05,background,BACKGROUND_NOISE,data/processed\background\bg_bg_session_05_0227.wav,1.0,16000,1,0.419730023178453,0.1625496056865726,2.5821655831397,2
bg_bg_session_05_0228,bg_session_05,background,BACKGROUND_NOISE,data/processed\background\bg_bg_session_05_0228.wav,1.0,16000,1,0.4284375839638272,0.164099117273981,2.610846206686432,2
bg_bg_session_05_0229,bg_session_05,background,BACKGROUND_NOISE,data/processed\background\bg_bg_session_05_0229.wav,1.0,16000,1,0.4058371101489462,0.1638142386093113,2.477422529445819,2
bg_bg_session_05_0230,bg_session_05,background,BACKGROUND_NOISE,data/processed\background\bg_bg_session_05_0230.wav,1.0,16000,1,0.5462870039828138,0.1623244821019094,3.3654009749794733,2
bg_bg_session_05_0231,bg_session_05,background,BACKGROUND_NOISE,data/processed\background\bg_bg_session_05_0231.wav,1.0,16000,1,0.430733542803919,0.1624128695298408,2.652089809938863,2
bg_bg_session_05_0232,bg_session_05,background,BACKGROUND_NOISE,data/processed\background\bg_bg_session_05_0232.wav,1.0,16000,1,0.3813722095549837,0.1645788217028121,2.3172616162669435,2
bg_bg_session_05_0233,bg_session_05,background,BACKGROUND_NOISE,data/processed\background\bg_bg_session_05_0233.wav,1.0,16000,1,0.3751073078135555,0.1629266002909403,2.3023084267433127,2
bg_bg_session_05_0234,bg_session_05,background,BACKGROUND_NOISE,data/processed\background\bg_bg_session_05_0234.wav,1.0,16000,1,0.4293842368721188,0.1637044850170406,2.6229227048861574,2
bg_bg_session_05_0235,bg_session_05,background,BACKGROUND_NOISE,data/processed\background\bg_bg_session_05_0235.wav,1.0,16000,1,0.4482726910777637,0.1618973819200108,2.768869132241756,2
bg_bg_session_05_0236,bg_session_05,background,BACKGROUND_NOISE,data/processed\background\bg_bg_session_05_0236.wav,1.0,16000,1,0.435994694256902,0.1624098196816236,2.684533904823336,2
bg_bg_session_05_0237,bg_session_05,background,BACKGROUND_NOISE,data/processed\background\bg_bg_session_05_0237.wav,1.0,16000,1,0.4123931655770627,0.1632804823822477,2.5256732115409704,2
bg_bg_session_05_0238,bg_session_05,background,BACKGROUND_NOISE,data/processed\background\bg_bg_session_05_0238.wav,1.0,16000,1,0.3741960920226627,0.1658644112582782,2.256035918878455,2
bg_bg_session_05_0239,bg_session_05,background,BACKGROUND_NOISE,data/processed\background\bg_bg_session_05_0239.wav,1.0,16000,1,0.450488224590627,0.162580615696142,2.770860443313676,2
bg_bg_session_06_0240,bg_session_06,background,BACKGROUND_NOISE,data/processed\background\bg_bg_session_06_0240.wav,1.0,16000,1,0.3174532159079238,0.0562356429503871,5.6450525467889765,2
bg_bg_session_06_0241,bg_session_06,background,BACKGROUND_NOISE,data/processed\background\bg_bg_session_06_0241.wav,1.0,16000,1,0.2736113351941887,0.0377905782210098,7.24019783957937,2
bg_bg_session_06_0242,bg_session_06,background,BACKGROUND_NOISE,data/processed\background\bg_bg_session_06_0242.wav,1.0,16000,1,0.2316226486553995,0.0461219957964116,5.021955239280167,2
bg_bg_session_06_0243,bg_session_06,background,BACKGROUND_NOISE,data/processed\background\bg_bg_session_06_0243.wav,1.0,16000,1,0.3040780209847746,0.0586109102240336,5.188077918286743,2
bg_bg_session_06_0244,bg_session_06,background,BACKGROUND_NOISE,data/processed\background\bg_bg_session_06_0244.wav,1.0,16000,1,0.328176674645893,0.0656977157549794,4.99525167537507,2
bg_bg_session_06_0245,bg_session_06,background,BACKGROUND_NOISE,data/processed\background\bg_bg_session_06_0245.wav,1.0,16000,1,0.3937519690416022,0.0607281681975222,6.4838429330268905,2
bg_bg_session_06_0246,bg_session_06,background,BACKGROUND_NOISE,data/processed\background\bg_bg_session_06_0246.wav,1.0,16000,1,0.2745671222112463,0.045515021649257,6.032449330741669,2
bg_bg_session_06_0247,bg_session_06,background,BACKGROUND_NOISE,data/processed\background\bg_bg_session_06_0247.wav,1.0,16000,1,0.3762793238009038,0.0791646677246902,4.753121399792524,2
bg_bg_session_06_0248,bg_session_06,background,BACKGROUND_NOISE,data/processed\background\bg_bg_session_06_0248.wav,1.0,16000,1,0.250327646902973,0.0518770766840174,4.8253990905024216,2
bg_bg_session_06_0249,bg_session_06,background,BACKGROUND_NOISE,data/processed\background\bg_bg_session_06_0249.wav,1.0,16000,1,0.3584976204111534,0.0624929398394662,5.736609030811838,2
bg_bg_session_06_0250,bg_session_06,background,BACKGROUND_NOISE,data/processed\background\bg_bg_session_06_0250.wav,1.0,16000,1,0.3537947228429751,0.0880085747234177,4.020002411751496,2
bg_bg_session_06_0251,bg_session_06,background,BACKGROUND_NOISE,data/processed\background\bg_bg_session_06_0251.wav,1.0,16000,1,0.2422059142521858,0.0490990569278655,4.933004421612029,2
bg_bg_session_06_0252,bg_session_06,background,BACKGROUND_NOISE,data/processed\background\bg_bg_session_06_0252.wav,1.0,16000,1,0.2663759426048349,0.0475332641763239,5.603988936607177,2
bg_bg_session_06_0253,bg_session_06,background,BACKGROUND_NOISE,data/processed\background\bg_bg_session_06_0253.wav,1.0,16000,1,0.2722424121483986,0.0627793009014828,4.336498891738686,2
bg_bg_session_06_0254,bg_session_06,background,BACKGROUND_NOISE,data/processed\background\bg_bg_session_06_0254.wav,1.0,16000,1,0.2359746218031168,0.0546059139792972,4.32141065670058,2
bg_bg_session_06_0255,bg_session_06,background,BACKGROUND_NOISE,data/processed\background\bg_bg_session_06_0255.wav,1.0,16000,1,0.2975491727794923,0.0567439878829721,5.243711826458771,2
bg_bg_session_06_0256,bg_session_06,background,BACKGROUND_NOISE,data/processed\background\bg_bg_session_06_0256.wav,1.0,16000,1,0.3779018128912317,0.0702422590626173,5.379977297634734,2
bg_bg_session_06_0257,bg_session_06,background,BACKGROUND_NOISE,data/processed\background\bg_bg_session_06_0257.wav,1.0,16000,1,0.3744728662764242,0.072456374262194,5.168252184946726,2
bg_bg_session_06_0258,bg_session_06,background,BACKGROUND_NOISE,data/processed\background\bg_bg_session_06_0258.wav,1.0,16000,1,0.321121598651763,0.0623646865129925,5.149092621413833,2
bg_bg_session_06_0259,bg_session_06,background,BACKGROUND_NOISE,data/processed\background\bg_bg_session_06_0259.wav,1.0,16000,1,0.363620897259612,0.0730834554779957,4.975419472535718,2
bg_bg_session_06_0260,bg_session_06,background,BACKGROUND_NOISE,data/processed\background\bg_bg_session_06_0260.wav,1.0,16000,1,0.2935095453219605,0.0476395665838858,6.161044374631169,2
bg_bg_session_06_0261,bg_session_06,background,BACKGROUND_NOISE,data/processed\background\bg_bg_session_06_0261.wav,1.0,16000,1,0.3543103710487594,0.0815893172123927,4.3426068476630695,2
bg_bg_session_06_0262,bg_session_06,background,BACKGROUND_NOISE,data/processed\background\bg_bg_session_06_0262.wav,1.0,16000,1,0.361742138649335,0.0691269001227875,5.233014726201214,2
bg_bg_session_06_0263,bg_session_06,background,BACKGROUND_NOISE,data/processed\background\bg_bg_session_06_0263.wav,1.0,16000,1,0.4091294790458339,0.0827471453072129,4.944332859865345,2
bg_bg_session_06_0264,bg_session_06,background,BACKGROUND_NOISE,data/processed\background\bg_bg_session_06_0264.wav,1.0,16000,1,0.4088411809234915,0.0662555428013924,6.17067043646943,2
bg_bg_session_06_0265,bg_session_06,background,BACKGROUND_NOISE,data/processed\background\bg_bg_session_06_0265.wav,1.0,16000,1,0.2853279750365586,0.0606054919228181,4.707954987319921,2
bg_bg_session_06_0266,bg_session_06,background,BACKGROUND_NOISE,data/processed\background\bg_bg_session_06_0266.wav,1.0,16000,1,0.3138996829268105,0.0562467681459912,5.58075845894797,2
bg_bg_session_06_0267,bg_session_06,background,BACKGROUND_NOISE,data/processed\background\bg_bg_session_06_0267.wav,1.0,16000,1,0.3421931436456098,0.0806500730917168,4.242936033388348,2
bg_bg_session_06_0268,bg_session_06,background,BACKGROUND_NOISE,data/processed\background\bg_bg_session_06_0268.wav,1.0,16000,1,0.291246780310073,0.0597955649338471,4.870707918308076,2
bg_bg_session_06_0269,bg_session_06,background,BACKGROUND_NOISE,data/processed\background\bg_bg_session_06_0269.wav,1.0,16000,1,0.2854133554741432,0.0551236789348138,5.17768968277244,2
bg_bg_session_06_0270,bg_session_06,background,BACKGROUND_NOISE,data/processed\background\bg_bg_session_06_0270.wav,1.0,16000,1,0.2487895257671868,0.0501982543148744,4.956138009207363,2
bg_bg_session_06_0271,bg_session_06,background,BACKGROUND_NOISE,data/processed\background\bg_bg_session_06_0271.wav,1.0,16000,1,0.4013299870767002,0.0887339383880153,4.522846039959435,2
bg_bg_session_06_0272,bg_session_06,background,BACKGROUND_NOISE,data/processed\background\bg_bg_session_06_0272.wav,1.0,16000,1,0.2993454904705577,0.0556032666617443,5.383594429004407,2
bg_bg_session_06_0273,bg_session_06,background,BACKGROUND_NOISE,data/processed\background\bg_bg_session_06_0273.wav,1.0,16000,1,0.3627183775616068,0.0852170679362373,4.256404776434677,2
bg_bg_session_06_0274,bg_session_06,background,BACKGROUND_NOISE,data/processed\background\bg_bg_session_06_0274.wav,1.0,16000,1,0.3104197820263008,0.0497438226552884,6.240367206472157,2
bg_bg_session_06_0275,bg_session_06,background,BACKGROUND_NOISE,data/processed\background\bg_bg_session_06_0275.wav,1.0,16000,1,0.2595376037493815,0.0511415071488921,5.074890582416046,2
bg_bg_session_06_0276,bg_session_06,background,BACKGROUND_NOISE,data/processed\background\bg_bg_session_06_0276.wav,1.0,16000,1,0.1989667132589026,0.0443337578665012,4.487926987348227,2
bg_bg_session_06_0277,bg_session_06,background,BACKGROUND_NOISE,data/processed\background\bg_bg_session_06_0277.wav,1.0,16000,1,0.3110909686763687,0.0665161985945252,4.676919735048963,2
bg_bg_session_06_0278,bg_session_06,background,BACKGROUND_NOISE,data/processed\background\bg_bg_session_06_0278.wav,1.0,16000,1,0.3738309992425192,0.0636882387560561,5.869701342776699,2
bg_bg_session_06_0279,bg_session_06,background,BACKGROUND_NOISE,data/processed\background\bg_bg_session_06_0279.wav,1.0,16000,1,0.2509683949310343,0.0555671127576525,4.516490731859453,2
bg_bg_session_09_0360,bg_session_09,background,BACKGROUND_NOISE,data/processed\background\bg_bg_session_09_0360.wav,1.0,16000,1,0.4981438295962931,0.1133960628107064,4.392954863858922,2
bg_bg_session_09_0361,bg_session_09,background,BACKGROUND_NOISE,data/processed\background\bg_bg_session_09_0361.wav,1.0,16000,1,0.4423323174745062,0.112961417143177,3.915781950186025,2
bg_bg_session_09_0362,bg_session_09,background,BACKGROUND_NOISE,data/processed\background\bg_bg_session_09_0362.wav,1.0,16000,1,0.4461801248814708,0.1120790240806853,3.98094191782798,2
bg_bg_session_09_0363,bg_session_09,background,BACKGROUND_NOISE,data/processed\background\bg_bg_session_09_0363.wav,1.0,16000,1,0.4558731066765007,0.1122159621970146,4.062461855930244,2
bg_bg_session_09_0364,bg_session_09,background,BACKGROUND_NOISE,data/processed\background\bg_bg_session_09_0364.wav,1.0,16000,1,0.4244793492907267,0.1137667552468197,3.731136666932638,2
bg_bg_session_09_0365,bg_session_09,background,BACKGROUND_NOISE,data/processed\background\bg_bg_session_09_0365.wav,1.0,16000,1,0.4760225906349648,0.112833288622828,4.21881303165817,2
bg_bg_session_09_0366,bg_session_09,background,BACKGROUND_NOISE,data/processed\background\bg_bg_session_09_0366.wav,1.0,16000,1,0.4342882263666872,0.113621488598334,3.8222363876923446,2
bg_bg_session_09_0367,bg_session_09,background,BACKGROUND_NOISE,data/processed\background\bg_bg_session_09_0367.wav,1.0,16000,1,0.5471676383729651,0.1133042005098397,4.829190688597111,2
bg_bg_session_09_0368,bg_session_09,background,BACKGROUND_NOISE,data/processed\background\bg_bg_session_09_0368.wav,1.0,16000,1,0.47201601910184,0.1123438222371773,4.201530335063987,2
bg_bg_session_09_0369,bg_session_09,background,BACKGROUND_NOISE,data/processed\background\bg_bg_session_09_0369.wav,1.0,16000,1,0.5021023511980587,0.1140617191297999,4.402022966236784,2
bg_bg_session_09_0370,bg_session_09,background,BACKGROUND_NOISE,data/processed\background\bg_bg_session_09_0370.wav,1.0,16000,1,0.4325689986953053,0.1131446141903604,3.823151137676048,2
bg_bg_session_09_0371,bg_session_09,background,BACKGROUND_NOISE,data/processed\background\bg_bg_session_09_0371.wav,1.0,16000,1,0.433802606066735,0.1128354897541976,3.844557847589956,2
bg_bg_session_09_0372,bg_session_09,background,BACKGROUND_NOISE,data/processed\background\bg_bg_session_09_0372.wav,1.0,16000,1,0.478277705728806,0.1139323939510035,4.197907611380592,2
bg_bg_session_09_0373,bg_session_09,background,BACKGROUND_NOISE,data/processed\background\bg_bg_session_09_0373.wav,1.0,16000,1,0.5103845794200872,0.1140138531938467,4.476513339016761,2
bg_bg_session_09_0374,bg_session_09,background,BACKGROUND_NOISE,data/processed\background\bg_bg_session_09_0374.wav,1.0,16000,1,0.4404902510329677,0.1136398541410473,3.8761948050751,2
bg_bg_session_09_0375,bg_session_09,background,BACKGROUND_NOISE,data/processed\background\bg_bg_session_09_0375.wav,1.0,16000,1,0.4717428601786734,0.1140905984083499,4.134808874804351,2
bg_bg_session_09_0376,bg_session_09,background,BACKGROUND_NOISE,data/processed\background\bg_bg_session_09_0376.wav,1.0,16000,1,0.5047491278501245,0.1123368694920663,4.493173836876713,2
bg_bg_session_09_0377,bg_session_09,background,BACKGROUND_NOISE,data/processed\background\bg_bg_session_09_0377.wav,1.0,16000,1,0.4628362408291776,0.1122890773842706,4.121827433197319,2
bg_bg_session_09_0378,bg_session_09,background,BACKGROUND_NOISE,data/processed\background\bg_bg_session_09_0378.wav,1.0,16000,1,0.472298555485259,0.1129395959205638,4.181868279383326,2
bg_bg_session_09_0379,bg_session_09,background,BACKGROUND_NOISE,data/processed\background\bg_bg_session_09_0379.wav,1.0,16000,1,0.465301689425854,0.113035958826442,4.1164037806433855,2
bg_bg_session_09_0380,bg_session_09,background,BACKGROUND_NOISE,data/processed\background\bg_bg_session_09_0380.wav,1.0,16000,1,0.4474110737870493,0.1128720481820111,3.9638780491233674,2
bg_bg_session_09_0381,bg_session_09,background,BACKGROUND_NOISE,data/processed\background\bg_bg_session_09_0381.wav,1.0,16000,1,0.4427585445758561,0.1133249004623313,3.906983405233105,2
bg_bg_session_09_0382,bg_session_09,background,BACKGROUND_NOISE,data/processed\background\bg_bg_session_09_0382.wav,1.0,16000,1,0.4288865259643898,0.1128664474988186,3.799946728804516,2
bg_bg_session_09_0383,bg_session_09,background,BACKGROUND_NOISE,data/processed\background\bg_bg_session_09_0383.wav,1.0,16000,1,0.521932691504282,0.11335915065767,4.6042392028682295,2
bg_bg_session_09_0384,bg_session_09,background,BACKGROUND_NOISE,data/processed\background\bg_bg_session_09_0384.wav,1.0,16000,1,0.455957480703198,0.1132055668512484,4.027694512809416,2
bg_bg_session_09_0385,bg_session_09,background,BACKGROUND_NOISE,data/processed\background\bg_bg_session_09_0385.wav,1.0,16000,1,0.5233682773589755,0.1153455477494548,4.537394309504297,2
bg_bg_session_09_0386,bg_session_09,background,BACKGROUND_NOISE,data/processed\background\bg_bg_session_09_0386.wav,1.0,16000,1,0.466162892199648,0.1131087619474064,4.1213681677704495,2
bg_bg_session_09_0387,bg_session_09,background,BACKGROUND_NOISE,data/processed\background\bg_bg_session_09_0387.wav,1.0,16000,1,0.470118131054416,0.1121258664850662,4.192771069370682,2
bg_bg_session_09_0388,bg_session_09,background,BACKGROUND_NOISE,data/processed\background\bg_bg_session_09_0388.wav,1.0,16000,1,0.4719461660838535,0.1124931824834473,4.1953308966077865,2
bg_bg_session_09_0389,bg_session_09,background,BACKGROUND_NOISE,data/processed\background\bg_bg_session_09_0389.wav,1.0,16000,1,0.4929620704711427,0.1132694446969462,4.352118334021015,2
bg_bg_session_09_0390,bg_session_09,background,BACKGROUND_NOISE,data/processed\background\bg_bg_session_09_0390.wav,1.0,16000,1,0.4217838971466953,0.1131500701134793,3.727650008941081,2
bg_bg_session_09_0391,bg_session_09,background,BACKGROUND_NOISE,data/processed\background\bg_bg_session_09_0391.wav,1.0,16000,1,0.5005049563891276,0.1135308884606383,4.408535149245337,2
bg_bg_session_09_0392,bg_session_09,background,BACKGROUND_NOISE,data/processed\background\bg_bg_session_09_0392.wav,1.0,16000,1,0.4768732436966987,0.1137129656784168,4.193657239656699,2
bg_bg_session_09_0393,bg_session_09,background,BACKGROUND_NOISE,data/processed\background\bg_bg_session_09_0393.wav,1.0,16000,1,0.4495308012417014,0.1124431679979808,3.997848595579303,2
bg_bg_session_09_0394,bg_session_09,background,BACKGROUND_NOISE,data/processed\background\bg_bg_session_09_0394.wav,1.0,16000,1,0.4670702700158698,0.1140634260123506,4.094829038512359,2
bg_bg_session_09_0395,bg_session_09,background,BACKGROUND_NOISE,data/processed\background\bg_bg_session_09_0395.wav,1.0,16000,1,0.4584040406029044,0.1136821198393102,4.032331565663475,2
bg_bg_session_09_0396,bg_session_09,background,BACKGROUND_NOISE,data/processed\background\bg_bg_session_09_0396.wav,1.0,16000,1,0.4558566644608774,0.1137145629758366,4.008779635990395,2
bg_bg_session_09_0397,bg_session_09,background,BACKGROUND_NOISE,data/processed\background\bg_bg_session_09_0397.wav,1.0,16000,1,0.4788849399297969,0.1147503290152985,4.173276907408107,2
bg_bg_session_09_0398,bg_session_09,background,BACKGROUND_NOISE,data/processed\background\bg_bg_session_09_0398.wav,1.0,16000,1,0.4631303707938922,0.113766884690204,4.070871162081304,2
bg_bg_session_09_0399,bg_session_09,background,BACKGROUND_NOISE,data/processed\background\bg_bg_session_09_0399.wav,1.0,16000,1,0.4816176938255198,0.1140526218666181,4.222767032581591,2
bg_bg_session_10_0400,bg_session_10,background,BACKGROUND_NOISE,data/processed\background\bg_bg_session_10_0400.wav,1.0,16000,1,0.4772280295427394,0.1626590335963596,2.933916362664633,2
bg_bg_session_10_0401,bg_session_10,background,BACKGROUND_NOISE,data/processed\background\bg_bg_session_10_0401.wav,1.0,16000,1,0.4777379765827294,0.1631107905929063,2.9289168764187044,2
bg_bg_session_10_0402,bg_session_10,background,BACKGROUND_NOISE,data/processed\background\bg_bg_session_10_0402.wav,1.0,16000,1,0.5069780730271084,0.1647805208912754,3.076686731648047,2
bg_bg_session_10_0403,bg_session_10,background,BACKGROUND_NOISE,data/processed\background\bg_bg_session_10_0403.wav,1.0,16000,1,0.4153004800211969,0.1648306438055146,2.51955853133492,2
bg_bg_session_10_0404,bg_session_10,background,BACKGROUND_NOISE,data/processed\background\bg_bg_session_10_0404.wav,1.0,16000,1,0.4175811735422032,0.1613635757461643,2.5878278027304518,2
bg_bg_session_10_0405,bg_session_10,background,BACKGROUND_NOISE,data/processed\background\bg_bg_session_10_0405.wav,1.0,16000,1,0.4080880411284282,0.1636891014749726,2.4930677272985444,2
bg_bg_session_10_0406,bg_session_10,background,BACKGROUND_NOISE,data/processed\background\bg_bg_session_10_0406.wav,1.0,16000,1,0.5518901221960285,0.1630850274533414,3.384063497265492,2
bg_bg_session_10_0407,bg_session_10,background,BACKGROUND_NOISE,data/processed\background\bg_bg_session_10_0407.wav,1.0,16000,1,0.4687382262053494,0.1640849683149571,2.8566796974285955,2
bg_bg_session_10_0408,bg_session_10,background,BACKGROUND_NOISE,data/processed\background\bg_bg_session_10_0408.wav,1.0,16000,1,0.3475258010775158,0.1630182732012463,2.131821009601081,2
bg_bg_session_10_0409,bg_session_10,background,BACKGROUND_NOISE,data/processed\background\bg_bg_session_10_0409.wav,1.0,16000,1,0.4362346687499399,0.1642473997749315,2.6559607201581628,2
bg_bg_session_10_0410,bg_session_10,background,BACKGROUND_NOISE,data/processed\background\bg_bg_session_10_0410.wav,1.0,16000,1,0.5195262534105443,0.1644827632217977,3.1585450757811944,2
bg_bg_session_10_0411,bg_session_10,background,BACKGROUND_NOISE,data/processed\background\bg_bg_session_10_0411.wav,1.0,16000,1,0.4228963756441368,0.1653937399046258,2.556906629712426,2
bg_bg_session_10_0412,bg_session_10,background,BACKGROUND_NOISE,data/processed\background\bg_bg_session_10_0412.wav,1.0,16000,1,0.3795569299860314,0.1629611262115064,2.329125451686876,2
bg_bg_session_10_0413,bg_session_10,background,BACKGROUND_NOISE,data/processed\background\bg_bg_session_10_0413.wav,1.0,16000,1,0.3832972433575289,0.1637263620894767,2.341084325425939,2
bg_bg_session_10_0414,bg_session_10,background,BACKGROUND_NOISE,data/processed\background\bg_bg_session_10_0414.wav,1.0,16000,1,0.4281929772473875,0.1635968625142772,2.617366522150469,2
bg_bg_session_10_0415,bg_session_10,background,BACKGROUND_NOISE,data/processed\background\bg_bg_session_10_0415.wav,1.0,16000,1,0.4103453220742922,0.162978622355678,2.5177860198186663,2
bg_bg_session_10_0416,bg_session_10,background,BACKGROUND_NOISE,data/processed\background\bg_bg_session_10_0416.wav,1.0,16000,1,0.4687264827072761,0.1637924305433486,2.861710107941306,2
bg_bg_session_10_0417,bg_session_10,background,BACKGROUND_NOISE,data/processed\background\bg_bg_session_10_0417.wav,1.0,16000,1,0.3785814325110868,0.1638202713258854,2.310955819676442,2
bg_bg_session_10_0418,bg_session_10,background,BACKGROUND_NOISE,data/processed\background\bg_bg_session_10_0418.wav,1.0,16000,1,0.4456631791700251,0.1634538043523755,2.726538875435843,2
bg_bg_session_10_0419,bg_session_10,background,BACKGROUND_NOISE,data/processed\background\bg_bg_session_10_0419.wav,1.0,16000,1,0.4308269096936513,0.162633610956915,2.6490642411988485,2
bg_bg_session_10_0420,bg_session_10,background,BACKGROUND_NOISE,data/processed\background\bg_bg_session_10_0420.wav,1.0,16000,1,0.4089517660051253,0.1623298132368395,2.5192645310065047,2
bg_bg_session_10_0421,bg_session_10,background,BACKGROUND_NOISE,data/processed\background\bg_bg_session_10_0421.wav,1.0,16000,1,0.5193715742090582,0.1653797037165591,3.140479340163803,2
bg_bg_session_10_0422,bg_session_10,background,BACKGROUND_NOISE,data/processed\background\bg_bg_session_10_0422.wav,1.0,16000,1,0.3984376583628902,0.1624258953178806,2.4530425585938125,2
bg_bg_session_10_0423,bg_session_10,background,BACKGROUND_NOISE,data/processed\background\bg_bg_session_10_0423.wav,1.0,16000,1,0.3985268836145939,0.1637922231675277,2.4331244278657467,2
bg_bg_session_10_0424,bg_session_10,background,BACKGROUND_NOISE,data/processed\background\bg_bg_session_10_0424.wav,1.0,16000,1,0.4306030083591203,0.1642285145219613,2.621974529775054,2
bg_bg_session_10_0425,bg_session_10,background,BACKGROUND_NOISE,data/processed\background\bg_bg_session_10_0425.wav,1.0,16000,1,0.4413763483329154,0.1650505281054322,2.6741890901983583,2
bg_bg_session_10_0426,bg_session_10,background,BACKGROUND_NOISE,data/processed\background\bg_bg_session_10_0426.wav,1.0,16000,1,0.4552507188811859,0.1649162633469902,2.760496036211786,2
bg_bg_session_10_0427,bg_session_10,background,BACKGROUND_NOISE,data/processed\background\bg_bg_session_10_0427.wav,1.0,16000,1,0.3899246783823767,0.1641434768866614,2.375511120045926,2
bg_bg_session_10_0428,bg_session_10,background,BACKGROUND_NOISE,data/processed\background\bg_bg_session_10_0428.wav,1.0,16000,1,0.4428044336245169,0.1661606028796773,2.6649181532880286,2
bg_bg_session_10_0429,bg_session_10,background,BACKGROUND_NOISE,data/processed\background\bg_bg_session_10_0429.wav,1.0,16000,1,0.3707760267524837,0.1629578266723218,2.2752881010444805,2
bg_bg_session_10_0430,bg_session_10,background,BACKGROUND_NOISE,data/processed\background\bg_bg_session_10_0430.wav,1.0,16000,1,0.4664164800812541,0.1627162665708354,2.866440222888265,2
bg_bg_session_10_0431,bg_session_10,background,BACKGROUND_NOISE,data/processed\background\bg_bg_session_10_0431.wav,1.0,16000,1,0.3880058108704208,0.1633489982349845,2.375317824472236,2
bg_bg_session_10_0432,bg_session_10,background,BACKGROUND_NOISE,data/processed\background\bg_bg_session_10_0432.wav,1.0,16000,1,0.5003083283719075,0.1649888333720379,3.032376724065811,2
bg_bg_session_10_0433,bg_session_10,background,BACKGROUND_NOISE,data/processed\background\bg_bg_session_10_0433.wav,1.0,16000,1,0.4426593499715928,0.1648014955130506,2.6860152071641035,2
bg_bg_session_10_0434,bg_session_10,background,BACKGROUND_NOISE,data/processed\background\bg_bg_session_10_0434.wav,1.0,16000,1,0.4234738390331322,0.1625074946013335,2.605872510761925,2
bg_bg_session_10_0435,bg_session_10,background,BACKGROUND_NOISE,data/processed\background\bg_bg_session_10_0435.wav,1.0,16000,1,0.4643768874075424,0.1626267073603157,2.8554772238233714,2
bg_bg_session_10_0436,bg_session_10,background,BACKGROUND_NOISE,data/processed\background\bg_bg_session_10_0436.wav,1.0,16000,1,0.4862152297665994,0.1670847860434486,2.9099908626046638,2
bg_bg_session_10_0437,bg_session_10,background,BACKGROUND_NOISE,data/processed\background\bg_bg_session_10_0437.wav,1.0,16000,1,0.3824138218451785,0.1654451066646772,2.311424051398577,2
bg_bg_session_10_0438,bg_session_10,background,BACKGROUND_NOISE,data/processed\background\bg_bg_session_10_0438.wav,1.0,16000,1,0.4009249914327922,0.163598235519715,2.450668038395785,2
bg_bg_session_10_0439,bg_session_10,background,BACKGROUND_NOISE,data/processed\background\bg_bg_session_10_0439.wav,1.0,16000,1,0.4804440723396703,0.1630770886125626,2.9461161403239453,2
bg_bg_session_11_0440,bg_session_11,background,BACKGROUND_NOISE,data/processed\background\bg_bg_session_11_0440.wav,1.0,16000,1,0.3147765944299135,0.0680527511297034,4.625478661034389,2
bg_bg_session_11_0441,bg_session_11,background,BACKGROUND_NOISE,data/processed\background\bg_bg_session_11_0441.wav,1.0,16000,1,0.3198526090030751,0.0557258535967319,5.739751497037952,2
bg_bg_session_11_0442,bg_session_11,background,BACKGROUND_NOISE,data/processed\background\bg_bg_session_11_0442.wav,1.0,16000,1,0.2980403656510726,0.0634269931184827,4.69895077802002,2
bg_bg_session_11_0443,bg_session_11,background,BACKGROUND_NOISE,data/processed\background\bg_bg_session_11_0443.wav,1.0,16000,1,0.3452138847043556,0.0671627000076851,5.139963599813863,2
bg_bg_session_11_0444,bg_session_11,background,BACKGROUND_NOISE,data/processed\background\bg_bg_session_11_0444.wav,1.0,16000,1,0.364293601322209,0.0848041683334187,4.295703448595907,2
bg_bg_session_11_0445,bg_session_11,background,BACKGROUND_NOISE,data/processed\background\bg_bg_session_11_0445.wav,1.0,16000,1,0.3764247589741721,0.0665511117615185,5.656174516833311,2
bg_bg_session_11_0446,bg_session_11,background,BACKGROUND_NOISE,data/processed\background\bg_bg_session_11_0446.wav,1.0,16000,1,0.4006220228858031,0.067231986743131,5.958800010305117,2
bg_bg_session_11_0447,bg_session_11,background,BACKGROUND_NOISE,data/processed\background\bg_bg_session_11_0447.wav,1.0,16000,1,0.3845862669474856,0.0675773855909627,5.691048960740311,2
bg_bg_session_11_0448,bg_session_11,background,BACKGROUND_NOISE,data/processed\background\bg_bg_session_11_0448.wav,1.0,16000,1,0.3639721363640389,0.0688612990419469,5.285582592429733,2
bg_bg_session_11_0449,bg_session_11,background,BACKGROUND_NOISE,data/processed\background\bg_bg_session_11_0449.wav,1.0,16000,1,0.3809319023173271,0.069213897648066,5.5036901579703095,2
bg_bg_session_11_0450,bg_session_11,background,BACKGROUND_NOISE,data/processed\background\bg_bg_session_11_0450.wav,1.0,16000,1,0.3484561781829309,0.0619827293347836,5.621826042583167,2
bg_bg_session_11_0451,bg_session_11,background,BACKGROUND_NOISE,data/processed\background\bg_bg_session_11_0451.wav,1.0,16000,1,0.3474525552577739,0.0785968801797591,4.420690875467391,2
bg_bg_session_11_0452,bg_session_11,background,BACKGROUND_NOISE,data/processed\background\bg_bg_session_11_0452.wav,1.0,16000,1,0.2787572083185086,0.051287342671509,5.435203686646172,2
bg_bg_session_11_0453,bg_session_11,background,BACKGROUND_NOISE,data/processed\background\bg_bg_session_11_0453.wav,1.0,16000,1,0.2684258457028098,0.0644248948890836,4.166491920553733,2
bg_bg_session_11_0454,bg_session_11,background,BACKGROUND_NOISE,data/processed\background\bg_bg_session_11_0454.wav,1.0,16000,1,0.3634318928907398,0.0662144660136348,5.488707526974951,2
bg_bg_session_11_0455,bg_session_11,background,BACKGROUND_NOISE,data/processed\background\bg_bg_session_11_0455.wav,1.0,16000,1,0.2968923964515018,0.0625376643970118,4.747416646271836,2
bg_bg_session_11_0456,bg_session_11,background,BACKGROUND_NOISE,data/processed\background\bg_bg_session_11_0456.wav,1.0,16000,1,0.2715501009309031,0.0530829249699082,5.115581892463932,2
bg_bg_session_11_0457,bg_session_11,background,BACKGROUND_NOISE,data/processed\background\bg_bg_session_11_0457.wav,1.0,16000,1,0.3610693527917811,0.0652294401411516,5.535373240314828,2
bg_bg_session_11_0458,bg_session_11,background,BACKGROUND_NOISE,data/processed\background\bg_bg_session_11_0458.wav,1.0,16000,1,0.2968479576660494,0.0602146515582454,4.929828549794462,2
bg_bg_session_11_0459,bg_session_11,background,BACKGROUND_NOISE,data/processed\background\bg_bg_session_11_0459.wav,1.0,16000,1,0.3549309853461699,0.0689238895967798,5.14960684787998,2
bg_bg_session_11_0460,bg_session_11,background,BACKGROUND_NOISE,data/processed\background\bg_bg_session_11_0460.wav,1.0,16000,1,0.3660794109149986,0.0829061911925769,4.415585392275527,2
bg_bg_session_11_0461,bg_session_11,background,BACKGROUND_NOISE,data/processed\background\bg_bg_session_11_0461.wav,1.0,16000,1,0.2958208047317664,0.0538632456481042,5.492070636509662,2
bg_bg_session_11_0462,bg_session_11,background,BACKGROUND_NOISE,data/processed\background\bg_bg_session_11_0462.wav,1.0,16000,1,0.2676117715228355,0.0598655932632742,4.470209217569307,2
bg_bg_session_11_0463,bg_session_11,background,BACKGROUND_NOISE,data/processed\background\bg_bg_session_11_0463.wav,1.0,16000,1,0.3561701545459538,0.0553411641828128,6.435898041653198,2
bg_bg_session_11_0464,bg_session_11,background,BACKGROUND_NOISE,data/processed\background\bg_bg_session_11_0464.wav,1.0,16000,1,0.294350081330969,0.0575895682924632,5.111169243784694,2
bg_bg_session_11_0465,bg_session_11,background,BACKGROUND_NOISE,data/processed\background\bg_bg_session_11_0465.wav,1.0,16000,1,0.3822647990555441,0.0606548512934033,6.302294505405431,2
bg_bg_session_11_0466,bg_session_11,background,BACKGROUND_NOISE,data/processed\background\bg_bg_session_11_0466.wav,1.0,16000,1,0.2588505778467575,0.0439613349345073,5.888140552396366,2
bg_bg_session_11_0467,bg_session_11,background,BACKGROUND_NOISE,data/processed\background\bg_bg_session_11_0467.wav,1.0,16000,1,0.2404302590427121,0.0446239196228427,5.387922154655721,2
bg_bg_session_11_0468,bg_session_11,background,BACKGROUND_NOISE,data/processed\background\bg_bg_session_11_0468.wav,1.0,16000,1,0.3444779538071364,0.059978468657981,5.743359310119792,2
bg_bg_session_11_0469,bg_session_11,background,BACKGROUND_NOISE,data/processed\background\bg_bg_session_11_0469.wav,1.0,16000,1,0.24741175838433,0.0522808562202283,4.732357672539909,2
bg_bg_session_11_0470,bg_session_11,background,BACKGROUND_NOISE,data/processed\background\bg_bg_session_11_0470.wav,1.0,16000,1,0.385503594141092,0.0609005647341563,6.330048539342945,2
bg_bg_session_11_0471,bg_session_11,background,BACKGROUND_NOISE,data/processed\background\bg_bg_session_11_0471.wav,1.0,16000,1,0.3109140475526985,0.0681395879834089,4.5628981789473135,2
bg_bg_session_11_0472,bg_session_11,background,BACKGROUND_NOISE,data/processed\background\bg_bg_session_11_0472.wav,1.0,16000,1,0.3116426581089419,0.0559821334036404,5.566822546645758,2
bg_bg_session_11_0473,bg_session_11,background,BACKGROUND_NOISE,data/processed\background\bg_bg_session_11_0473.wav,1.0,16000,1,0.2308306872963732,0.0477741603974973,4.8317047763631145,2
bg_bg_session_11_0474,bg_session_11,background,BACKGROUND_NOISE,data/processed\background\bg_bg_session_11_0474.wav,1.0,16000,1,0.3038156161004854,0.0597569357629064,5.084189163648253,2
bg_bg_session_11_0475,bg_session_11,background,BACKGROUND_NOISE,data/processed\background\bg_bg_session_11_0475.wav,1.0,16000,1,0.3986058126870724,0.0632483761616934,6.302228987598881,2
bg_bg_session_11_0476,bg_session_11,background,BACKGROUND_NOISE,data/processed\background\bg_bg_session_11_0476.wav,1.0,16000,1,0.3610148092858762,0.0578502058677557,6.240509285413001,2
bg_bg_session_11_0477,bg_session_11,background,BACKGROUND_NOISE,data/processed\background\bg_bg_session_11_0477.wav,1.0,16000,1,0.3877244020176872,0.0623342729365729,6.220082814014382,2
bg_bg_session_11_0478,bg_session_11,background,BACKGROUND_NOISE,data/processed\background\bg_bg_session_11_0478.wav,1.0,16000,1,0.2253904372099706,0.0440590507809238,5.115643257369598,2
bg_bg_session_11_0479,bg_session_11,background,BACKGROUND_NOISE,data/processed\background\bg_bg_session_11_0479.wav,1.0,16000,1,0.3275577666403532,0.0565477235945159,5.7925887709161845,2
bg_bg_session_12_0480,bg_session_12,background,BACKGROUND_NOISE,data/processed\background\bg_bg_session_12_0480.wav,1.0,16000,1,0.3514555727181898,0.1217491553073313,2.886718539967078,2
bg_bg_session_12_0481,bg_session_12,background,BACKGROUND_NOISE,data/processed\background\bg_bg_session_12_0481.wav,1.0,16000,1,0.3639002307399818,0.1226384262954557,2.9672608501244078,2
bg_bg_session_12_0482,bg_session_12,background,BACKGROUND_NOISE,data/processed\background\bg_bg_session_12_0482.wav,1.0,16000,1,0.3885374072158842,0.123211510691228,3.1534178381709226,2
bg_bg_session_12_0483,bg_session_12,background,BACKGROUND_NOISE,data/processed\background\bg_bg_session_12_0483.wav,1.0,16000,1,0.345859349716383,0.1225572361941173,2.8220228542715406,2
bg_bg_session_12_0484,bg_session_12,background,BACKGROUND_NOISE,data/processed\background\bg_bg_session_12_0484.wav,1.0,16000,1,0.3279760211767993,0.1225888597206419,2.6754143498035177,2
bg_bg_session_12_0485,bg_session_12,background,BACKGROUND_NOISE,data/processed\background\bg_bg_session_12_0485.wav,1.0,16000,1,0.3387480953905648,0.1242755200476167,2.725782744686519,2
bg_bg_session_12_0486,bg_session_12,background,BACKGROUND_NOISE,data/processed\background\bg_bg_session_12_0486.wav,1.0,16000,1,0.334241473700223,0.1229247250179081,2.7190741851225426,2
bg_bg_session_12_0487,bg_session_12,background,BACKGROUND_NOISE,data/processed\background\bg_bg_session_12_0487.wav,1.0,16000,1,0.3482741384241667,0.1234544646025238,2.8210734324979003,2
bg_bg_session_12_0488,bg_session_12,background,BACKGROUND_NOISE,data/processed\background\bg_bg_session_12_0488.wav,1.0,16000,1,0.3376928061040294,0.1227085942700503,2.751989627075,2
bg_bg_session_12_0489,bg_session_12,background,BACKGROUND_NOISE,data/processed\background\bg_bg_session_12_0489.wav,1.0,16000,1,0.3370956217702792,0.1242161618762109,2.713782083915898,2
bg_bg_session_12_0490,bg_session_12,background,BACKGROUND_NOISE,data/processed\background\bg_bg_session_12_0490.wav,1.0,16000,1,0.3472442870850618,0.1219270958629293,2.8479662879510514,2
bg_bg_session_12_0491,bg_session_12,background,BACKGROUND_NOISE,data/processed\background\bg_bg_session_12_0491.wav,1.0,16000,1,0.358907181175675,0.1235165179296937,2.9057421479655496,2
bg_bg_session_12_0492,bg_session_12,background,BACKGROUND_NOISE,data/processed\background\bg_bg_session_12_0492.wav,1.0,16000,1,0.3319445256890399,0.1228982446881896,2.7009702174471912,2
bg_bg_session_12_0493,bg_session_12,background,BACKGROUND_NOISE,data/processed\background\bg_bg_session_12_0493.wav,1.0,16000,1,0.3965481902952605,0.1232483031969511,3.2174735703001094,2
bg_bg_session_12_0494,bg_session_12,background,BACKGROUND_NOISE,data/processed\background\bg_bg_session_12_0494.wav,1.0,16000,1,0.3251676991801832,0.1231790758180238,2.639796334099794,2
bg_bg_session_12_0495,bg_session_12,background,BACKGROUND_NOISE,data/processed\background\bg_bg_session_12_0495.wav,1.0,16000,1,0.3294021546655794,0.121290038931528,2.7158217641707525,2
bg_bg_session_12_0496,bg_session_12,background,BACKGROUND_NOISE,data/processed\background\bg_bg_session_12_0496.wav,1.0,16000,1,0.369711235258603,0.1243027798878665,2.9742794638166954,2
bg_bg_session_12_0497,bg_session_12,background,BACKGROUND_NOISE,data/processed\background\bg_bg_session_12_0497.wav,1.0,16000,1,0.3335228908005165,0.124581341218058,2.677149409117763,2
bg_bg_session_12_0498,bg_session_12,background,BACKGROUND_NOISE,data/processed\background\bg_bg_session_12_0498.wav,1.0,16000,1,0.361217574224386,0.1228804025765644,2.9395862745766586,2
bg_bg_session_12_0499,bg_session_12,background,BACKGROUND_NOISE,data/processed\background\bg_bg_session_12_0499.wav,1.0,16000,1,0.3641430126184901,0.1245473109185581,2.923732200202076,2
bg_bg_session_12_0500,bg_session_12,background,BACKGROUND_NOISE,data/processed\background\bg_bg_session_12_0500.wav,1.0,16000,1,0.3187896864339516,0.1234637153731045,2.5820514120287283,2
bg_bg_session_12_0501,bg_session_12,background,BACKGROUND_NOISE,data/processed\background\bg_bg_session_12_0501.wav,1.0,16000,1,0.3281278366590871,0.1235337639226884,2.656179166552788,2
bg_bg_session_12_0502,bg_session_12,background,BACKGROUND_NOISE,data/processed\background\bg_bg_session_12_0502.wav,1.0,16000,1,0.3550385112308143,0.1236336752038143,2.871697229161464,2
bg_bg_session_12_0503,bg_session_12,background,BACKGROUND_NOISE,data/processed\background\bg_bg_session_12_0503.wav,1.0,16000,1,0.3528358418908263,0.1234144069897742,2.8589515754878234,2
bg_bg_session_12_0504,bg_session_12,background,BACKGROUND_NOISE,data/processed\background\bg_bg_session_12_0504.wav,1.0,16000,1,0.3477958952105202,0.1236204171205164,2.8134176795187504,2
bg_bg_session_12_0505,bg_session_12,background,BACKGROUND_NOISE,data/processed\background\bg_bg_session_12_0505.wav,1.0,16000,1,0.372156220708476,0.1247189202903534,2.983959370418533,2
bg_bg_session_12_0506,bg_session_12,background,BACKGROUND_NOISE,data/processed\background\bg_bg_session_12_0506.wav,1.0,16000,1,0.3486658632578769,0.124692247357915,2.796211012982716,2
bg_bg_session_12_0507,bg_session_12,background,BACKGROUND_NOISE,data/processed\background\bg_bg_session_12_0507.wav,1.0,16000,1,0.339831120977912,0.1229374933917486,2.7642591691082035,2
bg_bg_session_12_0508,bg_session_12,background,BACKGROUND_NOISE,data/processed\background\bg_bg_session_12_0508.wav,1.0,16000,1,0.356019698788566,0.1238769809307333,2.873977613709044,2
bg_bg_session_12_0509,bg_session_12,background,BACKGROUND_NOISE,data/processed\background\bg_bg_session_12_0509.wav,1.0,16000,1,0.3458676538734417,0.1218016627804391,2.8395969117510083,2
bg_bg_session_12_0510,bg_session_12,background,BACKGROUND_NOISE,data/processed\background\bg_bg_session_12_0510.wav,1.0,16000,1,0.3546017076289115,0.1225549571803843,2.893409510746192,2
bg_bg_session_12_0511,bg_session_12,background,BACKGROUND_NOISE,data/processed\background\bg_bg_session_12_0511.wav,1.0,16000,1,0.3209805909547683,0.1220216789740419,2.630520800470575,2
bg_bg_session_12_0512,bg_session_12,background,BACKGROUND_NOISE,data/processed\background\bg_bg_session_12_0512.wav,1.0,16000,1,0.3773844899031633,0.1237310383886386,3.050038731732074,2
bg_bg_session_12_0513,bg_session_12,background,BACKGROUND_NOISE,data/processed\background\bg_bg_session_12_0513.wav,1.0,16000,1,0.3928635693765631,0.1244125880179652,3.157747492097492,2
bg_bg_session_12_0514,bg_session_12,background,BACKGROUND_NOISE,data/processed\background\bg_bg_session_12_0514.wav,1.0,16000,1,0.3442364066761302,0.1232175052568455,2.7937294950200324,2
bg_bg_session_12_0515,bg_session_12,background,BACKGROUND_NOISE,data/processed\background\bg_bg_session_12_0515.wav,1.0,16000,1,0.3416835012430896,0.1233488988027815,2.7700569430200304,2
bg_bg_session_12_0516,bg_session_12,background,BACKGROUND_NOISE,data/processed\background\bg_bg_session_12_0516.wav,1.0,16000,1,0.3443648092292652,0.122284686280576,2.8160908086089345,2
bg_bg_session_12_0517,bg_session_12,background,BACKGROUND_NOISE,data/processed\background\bg_bg_session_12_0517.wav,1.0,16000,1,0.3760504712248603,0.1226145522729845,3.0669315638678816,2
bg_bg_session_12_0518,bg_session_12,background,BACKGROUND_NOISE,data/processed\background\bg_bg_session_12_0518.wav,1.0,16000,1,0.3572139617665248,0.1240422361399479,2.8797766316123137,2
bg_bg_session_12_0519,bg_session_12,background,BACKGROUND_NOISE,data/processed\background\bg_bg_session_12_0519.wav,1.0,16000,1,0.3528411660465786,0.1238549110296648,2.8488263777752416,2
bg_bg_session_13_0520,bg_session_13,background,BACKGROUND_NOISE,data/processed\background\bg_bg_session_13_0520.wav,1.0,16000,1,0.400735946410287,0.0954289789462043,4.199310406989554,2
bg_bg_session_13_0521,bg_session_13,background,BACKGROUND_NOISE,data/processed\background\bg_bg_session_13_0521.wav,1.0,16000,1,0.3663495560947126,0.0952333348284131,3.846862217795497,2
bg_bg_session_13_0522,bg_session_13,background,BACKGROUND_NOISE,data/processed\background\bg_bg_session_13_0522.wav,1.0,16000,1,0.406260225270577,0.0962850205835232,4.219349807633528,2
bg_bg_session_13_0523,bg_session_13,background,BACKGROUND_NOISE,data/processed\background\bg_bg_session_13_0523.wav,1.0,16000,1,0.4083286288302106,0.0962480128152332,4.24246251389576,2
bg_bg_session_13_0524,bg_session_13,background,BACKGROUND_NOISE,data/processed\background\bg_bg_session_13_0524.wav,1.0,16000,1,0.4134703845755326,0.0929902681036041,4.44638292311449,2
bg_bg_session_13_0525,bg_session_13,background,BACKGROUND_NOISE,data/processed\background\bg_bg_session_13_0525.wav,1.0,16000,1,0.3620890646122622,0.0951624612133823,3.804956512744944,2
bg_bg_session_13_0526,bg_session_13,background,BACKGROUND_NOISE,data/processed\background\bg_bg_session_13_0526.wav,1.0,16000,1,0.3719767675208982,0.0953997586905684,3.89913699610126,2
bg_bg_session_13_0527,bg_session_13,background,BACKGROUND_NOISE,data/processed\background\bg_bg_session_13_0527.wav,1.0,16000,1,0.3898480051337783,0.0954245640258873,4.085404720046411,2
bg_bg_session_13_0528,bg_session_13,background,BACKGROUND_NOISE,data/processed\background\bg_bg_session_13_0528.wav,1.0,16000,1,0.3738853697745208,0.094544939922141,3.954577902705753,2
bg_bg_session_13_0529,bg_session_13,background,BACKGROUND_NOISE,data/processed\background\bg_bg_session_13_0529.wav,1.0,16000,1,0.3549854660735875,0.0949961993463874,3.736838222451527,2
bg_bg_session_13_0530,bg_session_13,background,BACKGROUND_NOISE,data/processed\background\bg_bg_session_13_0530.wav,1.0,16000,1,0.3632062733609729,0.0964739227087285,3.764812557787555,2
bg_bg_session_13_0531,bg_session_13,background,BACKGROUND_NOISE,data/processed\background\bg_bg_session_13_0531.wav,1.0,16000,1,0.3578064620831925,0.0946905110480839,3.778693560060757,2
bg_bg_session_13_0532,bg_session_13,background,BACKGROUND_NOISE,data/processed\background\bg_bg_session_13_0532.wav,1.0,16000,1,0.35929805608488,0.095250124989408,3.772152723193879,2
bg_bg_session_13_0533,bg_session_13,background,BACKGROUND_NOISE,data/processed\background\bg_bg_session_13_0533.wav,1.0,16000,1,0.3940118633022659,0.0938301074569859,4.1992046262000144,2
bg_bg_session_13_0534,bg_session_13,background,BACKGROUND_NOISE,data/processed\background\bg_bg_session_13_0534.wav,1.0,16000,1,0.4097901661210529,0.0940512937873671,4.357091817116263,2
bg_bg_session_13_0535,bg_session_13,background,BACKGROUND_NOISE,data/processed\background\bg_bg_session_13_0535.wav,1.0,16000,1,0.3713780466333271,0.0961831154834642,3.861155943587777,2
bg_bg_session_13_0536,bg_session_13,background,BACKGROUND_NOISE,data/processed\background\bg_bg_session_13_0536.wav,1.0,16000,1,0.3467706843067942,0.0938298327049036,3.6957398020733514,2
bg_bg_session_13_0537,bg_session_13,background,BACKGROUND_NOISE,data/processed\background\bg_bg_session_13_0537.wav,1.0,16000,1,0.3356198811678298,0.0940817187904662,3.5673226404598104,2
bg_bg_session_13_0538,bg_session_13,background,BACKGROUND_NOISE,data/processed\background\bg_bg_session_13_0538.wav,1.0,16000,1,0.4359845093672643,0.0950504117802726,4.58687611481753,2
bg_bg_session_13_0539,bg_session_13,background,BACKGROUND_NOISE,data/processed\background\bg_bg_session_13_0539.wav,1.0,16000,1,0.3500784189500222,0.0935286424927722,3.7430071921230312,2
bg_bg_session_13_0540,bg_session_13,background,BACKGROUND_NOISE,data/processed\background\bg_bg_session_13_0540.wav,1.0,16000,1,0.3788839624023938,0.0948146735552108,3.996047323005287,2
bg_bg_session_13_0541,bg_session_13,background,BACKGROUND_NOISE,data/processed\background\bg_bg_session_13_0541.wav,1.0,16000,1,0.3765900857615098,0.0944796567445256,3.985937913813931,2
bg_bg_session_13_0542,bg_session_13,background,BACKGROUND_NOISE,data/processed\background\bg_bg_session_13_0542.wav,1.0,16000,1,0.3893997951406485,0.0940312073408577,4.141175730280047,2
bg_bg_session_13_0543,bg_session_13,background,BACKGROUND_NOISE,data/processed\background\bg_bg_session_13_0543.wav,1.0,16000,1,0.3953522074470067,0.0932925369603064,4.237768399818893,2
bg_bg_session_13_0544,bg_session_13,background,BACKGROUND_NOISE,data/processed\background\bg_bg_session_13_0544.wav,1.0,16000,1,0.3332925811031749,0.0925359633533508,3.6017623095667783,2
bg_bg_session_13_0545,bg_session_13,background,BACKGROUND_NOISE,data/processed\background\bg_bg_session_13_0545.wav,1.0,16000,1,0.3554645019388502,0.0933340921450702,3.808516863282703,2
bg_bg_session_13_0546,bg_session_13,background,BACKGROUND_NOISE,data/processed\background\bg_bg_session_13_0546.wav,1.0,16000,1,0.3943791809279546,0.0945682307664649,4.170313180530333,2
bg_bg_session_13_0547,bg_session_13,background,BACKGROUND_NOISE,data/processed\background\bg_bg_session_13_0547.wav,1.0,16000,1,0.4082346137075507,0.0935161673328251,4.365390303055684,2
bg_bg_session_13_0548,bg_session_13,background,BACKGROUND_NOISE,data/processed\background\bg_bg_session_13_0548.wav,1.0,16000,1,0.3886961607292258,0.0952992017167527,4.078692296894379,2
bg_bg_session_13_0549,bg_session_13,background,BACKGROUND_NOISE,data/processed\background\bg_bg_session_13_0549.wav,1.0,16000,1,0.3854707230241345,0.0930911844742841,4.140786088319217,2
bg_bg_session_13_0550,bg_session_13,background,BACKGROUND_NOISE,data/processed\background\bg_bg_session_13_0550.wav,1.0,16000,1,0.336909264227972,0.0957273156875424,3.519468049568796,2
bg_bg_session_13_0551,bg_session_13,background,BACKGROUND_NOISE,data/processed\background\bg_bg_session_13_0551.wav,1.0,16000,1,0.373960811102882,0.0956033245215669,3.911587529601502,2
bg_bg_session_13_0552,bg_session_13,background,BACKGROUND_NOISE,data/processed\background\bg_bg_session_13_0552.wav,1.0,16000,1,0.3486110566221869,0.095221707874305,3.6610456564369263,2
bg_bg_session_13_0553,bg_session_13,background,BACKGROUND_NOISE,data/processed\background\bg_bg_session_13_0553.wav,1.0,16000,1,0.4473345579222463,0.0935907262963808,4.779688413879322,2
bg_bg_session_13_0554,bg_session_13,background,BACKGROUND_NOISE,data/processed\background\bg_bg_session_13_0554.wav,1.0,16000,1,0.3740688870738912,0.0946433464138263,3.952405126444184,2
bg_bg_session_13_0555,bg_session_13,background,BACKGROUND_NOISE,data/processed\background\bg_bg_session_13_0555.wav,1.0,16000,1,0.3844549935777003,0.095202953712129,4.038267072653327,2
bg_bg_session_13_0556,bg_session_13,background,BACKGROUND_NOISE,data/processed\background\bg_bg_session_13_0556.wav,1.0,16000,1,0.3662065227930575,0.0939073320054043,3.899658056257012,2
bg_bg_session_13_0557,bg_session_13,background,BACKGROUND_NOISE,data/processed\background\bg_bg_session_13_0557.wav,1.0,16000,1,0.3665624173126364,0.095432931381461,3.8410470431528094,2
bg_bg_session_13_0558,bg_session_13,background,BACKGROUND_NOISE,data/processed\background\bg_bg_session_13_0558.wav,1.0,16000,1,0.4329589960552557,0.0956572733212759,4.526147733059836,2
bg_bg_session_13_0559,bg_session_13,background,BACKGROUND_NOISE,data/processed\background\bg_bg_session_13_0559.wav,1.0,16000,1,0.396238088098845,0.095050606928497,4.168706115783759,2
bg_bg_session_14_0560,bg_session_14,background,BACKGROUND_NOISE,data/processed\background\bg_bg_session_14_0560.wav,1.0,16000,1,0.4283605946992389,0.1145678646688083,3.738924161223548,2
bg_bg_session_14_0561,bg_session_14,background,BACKGROUND_NOISE,data/processed\background\bg_bg_session_14_0561.wav,1.0,16000,1,0.4459685299606062,0.1124102373158121,3.967329853013092,2
bg_bg_session_14_0562,bg_session_14,background,BACKGROUND_NOISE,data/processed\background\bg_bg_session_14_0562.wav,1.0,16000,1,0.5713438096638784,0.113397243179226,5.038427242685158,2
bg_bg_session_14_0563,bg_session_14,background,BACKGROUND_NOISE,data/processed\background\bg_bg_session_14_0563.wav,1.0,16000,1,0.5107676272723696,0.113029733029976,4.518878072092154,2
bg_bg_session_14_0564,bg_session_14,background,BACKGROUND_NOISE,data/processed\background\bg_bg_session_14_0564.wav,1.0,16000,1,0.4355710826228506,0.1131073936809336,3.8509511176789073,2
bg_bg_session_14_0565,bg_session_14,background,BACKGROUND_NOISE,data/processed\background\bg_bg_session_14_0565.wav,1.0,16000,1,0.4315952080667055,0.1125762850723329,3.833801847799268,2
bg_bg_session_14_0566,bg_session_14,background,BACKGROUND_NOISE,data/processed\background\bg_bg_session_14_0566.wav,1.0,16000,1,0.4560150615422458,0.1126351336649598,4.048603719090469,2
bg_bg_session_14_0567,bg_session_14,background,BACKGROUND_NOISE,data/processed\background\bg_bg_session_14_0567.wav,1.0,16000,1,0.4752310716726445,0.1135229028528386,4.186212807001292,2
bg_bg_session_14_0568,bg_session_14,background,BACKGROUND_NOISE,data/processed\background\bg_bg_session_14_0568.wav,1.0,16000,1,0.4904558388401043,0.1117941177803281,4.387134177600403,2
bg_bg_session_14_0569,bg_session_14,background,BACKGROUND_NOISE,data/processed\background\bg_bg_session_14_0569.wav,1.0,16000,1,0.48244342125041,0.1125403756364434,4.286847059587315,2
bg_bg_session_14_0570,bg_session_14,background,BACKGROUND_NOISE,data/processed\background\bg_bg_session_14_0570.wav,1.0,16000,1,0.4408217488333702,0.1127410956884483,3.91003570651106,2
bg_bg_session_14_0571,bg_session_14,background,BACKGROUND_NOISE,data/processed\background\bg_bg_session_14_0571.wav,1.0,16000,1,0.521008879409236,0.1130636480850895,4.608102092514422,2
bg_bg_session_14_0572,bg_session_14,background,BACKGROUND_NOISE,data/processed\background\bg_bg_session_14_0572.wav,1.0,16000,1,0.433917768479492,0.1120134344853914,3.873800778763506,2
bg_bg_session_14_0573,bg_session_14,background,BACKGROUND_NOISE,data/processed\background\bg_bg_session_14_0573.wav,1.0,16000,1,0.4919724279963587,0.1139482348040243,4.317507732062792,2
bg_bg_session_14_0574,bg_session_14,background,BACKGROUND_NOISE,data/processed\background\bg_bg_session_14_0574.wav,1.0,16000,1,0.4683926871311626,0.1139524004594609,4.110423686893359,2
bg_bg_session_14_0575,bg_session_14,background,BACKGROUND_NOISE,data/processed\background\bg_bg_session_14_0575.wav,1.0,16000,1,0.509182048074095,0.1122209555259012,4.537316585077615,2
bg_bg_session_14_0576,bg_session_14,background,BACKGROUND_NOISE,data/processed\background\bg_bg_session_14_0576.wav,1.0,16000,1,0.5334376751322586,0.1126733050836495,4.734374547657804,2
bg_bg_session_14_0577,bg_session_14,background,BACKGROUND_NOISE,data/processed\background\bg_bg_session_14_0577.wav,1.0,16000,1,0.5014703420638117,0.1153019017777672,4.349193645898474,2
bg_bg_session_14_0578,bg_session_14,background,BACKGROUND_NOISE,data/processed\background\bg_bg_session_14_0578.wav,1.0,16000,1,0.4852903499453214,0.11240003283525,4.317528158388996,2
bg_bg_session_14_0579,bg_session_14,background,BACKGROUND_NOISE,data/processed\background\bg_bg_session_14_0579.wav,1.0,16000,1,0.4487871476510598,0.1123503353366594,3.9945328722066913,2
bg_bg_session_14_0580,bg_session_14,background,BACKGROUND_NOISE,data/processed\background\bg_bg_session_14_0580.wav,1.0,16000,1,0.4551559666758412,0.1122443318069973,4.05504597691415,2
bg_bg_session_14_0581,bg_session_14,background,BACKGROUND_NOISE,data/processed\background\bg_bg_session_14_0581.wav,1.0,16000,1,0.4179758689879608,0.1131140545941813,3.695171511054177,2
bg_bg_session_14_0582,bg_session_14,background,BACKGROUND_NOISE,data/processed\background\bg_bg_session_14_0582.wav,1.0,16000,1,0.4775806357197972,0.1131442080718772,4.220990200457296,2
bg_bg_session_14_0583,bg_session_14,background,BACKGROUND_NOISE,data/processed\background\bg_bg_session_14_0583.wav,1.0,16000,1,0.4849299208747628,0.1130339350089158,4.290126482239585,2
bg_bg_session_14_0584,bg_session_14,background,BACKGROUND_NOISE,data/processed\background\bg_bg_session_14_0584.wav,1.0,16000,1,0.4222697778098845,0.1128372527519556,3.7422901576240695,2
bg_bg_session_14_0585,bg_session_14,background,BACKGROUND_NOISE,data/processed\background\bg_bg_session_14_0585.wav,1.0,16000,1,0.4100356027815979,0.1113883360064661,3.6811355719187646,2
bg_bg_session_14_0586,bg_session_14,background,BACKGROUND_NOISE,data/processed\background\bg_bg_session_14_0586.wav,1.0,16000,1,0.4188350740087038,0.1143397611222762,3.663074273262249,2
bg_bg_session_14_0587,bg_session_14,background,BACKGROUND_NOISE,data/processed\background\bg_bg_session_14_0587.wav,1.0,16000,1,0.428862379230261,0.1121602901839576,3.823655772379981,2
bg_bg_session_14_0588,bg_session_14,background,BACKGROUND_NOISE,data/processed\background\bg_bg_session_14_0588.wav,1.0,16000,1,0.4763068082579648,0.1131046623535293,4.211203643021757,2
bg_bg_session_14_0589,bg_session_14,background,BACKGROUND_NOISE,data/processed\background\bg_bg_session_14_0589.wav,1.0,16000,1,0.47887199816169,0.1141851736782894,4.193819046706498,2
bg_bg_session_14_0590,bg_session_14,background,BACKGROUND_NOISE,data/processed\background\bg_bg_session_14_0590.wav,1.0,16000,1,0.4525775272449724,0.1126233082061864,4.018506419926387,2
bg_bg_session_14_0591,bg_session_14,background,BACKGROUND_NOISE,data/processed\background\bg_bg_session_14_0591.wav,1.0,16000,1,0.484617018510893,0.1129883045731453,4.2890897199565385,2
bg_bg_session_14_0592,bg_session_14,background,BACKGROUND_NOISE,data/processed\background\bg_bg_session_14_0592.wav,1.0,16000,1,0.5112514318866508,0.1134325635517692,4.507095412529999,2
bg_bg_session_14_0593,bg_session_14,background,BACKGROUND_NOISE,data/processed\background\bg_bg_session_14_0593.wav,1.0,16000,1,0.4634066243806347,0.1141301052559826,4.060336076426975,2
bg_bg_session_14_0594,bg_session_14,background,BACKGROUND_NOISE,data/processed\background\bg_bg_session_14_0594.wav,1.0,16000,1,0.4699400977660982,0.1129334330233035,4.161212880662174,2
bg_bg_session_14_0595,bg_session_14,background,BACKGROUND_NOISE,data/processed\background\bg_bg_session_14_0595.wav,1.0,16000,1,0.4230696670697684,0.1127414615815073,3.752564705206168,2
bg_bg_session_14_0596,bg_session_14,background,BACKGROUND_NOISE,data/processed\background\bg_bg_session_14_0596.wav,1.0,16000,1,0.4707766520168612,0.1137832703136127,4.1374853205083655,2
bg_bg_session_14_0597,bg_session_14,background,BACKGROUND_NOISE,data/processed\background\bg_bg_session_14_0597.wav,1.0,16000,1,0.4373610022966792,0.1133242175103022,3.859377750948437,2
bg_bg_session_14_0598,bg_session_14,background,BACKGROUND_NOISE,data/processed\background\bg_bg_session_14_0598.wav,1.0,16000,1,0.4645851166938339,0.1134786150795164,4.094031949790467,2
bg_bg_session_14_0599,bg_session_14,background,BACKGROUND_NOISE,data/processed\background\bg_bg_session_14_0599.wav,1.0,16000,1,0.4515204476952468,0.1128577537954056,4.000792081205741,2
bg_bg_session_15_0600,bg_session_15,background,BACKGROUND_NOISE,data/processed\background\bg_bg_session_15_0600.wav,1.0,16000,1,0.4450919485621776,0.1644175202177601,2.707083289553632,2
bg_bg_session_15_0601,bg_session_15,background,BACKGROUND_NOISE,data/processed\background\bg_bg_session_15_0601.wav,1.0,16000,1,0.5114795728914171,0.1635946073438035,3.1265061234656235,2
bg_bg_session_15_0602,bg_session_15,background,BACKGROUND_NOISE,data/processed\background\bg_bg_session_15_0602.wav,1.0,16000,1,0.4780296940631034,0.164727459192151,2.901942805334381,2
bg_bg_session_15_0603,bg_session_15,background,BACKGROUND_NOISE,data/processed\background\bg_bg_session_15_0603.wav,1.0,16000,1,0.418536878146222,0.1654576249124684,2.529571260749855,2
bg_bg_session_15_0604,bg_session_15,background,BACKGROUND_NOISE,data/processed\background\bg_bg_session_15_0604.wav,1.0,16000,1,0.4003081726734031,0.1614958727545503,2.478751568433555,2
bg_bg_session_15_0605,bg_session_15,background,BACKGROUND_NOISE,data/processed\background\bg_bg_session_15_0605.wav,1.0,16000,1,0.4016265220023667,0.1621398461718683,2.4770376111388828,2
bg_bg_session_15_0606,bg_session_15,background,BACKGROUND_NOISE,data/processed\background\bg_bg_session_15_0606.wav,1.0,16000,1,0.5079813358983252,0.1637547463516279,3.102085992589705,2
bg_bg_session_15_0607,bg_session_15,background,BACKGROUND_NOISE,data/processed\background\bg_bg_session_15_0607.wav,1.0,16000,1,0.3897743226559048,0.1646539932748029,2.367232590181135,2
bg_bg_session_15_0608,bg_session_15,background,BACKGROUND_NOISE,data/processed\background\bg_bg_session_15_0608.wav,1.0,16000,1,0.3975638525874494,0.1620907501532343,2.452723722262811,2
bg_bg_session_15_0609,bg_session_15,background,BACKGROUND_NOISE,data/processed\background\bg_bg_session_15_0609.wav,1.0,16000,1,0.5982489176450365,0.1644722415365961,3.637385103297635,2
bg_bg_session_15_0610,bg_session_15,background,BACKGROUND_NOISE,data/processed\background\bg_bg_session_15_0610.wav,1.0,16000,1,0.411580294230913,0.1652888314926598,2.4900670275990207,2
bg_bg_session_15_0611,bg_session_15,background,BACKGROUND_NOISE,data/processed\background\bg_bg_session_15_0611.wav,1.0,16000,1,0.4351954260833746,0.1636830625291574,2.658768676314112,2
bg_bg_session_15_0612,bg_session_15,background,BACKGROUND_NOISE,data/processed\background\bg_bg_session_15_0612.wav,1.0,16000,1,0.4151873633449096,0.1655068055499882,2.508581667559848,2
bg_bg_session_15_0613,bg_session_15,background,BACKGROUND_NOISE,data/processed\background\bg_bg_session_15_0613.wav,1.0,16000,1,0.4134288704103147,0.1619064864838391,2.5535039012568688,2
bg_bg_session_15_0614,bg_session_15,background,BACKGROUND_NOISE,data/processed\background\bg_bg_session_15_0614.wav,1.0,16000,1,0.562887938586011,0.1654704762071413,3.4017422169254385,2
bg_bg_session_15_0615,bg_session_15,background,BACKGROUND_NOISE,data/processed\background\bg_bg_session_15_0615.wav,1.0,16000,1,0.3989434047223196,0.1652680235790118,2.413917537970776,2
bg_bg_session_15_0616,bg_session_15,background,BACKGROUND_NOISE,data/processed\background\bg_bg_session_15_0616.wav,1.0,16000,1,0.3882436060604932,0.1653676146627239,2.347760674753216,2
bg_bg_session_15_0617,bg_session_15,background,BACKGROUND_NOISE,data/processed\background\bg_bg_session_15_0617.wav,1.0,16000,1,0.4100394483578979,0.1640250250567698,2.499858928339698,2
bg_bg_session_15_0618,bg_session_15,background,BACKGROUND_NOISE,data/processed\background\bg_bg_session_15_0618.wav,1.0,16000,1,0.4061781568856328,0.1649652192273153,2.4622046645110647,2
bg_bg_session_15_0619,bg_session_15,background,BACKGROUND_NOISE,data/processed\background\bg_bg_session_15_0619.wav,1.0,16000,1,0.4829015455440478,0.1629945818124785,2.9626844680810938,2
bg_bg_session_15_0620,bg_session_15,background,BACKGROUND_NOISE,data/processed\background\bg_bg_session_15_0620.wav,1.0,16000,1,0.4224444962703534,0.1654745705214667,2.5529268298435146,2
bg_bg_session_15_0621,bg_session_15,background,BACKGROUND_NOISE,data/processed\background\bg_bg_session_15_0621.wav,1.0,16000,1,0.4246384636441557,0.161459818050388,2.6299945241588856,2
bg_bg_session_15_0622,bg_session_15,background,BACKGROUND_NOISE,data/processed\background\bg_bg_session_15_0622.wav,1.0,16000,1,0.3647692191848332,0.16186375123999,2.253557043222306,2
bg_bg_session_15_0623,bg_session_15,background,BACKGROUND_NOISE,data/processed\background\bg_bg_session_15_0623.wav,1.0,16000,1,0.4067207030506355,0.1623780919651137,2.5047755708957467,2
bg_bg_session_15_0624,bg_session_15,background,BACKGROUND_NOISE,data/processed\background\bg_bg_session_15_0624.wav,1.0,16000,1,0.3835859211789038,0.1645952657335774,2.330479532108784,2
bg_bg_session_15_0625,bg_session_15,background,BACKGROUND_NOISE,data/processed\background\bg_bg_session_15_0625.wav,1.0,16000,1,0.3796064903786345,0.1652008733774656,2.2978478239203834,2
bg_bg_session_15_0626,bg_session_15,background,BACKGROUND_NOISE,data/processed\background\bg_bg_session_15_0626.wav,1.0,16000,1,0.4398053815630939,0.1635529998823927,2.689069323024676,2
bg_bg_session_15_0627,bg_session_15,background,BACKGROUND_NOISE,data/processed\background\bg_bg_session_15_0627.wav,1.0,16000,1,0.3975720588849373,0.1631515150782503,2.436827107158543,2
bg_bg_session_15_0628,bg_session_15,background,BACKGROUND_NOISE,data/processed\background\bg_bg_session_15_0628.wav,1.0,16000,1,0.5544427420970874,0.1647789014260967,3.364767598587728,2
bg_bg_session_15_0629,bg_session_15,background,BACKGROUND_NOISE,data/processed\background\bg_bg_session_15_0629.wav,1.0,16000,1,0.4097942130256642,0.166371555472842,2.463126507591574,2
bg_bg_session_15_0630,bg_session_15,background,BACKGROUND_NOISE,data/processed\background\bg_bg_session_15_0630.wav,1.0,16000,1,0.5138595081905177,0.1645838599750075,3.122174173377675,2
bg_bg_session_15_0631,bg_session_15,background,BACKGROUND_NOISE,data/processed\background\bg_bg_session_15_0631.wav,1.0,16000,1,0.4396979967926193,0.1646611313898159,2.670320350517222,2
bg_bg_session_15_0632,bg_session_15,background,BACKGROUND_NOISE,data/processed\background\bg_bg_session_15_0632.wav,1.0,16000,1,0.3999960664177803,0.1619336275921284,2.4701233935426905,2
bg_bg_session_15_0633,bg_session_15,background,BACKGROUND_NOISE,data/processed\background\bg_bg_session_15_0633.wav,1.0,16000,1,0.4596469507945244,0.1644573243028932,2.7949312977915506,2
bg_bg_session_15_0634,bg_session_15,background,BACKGROUND_NOISE,data/processed\background\bg_bg_session_15_0634.wav,1.0,16000,1,0.4426232597165991,0.1657795594313878,2.6699505930360754,2
bg_bg_session_15_0635,bg_session_15,background,BACKGROUND_NOISE,data/processed\background\bg_bg_session_15_0635.wav,1.0,16000,1,0.4055530951219948,0.1659605492275672,2.443671538644885,2
bg_bg_session_15_0636,bg_session_15,background,BACKGROUND_NOISE,data/processed\background\bg_bg_session_15_0636.wav,1.0,16000,1,0.4512913384538752,0.163232723284611,2.7647110317451338,2
bg_bg_session_15_0637,bg_session_15,background,BACKGROUND_NOISE,data/processed\background\bg_bg_session_15_0637.wav,1.0,16000,1,0.3652584299556039,0.1644542329763007,2.2210337863294947,2
bg_bg_session_15_0638,bg_session_15,background,BACKGROUND_NOISE,data/processed\background\bg_bg_session_15_0638.wav,1.0,16000,1,0.4228213917994673,0.1638290284650841,2.5808696416757684,2
bg_bg_session_15_0639,bg_session_15,background,BACKGROUND_NOISE,data/processed\background\bg_bg_session_15_0639.wav,1.0,16000,1,0.4300884333120421,0.163663535490756,2.627881682645903,2
bg_bg_session_16_0640,bg_session_16,background,BACKGROUND_NOISE,data/processed\background\bg_bg_session_16_0640.wav,1.0,16000,1,0.2943153254114562,0.0663807398228221,4.433745117327204,2
bg_bg_session_16_0641,bg_session_16,background,BACKGROUND_NOISE,data/processed\background\bg_bg_session_16_0641.wav,1.0,16000,1,0.3102064885146753,0.0622438556017449,4.983727882510864,2
bg_bg_session_16_0642,bg_session_16,background,BACKGROUND_NOISE,data/processed\background\bg_bg_session_16_0642.wav,1.0,16000,1,0.3139199528227903,0.0579253380046164,5.419388292630923,2
bg_bg_session_16_0643,bg_session_16,background,BACKGROUND_NOISE,data/processed\background\bg_bg_session_16_0643.wav,1.0,16000,1,0.3928331553866276,0.071675836088056,5.480690871845724,2
bg_bg_session_16_0644,bg_session_16,background,BACKGROUND_NOISE,data/processed\background\bg_bg_session_16_0644.wav,1.0,16000,1,0.2695463056407702,0.0441804424888208,6.101030896163284,2
bg_bg_session_16_0645,bg_session_16,background,BACKGROUND_NOISE,data/processed\background\bg_bg_session_16_0645.wav,1.0,16000,1,0.269281984861044,0.048493886100743,5.552904726434596,2
bg_bg_session_16_0646,bg_session_16,background,BACKGROUND_NOISE,data/processed\background\bg_bg_session_16_0646.wav,1.0,16000,1,0.3385332271496467,0.0531455580622598,6.369923955898945,2
bg_bg_session_16_0647,bg_session_16,background,BACKGROUND_NOISE,data/processed\background\bg_bg_session_16_0647.wav,1.0,16000,1,0.284779468873059,0.0635474354708041,4.4813676893416,2
bg_bg_session_16_0648,bg_session_16,background,BACKGROUND_NOISE,data/processed\background\bg_bg_session_16_0648.wav,1.0,16000,1,0.2692945544999078,0.0590064730571402,4.563813000668593,2
bg_bg_session_16_0649,bg_session_16,background,BACKGROUND_NOISE,data/processed\background\bg_bg_session_16_0649.wav,1.0,16000,1,0.2790151366849178,0.0478934406682022,5.825747211615373,2
bg_bg_session_16_0650,bg_session_16,background,BACKGROUND_NOISE,data/processed\background\bg_bg_session_16_0650.wav,1.0,16000,1,0.2570116364237163,0.0519104529450379,4.951056527772383,2
bg_bg_session_16_0651,bg_session_16,background,BACKGROUND_NOISE,data/processed\background\bg_bg_session_16_0651.wav,1.0,16000,1,0.2693038130379467,0.0532873022368652,5.053807402423965,2
bg_bg_session_16_0652,bg_session_16,background,BACKGROUND_NOISE,data/processed\background\bg_bg_session_16_0652.wav,1.0,16000,1,0.3406711456682532,0.0632346081483212,5.38741524253669,2
bg_bg_session_16_0653,bg_session_16,background,BACKGROUND_NOISE,data/processed\background\bg_bg_session_16_0653.wav,1.0,16000,1,0.3642540725238483,0.0692931694515963,5.256708891216231,2
bg_bg_session_16_0654,bg_session_16,background,BACKGROUND_NOISE,data/processed\background\bg_bg_session_16_0654.wav,1.0,16000,1,0.2961298895291641,0.054732478258008,5.410495648091362,2
bg_bg_session_16_0655,bg_session_16,background,BACKGROUND_NOISE,data/processed\background\bg_bg_session_16_0655.wav,1.0,16000,1,0.3018220396276832,0.052669159833622,5.730525857557971,2
bg_bg_session_16_0656,bg_session_16,background,BACKGROUND_NOISE,data/processed\background\bg_bg_session_16_0656.wav,1.0,16000,1,0.308018505048289,0.0614942684815605,5.0088969682057565,2
bg_bg_session_16_0657,bg_session_16,background,BACKGROUND_NOISE,data/processed\background\bg_bg_session_16_0657.wav,1.0,16000,1,0.3957052679383828,0.0567032541114497,6.978527147231381,2
bg_bg_session_16_0658,bg_session_16,background,BACKGROUND_NOISE,data/processed\background\bg_bg_session_16_0658.wav,1.0,16000,1,0.2316451341788674,0.0396318021096559,5.844929157867828,2
bg_bg_session_16_0659,bg_session_16,background,BACKGROUND_NOISE,data/processed\background\bg_bg_session_16_0659.wav,1.0,16000,1,0.191127693146752,0.0415617268751248,4.598645473383572,2
bg_bg_session_16_0660,bg_session_16,background,BACKGROUND_NOISE,data/processed\background\bg_bg_session_16_0660.wav,1.0,16000,1,0.3623921688604132,0.0608752634427132,5.953027368352484,2
bg_bg_session_16_0661,bg_session_16,background,BACKGROUND_NOISE,data/processed\background\bg_bg_session_16_0661.wav,1.0,16000,1,0.2149829173367659,0.0401953231839438,5.348454666439776,2
bg_bg_session_16_0662,bg_session_16,background,BACKGROUND_NOISE,data/processed\background\bg_bg_session_16_0662.wav,1.0,16000,1,0.3360659671059829,0.0580442448983274,5.789823087481246,2
bg_bg_session_16_0663,bg_session_16,background,BACKGROUND_NOISE,data/processed\background\bg_bg_session_16_0663.wav,1.0,16000,1,0.3715282269273089,0.0614416522663622,6.046845303707079,2
bg_bg_session_16_0664,bg_session_16,background,BACKGROUND_NOISE,data/processed\background\bg_bg_session_16_0664.wav,1.0,16000,1,0.314958588974031,0.0672562375107465,4.682964046183297,2
bg_bg_session_16_0665,bg_session_16,background,BACKGROUND_NOISE,data/processed\background\bg_bg_session_16_0665.wav,1.0,16000,1,0.27922079230469,0.0541679144047511,5.154725704797342,2
bg_bg_session_16_0666,bg_session_16,background,BACKGROUND_NOISE,data/processed\background\bg_bg_session_16_0666.wav,1.0,16000,1,0.2920186227880955,0.0526453448406133,5.546901975914069,2
bg_bg_session_16_0667,bg_session_16,background,BACKGROUND_NOISE,data/processed\background\bg_bg_session_16_0667.wav,1.0,16000,1,0.3597511271432838,0.0648869391928716,5.544275568788886,2
bg_bg_session_16_0668,bg_session_16,background,BACKGROUND_NOISE,data/processed\background\bg_bg_session_16_0668.wav,1.0,16000,1,0.3404216833521322,0.0801058465415491,4.249647879060666,2
bg_bg_session_16_0669,bg_session_16,background,BACKGROUND_NOISE,data/processed\background\bg_bg_session_16_0669.wav,1.0,16000,1,0.195562217136533,0.0392596171758635,4.98125507561526,2
bg_bg_session_16_0670,bg_session_16,background,BACKGROUND_NOISE,data/processed\background\bg_bg_session_16_0670.wav,1.0,16000,1,0.2794434712569696,0.0541660072524362,5.159018244864609,2
bg_bg_session_16_0671,bg_session_16,background,BACKGROUND_NOISE,data/processed\background\bg_bg_session_16_0671.wav,1.0,16000,1,0.3732742653473444,0.0596557524993229,6.257136774533407,2
bg_bg_session_16_0672,bg_session_16,background,BACKGROUND_NOISE,data/processed\background\bg_bg_session_16_0672.wav,1.0,16000,1,0.321731583105074,0.0647323835273692,4.970179002712823,2
bg_bg_session_16_0673,bg_session_16,background,BACKGROUND_NOISE,data/processed\background\bg_bg_session_16_0673.wav,1.0,16000,1,0.3308803184056171,0.061148710083348,5.4110751288762025,2
bg_bg_session_16_0674,bg_session_16,background,BACKGROUND_NOISE,data/processed\background\bg_bg_session_16_0674.wav,1.0,16000,1,0.2388912608945829,0.0483589837861915,4.939955160167046,2
bg_bg_session_16_0675,bg_session_16,background,BACKGROUND_NOISE,data/processed\background\bg_bg_session_16_0675.wav,1.0,16000,1,0.2860568466655057,0.0514025677361338,5.565029211840868,2
bg_bg_session_16_0676,bg_session_16,background,BACKGROUND_NOISE,data/processed\background\bg_bg_session_16_0676.wav,1.0,16000,1,0.2886648169317348,0.0541897572045349,5.3269248388204495,2
bg_bg_session_16_0677,bg_session_16,background,BACKGROUND_NOISE,data/processed\background\bg_bg_session_16_0677.wav,1.0,16000,1,0.3174101644691797,0.0672241101332987,4.72167079077847,2
bg_bg_session_16_0678,bg_session_16,background,BACKGROUND_NOISE,data/processed\background\bg_bg_session_16_0678.wav,1.0,16000,1,0.2810954870998181,0.0520109267094802,5.404545752943179,2
bg_bg_session_16_0679,bg_session_16,background,BACKGROUND_NOISE,data/processed\background\bg_bg_session_16_0679.wav,1.0,16000,1,0.2818115202143835,0.047902326100964,5.883043357643516,2
bg_bg_session_17_0680,bg_session_17,background,BACKGROUND_NOISE,data/processed\background\bg_bg_session_17_0680.wav,1.0,16000,1,0.3429930645735111,0.1227627636713315,2.79395010650211,2
bg_bg_session_17_0681,bg_session_17,background,BACKGROUND_NOISE,data/processed\background\bg_bg_session_17_0681.wav,1.0,16000,1,0.3388795212315917,0.124990396896531,2.71124424382522,2
bg_bg_session_17_0682,bg_session_17,background,BACKGROUND_NOISE,data/processed\background\bg_bg_session_17_0682.wav,1.0,16000,1,0.3560813099314857,0.1238707771316295,2.8746189329781284,2
bg_bg_session_17_0683,bg_session_17,background,BACKGROUND_NOISE,data/processed\background\bg_bg_session_17_0683.wav,1.0,16000,1,0.3490726136242545,0.1234681557223821,2.8272276629519504,2
bg_bg_session_17_0684,bg_session_17,background,BACKGROUND_NOISE,data/processed\background\bg_bg_session_17_0684.wav,1.0,16000,1,0.3355526398169857,0.1218454969773719,2.7539188611961003,2
bg_bg_session_17_0685,bg_session_17,background,BACKGROUND_NOISE,data/processed\background\bg_bg_session_17_0685.wav,1.0,16000,1,0.362725732101412,0.1233086704240865,2.941607442833027,2
bg_bg_session_17_0686,bg_session_17,background,BACKGROUND_NOISE,data/processed\background\bg_bg_session_17_0686.wav,1.0,16000,1,0.3425365861700278,0.1226052861696996,2.793815576253071,2
bg_bg_session_17_0687,bg_session_17,background,BACKGROUND_NOISE,data/processed\background\bg_bg_session_17_0687.wav,1.0,16000,1,0.3653049638394937,0.1241311972126166,2.942893830185552,2
bg_bg_session_17_0688,bg_session_17,background,BACKGROUND_NOISE,data/processed\background\bg_bg_session_17_0688.wav,1.0,16000,1,0.338040016933711,0.1236280493857862,2.734330851856566,2
bg_bg_session_17_0689,bg_session_17,background,BACKGROUND_NOISE,data/processed\background\bg_bg_session_17_0689.wav,1.0,16000,1,0.3695677844187234,0.1235488107552332,2.9912692177846583,2
bg_bg_session_17_0690,bg_session_17,background,BACKGROUND_NOISE,data/processed\background\bg_bg_session_17_0690.wav,1.0,16000,1,0.3505303333202143,0.1235455296124094,2.8372560791745944,2
bg_bg_session_17_0691,bg_session_17,background,BACKGROUND_NOISE,data/processed\background\bg_bg_session_17_0691.wav,1.0,16000,1,0.3925469502205387,0.122952201297469,3.1926790586207163,2
bg_bg_session_17_0692,bg_session_17,background,BACKGROUND_NOISE,data/processed\background\bg_bg_session_17_0692.wav,1.0,16000,1,0.3906678287551958,0.1223663564107465,3.1926079053769,2
bg_bg_session_17_0693,bg_session_17,background,BACKGROUND_NOISE,data/processed\background\bg_bg_session_17_0693.wav,1.0,16000,1,0.3391964669725186,0.1232862029810346,2.751292774518898,2
bg_bg_session_17_0694,bg_session_17,background,BACKGROUND_NOISE,data/processed\background\bg_bg_session_17_0694.wav,1.0,16000,1,0.3633486482084761,0.1242192231101848,2.925059502550453,2
bg_bg_session_17_0695,bg_session_17,background,BACKGROUND_NOISE,data/processed\background\bg_bg_session_17_0695.wav,1.0,16000,1,0.3440536857706178,0.1224328589486322,2.8101414981541306,2
bg_bg_session_17_0696,bg_session_17,background,BACKGROUND_NOISE,data/processed\background\bg_bg_session_17_0696.wav,1.0,16000,1,0.3645996043509886,0.1248167701176012,2.921078431982192,2
bg_bg_session_17_0697,bg_session_17,background,BACKGROUND_NOISE,data/processed\background\bg_bg_session_17_0697.wav,1.0,16000,1,0.3438839904546076,0.1228335666516706,2.7995927484045184,2
bg_bg_session_17_0698,bg_session_17,background,BACKGROUND_NOISE,data/processed\background\bg_bg_session_17_0698.wav,1.0,16000,1,0.3370134553152893,0.1238528279364412,2.7210797986578044,2
bg_bg_session_17_0699,bg_session_17,background,BACKGROUND_NOISE,data/processed\background\bg_bg_session_17_0699.wav,1.0,16000,1,0.3572879603620751,0.1233281780208449,2.897050269656814,2
bg_bg_session_17_0700,bg_session_17,background,BACKGROUND_NOISE,data/processed\background\bg_bg_session_17_0700.wav,1.0,16000,1,0.3495997178113856,0.1235541797128174,2.829525397916299,2
bg_bg_session_17_0701,bg_session_17,background,BACKGROUND_NOISE,data/processed\background\bg_bg_session_17_0701.wav,1.0,16000,1,0.3682332796849563,0.1225865876328696,3.0038624678022754,2
bg_bg_session_17_0702,bg_session_17,background,BACKGROUND_NOISE,data/processed\background\bg_bg_session_17_0702.wav,1.0,16000,1,0.3472364872052484,0.1233578011629269,2.8148723127603974,2
bg_bg_session_17_0703,bg_session_17,background,BACKGROUND_NOISE,data/processed\background\bg_bg_session_17_0703.wav,1.0,16000,1,0.3687137010230095,0.1240159852878778,2.973114074254018,2
bg_bg_session_17_0704,bg_session_17,background,BACKGROUND_NOISE,data/processed\background\bg_bg_session_17_0704.wav,1.0,16000,1,0.3487828667467801,0.1226662999337876,2.843346856484431,2
bg_bg_session_17_0705,bg_session_17,background,BACKGROUND_NOISE,data/processed\background\bg_bg_session_17_0705.wav,1.0,16000,1,0.3532524664328529,0.1223700500247007,2.8867556848590907,2
bg_bg_session_17_0706,bg_session_17,background,BACKGROUND_NOISE,data/processed\background\bg_bg_session_17_0706.wav,1.0,16000,1,0.3575180019991285,0.1230462472901756,2.9055577136003943,2
bg_bg_session_17_0707,bg_session_17,background,BACKGROUND_NOISE,data/processed\background\bg_bg_session_17_0707.wav,1.0,16000,1,0.3436685245936893,0.1244283200076408,2.7619797241720225,2
bg_bg_session_17_0708,bg_session_17,background,BACKGROUND_NOISE,data/processed\background\bg_bg_session_17_0708.wav,1.0,16000,1,0.3371692986141509,0.1223427661372518,2.7559395761617616,2
bg_bg_session_17_0709,bg_session_17,background,BACKGROUND_NOISE,data/processed\background\bg_bg_session_17_0709.wav,1.0,16000,1,0.3431118188788415,0.1238410267772422,2.7705825775345407,2
bg_bg_session_17_0710,bg_session_17,background,BACKGROUND_NOISE,data/processed\background\bg_bg_session_17_0710.wav,1.0,16000,1,0.3444346615500534,0.1234521629531983,2.7900251029249303,2
bg_bg_session_17_0711,bg_session_17,background,BACKGROUND_NOISE,data/processed\background\bg_bg_session_17_0711.wav,1.0,16000,1,0.3268957198645466,0.1234209944550824,2.648623071152499,2
bg_bg_session_17_0712,bg_session_17,background,BACKGROUND_NOISE,data/processed\background\bg_bg_session_17_0712.wav,1.0,16000,1,0.3496786404394834,0.1234525840768879,2.832493258276118,2
bg_bg_session_17_0713,bg_session_17,background,BACKGROUND_NOISE,data/processed\background\bg_bg_session_17_0713.wav,1.0,16000,1,0.3388692753699087,0.1225890991622738,2.764269009585021,2
bg_bg_session_17_0714,bg_session_17,background,BACKGROUND_NOISE,data/processed\background\bg_bg_session_17_0714.wav,1.0,16000,1,0.3642428270842509,0.1232157548327539,2.956138182306893,2
bg_bg_session_17_0715,bg_session_17,background,BACKGROUND_NOISE,data/processed\background\bg_bg_session_17_0715.wav,1.0,16000,1,0.3395862327659188,0.1238034610219374,2.742945976900322,2
bg_bg_session_17_0716,bg_session_17,background,BACKGROUND_NOISE,data/processed\background\bg_bg_session_17_0716.wav,1.0,16000,1,0.3328990290023438,0.1228923223842786,2.7088673682372963,2
bg_bg_session_17_0717,bg_session_17,background,BACKGROUND_NOISE,data/processed\background\bg_bg_session_17_0717.wav,1.0,16000,1,0.3748435821282349,0.1228433630973751,3.051394411248419,2
bg_bg_session_17_0718,bg_session_17,background,BACKGROUND_NOISE,data/processed\background\bg_bg_session_17_0718.wav,1.0,16000,1,0.3223374632402678,0.1234201647196647,2.611708045077896,2
bg_bg_session_17_0719,bg_session_17,background,BACKGROUND_NOISE,data/processed\background\bg_bg_session_17_0719.wav,1.0,16000,1,0.3660412725218969,0.1226436935692918,2.984590825855882,2
bg_bg_session_18_0720,bg_session_18,background,BACKGROUND_NOISE,data/processed\background\bg_bg_session_18_0720.wav,1.0,16000,1,0.3781683636328335,0.0929736632798274,4.067477924580235,2
bg_bg_session_18_0721,bg_session_18,background,BACKGROUND_NOISE,data/processed\background\bg_bg_session_18_0721.wav,1.0,16000,1,0.3573061904314752,0.09393912487053,3.803592516834717,2
bg_bg_session_18_0722,bg_session_18,background,BACKGROUND_NOISE,data/processed\background\bg_bg_session_18_0722.wav,1.0,16000,1,0.4100500582908135,0.0954544223710082,4.295767604557624,2
bg_bg_session_18_0723,bg_session_18,background,BACKGROUND_NOISE,data/processed\background\bg_bg_session_18_0723.wav,1.0,16000,1,0.3984100985294774,0.0955930340294682,4.167772902039406,2
bg_bg_session_18_0724,bg_session_18,background,BACKGROUND_NOISE,data/processed\background\bg_bg_session_18_0724.wav,1.0,16000,1,0.377239885841316,0.094691496266063,3.9838830399566354,2
bg_bg_session_18_0725,bg_session_18,background,BACKGROUND_NOISE,data/processed\background\bg_bg_session_18_0725.wav,1.0,16000,1,0.3857552783972882,0.0926109892122147,4.165328974729492,2
bg_bg_session_18_0726,bg_session_18,background,BACKGROUND_NOISE,data/processed\background\bg_bg_session_18_0726.wav,1.0,16000,1,0.4082627693166995,0.0954392661656975,4.277722817259126,2
bg_bg_session_18_0727,bg_session_18,background,BACKGROUND_NOISE,data/processed\background\bg_bg_session_18_0727.wav,1.0,16000,1,0.3668676069529405,0.0960665897935957,3.818888226929812,2
bg_bg_session_18_0728,bg_session_18,background,BACKGROUND_NOISE,data/processed\background\bg_bg_session_18_0728.wav,1.0,16000,1,0.3830082382443313,0.0943728635151175,4.058456884678597,2
bg_bg_session_18_0729,bg_session_18,background,BACKGROUND_NOISE,data/processed\background\bg_bg_session_18_0729.wav,1.0,16000,1,0.3813308946421041,0.0957500748549123,3.9825645608557423,2
bg_bg_session_18_0730,bg_session_18,background,BACKGROUND_NOISE,data/processed\background\bg_bg_session_18_0730.wav,1.0,16000,1,0.4011122197081533,0.0940215504862955,4.266172754775955,2
bg_bg_session_18_0731,bg_session_18,background,BACKGROUND_NOISE,data/processed\background\bg_bg_session_18_0731.wav,1.0,16000,1,0.398275678916962,0.0942171962569021,4.227207478759065,2
bg_bg_session_18_0732,bg_session_18,background,BACKGROUND_NOISE,data/processed\background\bg_bg_session_18_0732.wav,1.0,16000,1,0.3685067758091324,0.094348540732564,3.905802187186579,2
bg_bg_session_18_0733,bg_session_18,background,BACKGROUND_NOISE,data/processed\background\bg_bg_session_18_0733.wav,1.0,16000,1,0.3726246294703224,0.0959021368748114,3.88546702668438,2
bg_bg_session_18_0734,bg_session_18,background,BACKGROUND_NOISE,data/processed\background\bg_bg_session_18_0734.wav,1.0,16000,1,0.4269955608304766,0.0946393923500967,4.511815905714455,2
bg_bg_session_18_0735,bg_session_18,background,BACKGROUND_NOISE,data/processed\background\bg_bg_session_18_0735.wav,1.0,16000,1,0.3554552613080541,0.0928835253850395,3.8268920302672513,2
bg_bg_session_18_0736,bg_session_18,background,BACKGROUND_NOISE,data/processed\background\bg_bg_session_18_0736.wav,1.0,16000,1,0.3739085223128189,0.0949800702860496,3.9367046351900954,2
bg_bg_session_18_0737,bg_session_18,background,BACKGROUND_NOISE,data/processed\background\bg_bg_session_18_0737.wav,1.0,16000,1,0.3688979182885989,0.0942170549528768,3.915404480845432,2
bg_bg_session_18_0738,bg_session_18,background,BACKGROUND_NOISE,data/processed\background\bg_bg_session_18_0738.wav,1.0,16000,1,0.3477599611720382,0.0940789382644417,3.696469482147456,2
bg_bg_session_18_0739,bg_session_18,background,BACKGROUND_NOISE,data/processed\background\bg_bg_session_18_0739.wav,1.0,16000,1,0.3775199250241411,0.0951608502186294,3.967176464744009,2
bg_bg_session_18_0740,bg_session_18,background,BACKGROUND_NOISE,data/processed\background\bg_bg_session_18_0740.wav,1.0,16000,1,0.383336242379035,0.0950287993055339,4.033895038572388,2
bg_bg_session_18_0741,bg_session_18,background,BACKGROUND_NOISE,data/processed\background\bg_bg_session_18_0741.wav,1.0,16000,1,0.3794147259041484,0.0942053019550781,4.027530062052895,2
bg_bg_session_18_0742,bg_session_18,background,BACKGROUND_NOISE,data/processed\background\bg_bg_session_18_0742.wav,1.0,16000,1,0.3620364322840531,0.0943537692063551,3.8370104020133255,2
bg_bg_session_18_0743,bg_session_18,background,BACKGROUND_NOISE,data/processed\background\bg_bg_session_18_0743.wav,1.0,16000,1,0.3591562683224547,0.0922911434570434,3.891556827162448,2
bg_bg_session_18_0744,bg_session_18,background,BACKGROUND_NOISE,data/processed\background\bg_bg_session_18_0744.wav,1.0,16000,1,0.4153970891029703,0.0954385762705909,4.352506730613353,2
bg_bg_session_18_0745,bg_session_18,background,BACKGROUND_NOISE,data/processed\background\bg_bg_session_18_0745.wav,1.0,16000,1,0.4599126897145185,0.0969288321192572,4.74484869166869,2
bg_bg_session_18_0746,bg_session_18,background,BACKGROUND_NOISE,data/processed\background\bg_bg_session_18_0746.wav,1.0,16000,1,0.3456932260637574,0.094799444568851,3.64657399808864,2
bg_bg_session_18_0747,bg_session_18,background,BACKGROUND_NOISE,data/processed\background\bg_bg_session_18_0747.wav,1.0,16000,1,0.4112029482730808,0.0943332979922065,4.359043025471481,2
bg_bg_session_18_0748,bg_session_18,background,BACKGROUND_NOISE,data/processed\background\bg_bg_session_18_0748.wav,1.0,16000,1,0.3785715094532448,0.0943919270826765,4.010633971010252,2
bg_bg_session_18_0749,bg_session_18,background,BACKGROUND_NOISE,data/processed\background\bg_bg_session_18_0749.wav,1.0,16000,1,0.390179115613394,0.0940931722408948,4.146730999218071,2
bg_bg_session_18_0750,bg_session_18,background,BACKGROUND_NOISE,data/processed\background\bg_bg_session_18_0750.wav,1.0,16000,1,0.3882007573982299,0.0944126710890518,4.111743813652232,2
bg_bg_session_18_0751,bg_session_18,background,BACKGROUND_NOISE,data/processed\background\bg_bg_session_18_0751.wav,1.0,16000,1,0.4356293134137688,0.0947864848857767,4.595900649546409,2
bg_bg_session_18_0752,bg_session_18,background,BACKGROUND_NOISE,data/processed\background\bg_bg_session_18_0752.wav,1.0,16000,1,0.3834310539534835,0.0942245658664614,4.069331704892957,2
bg_bg_session_18_0753,bg_session_18,background,BACKGROUND_NOISE,data/processed\background\bg_bg_session_18_0753.wav,1.0,16000,1,0.3545013369372662,0.0958786441952854,3.69739583760968,2
bg_bg_session_18_0754,bg_session_18,background,BACKGROUND_NOISE,data/processed\background\bg_bg_session_18_0754.wav,1.0,16000,1,0.4081175436018089,0.0943953128727395,4.323493274682886,2
bg_bg_session_18_0755,bg_session_18,background,BACKGROUND_NOISE,data/processed\background\bg_bg_session_18_0755.wav,1.0,16000,1,0.4066006839450406,0.0955811856662155,4.253981979519838,2
bg_bg_session_18_0756,bg_session_18,background,BACKGROUND_NOISE,data/processed\background\bg_bg_session_18_0756.wav,1.0,16000,1,0.3584365183164673,0.0942403955670987,3.803427162261756,2
bg_bg_session_18_0757,bg_session_18,background,BACKGROUND_NOISE,data/processed\background\bg_bg_session_18_0757.wav,1.0,16000,1,0.3966827392459509,0.0950948908338422,4.171440695217383,2
bg_bg_session_18_0758,bg_session_18,background,BACKGROUND_NOISE,data/processed\background\bg_bg_session_18_0758.wav,1.0,16000,1,0.3556700687663108,0.0945034126319798,3.763568121245509,2
bg_bg_session_18_0759,bg_session_18,background,BACKGROUND_NOISE,data/processed\background\bg_bg_session_18_0759.wav,1.0,16000,1,0.377037930799902,0.0943288179296855,3.997059425788192,2
bg_bg_session_19_0760,bg_session_19,background,BACKGROUND_NOISE,data/processed\background\bg_bg_session_19_0760.wav,1.0,16000,1,0.4491098362919488,0.1124553031701791,3.993673785891368,2
bg_bg_session_19_0761,bg_session_19,background,BACKGROUND_NOISE,data/processed\background\bg_bg_session_19_0761.wav,1.0,16000,1,0.4936070651048179,0.1140434502546255,4.328236481098858,2
bg_bg_session_19_0762,bg_session_19,background,BACKGROUND_NOISE,data/processed\background\bg_bg_session_19_0762.wav,1.0,16000,1,0.4355552512352838,0.1113599427338543,3.911237752374437,2
bg_bg_session_19_0763,bg_session_19,background,BACKGROUND_NOISE,data/processed\background\bg_bg_session_19_0763.wav,1.0,16000,1,0.4618830811527308,0.1139789216540089,4.052354890944316,2
bg_bg_session_19_0764,bg_session_19,background,BACKGROUND_NOISE,data/processed\background\bg_bg_session_19_0764.wav,1.0,16000,1,0.5786222461414006,0.1135194373567266,5.097120005553958,2
bg_bg_session_19_0765,bg_session_19,background,BACKGROUND_NOISE,data/processed\background\bg_bg_session_19_0765.wav,1.0,16000,1,0.4707572724377621,0.1128499448957421,4.1715326592082125,2
bg_bg_session_19_0766,bg_session_19,background,BACKGROUND_NOISE,data/processed\background\bg_bg_session_19_0766.wav,1.0,16000,1,0.4534409492805227,0.1138295862546294,3.983506611639075,2
bg_bg_session_19_0767,bg_session_19,background,BACKGROUND_NOISE,data/processed\background\bg_bg_session_19_0767.wav,1.0,16000,1,0.4870682780261451,0.1128131541681614,4.317477322948871,2
bg_bg_session_19_0768,bg_session_19,background,BACKGROUND_NOISE,data/processed\background\bg_bg_session_19_0768.wav,1.0,16000,1,0.4174463082753659,0.1127452367060156,3.702562373772273,2
bg_bg_session_19_0769,bg_session_19,background,BACKGROUND_NOISE,data/processed\background\bg_bg_session_19_0769.wav,1.0,16000,1,0.5127075930592477,0.1144649418486778,4.479166633792369,2
bg_bg_session_19_0770,bg_session_19,background,BACKGROUND_NOISE,data/processed\background\bg_bg_session_19_0770.wav,1.0,16000,1,0.4881532100763435,0.1137611442421046,4.291036016015309,2
bg_bg_session_19_0771,bg_session_19,background,BACKGROUND_NOISE,data/processed\background\bg_bg_session_19_0771.wav,1.0,16000,1,0.4827346942024292,0.1121370082868445,4.304864723329831,2
bg_bg_session_19_0772,bg_session_19,background,BACKGROUND_NOISE,data/processed\background\bg_bg_session_19_0772.wav,1.0,16000,1,0.5214095119235841,0.1136508737666348,4.587817486700948,2
bg_bg_session_19_0773,bg_session_19,background,BACKGROUND_NOISE,data/processed\background\bg_bg_session_19_0773.wav,1.0,16000,1,0.5326545026375621,0.1144150470461745,4.655458087326728,2
bg_bg_session_19_0774,bg_session_19,background,BACKGROUND_NOISE,data/processed\background\bg_bg_session_19_0774.wav,1.0,16000,1,0.4632526987804352,0.1134156897147166,4.08455531240993,2
bg_bg_session_19_0775,bg_session_19,background,BACKGROUND_NOISE,data/processed\background\bg_bg_session_19_0775.wav,1.0,16000,1,0.4642973765090935,0.1117352049587104,4.155336137140519,2
bg_bg_session_19_0776,bg_session_19,background,BACKGROUND_NOISE,data/processed\background\bg_bg_session_19_0776.wav,1.0,16000,1,0.536886375064743,0.1150044767568136,4.668395035752239,2
bg_bg_session_19_0777,bg_session_19,background,BACKGROUND_NOISE,data/processed\background\bg_bg_session_19_0777.wav,1.0,16000,1,0.4384371023541376,0.114682477980073,3.8230518894072087,2
bg_bg_session_19_0778,bg_session_19,background,BACKGROUND_NOISE,data/processed\background\bg_bg_session_19_0778.wav,1.0,16000,1,0.4454165659716055,0.1130660336075792,3.939437091453579,2
bg_bg_session_19_0779,bg_session_19,background,BACKGROUND_NOISE,data/processed\background\bg_bg_session_19_0779.wav,1.0,16000,1,0.5037495892047954,0.1140148453808728,4.41828029796637,2
bg_bg_session_19_0780,bg_session_19,background,BACKGROUND_NOISE,data/processed\background\bg_bg_session_19_0780.wav,1.0,16000,1,0.4411434884985092,0.1129684708007094,3.905013906283662,2
bg_bg_session_19_0781,bg_session_19,background,BACKGROUND_NOISE,data/processed\background\bg_bg_session_19_0781.wav,1.0,16000,1,0.6001393235692352,0.1141290832689268,5.2584254056509785,2
bg_bg_session_19_0782,bg_session_19,background,BACKGROUND_NOISE,data/processed\background\bg_bg_session_19_0782.wav,1.0,16000,1,0.4444453030558129,0.1134537293572542,3.9174143185911214,2
bg_bg_session_19_0783,bg_session_19,background,BACKGROUND_NOISE,data/processed\background\bg_bg_session_19_0783.wav,1.0,16000,1,0.4507290672355111,0.1132394968108529,3.980316410140997,2
bg_bg_session_19_0784,bg_session_19,background,BACKGROUND_NOISE,data/processed\background\bg_bg_session_19_0784.wav,1.0,16000,1,0.4174650188416774,0.1132424012022098,3.686472359690721,2
bg_bg_session_19_0785,bg_session_19,background,BACKGROUND_NOISE,data/processed\background\bg_bg_session_19_0785.wav,1.0,16000,1,0.4569416020708146,0.1131182853644946,4.0395021919172125,2
bg_bg_session_19_0786,bg_session_19,background,BACKGROUND_NOISE,data/processed\background\bg_bg_session_19_0786.wav,1.0,16000,1,0.5397528232826224,0.11277820605167,4.785967026072936,2
bg_bg_session_19_0787,bg_session_19,background,BACKGROUND_NOISE,data/processed\background\bg_bg_session_19_0787.wav,1.0,16000,1,0.4729000635915418,0.1134978328538096,4.16659957318007,2
bg_bg_session_19_0788,bg_session_19,background,BACKGROUND_NOISE,data/processed\background\bg_bg_session_19_0788.wav,1.0,16000,1,0.5040984223078515,0.1129898200825528,4.461449512221995,2
bg_bg_session_19_0789,bg_session_19,background,BACKGROUND_NOISE,data/processed\background\bg_bg_session_19_0789.wav,1.0,16000,1,0.4548829240454543,0.1119125343158887,4.064628561758758,2
bg_bg_session_19_0790,bg_session_19,background,BACKGROUND_NOISE,data/processed\background\bg_bg_session_19_0790.wav,1.0,16000,1,0.5982746651579741,0.1125090256615476,5.317569932407192,2
bg_bg_session_19_0791,bg_session_19,background,BACKGROUND_NOISE,data/processed\background\bg_bg_session_19_0791.wav,1.0,16000,1,0.4168620969010453,0.1125461377344153,3.703921505023435,2
bg_bg_session_19_0792,bg_session_19,background,BACKGROUND_NOISE,data/processed\background\bg_bg_session_19_0792.wav,1.0,16000,1,0.4589090857752655,0.1128791543728645,4.065489750255313,2
bg_bg_session_19_0793,bg_session_19,background,BACKGROUND_NOISE,data/processed\background\bg_bg_session_19_0793.wav,1.0,16000,1,0.4684573179801394,0.1123538652218353,4.1694807326868,2
bg_bg_session_19_0794,bg_session_19,background,BACKGROUND_NOISE,data/processed\background\bg_bg_session_19_0794.wav,1.0,16000,1,0.4417078825748085,0.1147589916214839,3.84900422915597,2
bg_bg_session_19_0795,bg_session_19,background,BACKGROUND_NOISE,data/processed\background\bg_bg_session_19_0795.wav,1.0,16000,1,0.4503269593123709,0.1136588186012808,3.962093968891179,2
bg_bg_session_19_0796,bg_session_19,background,BACKGROUND_NOISE,data/processed\background\bg_bg_session_19_0796.wav,1.0,16000,1,0.422105009714587,0.113814718346894,3.708702870405842,2
bg_bg_session_19_0797,bg_session_19,background,BACKGROUND_NOISE,data/processed\background\bg_bg_session_19_0797.wav,1.0,16000,1,0.442673932214596,0.1127987771050385,3.924456490851953,2
bg_bg_session_19_0798,bg_session_19,background,BACKGROUND_NOISE,data/processed\background\bg_bg_session_19_0798.wav,1.0,16000,1,0.461818033463736,0.1131920407769797,4.079951112235327,2
bg_bg_session_19_0799,bg_session_19,background,BACKGROUND_NOISE,data/processed\background\bg_bg_session_19_0799.wav,1.0,16000,1,0.4455336865613086,0.1128790497143603,3.947000335480545,2
bg_bg_session_21_0840,bg_session_21,background,BACKGROUND_NOISE,data/processed\background\bg_bg_session_21_0840.wav,1.0,16000,1,0.3488345622553729,0.0662664500123354,5.2641194684375465,2
bg_bg_session_21_0841,bg_session_21,background,BACKGROUND_NOISE,data/processed\background\bg_bg_session_21_0841.wav,1.0,16000,1,0.3292903056011058,0.0607412040476907,5.42120059277322,2
bg_bg_session_21_0842,bg_session_21,background,BACKGROUND_NOISE,data/processed\background\bg_bg_session_21_0842.wav,1.0,16000,1,0.3264528390298323,0.076156845293486,4.286585071977822,2
bg_bg_session_21_0843,bg_session_21,background,BACKGROUND_NOISE,data/processed\background\bg_bg_session_21_0843.wav,1.0,16000,1,0.3916706360255333,0.0688777722709465,5.686458290495,2
bg_bg_session_21_0844,bg_session_21,background,BACKGROUND_NOISE,data/processed\background\bg_bg_session_21_0844.wav,1.0,16000,1,0.2211178202268745,0.0410651459028135,5.384560593174919,2
bg_bg_session_21_0845,bg_session_21,background,BACKGROUND_NOISE,data/processed\background\bg_bg_session_21_0845.wav,1.0,16000,1,0.2362405032085943,0.0522572002309568,4.520725506863109,2
bg_bg_session_21_0846,bg_session_21,background,BACKGROUND_NOISE,data/processed\background\bg_bg_session_21_0846.wav,1.0,16000,1,0.2985728068982256,0.0579872567253845,5.148937409176451,2
bg_bg_session_21_0847,bg_session_21,background,BACKGROUND_NOISE,data/processed\background\bg_bg_session_21_0847.wav,1.0,16000,1,0.3066378198370054,0.0477193718870827,6.425854814351855,2
bg_bg_session_21_0848,bg_session_21,background,BACKGROUND_NOISE,data/processed\background\bg_bg_session_21_0848.wav,1.0,16000,1,0.2721860698517876,0.051362234729033,5.299341399265821,2
bg_bg_session_21_0849,bg_session_21,background,BACKGROUND_NOISE,data/processed\background\bg_bg_session_21_0849.wav,1.0,16000,1,0.2759917677290024,0.0546442160608248,5.050703205527955,2
bg_bg_session_21_0850,bg_session_21,background,BACKGROUND_NOISE,data/processed\background\bg_bg_session_21_0850.wav,1.0,16000,1,0.2688352744444507,0.0508931219077554,5.28234880360121,2
bg_bg_session_21_0851,bg_session_21,background,BACKGROUND_NOISE,data/processed\background\bg_bg_session_21_0851.wav,1.0,16000,1,0.3102545498204592,0.0599243780107114,5.177433764780398,2
bg_bg_session_21_0852,bg_session_21,background,BACKGROUND_NOISE,data/processed\background\bg_bg_session_21_0852.wav,1.0,16000,1,0.2419931748009582,0.0514298862056656,4.705301636877494,2
bg_bg_session_21_0853,bg_session_21,background,BACKGROUND_NOISE,data/processed\background\bg_bg_session_21_0853.wav,1.0,16000,1,0.3567996536644798,0.0609843631346441,5.85067346476975,2
bg_bg_session_21_0854,bg_session_21,background,BACKGROUND_NOISE,data/processed\background\bg_bg_session_21_0854.wav,1.0,16000,1,0.3767911356411698,0.0554706833495773,6.792616296800634,2
bg_bg_session_21_0855,bg_session_21,background,BACKGROUND_NOISE,data/processed\background\bg_bg_session_21_0855.wav,1.0,16000,1,0.4001529354752662,0.0864193577865351,4.630361754828914,2
bg_bg_session_21_0856,bg_session_21,background,BACKGROUND_NOISE,data/processed\background\bg_bg_session_21_0856.wav,1.0,16000,1,0.2767640029587782,0.060780437166912,4.553503895730539,2
bg_bg_session_21_0857,bg_session_21,background,BACKGROUND_NOISE,data/processed\background\bg_bg_session_21_0857.wav,1.0,16000,1,0.2999420095505183,0.0521267278584088,5.754091314235829,2
bg_bg_session_21_0858,bg_session_21,background,BACKGROUND_NOISE,data/processed\background\bg_bg_session_21_0858.wav,1.0,16000,1,0.4053382633418842,0.0685830789182926,5.910178000655368,2
bg_bg_session_21_0859,bg_session_21,background,BACKGROUND_NOISE,data/processed\background\bg_bg_session_21_0859.wav,1.0,16000,1,0.308563138418839,0.0543264497302652,5.679794706868012,2
bg_bg_session_21_0860,bg_session_21,background,BACKGROUND_NOISE,data/processed\background\bg_bg_session_21_0860.wav,1.0,16000,1,0.2296246960541296,0.0490240948519917,4.683914101999158,2
bg_bg_session_21_0861,bg_session_21,background,BACKGROUND_NOISE,data/processed\background\bg_bg_session_21_0861.wav,1.0,16000,1,0.3043478687520792,0.0555534740678493,5.478465911883561,2
bg_bg_session_21_0862,bg_session_21,background,BACKGROUND_NOISE,data/processed\background\bg_bg_session_21_0862.wav,1.0,16000,1,0.3411469041719853,0.0635693085183072,5.366533921135856,2
bg_bg_session_21_0863,bg_session_21,background,BACKGROUND_NOISE,data/processed\background\bg_bg_session_21_0863.wav,1.0,16000,1,0.3676253672439777,0.0835789427170139,4.398540006701246,2
bg_bg_session_21_0864,bg_session_21,background,BACKGROUND_NOISE,data/processed\background\bg_bg_session_21_0864.wav,1.0,16000,1,0.4204986412314736,0.0633182230607906,6.641035621252429,2
bg_bg_session_21_0865,bg_session_21,background,BACKGROUND_NOISE,data/processed\background\bg_bg_session_21_0865.wav,1.0,16000,1,0.2766486573272091,0.0526757575965859,5.251915063600126,2
bg_bg_session_21_0866,bg_session_21,background,BACKGROUND_NOISE,data/processed\background\bg_bg_session_21_0866.wav,1.0,16000,1,0.3033279472685405,0.0620895360795957,4.885330404569057,2
bg_bg_session_21_0867,bg_session_21,background,BACKGROUND_NOISE,data/processed\background\bg_bg_session_21_0867.wav,1.0,16000,1,0.1859441133393098,0.0433285405175157,4.29149166354275,2
bg_bg_session_21_0868,bg_session_21,background,BACKGROUND_NOISE,data/processed\background\bg_bg_session_21_0868.wav,1.0,16000,1,0.4183999976371425,0.0820562770771463,5.098938942286992,2
bg_bg_session_21_0869,bg_session_21,background,BACKGROUND_NOISE,data/processed\background\bg_bg_session_21_0869.wav,1.0,16000,1,0.3530502066769225,0.066536992904009,5.306073181358313,2
bg_bg_session_21_0870,bg_session_21,background,BACKGROUND_NOISE,data/processed\background\bg_bg_session_21_0870.wav,1.0,16000,1,0.2450780445197529,0.0475909519831565,5.149676205462949,2
bg_bg_session_21_0871,bg_session_21,background,BACKGROUND_NOISE,data/processed\background\bg_bg_session_21_0871.wav,1.0,16000,1,0.274232178896814,0.0569452848569153,4.815712686814047,2
bg_bg_session_21_0872,bg_session_21,background,BACKGROUND_NOISE,data/processed\background\bg_bg_session_21_0872.wav,1.0,16000,1,0.3131497814958118,0.0646711229787939,4.84218796040724,2
bg_bg_session_21_0873,bg_session_21,background,BACKGROUND_NOISE,data/processed\background\bg_bg_session_21_0873.wav,1.0,16000,1,0.3492110412877027,0.0645474656743002,5.410142498054992,2
bg_bg_session_21_0874,bg_session_21,background,BACKGROUND_NOISE,data/processed\background\bg_bg_session_21_0874.wav,1.0,16000,1,0.3487345909499393,0.0628155464243181,5.551723343724642,2
bg_bg_session_21_0875,bg_session_21,background,BACKGROUND_NOISE,data/processed\background\bg_bg_session_21_0875.wav,1.0,16000,1,0.3589537435425027,0.0634434818743147,5.657849732697738,2
bg_bg_session_21_0876,bg_session_21,background,BACKGROUND_NOISE,data/processed\background\bg_bg_session_21_0876.wav,1.0,16000,1,0.2373232067140104,0.0573387914792061,4.138963504496608,2
bg_bg_session_21_0877,bg_session_21,background,BACKGROUND_NOISE,data/processed\background\bg_bg_session_21_0877.wav,1.0,16000,1,0.3281239748828368,0.0633046548812559,5.1832511158272006,2
bg_bg_session_21_0878,bg_session_21,background,BACKGROUND_NOISE,data/processed\background\bg_bg_session_21_0878.wav,1.0,16000,1,0.3387087710458636,0.056344317063014,6.0114085783127775,2
bg_bg_session_21_0879,bg_session_21,background,BACKGROUND_NOISE,data/processed\background\bg_bg_session_21_0879.wav,1.0,16000,1,0.3533770133017436,0.0711461522076371,4.966916026621754,2
bg_bg_session_22_0880,bg_session_22,background,BACKGROUND_NOISE,data/processed\background\bg_bg_session_22_0880.wav,1.0,16000,1,0.3532421346307746,0.123129723698268,2.8688613547756203,2
bg_bg_session_22_0881,bg_session_22,background,BACKGROUND_NOISE,data/processed\background\bg_bg_session_22_0881.wav,1.0,16000,1,0.3679189171790566,0.1237085887229959,2.9740771537060917,2
bg_bg_session_22_0882,bg_session_22,background,BACKGROUND_NOISE,data/processed\background\bg_bg_session_22_0882.wav,1.0,16000,1,0.3489475639225126,0.1219476084269931,2.861454519765128,2
bg_bg_session_22_0883,bg_session_22,background,BACKGROUND_NOISE,data/processed\background\bg_bg_session_22_0883.wav,1.0,16000,1,0.3778079549879892,0.1216142814519749,3.1066081993922925,2
bg_bg_session_22_0884,bg_session_22,background,BACKGROUND_NOISE,data/processed\background\bg_bg_session_22_0884.wav,1.0,16000,1,0.3529825052408177,0.1228315375010399,2.873712107533525,2
bg_bg_session_22_0885,bg_session_22,background,BACKGROUND_NOISE,data/processed\background\bg_bg_session_22_0885.wav,1.0,16000,1,0.3488264205672652,0.1220368459824984,2.8583694471553014,2
bg_bg_session_22_0886,bg_session_22,background,BACKGROUND_NOISE,data/processed\background\bg_bg_session_22_0886.wav,1.0,16000,1,0.3312603747753611,0.1225854446641089,2.7022812427708764,2
bg_bg_session_22_0887,bg_session_22,background,BACKGROUND_NOISE,data/processed\background\bg_bg_session_22_0887.wav,1.0,16000,1,0.3452741315176116,0.1248629779575117,2.7652240040507534,2
bg_bg_session_22_0888,bg_session_22,background,BACKGROUND_NOISE,data/processed\background\bg_bg_session_22_0888.wav,1.0,16000,1,0.3634427315263289,0.1245683305639251,2.91761718813152,2
bg_bg_session_22_0889,bg_session_22,background,BACKGROUND_NOISE,data/processed\background\bg_bg_session_22_0889.wav,1.0,16000,1,0.3690287851077872,0.1222059752959219,3.019727587107813,2
bg_bg_session_22_0890,bg_session_22,background,BACKGROUND_NOISE,data/processed\background\bg_bg_session_22_0890.wav,1.0,16000,1,0.3283921517369753,0.1240157240531771,2.6479878077096477,2
bg_bg_session_22_0891,bg_session_22,background,BACKGROUND_NOISE,data/processed\background\bg_bg_session_22_0891.wav,1.0,16000,1,0.3525659308519143,0.1233893352815405,2.857345016682403,2
bg_bg_session_22_0892,bg_session_22,background,BACKGROUND_NOISE,data/processed\background\bg_bg_session_22_0892.wav,1.0,16000,1,0.3358077900683139,0.1233489689866845,2.7224205082764743,2
bg_bg_session_22_0893,bg_session_22,background,BACKGROUND_NOISE,data/processed\background\bg_bg_session_22_0893.wav,1.0,16000,1,0.3751992005615347,0.1228609743565164,3.053851493430871,2
bg_bg_session_22_0894,bg_session_22,background,BACKGROUND_NOISE,data/processed\background\bg_bg_session_22_0894.wav,1.0,16000,1,0.3512480940874197,0.1229467329262934,2.85691256008297,2
bg_bg_session_22_0895,bg_session_22,background,BACKGROUND_NOISE,data/processed\background\bg_bg_session_22_0895.wav,1.0,16000,1,0.3424745550363945,0.123406745716297,2.7751686125167905,2
bg_bg_session_22_0896,bg_session_22,background,BACKGROUND_NOISE,data/processed\background\bg_bg_session_22_0896.wav,1.0,16000,1,0.3587872084458574,0.1226665238537394,2.924898887855222,2
bg_bg_session_22_0897,bg_session_22,background,BACKGROUND_NOISE,data/processed\background\bg_bg_session_22_0897.wav,1.0,16000,1,0.3349640281987334,0.1240387758338176,2.700478128248572,2
bg_bg_session_22_0898,bg_session_22,background,BACKGROUND_NOISE,data/processed\background\bg_bg_session_22_0898.wav,1.0,16000,1,0.3482454840792941,0.1221919301846901,2.84998735229942,2
bg_bg_session_22_0899,bg_session_22,background,BACKGROUND_NOISE,data/processed\background\bg_bg_session_22_0899.wav,1.0,16000,1,0.3415889185177316,0.1233344934558091,2.769613603221123,2
bg_bg_session_22_0900,bg_session_22,background,BACKGROUND_NOISE,data/processed\background\bg_bg_session_22_0900.wav,1.0,16000,1,0.3407519746400449,0.1229910157673591,2.7705433995207627,2
bg_bg_session_22_0901,bg_session_22,background,BACKGROUND_NOISE,data/processed\background\bg_bg_session_22_0901.wav,1.0,16000,1,0.343848859670425,0.12431317524361,2.7659886519406816,2
bg_bg_session_22_0902,bg_session_22,background,BACKGROUND_NOISE,data/processed\background\bg_bg_session_22_0902.wav,1.0,16000,1,0.3431724268973197,0.1235411979028669,2.777797244520515,2
bg_bg_session_22_0903,bg_session_22,background,BACKGROUND_NOISE,data/processed\background\bg_bg_session_22_0903.wav,1.0,16000,1,0.3534453972747758,0.1228569489413318,2.8768854472749674,2
bg_bg_session_22_0904,bg_session_22,background,BACKGROUND_NOISE,data/processed\background\bg_bg_session_22_0904.wav,1.0,16000,1,0.3710469711308393,0.1233629455901144,3.007766548360589,2
bg_bg_session_22_0905,bg_session_22,background,BACKGROUND_NOISE,data/processed\background\bg_bg_session_22_0905.wav,1.0,16000,1,0.3452470939311957,0.1239384717176411,2.7856327522047897,2
bg_bg_session_22_0906,bg_session_22,background,BACKGROUND_NOISE,data/processed\background\bg_bg_session_22_0906.wav,1.0,16000,1,0.3842424916709777,0.1224780669105078,3.1372348534810497,2
bg_bg_session_22_0907,bg_session_22,background,BACKGROUND_NOISE,data/processed\background\bg_bg_session_22_0907.wav,1.0,16000,1,0.3759592147282244,0.1242622356466229,3.025530504231974,2
bg_bg_session_22_0908,bg_session_22,background,BACKGROUND_NOISE,data/processed\background\bg_bg_session_22_0908.wav,1.0,16000,1,0.3427638368170655,0.124638028522291,2.7500740615054178,2
bg_bg_session_22_0909,bg_session_22,background,BACKGROUND_NOISE,data/processed\background\bg_bg_session_22_0909.wav,1.0,16000,1,0.3626661738452951,0.1230351483473697,2.9476629177927025,2
bg_bg_session_22_0910,bg_session_22,background,BACKGROUND_NOISE,data/processed\background\bg_bg_session_22_0910.wav,1.0,16000,1,0.3542387689855199,0.1229318516665295,2.8815863046672465,2
bg_bg_session_22_0911,bg_session_22,background,BACKGROUND_NOISE,data/processed\background\bg_bg_session_22_0911.wav,1.0,16000,1,0.3457447512726891,0.1226444983571926,2.8190805760803777,2
bg_bg_session_22_0912,bg_session_22,background,BACKGROUND_NOISE,data/processed\background\bg_bg_session_22_0912.wav,1.0,16000,1,0.3332241604222944,0.1241727456155294,2.6835529160200124,2
bg_bg_session_22_0913,bg_session_22,background,BACKGROUND_NOISE,data/processed\background\bg_bg_session_22_0913.wav,1.0,16000,1,0.3756214725625533,0.1239489044556109,3.0304539108898143,2
bg_bg_session_22_0914,bg_session_22,background,BACKGROUND_NOISE,data/processed\background\bg_bg_session_22_0914.wav,1.0,16000,1,0.3299686789952233,0.1220259539639844,2.7040858213798864,2
bg_bg_session_22_0915,bg_session_22,background,BACKGROUND_NOISE,data/processed\background\bg_bg_session_22_0915.wav,1.0,16000,1,0.3397381121601485,0.1234061425635165,2.7530078938753646,2
bg_bg_session_22_0916,bg_session_22,background,BACKGROUND_NOISE,data/processed\background\bg_bg_session_22_0916.wav,1.0,16000,1,0.3464098595231931,0.1218954218368526,2.841860882751006,2
bg_bg_session_22_0917,bg_session_22,background,BACKGROUND_NOISE,data/processed\background\bg_bg_session_22_0917.wav,1.0,16000,1,0.3222049971381784,0.1241829315851674,2.5945994918891757,2
bg_bg_session_22_0918,bg_session_22,background,BACKGROUND_NOISE,data/processed\background\bg_bg_session_22_0918.wav,1.0,16000,1,0.3448767814925146,0.1231942762114868,2.7994543586255847,2
bg_bg_session_22_0919,bg_session_22,background,BACKGROUND_NOISE,data/processed\background\bg_bg_session_22_0919.wav,1.0,16000,1,0.3526920452757918,0.1233882679104728,2.858391828206692,2
bg_bg_session_25_1000,bg_session_25,background,BACKGROUND_NOISE,data/processed\background\bg_bg_session_25_1000.wav,1.0,16000,1,0.393259152621364,0.1637563056705354,2.4014899884079584,2
bg_bg_session_25_1001,bg_session_25,background,BACKGROUND_NOISE,data/processed\background\bg_bg_session_25_1001.wav,1.0,16000,1,0.3919664256723486,0.1641237159616035,2.388237431095419,2
bg_bg_session_25_1002,bg_session_25,background,BACKGROUND_NOISE,data/processed\background\bg_bg_session_25_1002.wav,1.0,16000,1,0.4305835258683748,0.1642853638451357,2.620948632190874,2
bg_bg_session_25_1003,bg_session_25,background,BACKGROUND_NOISE,data/processed\background\bg_bg_session_25_1003.wav,1.0,16000,1,0.3514505885904368,0.1645203267679144,2.1362136468649537,2
bg_bg_session_25_1004,bg_session_25,background,BACKGROUND_NOISE,data/processed\background\bg_bg_session_25_1004.wav,1.0,16000,1,0.4365063221295798,0.1627685213259296,2.681761140029669,2
bg_bg_session_25_1005,bg_session_25,background,BACKGROUND_NOISE,data/processed\background\bg_bg_session_25_1005.wav,1.0,16000,1,0.3904650721428071,0.1660891533895904,2.350936473964318,2
bg_bg_session_25_1006,bg_session_25,background,BACKGROUND_NOISE,data/processed\background\bg_bg_session_25_1006.wav,1.0,16000,1,0.3828392557518355,0.1629991749224378,2.3487188352138526,2
bg_bg_session_25_1007,bg_session_25,background,BACKGROUND_NOISE,data/processed\background\bg_bg_session_25_1007.wav,1.0,16000,1,0.4411062008306481,0.1639415504986817,2.69063073139526,2
bg_bg_session_25_1008,bg_session_25,background,BACKGROUND_NOISE,data/processed\background\bg_bg_session_25_1008.wav,1.0,16000,1,0.3663756426414452,0.1637235850286256,2.2377693488674466,2
bg_bg_session_25_1009,bg_session_25,background,BACKGROUND_NOISE,data/processed\background\bg_bg_session_25_1009.wav,1.0,16000,1,0.4939620159256686,0.1612038722376124,3.0642066994241177,2
bg_bg_session_25_1010,bg_session_25,background,BACKGROUND_NOISE,data/processed\background\bg_bg_session_25_1010.wav,1.0,16000,1,0.4942465790283388,0.1644371375827359,3.005686891884698,2
bg_bg_session_25_1011,bg_session_25,background,BACKGROUND_NOISE,data/processed\background\bg_bg_session_25_1011.wav,1.0,16000,1,0.3782336782883254,0.1644031750170831,2.300646901999029,2
bg_bg_session_25_1012,bg_session_25,background,BACKGROUND_NOISE,data/processed\background\bg_bg_session_25_1012.wav,1.0,16000,1,0.4222503769224353,0.166336213718698,2.538535308078957,2
bg_bg_session_25_1013,bg_session_25,background,BACKGROUND_NOISE,data/processed\background\bg_bg_session_25_1013.wav,1.0,16000,1,0.4287836396231206,0.1633810152066387,2.6244396439599385,2
bg_bg_session_25_1014,bg_session_25,background,BACKGROUND_NOISE,data/processed\background\bg_bg_session_25_1014.wav,1.0,16000,1,0.4195522005893342,0.1652036391010908,2.539606133836689,2
bg_bg_session_25_1015,bg_session_25,background,BACKGROUND_NOISE,data/processed\background\bg_bg_session_25_1015.wav,1.0,16000,1,0.4761745424557126,0.162738823527476,2.9260043969487937,2
bg_bg_session_25_1016,bg_session_25,background,BACKGROUND_NOISE,data/processed\background\bg_bg_session_25_1016.wav,1.0,16000,1,0.4348885681783787,0.165327261403085,2.6304708502572165,2
bg_bg_session_25_1017,bg_session_25,background,BACKGROUND_NOISE,data/processed\background\bg_bg_session_25_1017.wav,1.0,16000,1,0.4060300145266219,0.1646135944097799,2.4665641456697185,2
bg_bg_session_25_1018,bg_session_25,background,BACKGROUND_NOISE,data/processed\background\bg_bg_session_25_1018.wav,1.0,16000,1,0.457584772113653,0.1664574571661144,2.7489591179289734,2
bg_bg_session_25_1019,bg_session_25,background,BACKGROUND_NOISE,data/processed\background\bg_bg_session_25_1019.wav,1.0,16000,1,0.4223514459644804,0.1654454387119025,2.552813929018619,2
bg_bg_session_25_1020,bg_session_25,background,BACKGROUND_NOISE,data/processed\background\bg_bg_session_25_1020.wav,1.0,16000,1,0.4865279850183276,0.1639587647429591,2.967379975735154,2
bg_bg_session_25_1021,bg_session_25,background,BACKGROUND_NOISE,data/processed\background\bg_bg_session_25_1021.wav,1.0,16000,1,0.4262633815300443,0.1654523697098199,2.5763508646877726,2
bg_bg_session_25_1022,bg_session_25,background,BACKGROUND_NOISE,data/processed\background\bg_bg_session_25_1022.wav,1.0,16000,1,0.4191539099778515,0.1622235350363848,2.583804403262425,2
bg_bg_session_25_1023,bg_session_25,background,BACKGROUND_NOISE,data/processed\background\bg_bg_session_25_1023.wav,1.0,16000,1,0.3816822612487582,0.1647927943228231,2.316134268223609,2
bg_bg_session_25_1024,bg_session_25,background,BACKGROUND_NOISE,data/processed\background\bg_bg_session_25_1024.wav,1.0,16000,1,0.4509059574497535,0.1625630510442961,2.773729496437619,2
bg_bg_session_25_1025,bg_session_25,background,BACKGROUND_NOISE,data/processed\background\bg_bg_session_25_1025.wav,1.0,16000,1,0.432502529295821,0.164158825971366,2.634658845724648,2
bg_bg_session_25_1026,bg_session_25,background,BACKGROUND_NOISE,data/processed\background\bg_bg_session_25_1026.wav,1.0,16000,1,0.3666021180520307,0.1660287110618027,2.2080644584111826,2
bg_bg_session_25_1027,bg_session_25,background,BACKGROUND_NOISE,data/processed\background\bg_bg_session_25_1027.wav,1.0,16000,1,0.3730794014111219,0.1627567191058306,2.292251776382969,2
bg_bg_session_25_1028,bg_session_25,background,BACKGROUND_NOISE,data/processed\background\bg_bg_session_25_1028.wav,1.0,16000,1,0.4346673060792747,0.1617804741007783,2.686772193168282,2
bg_bg_session_25_1029,bg_session_25,background,BACKGROUND_NOISE,data/processed\background\bg_bg_session_25_1029.wav,1.0,16000,1,0.3547478432140074,0.1632201541029808,2.1734314823393115,2
bg_bg_session_25_1030,bg_session_25,background,BACKGROUND_NOISE,data/processed\background\bg_bg_session_25_1030.wav,1.0,16000,1,0.4109224304774743,0.1645026595862063,2.4979681576664845,2
bg_bg_session_25_1031,bg_session_25,background,BACKGROUND_NOISE,data/processed\background\bg_bg_session_25_1031.wav,1.0,16000,1,0.422011121104921,0.1620104573725122,2.604838612893985,2
bg_bg_session_25_1032,bg_session_25,background,BACKGROUND_NOISE,data/processed\background\bg_bg_session_25_1032.wav,1.0,16000,1,0.3889121780757232,0.1625290206606383,2.3928782230158885,2
bg_bg_session_25_1033,bg_session_25,background,BACKGROUND_NOISE,data/processed\background\bg_bg_session_25_1033.wav,1.0,16000,1,0.404684199673446,0.1642485995029089,2.463851602142658,2
bg_bg_session_25_1034,bg_session_25,background,BACKGROUND_NOISE,data/processed\background\bg_bg_session_25_1034.wav,1.0,16000,1,0.4376934886502279,0.1620303446096171,2.7013055035568567,2
bg_bg_session_25_1035,bg_session_25,background,BACKGROUND_NOISE,data/processed\background\bg_bg_session_25_1035.wav,1.0,16000,1,0.3731847075117645,0.1641173876580512,2.27388877009443,2
bg_bg_session_25_1036,bg_session_25,background,BACKGROUND_NOISE,data/processed\background\bg_bg_session_25_1036.wav,1.0,16000,1,0.485138252985063,0.1632168958265843,2.972352958954604,2
bg_bg_session_25_1037,bg_session_25,background,BACKGROUND_NOISE,data/processed\background\bg_bg_session_25_1037.wav,1.0,16000,1,0.4589712997438754,0.166595672602737,2.755001165536417,2
bg_bg_session_25_1038,bg_session_25,background,BACKGROUND_NOISE,data/processed\background\bg_bg_session_25_1038.wav,1.0,16000,1,0.4204926657439768,0.1652885331321704,2.543991602658972,2
bg_bg_session_25_1039,bg_session_25,background,BACKGROUND_NOISE,data/processed\background\bg_bg_session_25_1039.wav,1.0,16000,1,0.4352342620370152,0.1650353696014726,2.637217929198083,2
bg_bg_session_26_1040,bg_session_26,background,BACKGROUND_NOISE,data/processed\background\bg_bg_session_26_1040.wav,1.0,16000,1,0.3003430848040553,0.0626630410277546,4.792985337899166,2
bg_bg_session_26_1041,bg_session_26,background,BACKGROUND_NOISE,data/processed\background\bg_bg_session_26_1041.wav,1.0,16000,1,0.3596769995359775,0.0670466627625079,5.3645764169390135,2
bg_bg_session_26_1042,bg_session_26,background,BACKGROUND_NOISE,data/processed\background\bg_bg_session_26_1042.wav,1.0,16000,1,0.2936557969082449,0.0578232039263705,5.078510462634831,2
bg_bg_session_26_1043,bg_session_26,background,BACKGROUND_NOISE,data/processed\background\bg_bg_session_26_1043.wav,1.0,16000,1,0.2030074676674628,0.0388472375833816,5.225787675992436,2
bg_bg_session_26_1044,bg_session_26,background,BACKGROUND_NOISE,data/processed\background\bg_bg_session_26_1044.wav,1.0,16000,1,0.32781963214693,0.0594129734431942,5.517642999031747,2
bg_bg_session_26_1045,bg_session_26,background,BACKGROUND_NOISE,data/processed\background\bg_bg_session_26_1045.wav,1.0,16000,1,0.316592540570365,0.0555429820693863,5.699954733710893,2
bg_bg_session_26_1046,bg_session_26,background,BACKGROUND_NOISE,data/processed\background\bg_bg_session_26_1046.wav,1.0,16000,1,0.2779445077706843,0.0621742993851231,4.470407641346313,2
bg_bg_session_26_1047,bg_session_26,background,BACKGROUND_NOISE,data/processed\background\bg_bg_session_26_1047.wav,1.0,16000,1,0.3495843913504836,0.0654579654942863,5.340592780493155,2
bg_bg_session_26_1048,bg_session_26,background,BACKGROUND_NOISE,data/processed\background\bg_bg_session_26_1048.wav,1.0,16000,1,0.32476916816251,0.0554238864526776,5.859731793483812,2
bg_bg_session_26_1049,bg_session_26,background,BACKGROUND_NOISE,data/processed\background\bg_bg_session_26_1049.wav,1.0,16000,1,0.2130884144290377,0.0424633268620151,5.018174033789897,2
bg_bg_session_26_1050,bg_session_26,background,BACKGROUND_NOISE,data/processed\background\bg_bg_session_26_1050.wav,1.0,16000,1,0.4318498709450011,0.0642451017812086,6.721910180741797,2
bg_bg_session_26_1051,bg_session_26,background,BACKGROUND_NOISE,data/processed\background\bg_bg_session_26_1051.wav,1.0,16000,1,0.413731614979232,0.08157326763228,5.0719013258762455,2
bg_bg_session_26_1052,bg_session_26,background,BACKGROUND_NOISE,data/processed\background\bg_bg_session_26_1052.wav,1.0,16000,1,0.3587143541479984,0.0698912490327588,5.132463760308923,2
bg_bg_session_26_1053,bg_session_26,background,BACKGROUND_NOISE,data/processed\background\bg_bg_session_26_1053.wav,1.0,16000,1,0.3753221769514027,0.0708334691443019,5.2986551202263605,2
bg_bg_session_26_1054,bg_session_26,background,BACKGROUND_NOISE,data/processed\background\bg_bg_session_26_1054.wav,1.0,16000,1,0.3408115518465938,0.068203065188657,4.997011511634519,2
bg_bg_session_26_1055,bg_session_26,background,BACKGROUND_NOISE,data/processed\background\bg_bg_session_26_1055.wav,1.0,16000,1,0.2719009177925636,0.0594836985772755,4.571014892915358,2
bg_bg_session_26_1056,bg_session_26,background,BACKGROUND_NOISE,data/processed\background\bg_bg_session_26_1056.wav,1.0,16000,1,0.2537617237510834,0.0474793213817855,5.344677702189251,2
bg_bg_session_26_1057,bg_session_26,background,BACKGROUND_NOISE,data/processed\background\bg_bg_session_26_1057.wav,1.0,16000,1,0.2670456407902953,0.0660082461782603,4.045639988869246,2
bg_bg_session_26_1058,bg_session_26,background,BACKGROUND_NOISE,data/processed\background\bg_bg_session_26_1058.wav,1.0,16000,1,0.3286897136539106,0.060078961331949,5.470961076178057,2
bg_bg_session_26_1059,bg_session_26,background,BACKGROUND_NOISE,data/processed\background\bg_bg_session_26_1059.wav,1.0,16000,1,0.4023702752568127,0.0627198986838737,6.415351739188169,2
bg_bg_session_26_1060,bg_session_26,background,BACKGROUND_NOISE,data/processed\background\bg_bg_session_26_1060.wav,1.0,16000,1,0.2962491078406972,0.056963063567936,5.2007219639821685,2
bg_bg_session_26_1061,bg_session_26,background,BACKGROUND_NOISE,data/processed\background\bg_bg_session_26_1061.wav,1.0,16000,1,0.2501959964761047,0.0469620944760223,5.327614664369403,2
bg_bg_session_26_1062,bg_session_26,background,BACKGROUND_NOISE,data/processed\background\bg_bg_session_26_1062.wav,1.0,16000,1,0.249520029229497,0.0517017884489066,4.82613829141902,2
bg_bg_session_26_1063,bg_session_26,background,BACKGROUND_NOISE,data/processed\background\bg_bg_session_26_1063.wav,1.0,16000,1,0.363614850504934,0.0613138637519573,5.930384564771137,2
bg_bg_session_26_1064,bg_session_26,background,BACKGROUND_NOISE,data/processed\background\bg_bg_session_26_1064.wav,1.0,16000,1,0.2547103169215629,0.0449236546314361,5.669847262267313,2
bg_bg_session_26_1065,bg_session_26,background,BACKGROUND_NOISE,data/processed\background\bg_bg_session_26_1065.wav,1.0,16000,1,0.3175521480563276,0.0648821463367409,4.894290911174708,2
bg_bg_session_26_1066,bg_session_26,background,BACKGROUND_NOISE,data/processed\background\bg_bg_session_26_1066.wav,1.0,16000,1,0.3566822535667298,0.0688548563628356,5.18020399149665,2
bg_bg_session_26_1067,bg_session_26,background,BACKGROUND_NOISE,data/processed\background\bg_bg_session_26_1067.wav,1.0,16000,1,0.1993858420923586,0.0413736671650504,4.81914723936565,2
bg_bg_session_26_1068,bg_session_26,background,BACKGROUND_NOISE,data/processed\background\bg_bg_session_26_1068.wav,1.0,16000,1,0.290814109712792,0.0618473874479773,4.702123641619823,2
bg_bg_session_26_1069,bg_session_26,background,BACKGROUND_NOISE,data/processed\background\bg_bg_session_26_1069.wav,1.0,16000,1,0.398223275144594,0.0722302295189792,5.513248714064652,2
bg_bg_session_26_1070,bg_session_26,background,BACKGROUND_NOISE,data/processed\background\bg_bg_session_26_1070.wav,1.0,16000,1,0.4136610133543533,0.0682016282642584,6.065265056413399,2
bg_bg_session_26_1071,bg_session_26,background,BACKGROUND_NOISE,data/processed\background\bg_bg_session_26_1071.wav,1.0,16000,1,0.2195569011977714,0.0419126665124788,5.238436660860861,2
bg_bg_session_26_1072,bg_session_26,background,BACKGROUND_NOISE,data/processed\background\bg_bg_session_26_1072.wav,1.0,16000,1,0.277185953111638,0.0477909862613324,5.79996180862018,2
bg_bg_session_26_1073,bg_session_26,background,BACKGROUND_NOISE,data/processed\background\bg_bg_session_26_1073.wav,1.0,16000,1,0.2225099611050258,0.0472833690776964,4.70588112451514,2
bg_bg_session_26_1074,bg_session_26,background,BACKGROUND_NOISE,data/processed\background\bg_bg_session_26_1074.wav,1.0,16000,1,0.2464870901455816,0.0627827088163528,3.926034023257048,2
bg_bg_session_26_1075,bg_session_26,background,BACKGROUND_NOISE,data/processed\background\bg_bg_session_26_1075.wav,1.0,16000,1,0.2355250602629639,0.0470315311920484,5.00781080724575,2
bg_bg_session_26_1076,bg_session_26,background,BACKGROUND_NOISE,data/processed\background\bg_bg_session_26_1076.wav,1.0,16000,1,0.2435311591125281,0.0519513860119124,4.687673052263823,2
bg_bg_session_26_1077,bg_session_26,background,BACKGROUND_NOISE,data/processed\background\bg_bg_session_26_1077.wav,1.0,16000,1,0.369262189846917,0.070603243270953,5.230101627609215,2
bg_bg_session_26_1078,bg_session_26,background,BACKGROUND_NOISE,data/processed\background\bg_bg_session_26_1078.wav,1.0,16000,1,0.464044391848585,0.0728218821969767,6.372319886901406,2
bg_bg_session_26_1079,bg_session_26,background,BACKGROUND_NOISE,data/processed\background\bg_bg_session_26_1079.wav,1.0,16000,1,0.2401862052397119,0.0447241528027487,5.370390191517456,2
bg_bg_session_27_1080,bg_session_27,background,BACKGROUND_NOISE,data/processed\background\bg_bg_session_27_1080.wav,1.0,16000,1,0.3513172278493596,0.1221113529789624,2.8770232292787137,2
bg_bg_session_27_1081,bg_session_27,background,BACKGROUND_NOISE,data/processed\background\bg_bg_session_27_1081.wav,1.0,16000,1,0.3595437089233286,0.1224648611097685,2.9358926005896,2
bg_bg_session_27_1082,bg_session_27,background,BACKGROUND_NOISE,data/processed\background\bg_bg_session_27_1082.wav,1.0,16000,1,0.3408232138993356,0.1241546373607125,2.745150674135663,2
bg_bg_session_27_1083,bg_session_27,background,BACKGROUND_NOISE,data/processed\background\bg_bg_session_27_1083.wav,1.0,16000,1,0.3372333326567564,0.1245628090662258,2.707335424686084,2
bg_bg_session_27_1084,bg_session_27,background,BACKGROUND_NOISE,data/processed\background\bg_bg_session_27_1084.wav,1.0,16000,1,0.3531877170685765,0.1244667367646478,2.837607041633485,2
bg_bg_session_27_1085,bg_session_27,background,BACKGROUND_NOISE,data/processed\background\bg_bg_session_27_1085.wav,1.0,16000,1,0.3581895445944197,0.1231510195575493,2.9085387745543394,2
bg_bg_session_27_1086,bg_session_27,background,BACKGROUND_NOISE,data/processed\background\bg_bg_session_27_1086.wav,1.0,16000,1,0.3473801609102235,0.1244799180438336,2.7906520060639743,2
bg_bg_session_27_1087,bg_session_27,background,BACKGROUND_NOISE,data/processed\background\bg_bg_session_27_1087.wav,1.0,16000,1,0.3561181343268907,0.1234753726407385,2.884122540952514,2
bg_bg_session_27_1088,bg_session_27,background,BACKGROUND_NOISE,data/processed\background\bg_bg_session_27_1088.wav,1.0,16000,1,0.3263398939249239,0.1220001629771237,2.6749133707057617,2
bg_bg_session_27_1089,bg_session_27,background,BACKGROUND_NOISE,data/processed\background\bg_bg_session_27_1089.wav,1.0,16000,1,0.3529293164025352,0.1244054330762926,2.836928253903637,2
bg_bg_session_27_1090,bg_session_27,background,BACKGROUND_NOISE,data/processed\background\bg_bg_session_27_1090.wav,1.0,16000,1,0.3712902576669197,0.1220712669594828,3.0415857596882216,2
bg_bg_session_27_1091,bg_session_27,background,BACKGROUND_NOISE,data/processed\background\bg_bg_session_27_1091.wav,1.0,16000,1,0.3527761347299899,0.1233913029274127,2.859003007266136,2
bg_bg_session_27_1092,bg_session_27,background,BACKGROUND_NOISE,data/processed\background\bg_bg_session_27_1092.wav,1.0,16000,1,0.3456824055338031,0.1230438354573113,2.809424593721217,2
bg_bg_session_27_1093,bg_session_27,background,BACKGROUND_NOISE,data/processed\background\bg_bg_session_27_1093.wav,1.0,16000,1,0.3790918881821563,0.1222992478226229,3.099707184911729,2
bg_bg_session_27_1094,bg_session_27,background,BACKGROUND_NOISE,data/processed\background\bg_bg_session_27_1094.wav,1.0,16000,1,0.3554948530932871,0.1236749378834658,2.8744289702734003,2
bg_bg_session_27_1095,bg_session_27,background,BACKGROUND_NOISE,data/processed\background\bg_bg_session_27_1095.wav,1.0,16000,1,0.3601761802934617,0.1231269857847631,2.925241357493052,2
bg_bg_session_27_1096,bg_session_27,background,BACKGROUND_NOISE,data/processed\background\bg_bg_session_27_1096.wav,1.0,16000,1,0.3343111726428894,0.123523374252443,2.7064605998785,2
bg_bg_session_27_1097,bg_session_27,background,BACKGROUND_NOISE,data/processed\background\bg_bg_session_27_1097.wav,1.0,16000,1,0.3392786026795009,0.1227493282615091,2.7639953704409463,2
bg_bg_session_27_1098,bg_session_27,background,BACKGROUND_NOISE,data/processed\background\bg_bg_session_27_1098.wav,1.0,16000,1,0.3504070519111292,0.1238604748993456,2.8290463435201723,2
bg_bg_session_27_1099,bg_session_27,background,BACKGROUND_NOISE,data/processed\background\bg_bg_session_27_1099.wav,1.0,16000,1,0.3457940358876307,0.1241147323178937,2.786083501683888,2
bg_bg_session_27_1100,bg_session_27,background,BACKGROUND_NOISE,data/processed\background\bg_bg_session_27_1100.wav,1.0,16000,1,0.3595340285914076,0.12399698660085,2.8995382021127347,2
bg_bg_session_27_1101,bg_session_27,background,BACKGROUND_NOISE,data/processed\background\bg_bg_session_27_1101.wav,1.0,16000,1,0.3852490429153355,0.1235359810731451,3.118516632834809,2
bg_bg_session_27_1102,bg_session_27,background,BACKGROUND_NOISE,data/processed\background\bg_bg_session_27_1102.wav,1.0,16000,1,0.3668470818934046,0.1229105801419304,2.984666182708827,2
bg_bg_session_27_1103,bg_session_27,background,BACKGROUND_NOISE,data/processed\background\bg_bg_session_27_1103.wav,1.0,16000,1,0.3437790071515882,0.1231772369019457,2.7909294597666308,2
bg_bg_session_27_1104,bg_session_27,background,BACKGROUND_NOISE,data/processed\background\bg_bg_session_27_1104.wav,1.0,16000,1,0.3395075660899495,0.1220229280294048,2.7823257788477083,2
bg_bg_session_27_1105,bg_session_27,background,BACKGROUND_NOISE,data/processed\background\bg_bg_session_27_1105.wav,1.0,16000,1,0.3474102027286514,0.1235111631006013,2.812783604975411,2
bg_bg_session_27_1106,bg_session_27,background,BACKGROUND_NOISE,data/processed\background\bg_bg_session_27_1106.wav,1.0,16000,1,0.3261881853410103,0.123435221397246,2.642585764604384,2
bg_bg_session_27_1107,bg_session_27,background,BACKGROUND_NOISE,data/processed\background\bg_bg_session_27_1107.wav,1.0,16000,1,0.3513004162267615,0.1234395969088134,2.845929479395314,2
bg_bg_session_27_1108,bg_session_27,background,BACKGROUND_NOISE,data/processed\background\bg_bg_session_27_1108.wav,1.0,16000,1,0.3443975681681807,0.1223142948094854,2.8156769455919988,2
bg_bg_session_27_1109,bg_session_27,background,BACKGROUND_NOISE,data/processed\background\bg_bg_session_27_1109.wav,1.0,16000,1,0.3494210779501414,0.1246427390725393,2.803380706460397,2
bg_bg_session_27_1110,bg_session_27,background,BACKGROUND_NOISE,data/processed\background\bg_bg_session_27_1110.wav,1.0,16000,1,0.3308249616444499,0.1209890209398217,2.734338469154262,2
bg_bg_session_27_1111,bg_session_27,background,BACKGROUND_NOISE,data/processed\background\bg_bg_session_27_1111.wav,1.0,16000,1,0.3447063768487257,0.1219332575235012,2.827008443633214,2
bg_bg_session_27_1112,bg_session_27,background,BACKGROUND_NOISE,data/processed\background\bg_bg_session_27_1112.wav,1.0,16000,1,0.3651172113658492,0.1239391409048443,2.9459392669728057,2
bg_bg_session_27_1113,bg_session_27,background,BACKGROUND_NOISE,data/processed\background\bg_bg_session_27_1113.wav,1.0,16000,1,0.3580597373833488,0.124241186968017,2.881972696025481,2
bg_bg_session_27_1114,bg_session_27,background,BACKGROUND_NOISE,data/processed\background\bg_bg_session_27_1114.wav,1.0,16000,1,0.3729205007485495,0.1224899345719394,3.044498893780868,2
bg_bg_session_27_1115,bg_session_27,background,BACKGROUND_NOISE,data/processed\background\bg_bg_session_27_1115.wav,1.0,16000,1,0.3550560469795909,0.1229101279488177,2.888745004317248,2
bg_bg_session_27_1116,bg_session_27,background,BACKGROUND_NOISE,data/processed\background\bg_bg_session_27_1116.wav,1.0,16000,1,0.342986949357988,0.1236136412363704,2.7746688648662143,2
bg_bg_session_27_1117,bg_session_27,background,BACKGROUND_NOISE,data/processed\background\bg_bg_session_27_1117.wav,1.0,16000,1,0.370820296443801,0.1232259940912791,3.009269830490627,2
bg_bg_session_27_1118,bg_session_27,background,BACKGROUND_NOISE,data/processed\background\bg_bg_session_27_1118.wav,1.0,16000,1,0.3800016026974678,0.1233297005736602,3.0811845818004,2
bg_bg_session_27_1119,bg_session_27,background,BACKGROUND_NOISE,data/processed\background\bg_bg_session_27_1119.wav,1.0,16000,1,0.3438123597122039,0.1238087624464783,2.7769628348494577,2
bg_bg_session_29_1160,bg_session_29,background,BACKGROUND_NOISE,data/processed\background\bg_bg_session_29_1160.wav,1.0,16000,1,0.5326371390864814,0.1124569383130416,4.7363648674139895,2
bg_bg_session_29_1161,bg_session_29,background,BACKGROUND_NOISE,data/processed\background\bg_bg_session_29_1161.wav,1.0,16000,1,0.5014919501003188,0.1135496838896974,4.416497596087488,2
bg_bg_session_29_1162,bg_session_29,background,BACKGROUND_NOISE,data/processed\background\bg_bg_session_29_1162.wav,1.0,16000,1,0.4607386684558338,0.1132164060248409,4.069539423989031,2
bg_bg_session_29_1163,bg_session_29,background,BACKGROUND_NOISE,data/processed\background\bg_bg_session_29_1163.wav,1.0,16000,1,0.4547444445388806,0.1124199803689026,4.045049666404089,2
bg_bg_session_29_1164,bg_session_29,background,BACKGROUND_NOISE,data/processed\background\bg_bg_session_29_1164.wav,1.0,16000,1,0.4233822243767068,0.1122738237564107,3.770978599477388,2
bg_bg_session_29_1165,bg_session_29,background,BACKGROUND_NOISE,data/processed\background\bg_bg_session_29_1165.wav,1.0,16000,1,0.4622515661143206,0.1130904850983596,4.087448425371918,2
bg_bg_session_29_1166,bg_session_29,background,BACKGROUND_NOISE,data/processed\background\bg_bg_session_29_1166.wav,1.0,16000,1,0.4266681984020452,0.1140141905909414,3.742237337021196,2
bg_bg_session_29_1167,bg_session_29,background,BACKGROUND_NOISE,data/processed\background\bg_bg_session_29_1167.wav,1.0,16000,1,0.4344474709017657,0.1127445829810648,3.8533774384615502,2
bg_bg_session_29_1168,bg_session_29,background,BACKGROUND_NOISE,data/processed\background\bg_bg_session_29_1168.wav,1.0,16000,1,0.4721766432243777,0.1140303594925941,4.140797274668516,2
bg_bg_session_29_1169,bg_session_29,background,BACKGROUND_NOISE,data/processed\background\bg_bg_session_29_1169.wav,1.0,16000,1,0.4379086462078531,0.1123438726124336,3.89793049719102,2
bg_bg_session_29_1170,bg_session_29,background,BACKGROUND_NOISE,data/processed\background\bg_bg_session_29_1170.wav,1.0,16000,1,0.4669175863051305,0.1121572821587373,4.163060442332164,2
bg_bg_session_29_1171,bg_session_29,background,BACKGROUND_NOISE,data/processed\background\bg_bg_session_29_1171.wav,1.0,16000,1,0.4971661440041854,0.1134165765228531,4.383540002802039,2
bg_bg_session_29_1172,bg_session_29,background,BACKGROUND_NOISE,data/processed\background\bg_bg_session_29_1172.wav,1.0,16000,1,0.4355254316199979,0.113220878360148,3.84668799130617,2
bg_bg_session_29_1173,bg_session_29,background,BACKGROUND_NOISE,data/processed\background\bg_bg_session_29_1173.wav,1.0,16000,1,0.474876899520544,0.1138397174800235,4.171451478605086,2
bg_bg_session_29_1174,bg_session_29,background,BACKGROUND_NOISE,data/processed\background\bg_bg_session_29_1174.wav,1.0,16000,1,0.4336431808589554,0.1120360081248942,3.870569376854717,2
bg_bg_session_29_1175,bg_session_29,background,BACKGROUND_NOISE,data/processed\background\bg_bg_session_29_1175.wav,1.0,16000,1,0.4790514192106635,0.1136943580666113,4.213501753490522,2
bg_bg_session_29_1176,bg_session_29,background,BACKGROUND_NOISE,data/processed\background\bg_bg_session_29_1176.wav,1.0,16000,1,0.4927629148627181,0.1125233071628122,4.379207148236929,2
bg_bg_session_29_1177,bg_session_29,background,BACKGROUND_NOISE,data/processed\background\bg_bg_session_29_1177.wav,1.0,16000,1,0.4534611762735707,0.1135621934274756,3.99306426423088,2
bg_bg_session_29_1178,bg_session_29,background,BACKGROUND_NOISE,data/processed\background\bg_bg_session_29_1178.wav,1.0,16000,1,0.4285344307718814,0.1131135324806109,3.788533374289269,2
bg_bg_session_29_1179,bg_session_29,background,BACKGROUND_NOISE,data/processed\background\bg_bg_session_29_1179.wav,1.0,16000,1,0.4627688570646965,0.1133578576853401,4.082370871241639,2
bg_bg_session_29_1180,bg_session_29,background,BACKGROUND_NOISE,data/processed\background\bg_bg_session_29_1180.wav,1.0,16000,1,0.4504773133927818,0.1131743047415217,3.980384722643336,2
bg_bg_session_29_1181,bg_session_29,background,BACKGROUND_NOISE,data/processed\background\bg_bg_session_29_1181.wav,1.0,16000,1,0.5054509526174052,0.1139948337358405,4.4339808367884,2
bg_bg_session_29_1182,bg_session_29,background,BACKGROUND_NOISE,data/processed\background\bg_bg_session_29_1182.wav,1.0,16000,1,0.5397473181016141,0.1126106801717578,4.793038008011248,2
bg_bg_session_29_1183,bg_session_29,background,BACKGROUND_NOISE,data/processed\background\bg_bg_session_29_1183.wav,1.0,16000,1,0.4603050308084578,0.1134795927290656,4.056279892937617,2
bg_bg_session_29_1184,bg_session_29,background,BACKGROUND_NOISE,data/processed\background\bg_bg_session_29_1184.wav,1.0,16000,1,0.4589775641516154,0.1144869540083233,4.008994107995101,2
bg_bg_session_29_1185,bg_session_29,background,BACKGROUND_NOISE,data/processed\background\bg_bg_session_29_1185.wav,1.0,16000,1,0.5042094538796014,0.1137706672921831,4.4318049771709,2
bg_bg_session_29_1186,bg_session_29,background,BACKGROUND_NOISE,data/processed\background\bg_bg_session_29_1186.wav,1.0,16000,1,0.525253148748472,0.1122774564647662,4.678170654245225,2
bg_bg_session_29_1187,bg_session_29,background,BACKGROUND_NOISE,data/processed\background\bg_bg_session_29_1187.wav,1.0,16000,1,0.4644871037275934,0.1145739602897074,4.054036903435474,2
bg_bg_session_29_1188,bg_session_29,background,BACKGROUND_NOISE,data/processed\background\bg_bg_session_29_1188.wav,1.0,16000,1,0.4498905196932615,0.11319744281316,3.974387307423215,2
bg_bg_session_29_1189,bg_session_29,background,BACKGROUND_NOISE,data/processed\background\bg_bg_session_29_1189.wav,1.0,16000,1,0.4179927873687529,0.1133542444688635,3.6874909488604,2
bg_bg_session_29_1190,bg_session_29,background,BACKGROUND_NOISE,data/processed\background\bg_bg_session_29_1190.wav,1.0,16000,1,0.4721382669203917,0.1145159314966694,4.122904293932939,2
bg_bg_session_29_1191,bg_session_29,background,BACKGROUND_NOISE,data/processed\background\bg_bg_session_29_1191.wav,1.0,16000,1,0.5079602424167277,0.1124957250945865,4.515373333839136,2
bg_bg_session_29_1192,bg_session_29,background,BACKGROUND_NOISE,data/processed\background\bg_bg_session_29_1192.wav,1.0,16000,1,0.4542328025233456,0.1118281638141353,4.061881608460369,2
bg_bg_session_29_1193,bg_session_29,background,BACKGROUND_NOISE,data/processed\background\bg_bg_session_29_1193.wav,1.0,16000,1,0.484177615216906,0.1148356475457134,4.216265448945299,2
bg_bg_session_29_1194,bg_session_29,background,BACKGROUND_NOISE,data/processed\background\bg_bg_session_29_1194.wav,1.0,16000,1,0.4536368772183337,0.1138007929197886,3.986236173905337,2
bg_bg_session_29_1195,bg_session_29,background,BACKGROUND_NOISE,data/processed\background\bg_bg_session_29_1195.wav,1.0,16000,1,0.46095391358587,0.1122079644839189,4.108031676945847,2
bg_bg_session_29_1196,bg_session_29,background,BACKGROUND_NOISE,data/processed\background\bg_bg_session_29_1196.wav,1.0,16000,1,0.4319110860307835,0.1126924943685755,3.8326514123615705,2
bg_bg_session_29_1197,bg_session_29,background,BACKGROUND_NOISE,data/processed\background\bg_bg_session_29_1197.wav,1.0,16000,1,0.4463404936011381,0.1127547500156088,3.9585068828965673,2
bg_bg_session_29_1198,bg_session_29,background,BACKGROUND_NOISE,data/processed\background\bg_bg_session_29_1198.wav,1.0,16000,1,0.430774918982842,0.1138914919734536,3.782327140467857,2
bg_bg_session_29_1199,bg_session_29,background,BACKGROUND_NOISE,data/processed\background\bg_bg_session_29_1199.wav,1.0,16000,1,0.4120604028274524,0.1138998531482781,3.61774273855817,2
gun_zoom_BoltAction22_Zoom_ZM_004A_S01_w0,zoom_BoltAction22_Zoom,gunshot,DANGEROUS_IMPULSE,data/processed\gunshot\gun_zoom_BoltAction22_Zoom_ZM_004A_S01_w0.wav,1.0,16000,1,0.1998353451490402,0.0045076039783217,44.33284378051758,0
gun_zoom_BoltAction22_Zoom_ZM_004A_S02_w0,zoom_BoltAction22_Zoom,gunshot,DANGEROUS_IMPULSE,data/processed\gunshot\gun_zoom_BoltAction22_Zoom_ZM_004A_S02_w0.wav,1.0,16000,1,0.2714575231075287,0.0038843103395198,69.88545989990234,0
gun_zoom_BoltAction22_Zoom_ZM_004A_S03_w0,zoom_BoltAction22_Zoom,gunshot,DANGEROUS_IMPULSE,data/processed\gunshot\gun_zoom_BoltAction22_Zoom_ZM_004A_S03_w0.wav,1.0,16000,1,0.2608662545681,0.003685501016853,70.78157043457031,0
gun_zoom_BoltAction22_Zoom_ZM_004A_S04_w0,zoom_BoltAction22_Zoom,gunshot,DANGEROUS_IMPULSE,data/processed\gunshot\gun_zoom_BoltAction22_Zoom_ZM_004A_S04_w0.wav,1.0,16000,1,0.3125823140144348,0.0042607677475698,73.36273193359375,0
gun_zoom_BoltAction22_Zoom_ZM_004A_S05_w0,zoom_BoltAction22_Zoom,gunshot,DANGEROUS_IMPULSE,data/processed\gunshot\gun_zoom_BoltAction22_Zoom_ZM_004A_S05_w0.wav,1.0,16000,1,0.2491838634014129,0.0054151881655777,46.0156478881836,0
gun_zoom_BoltAction22_Zoom_ZM_004A_S06_w0,zoom_BoltAction22_Zoom,gunshot,DANGEROUS_IMPULSE,data/processed\gunshot\gun_zoom_BoltAction22_Zoom_ZM_004A_S06_w0.wav,1.0,16000,1,0.2388531118631363,0.0037398306399011,63.86719131469727,0
gun_zoom_BoltAction22_Zoom_ZM_004B_S01_w0,zoom_BoltAction22_Zoom,gunshot,DANGEROUS_IMPULSE,data/processed\gunshot\gun_zoom_BoltAction22_Zoom_ZM_004B_S01_w0.wav,1.0,16000,1,0.0253927856683731,0.0005996700764914,42.34388732910156,0
gun_zoom_BoltAction22_Zoom_ZM_004B_S03_w0,zoom_BoltAction22_Zoom,gunshot,DANGEROUS_IMPULSE,data/processed\gunshot\gun_zoom_BoltAction22_Zoom_ZM_004B_S03_w0.wav,1.0,16000,1,0.0241143275052309,0.00137137077608,17.58397674560547,0
gun_zoom_BoltAction22_Zoom_ZM_004B_S04_w0,zoom_BoltAction22_Zoom,gunshot,DANGEROUS_IMPULSE,data/processed\gunshot\gun_zoom_BoltAction22_Zoom_ZM_004B_S04_w0.wav,1.0,16000,1,0.0650625526905059,0.0009658614721746,67.36149597167969,0
gun_zoom_BoltAction22_Zoom_ZM_004B_S05_w0,zoom_BoltAction22_Zoom,gunshot,DANGEROUS_IMPULSE,data/processed\gunshot\gun_zoom_BoltAction22_Zoom_ZM_004B_S05_w0.wav,1.0,16000,1,0.0614375807344913,0.0009193643615711,66.82542419433594,0
gun_zoom_BoltAction22_Zoom_ZM_004B_S06_w0,zoom_BoltAction22_Zoom,gunshot,DANGEROUS_IMPULSE,data/processed\gunshot\gun_zoom_BoltAction22_Zoom_ZM_004B_S06_w0.wav,1.0,16000,1,0.0543994791805744,0.0007332518728142,74.18833923339844,0
gun_zoom_BoltAction22_Zoom_ZM_044A_S01_w0,zoom_BoltAction22_Zoom,gunshot,DANGEROUS_IMPULSE,data/processed\gunshot\gun_zoom_BoltAction22_Zoom_ZM_044A_S01_w0.wav,1.0,16000,1,0.0238795131444931,0.0029806155149049,8.011577606201172,0
gun_zoom_BoltAction22_Zoom_ZM_044A_S03_w0,zoom_BoltAction22_Zoom,gunshot,DANGEROUS_IMPULSE,data/processed\gunshot\gun_zoom_BoltAction22_Zoom_ZM_044A_S03_w0.wav,1.0,16000,1,0.0232273619621992,0.000612091586758,37.94690704345703,0
gun_zoom_BoltAction22_Zoom_ZM_044A_S06_w0,zoom_BoltAction22_Zoom,gunshot,DANGEROUS_IMPULSE,data/processed\gunshot\gun_zoom_BoltAction22_Zoom_ZM_044A_S06_w0.wav,1.0,16000,1,0.0231120847165584,0.0003890575745843,59.40378189086914,0
gun_zoom_BoltAction22_Zoom_ZM_044B_S01_w0,zoom_BoltAction22_Zoom,gunshot,DANGEROUS_IMPULSE,data/processed\gunshot\gun_zoom_BoltAction22_Zoom_ZM_044B_S01_w0.wav,1.0,16000,1,0.0408567413687706,0.0015702474235106,26.01913452148437,0
gun_zoom_BoltAction22_Zoom_ZM_044B_S02_w0,zoom_BoltAction22_Zoom,gunshot,DANGEROUS_IMPULSE,data/processed\gunshot\gun_zoom_BoltAction22_Zoom_ZM_044B_S02_w0.wav,1.0,16000,1,0.0216537751257419,0.0006082701630291,35.598358154296875,0
gun_zoom_BoltAction22_Zoom_ZM_044B_S05_w0,zoom_BoltAction22_Zoom,gunshot,DANGEROUS_IMPULSE,data/processed\gunshot\gun_zoom_BoltAction22_Zoom_ZM_044B_S05_w0.wav,1.0,16000,1,0.0200550146400928,0.0005247130908757,38.22018814086914,0
gun_zoom_BoltAction22_Zoom_ZM_044B_S06_w0,zoom_BoltAction22_Zoom,gunshot,DANGEROUS_IMPULSE,data/processed\gunshot\gun_zoom_BoltAction22_Zoom_ZM_044B_S06_w0.wav,1.0,16000,1,0.0215472728013992,0.0002724682242447,79.07888793945312,0
gun_zoom_BoltAction22_Zoom_ZM_064B_S01_w0,zoom_BoltAction22_Zoom,gunshot,DANGEROUS_IMPULSE,data/processed\gunshot\gun_zoom_BoltAction22_Zoom_ZM_064B_S01_w0.wav,1.0,16000,1,0.0214438028633594,0.0004900525559253,43.75727462768555,0
gun_zoom_BoltAction22_Zoom_ZM_064B_S02_w0,zoom_BoltAction22_Zoom,gunshot,DANGEROUS_IMPULSE,data/processed\gunshot\gun_zoom_BoltAction22_Zoom_ZM_064B_S02_w0.wav,1.0,16000,1,0.0256030410528183,0.0006467993516873,39.58359909057617,0
gun_zoom_BoltAction22_Zoom_ZM_084A_S01_w0,zoom_BoltAction22_Zoom,gunshot,DANGEROUS_IMPULSE,data/processed\gunshot\gun_zoom_BoltAction22_Zoom_ZM_084A_S01_w0.wav,1.0,16000,1,0.0251002646982669,0.0018742157141691,13.392338752746582,0
gun_zoom_BoltAction22_Zoom_ZM_084A_S03_w0,zoom_BoltAction22_Zoom,gunshot,DANGEROUS_IMPULSE,data/processed\gunshot\gun_zoom_BoltAction22_Zoom_ZM_084A_S03_w0.wav,1.0,16000,1,0.0268584340810775,0.0049209635387078,5.457951545715332,0
gun_zoom_BoltAction22_Zoom_ZM_084A_S06_w0,zoom_BoltAction22_Zoom,gunshot,DANGEROUS_IMPULSE,data/processed\gunshot\gun_zoom_BoltAction22_Zoom_ZM_084A_S06_w0.wav,1.0,16000,1,0.0290900636464357,0.0067512201930766,4.308854103088379,0
gun_zoom_BoltAction22_Zoom_ZM_104A_S01_w0,zoom_BoltAction22_Zoom,gunshot,DANGEROUS_IMPULSE,data/processed\gunshot\gun_zoom_BoltAction22_Zoom_ZM_104A_S01_w0.wav,1.0,16000,1,0.042974054813385,0.0034557350477459,12.435539245605469,0
gun_zoom_BoltAction22_Zoom_ZM_104A_S02_w0,zoom_BoltAction22_Zoom,gunshot,DANGEROUS_IMPULSE,data/processed\gunshot\gun_zoom_BoltAction22_Zoom_ZM_104A_S02_w0.wav,1.0,16000,1,0.0371769554913044,0.0006607366696972,56.26506805419922,0
gun_zoom_BoltAction22_Zoom_ZM_104A_S03_w0,zoom_BoltAction22_Zoom,gunshot,DANGEROUS_IMPULSE,data/processed\gunshot\gun_zoom_BoltAction22_Zoom_ZM_104A_S03_w0.wav,1.0,16000,1,0.0333217605948448,0.0004862573223318,68.52560424804688,0
gun_zoom_BoltAction22_Zoom_ZM_104A_S05_w0,zoom_BoltAction22_Zoom,gunshot,DANGEROUS_IMPULSE,data/processed\gunshot\gun_zoom_BoltAction22_Zoom_ZM_104A_S05_w0.wav,1.0,16000,1,0.0255300439894199,0.000548272203146,46.56369018554688,0
gun_zoom_BoltAction22_Zoom_ZM_104A_S06_w0,zoom_BoltAction22_Zoom,gunshot,DANGEROUS_IMPULSE,data/processed\gunshot\gun_zoom_BoltAction22_Zoom_ZM_104A_S06_w0.wav,1.0,16000,1,0.0271230805665254,0.0007043890406698,38.505279541015625,0
gun_zoom_BoltAction22_Zoom_ZM_104B_S01_w0,zoom_BoltAction22_Zoom,gunshot,DANGEROUS_IMPULSE,data/processed\gunshot\gun_zoom_BoltAction22_Zoom_ZM_104B_S01_w0.wav,1.0,16000,1,0.050598107278347,0.0012111041942911,41.77814483642578,0
gun_zoom_BoltAction22_Zoom_ZM_104B_S02_w0,zoom_BoltAction22_Zoom,gunshot,DANGEROUS_IMPULSE,data/processed\gunshot\gun_zoom_BoltAction22_Zoom_ZM_104B_S02_w0.wav,1.0,16000,1,0.0324667952954769,0.0006416197018954,50.60052108764648,0
gun_zoom_BoltAction22_Zoom_ZM_104B_S03_w0,zoom_BoltAction22_Zoom,gunshot,DANGEROUS_IMPULSE,data/processed\gunshot\gun_zoom_BoltAction22_Zoom_ZM_104B_S03_w0.wav,1.0,16000,1,0.0244278013706207,0.0005301544972061,46.07588958740234,0
gun_zoom_BoltAction22_Zoom_ZM_104B_S04_w0,zoom_BoltAction22_Zoom,gunshot,DANGEROUS_IMPULSE,data/processed\gunshot\gun_zoom_BoltAction22_Zoom_ZM_104B_S04_w0.wav,1.0,16000,1,0.0213214717805385,0.0005224526333441,40.80956268310547,0
gun_zoom_BoltAction22_Zoom_ZM_104B_S05_w0,zoom_BoltAction22_Zoom,gunshot,DANGEROUS_IMPULSE,data/processed\gunshot\gun_zoom_BoltAction22_Zoom_ZM_104B_S05_w0.wav,1.0,16000,1,0.0206125043332576,0.0005030737667872,40.972312927246094,0
gun_zoom_BoltAction22_Zoom_ZM_124A_S01_w0,zoom_BoltAction22_Zoom,gunshot,DANGEROUS_IMPULSE,data/processed\gunshot\gun_zoom_BoltAction22_Zoom_ZM_124A_S01_w0.wav,1.0,16000,1,0.0705641284584999,0.0009125897097346,77.32209777832031,0
gun_zoom_BoltAction22_Zoom_ZM_124A_S02_w0,zoom_BoltAction22_Zoom,gunshot,DANGEROUS_IMPULSE,data/processed\gunshot\gun_zoom_BoltAction22_Zoom_ZM_124A_S02_w0.wav,1.0,16000,1,0.0792590975761413,0.0009335606671818,84.89887237548828,0
gun_zoom_BoltAction22_Zoom_ZM_124A_S03_w0,zoom_BoltAction22_Zoom,gunshot,DANGEROUS_IMPULSE,data/processed\gunshot\gun_zoom_BoltAction22_Zoom_ZM_124A_S03_w0.wav,1.0,16000,1,0.0584965571761131,0.0014389500472759,40.6519660949707,0
gun_zoom_BoltAction22_Zoom_ZM_124A_S04_w0,zoom_BoltAction22_Zoom,gunshot,DANGEROUS_IMPULSE,data/processed\gunshot\gun_zoom_BoltAction22_Zoom_ZM_124A_S04_w0.wav,1.0,16000,1,0.0434398353099823,0.0006360289847362,68.29743957519531,0
gun_zoom_BoltAction22_Zoom_ZM_124A_S05_w0,zoom_BoltAction22_Zoom,gunshot,DANGEROUS_IMPULSE,data/processed\gunshot\gun_zoom_BoltAction22_Zoom_ZM_124A_S05_w0.wav,1.0,16000,1,0.0535948425531387,0.0006553037113313,81.7850112915039,0
gun_zoom_BoltAction22_Zoom_ZM_124A_S06_w0,zoom_BoltAction22_Zoom,gunshot,DANGEROUS_IMPULSE,data/processed\gunshot\gun_zoom_BoltAction22_Zoom_ZM_124A_S06_w0.wav,1.0,16000,1,0.0423276238143444,0.0007504676887794,56.40090560913086,0
gun_zoom_BoltAction22_Zoom_ZM_124B_S01_w0,zoom_BoltAction22_Zoom,gunshot,DANGEROUS_IMPULSE,data/processed\gunshot\gun_zoom_BoltAction22_Zoom_ZM_124B_S01_w0.wav,1.0,16000,1,0.1806595921516418,0.0024953165040031,72.39917755126953,0
gun_zoom_BoltAction22_Zoom_ZM_124B_S02_w0,zoom_BoltAction22_Zoom,gunshot,DANGEROUS_IMPULSE,data/processed\gunshot\gun_zoom_BoltAction22_Zoom_ZM_124B_S02_w0.wav,1.0,16000,1,0.2290829122066497,0.002654182621769,86.30982208251953,0
gun_zoom_BoltAction22_Zoom_ZM_124B_S03_w0,zoom_BoltAction22_Zoom,gunshot,DANGEROUS_IMPULSE,data/processed\gunshot\gun_zoom_BoltAction22_Zoom_ZM_124B_S03_w0.wav,1.0,16000,1,0.1542643457651138,0.0032608009020627,47.30858612060547,0
gun_zoom_BoltAction22_Zoom_ZM_124B_S04_w0,zoom_BoltAction22_Zoom,gunshot,DANGEROUS_IMPULSE,data/processed\gunshot\gun_zoom_BoltAction22_Zoom_ZM_124B_S04_w0.wav,1.0,16000,1,0.1279628127813339,0.0019075145649258,67.08318328857422,0
gun_zoom_BoltAction22_Zoom_ZM_124B_S05_w0,zoom_BoltAction22_Zoom,gunshot,DANGEROUS_IMPULSE,data/processed\gunshot\gun_zoom_BoltAction22_Zoom_ZM_124B_S05_w0.wav,1.0,16000,1,0.1290262639522552,0.0017201922787435,75.0064468383789,0
gun_zoom_BoltAction22_Zoom_ZM_124B_S06_w0,zoom_BoltAction22_Zoom,gunshot,DANGEROUS_IMPULSE,data/processed\gunshot\gun_zoom_BoltAction22_Zoom_ZM_124B_S06_w0.wav,1.0,16000,1,0.1669739782810211,0.0020622417126117,80.96682739257812,0
gun_zoom_BoltAction22_Zoom_ZM_144A_S01_w0,zoom_BoltAction22_Zoom,gunshot,DANGEROUS_IMPULSE,data/processed\gunshot\gun_zoom_BoltAction22_Zoom_ZM_144A_S01_w0.wav,1.0,16000,1,0.5346139073371887,0.0083069800098853,64.35710906982422,0
gun_zoom_BoltAction22_Zoom_ZM_144A_S02_w0,zoom_BoltAction22_Zoom,gunshot,DANGEROUS_IMPULSE,data/processed\gunshot\gun_zoom_BoltAction22_Zoom_ZM_144A_S02_w0.wav,1.0,16000,1,0.695796549320221,0.0087015485588359,79.96229553222656,0
gun_zoom_BoltAction22_Zoom_ZM_144A_S03_w0,zoom_BoltAction22_Zoom,gunshot,DANGEROUS_IMPULSE,data/processed\gunshot\gun_zoom_BoltAction22_Zoom_ZM_144A_S03_w0.wav,1.0,16000,1,0.5061134099960327,0.0076990084445525,65.73739624023438,0
gun_zoom_BoltAction22_Zoom_ZM_144A_S04_w0,zoom_BoltAction22_Zoom,gunshot,DANGEROUS_IMPULSE,data/processed\gunshot\gun_zoom_BoltAction22_Zoom_ZM_144A_S04_w0.wav,1.0,16000,1,0.5502025485038757,0.0076520269394912,71.90275573730469,0
gun_zoom_BoltAction22_Zoom_ZM_144A_S05_w0,zoom_BoltAction22_Zoom,gunshot,DANGEROUS_IMPULSE,data/processed\gunshot\gun_zoom_BoltAction22_Zoom_ZM_144A_S05_w0.wav,1.0,16000,1,0.3880022764205932,0.00646450848949,60.02029037475586,0
gun_zoom_BoltAction22_Zoom_ZM_144A_S06_w0,zoom_BoltAction22_Zoom,gunshot,DANGEROUS_IMPULSE,data/processed\gunshot\gun_zoom_BoltAction22_Zoom_ZM_144A_S06_w0.wav,1.0,16000,1,0.4393514990806579,0.007264644261552,60.47796630859375,0
gun_zoom_BoltAction22_Zoom_ZM_144B_S01_w0,zoom_BoltAction22_Zoom,gunshot,DANGEROUS_IMPULSE,data/processed\gunshot\gun_zoom_BoltAction22_Zoom_ZM_144B_S01_w0.wav,1.0,16000,1,0.1825728267431259,0.0021510714563222,84.87489318847656,0
gun_zoom_BoltAction22_Zoom_ZM_144B_S02_w0,zoom_BoltAction22_Zoom,gunshot,DANGEROUS_IMPULSE,data/processed\gunshot\gun_zoom_BoltAction22_Zoom_ZM_144B_S02_w0.wav,1.0,16000,1,0.118408203125,0.0020339266381539,58.216270446777344,0
gun_zoom_BoltAction22_Zoom_ZM_144B_S03_w0,zoom_BoltAction22_Zoom,gunshot,DANGEROUS_IMPULSE,data/processed\gunshot\gun_zoom_BoltAction22_Zoom_ZM_144B_S03_w0.wav,1.0,16000,1,0.1680981814861297,0.0020572354347827,81.71031951904297,0
gun_zoom_BoltAction22_Zoom_ZM_144B_S04_w0,zoom_BoltAction22_Zoom,gunshot,DANGEROUS_IMPULSE,data/processed\gunshot\gun_zoom_BoltAction22_Zoom_ZM_144B_S04_w0.wav,1.0,16000,1,0.1573201417922973,0.0029738157243781,52.90160369873047,0
gun_zoom_BoltAction22_Zoom_ZM_144B_S05_w0,zoom_BoltAction22_Zoom,gunshot,DANGEROUS_IMPULSE,data/processed\gunshot\gun_zoom_BoltAction22_Zoom_ZM_144B_S05_w0.wav,1.0,16000,1,0.1229973956942558,0.0014004267346981,87.827880859375,0
gun_zoom_BoltAction22_Zoom_ZM_144B_S06_w0,zoom_BoltAction22_Zoom,gunshot,DANGEROUS_IMPULSE,data/processed\gunshot\gun_zoom_BoltAction22_Zoom_ZM_144B_S06_w0.wav,1.0,16000,1,0.085596889257431,0.0014429453260973,59.32053756713867,0
gun_zoom_BoltAction22_Zoom_ZM_184B_S01_w0,zoom_BoltAction22_Zoom,gunshot,DANGEROUS_IMPULSE,data/processed\gunshot\gun_zoom_BoltAction22_Zoom_ZM_184B_S01_w0.wav,1.0,16000,1,0.8573898673057556,0.0173697136967056,49.36117172241211,0
gun_zoom_BoltAction22_Zoom_ZM_184B_S02_w0,zoom_BoltAction22_Zoom,gunshot,DANGEROUS_IMPULSE,data/processed\gunshot\gun_zoom_BoltAction22_Zoom_ZM_184B_S02_w0.wav,1.0,16000,1,0.7470206618309021,0.0152330395872827,49.03947067260742,0
gun_zoom_BoltAction22_Zoom_ZM_184B_S03_w0,zoom_BoltAction22_Zoom,gunshot,DANGEROUS_IMPULSE,data/processed\gunshot\gun_zoom_BoltAction22_Zoom_ZM_184B_S03_w0.wav,1.0,16000,1,0.8851739168167114,0.0154615811994154,57.24985885620117,0
gun_zoom_BoltAction22_Zoom_ZM_184B_S04_w0,zoom_BoltAction22_Zoom,gunshot,DANGEROUS_IMPULSE,data/processed\gunshot\gun_zoom_BoltAction22_Zoom_ZM_184B_S04_w0.wav,1.0,16000,1,0.7911625504493713,0.0143601845274662,55.09413909912109,0
gun_zoom_BoltAction22_Zoom_ZM_184B_S05_w0,zoom_BoltAction22_Zoom,gunshot,DANGEROUS_IMPULSE,data/processed\gunshot\gun_zoom_BoltAction22_Zoom_ZM_184B_S05_w0.wav,1.0,16000,1,0.8035902380943298,0.015362051598463,52.31005096435547,0
gun_zoom_BoltAction22_Zoom_ZM_184B_S06_w0,zoom_BoltAction22_Zoom,gunshot,DANGEROUS_IMPULSE,data/processed\gunshot\gun_zoom_BoltAction22_Zoom_ZM_184B_S06_w0.wav,1.0,16000,1,0.9052629470825196,0.0159741093648488,56.67060089111328,0
gun_zoom_BoltAction22_Zoom_ZM_184C_S01_w0,zoom_BoltAction22_Zoom,gunshot,DANGEROUS_IMPULSE,data/processed\gunshot\gun_zoom_BoltAction22_Zoom_ZM_184C_S01_w0.wav,1.0,16000,1,0.1443429440259933,0.0018254307966638,79.07292938232422,0
gun_zoom_BoltAction22_Zoom_ZM_184C_S02_w0,zoom_BoltAction22_Zoom,gunshot,DANGEROUS_IMPULSE,data/processed\gunshot\gun_zoom_BoltAction22_Zoom_ZM_184C_S02_w0.wav,1.0,16000,1,0.1630976647138595,0.0016709591927841,97.60662841796876,0
gun_zoom_BoltAction22_Zoom_ZM_184C_S03_w0,zoom_BoltAction22_Zoom,gunshot,DANGEROUS_IMPULSE,data/processed\gunshot\gun_zoom_BoltAction22_Zoom_ZM_184C_S03_w0.wav,1.0,16000,1,0.1180696263909339,0.0012277921641688,96.16339874267578,0
gun_zoom_BoltAction22_Zoom_ZM_184C_S04_w0,zoom_BoltAction22_Zoom,gunshot,DANGEROUS_IMPULSE,data/processed\gunshot\gun_zoom_BoltAction22_Zoom_ZM_184C_S04_w0.wav,1.0,16000,1,0.1254761666059494,0.0012977271970113,96.68842315673828,0
gun_zoom_BoltAction22_Zoom_ZM_184C_S05_w0,zoom_BoltAction22_Zoom,gunshot,DANGEROUS_IMPULSE,data/processed\gunshot\gun_zoom_BoltAction22_Zoom_ZM_184C_S05_w0.wav,1.0,16000,1,0.0931320935487747,0.0013455298208703,69.21541595458984,0
gun_zoom_BoltAction22_Zoom_ZM_184C_S06_w0,zoom_BoltAction22_Zoom,gunshot,DANGEROUS_IMPULSE,data/processed\gunshot\gun_zoom_BoltAction22_Zoom_ZM_184C_S06_w0.wav,1.0,16000,1,0.0770386159420013,0.0015643469114659,49.24618911743164,0
gun_zoom_BoltAction22_Zoom_ZM_184D_S01_w0,zoom_BoltAction22_Zoom,gunshot,DANGEROUS_IMPULSE,data/processed\gunshot\gun_zoom_BoltAction22_Zoom_ZM_184D_S01_w0.wav,1.0,16000,1,0.0360190793871879,0.0005302123931032,67.93202209472656,0
gun_zoom_BoltAction22_Zoom_ZM_184D_S02_w0,zoom_BoltAction22_Zoom,gunshot,DANGEROUS_IMPULSE,data/processed\gunshot\gun_zoom_BoltAction22_Zoom_ZM_184D_S02_w0.wav,1.0,16000,1,0.0336763337254524,0.0006091502080687,55.28321075439453,0
gun_zoom_BoltAction22_Zoom_ZM_184D_S03_w0,zoom_BoltAction22_Zoom,gunshot,DANGEROUS_IMPULSE,data/processed\gunshot\gun_zoom_BoltAction22_Zoom_ZM_184D_S03_w0.wav,1.0,16000,1,0.0312698818743228,0.00066473543428,47.04038619995117,0
gun_zoom_BoltAction22_Zoom_ZM_184D_S04_w0,zoom_BoltAction22_Zoom,gunshot,DANGEROUS_IMPULSE,data/processed\gunshot\gun_zoom_BoltAction22_Zoom_ZM_184D_S04_w0.wav,1.0,16000,1,0.0329636931419372,0.0024023549141844,13.72135066986084,0
gun_zoom_BoltAction22_Zoom_ZM_184D_S05_w0,zoom_BoltAction22_Zoom,gunshot,DANGEROUS_IMPULSE,data/processed\gunshot\gun_zoom_BoltAction22_Zoom_ZM_184D_S05_w0.wav,1.0,16000,1,0.0226408541202545,0.0039817619286727,5.6861252784729,0
gun_zoom_BoltAction22_Zoom_ZM_184D_S06_w0,zoom_BoltAction22_Zoom,gunshot,DANGEROUS_IMPULSE,data/processed\gunshot\gun_zoom_BoltAction22_Zoom_ZM_184D_S06_w0.wav,1.0,16000,1,0.0253065824508667,0.0009484561975751,26.68158721923828,0
gun_zoom_BoltAction22_Zoom_ZM_204A_S01_w0,zoom_BoltAction22_Zoom,gunshot,DANGEROUS_IMPULSE,data/processed\gunshot\gun_zoom_BoltAction22_Zoom_ZM_204A_S01_w0.wav,1.0,16000,1,0.5627807378768921,0.0090441745906475,62.225704193115234,0
gun_zoom_BoltAction22_Zoom_ZM_204A_S02_w0,zoom_BoltAction22_Zoom,gunshot,DANGEROUS_IMPULSE,data/processed\gunshot\gun_zoom_BoltAction22_Zoom_ZM_204A_S02_w0.wav,1.0,16000,1,0.2880820631980896,0.0046356379082961,62.14493942260742,0
gun_zoom_BoltAction22_Zoom_ZM_204A_S03_w0,zoom_BoltAction22_Zoom,gunshot,DANGEROUS_IMPULSE,data/processed\gunshot\gun_zoom_BoltAction22_Zoom_ZM_204A_S03_w0.wav,1.0,16000,1,0.2546102106571197,0.0047183312207575,53.9618034362793,0
gun_zoom_BoltAction22_Zoom_ZM_204A_S04_w0,zoom_BoltAction22_Zoom,gunshot,DANGEROUS_IMPULSE,data/processed\gunshot\gun_zoom_BoltAction22_Zoom_ZM_204A_S04_w0.wav,1.0,16000,1,0.3661991953849792,0.0071888068652774,50.94012069702149,0
gun_zoom_BoltAction22_Zoom_ZM_204A_S05_w0,zoom_BoltAction22_Zoom,gunshot,DANGEROUS_IMPULSE,data/processed\gunshot\gun_zoom_BoltAction22_Zoom_ZM_204A_S05_w0.wav,1.0,16000,1,0.4505470693111419,0.0085286018653153,52.82771682739258,0
gun_zoom_BoltAction22_Zoom_ZM_204A_S06_w0,zoom_BoltAction22_Zoom,gunshot,DANGEROUS_IMPULSE,data/processed\gunshot\gun_zoom_BoltAction22_Zoom_ZM_204A_S06_w0.wav,1.0,16000,1,0.3853898346424103,0.0070118333236357,54.96269989013672,0
gun_zoom_BoltAction22_Zoom_ZM_204B_S01_w0,zoom_BoltAction22_Zoom,gunshot,DANGEROUS_IMPULSE,data/processed\gunshot\gun_zoom_BoltAction22_Zoom_ZM_204B_S01_w0.wav,1.0,16000,1,0.3914508819580078,0.0062249638559848,62.88393783569336,0
gun_zoom_BoltAction22_Zoom_ZM_204B_S02_w0,zoom_BoltAction22_Zoom,gunshot,DANGEROUS_IMPULSE,data/processed\gunshot\gun_zoom_BoltAction22_Zoom_ZM_204B_S02_w0.wav,1.0,16000,1,0.1841600686311721,0.0030787719217076,59.81588363647461,0
gun_zoom_BoltAction22_Zoom_ZM_204B_S03_w0,zoom_BoltAction22_Zoom,gunshot,DANGEROUS_IMPULSE,data/processed\gunshot\gun_zoom_BoltAction22_Zoom_ZM_204B_S03_w0.wav,1.0,16000,1,0.2716389298439026,0.0048129164031837,56.439449310302734,0
gun_zoom_BoltAction22_Zoom_ZM_204B_S04_w0,zoom_BoltAction22_Zoom,gunshot,DANGEROUS_IMPULSE,data/processed\gunshot\gun_zoom_BoltAction22_Zoom_ZM_204B_S04_w0.wav,1.0,16000,1,0.4049130082130432,0.0065687037756101,61.64266586303711,0
gun_zoom_BoltAction22_Zoom_ZM_204B_S05_w0,zoom_BoltAction22_Zoom,gunshot,DANGEROUS_IMPULSE,data/processed\gunshot\gun_zoom_BoltAction22_Zoom_ZM_204B_S05_w0.wav,1.0,16000,1,0.4339964687824249,0.0067594312350337,64.20596313476562,0
gun_zoom_BoltAction22_Zoom_ZM_204B_S06_w0,zoom_BoltAction22_Zoom,gunshot,DANGEROUS_IMPULSE,data/processed\gunshot\gun_zoom_BoltAction22_Zoom_ZM_204B_S06_w0.wav,1.0,16000,1,0.2255688458681106,0.0039619487855721,56.93366622924805,0
gun_c3gd_RjRNabyP9zPf_0-oh_farm-czusa_457-BOB-RjRNabyP9zPf-0_w0,c3gd_RjRNabyP9zPf,gunshot,DANGEROUS_IMPULSE,data/processed\gunshot\gun_c3gd_RjRNabyP9zPf_0-oh_farm-czusa_457-BOB-RjRNabyP9zPf-0_w0.wav,1.0,16000,1,0.9440608620643616,0.0204190158266713,46.234375,0
gun_c3gd_RjRNabyP9zPf_0-oh_farm-czusa_457-BOB-RjRNabyP9zPf-1_w0,c3gd_RjRNabyP9zPf,gunshot,DANGEROUS_IMPULSE,data/processed\gunshot\gun_c3gd_RjRNabyP9zPf_0-oh_farm-czusa_457-BOB-RjRNabyP9zPf-1_w0.wav,1.0,16000,1,0.9440608620643616,0.0264843560443095,35.645965576171875,0
gun_c3gd_RjRNabyP9zPf_0-oh_farm-czusa_457-BOB-RjRNabyP9zPf-10_w0,c3gd_RjRNabyP9zPf,gunshot,DANGEROUS_IMPULSE,data/processed\gunshot\gun_c3gd_RjRNabyP9zPf_0-oh_farm-czusa_457-BOB-RjRNabyP9zPf-10_w0.wav,1.0,16000,1,0.9440608620643616,0.0250295715134638,37.717803955078125,0
gun_c3gd_RjRNabyP9zPf_0-oh_farm-czusa_457-BOB-RjRNabyP9zPf-11_w0,c3gd_RjRNabyP9zPf,gunshot,DANGEROUS_IMPULSE,data/processed\gunshot\gun_c3gd_RjRNabyP9zPf_0-oh_farm-czusa_457-BOB-RjRNabyP9zPf-11_w0.wav,1.0,16000,1,0.9440608620643616,0.1187638006535691,7.949061870574951,0
gun_c3gd_RjRNabyP9zPf_0-oh_farm-czusa_457-BOB-RjRNabyP9zPf-12_w0,c3gd_RjRNabyP9zPf,gunshot,DANGEROUS_IMPULSE,data/processed\gunshot\gun_c3gd_RjRNabyP9zPf_0-oh_farm-czusa_457-BOB-RjRNabyP9zPf-12_w0.wav,1.0,16000,1,0.9440608620643616,0.078671720948774,12.000000953674316,0
gun_c3gd_RjRNabyP9zPf_0-oh_farm-czusa_457-BOB-RjRNabyP9zPf-13_w0,c3gd_RjRNabyP9zPf,gunshot,DANGEROUS_IMPULSE,data/processed\gunshot\gun_c3gd_RjRNabyP9zPf_0-oh_farm-czusa_457-BOB-RjRNabyP9zPf-13_w0.wav,1.0,16000,1,0.9440608620643616,0.0355638888404019,26.54548454284668,0
gun_c3gd_RjRNabyP9zPf_0-oh_farm-czusa_457-BOB-RjRNabyP9zPf-14_w0,c3gd_RjRNabyP9zPf,gunshot,DANGEROUS_IMPULSE,data/processed\gunshot\gun_c3gd_RjRNabyP9zPf_0-oh_farm-czusa_457-BOB-RjRNabyP9zPf-14_w0.wav,1.0,16000,1,0.9440608620643616,0.0291227290924317,32.4166259765625,0
gun_c3gd_RjRNabyP9zPf_0-oh_farm-czusa_457-BOB-RjRNabyP9zPf-15_w0,c3gd_RjRNabyP9zPf,gunshot,DANGEROUS_IMPULSE,data/processed\gunshot\gun_c3gd_RjRNabyP9zPf_0-oh_farm-czusa_457-BOB-RjRNabyP9zPf-15_w0.wav,1.0,16000,1,0.9440609216690063,0.0236215135365292,39.96613311767578,0
gun_c3gd_RjRNabyP9zPf_0-oh_farm-czusa_457-BOB-RjRNabyP9zPf-16_w0,c3gd_RjRNabyP9zPf,gunshot,DANGEROUS_IMPULSE,data/processed\gunshot\gun_c3gd_RjRNabyP9zPf_0-oh_farm-czusa_457-BOB-RjRNabyP9zPf-16_w0.wav,1.0,16000,1,0.9440608620643616,0.0263175851003807,35.87185287475586,0
gun_c3gd_RjRNabyP9zPf_0-oh_farm-czusa_457-BOB-RjRNabyP9zPf-17_w0,c3gd_RjRNabyP9zPf,gunshot,DANGEROUS_IMPULSE,data/processed\gunshot\gun_c3gd_RjRNabyP9zPf_0-oh_farm-czusa_457-BOB-RjRNabyP9zPf-17_w0.wav,1.0,16000,1,0.9440608620643616,0.0226908531543478,41.60533142089844,0
gun_c3gd_RjRNabyP9zPf_0-oh_farm-czusa_457-BOB-RjRNabyP9zPf-18_w0,c3gd_RjRNabyP9zPf,gunshot,DANGEROUS_IMPULSE,data/processed\gunshot\gun_c3gd_RjRNabyP9zPf_0-oh_farm-czusa_457-BOB-RjRNabyP9zPf-18_w0.wav,1.0,16000,1,0.7572914958000183,0.0145711893498238,51.9718017578125,0
gun_c3gd_RjRNabyP9zPf_0-oh_farm-czusa_457-BOB-RjRNabyP9zPf-19_w0,c3gd_RjRNabyP9zPf,gunshot,DANGEROUS_IMPULSE,data/processed\gunshot\gun_c3gd_RjRNabyP9zPf_0-oh_farm-czusa_457-BOB-RjRNabyP9zPf-19_w0.wav,1.0,16000,1,0.9440608620643616,0.0290281337879627,32.52226257324219,0
gun_c3gd_RjRNabyP9zPf_0-oh_farm-czusa_457-BOB-RjRNabyP9zPf-2_w0,c3gd_RjRNabyP9zPf,gunshot,DANGEROUS_IMPULSE,data/processed\gunshot\gun_c3gd_RjRNabyP9zPf_0-oh_farm-czusa_457-BOB-RjRNabyP9zPf-2_w0.wav,1.0,16000,1,0.8431817293167114,0.0194088820368657,43.44306182861328,0
gun_c3gd_RjRNabyP9zPf_0-oh_farm-czusa_457-BOB-RjRNabyP9zPf-20_w0,c3gd_RjRNabyP9zPf,gunshot,DANGEROUS_IMPULSE,data/processed\gunshot\gun_c3gd_RjRNabyP9zPf_0-oh_farm-czusa_457-BOB-RjRNabyP9zPf-20_w0.wav,1.0,16000,1,0.9440608620643616,0.0306558812975463,30.795413970947266,0
gun_c3gd_RjRNabyP9zPf_0-oh_farm-czusa_457-BOB-RjRNabyP9zPf-21_w0,c3gd_RjRNabyP9zPf,gunshot,DANGEROUS_IMPULSE,data/processed\gunshot\gun_c3gd_RjRNabyP9zPf_0-oh_farm-czusa_457-BOB-RjRNabyP9zPf-21_w0.wav,1.0,16000,1,0.9440608620643616,0.0799402497956084,11.809579849243164,0
gun_c3gd_RjRNabyP9zPf_0-oh_farm-czusa_457-BOB-RjRNabyP9zPf-22_w0,c3gd_RjRNabyP9zPf,gunshot,DANGEROUS_IMPULSE,data/processed\gunshot\gun_c3gd_RjRNabyP9zPf_0-oh_farm-czusa_457-BOB-RjRNabyP9zPf-22_w0.wav,1.0,16000,1,0.9440608620643616,0.0165391099681474,57.08047866821289,0
gun_c3gd_RjRNabyP9zPf_0-oh_farm-czusa_457-BOB-RjRNabyP9zPf-3_w0,c3gd_RjRNabyP9zPf,gunshot,DANGEROUS_IMPULSE,data/processed\gunshot\gun_c3gd_RjRNabyP9zPf_0-oh_farm-czusa_457-BOB-RjRNabyP9zPf-3_w0.wav,1.0,16000,1,0.9440608620643616,0.0220079410219231,42.89635467529297,0
gun_c3gd_RjRNabyP9zPf_0-oh_farm-czusa_457-BOB-RjRNabyP9zPf-4_w0,c3gd_RjRNabyP9zPf,gunshot,DANGEROUS_IMPULSE,data/processed\gunshot\gun_c3gd_RjRNabyP9zPf_0-oh_farm-czusa_457-BOB-RjRNabyP9zPf-4_w0.wav,1.0,16000,1,0.9440608620643616,0.1343090366761956,7.029018878936768,0
gun_c3gd_RjRNabyP9zPf_0-oh_farm-czusa_457-BOB-RjRNabyP9zPf-5_w0,c3gd_RjRNabyP9zPf,gunshot,DANGEROUS_IMPULSE,data/processed\gunshot\gun_c3gd_RjRNabyP9zPf_0-oh_farm-czusa_457-BOB-RjRNabyP9zPf-5_w0.wav,1.0,16000,1,0.9440608620643616,0.0204716147263579,46.11558151245117,0
gun_c3gd_RjRNabyP9zPf_0-oh_farm-czusa_457-BOB-RjRNabyP9zPf-6_w0,c3gd_RjRNabyP9zPf,gunshot,DANGEROUS_IMPULSE,data/processed\gunshot\gun_c3gd_RjRNabyP9zPf_0-oh_farm-czusa_457-BOB-RjRNabyP9zPf-6_w0.wav,1.0,16000,1,0.9440608620643616,0.0445897324836803,21.17215347290039,0
gun_c3gd_RjRNabyP9zPf_0-oh_farm-czusa_457-BOB-RjRNabyP9zPf-7_w0,c3gd_RjRNabyP9zPf,gunshot,DANGEROUS_IMPULSE,data/processed\gunshot\gun_c3gd_RjRNabyP9zPf_0-oh_farm-czusa_457-BOB-RjRNabyP9zPf-7_w0.wav,1.0,16000,1,0.9440608620643616,0.0200425602879274,47.102783203125,0
gun_c3gd_RjRNabyP9zPf_0-oh_farm-czusa_457-BOB-RjRNabyP9zPf-8_w0,c3gd_RjRNabyP9zPf,gunshot,DANGEROUS_IMPULSE,data/processed\gunshot\gun_c3gd_RjRNabyP9zPf_0-oh_farm-czusa_457-BOB-RjRNabyP9zPf-8_w0.wav,1.0,16000,1,0.9440608620643616,0.0236806525191405,39.86631774902344,0
gun_c3gd_RjRNabyP9zPf_0-oh_farm-czusa_457-BOB-RjRNabyP9zPf-9_w0,c3gd_RjRNabyP9zPf,gunshot,DANGEROUS_IMPULSE,data/processed\gunshot\gun_c3gd_RjRNabyP9zPf_0-oh_farm-czusa_457-BOB-RjRNabyP9zPf-9_w0.wav,1.0,16000,1,0.9440608620643616,0.0222837688426226,42.36538314819336,0
gun_c3gd_1JrN0MitwFDS_0-oh_farm-czusa_457-ERIN-1JrN0MitwFDS-0_w0,c3gd_1JrN0MitwFDS,gunshot,DANGEROUS_IMPULSE,data/processed\gunshot\gun_c3gd_1JrN0MitwFDS_0-oh_farm-czusa_457-ERIN-1JrN0MitwFDS-0_w0.wav,1.0,16000,1,0.0816154927015304,0.0052684478932893,15.491344451904297,0
gun_c3gd_1JrN0MitwFDS_0-oh_farm-czusa_457-ERIN-1JrN0MitwFDS-1_w0,c3gd_1JrN0MitwFDS,gunshot,DANGEROUS_IMPULSE,data/processed\gunshot\gun_c3gd_1JrN0MitwFDS_0-oh_farm-czusa_457-ERIN-1JrN0MitwFDS-1_w0.wav,1.0,16000,1,0.0765811279416084,0.0053036287035025,14.439356803894045,0
gun_c3gd_1JrN0MitwFDS_0-oh_farm-czusa_457-ERIN-1JrN0MitwFDS-10_w0,c3gd_1JrN0MitwFDS,gunshot,DANGEROUS_IMPULSE,data/processed\gunshot\gun_c3gd_1JrN0MitwFDS_0-oh_farm-czusa_457-ERIN-1JrN0MitwFDS-10_w0.wav,1.0,16000,1,0.0600054413080215,0.0057420378168985,10.450181007385254,0
gun_c3gd_1JrN0MitwFDS_0-oh_farm-czusa_457-ERIN-1JrN0MitwFDS-11_w0,c3gd_1JrN0MitwFDS,gunshot,DANGEROUS_IMPULSE,data/processed\gunshot\gun_c3gd_1JrN0MitwFDS_0-oh_farm-czusa_457-ERIN-1JrN0MitwFDS-11_w0.wav,1.0,16000,1,0.0589873641729354,0.0048292474132851,12.21458339691162,0
gun_c3gd_1JrN0MitwFDS_0-oh_farm-czusa_457-ERIN-1JrN0MitwFDS-12_w0,c3gd_1JrN0MitwFDS,gunshot,DANGEROUS_IMPULSE,data/processed\gunshot\gun_c3gd_1JrN0MitwFDS_0-oh_farm-czusa_457-ERIN-1JrN0MitwFDS-12_w0.wav,1.0,16000,1,0.0559444017708301,0.0049179309944432,11.375574111938477,0
gun_c3gd_1JrN0MitwFDS_0-oh_farm-czusa_457-ERIN-1JrN0MitwFDS-13_w0,c3gd_1JrN0MitwFDS,gunshot,DANGEROUS_IMPULSE,data/processed\gunshot\gun_c3gd_1JrN0MitwFDS_0-oh_farm-czusa_457-ERIN-1JrN0MitwFDS-13_w0.wav,1.0,16000,1,0.0501701869070529,0.0046256993325371,10.84594440460205,0
gun_c3gd_1JrN0MitwFDS_0-oh_farm-czusa_457-ERIN-1JrN0MitwFDS-14_w0,c3gd_1JrN0MitwFDS,gunshot,DANGEROUS_IMPULSE,data/processed\gunshot\gun_c3gd_1JrN0MitwFDS_0-oh_farm-czusa_457-ERIN-1JrN0MitwFDS-14_w0.wav,1.0,16000,1,0.0518293716013431,0.0048118397231623,10.771194458007812,0
gun_c3gd_1JrN0MitwFDS_0-oh_farm-czusa_457-ERIN-1JrN0MitwFDS-15_w0,c3gd_1JrN0MitwFDS,gunshot,DANGEROUS_IMPULSE,data/processed\gunshot\gun_c3gd_1JrN0MitwFDS_0-oh_farm-czusa_457-ERIN-1JrN0MitwFDS-15_w0.wav,1.0,16000,1,0.053749818354845,0.0056235492216036,9.557971954345703,0
gun_c3gd_1JrN0MitwFDS_0-oh_farm-czusa_457-ERIN-1JrN0MitwFDS-16_w0,c3gd_1JrN0MitwFDS,gunshot,DANGEROUS_IMPULSE,data/processed\gunshot\gun_c3gd_1JrN0MitwFDS_0-oh_farm-czusa_457-ERIN-1JrN0MitwFDS-16_w0.wav,1.0,16000,1,0.0987378135323524,0.0058215323702347,16.960765838623047,0
gun_c3gd_1JrN0MitwFDS_0-oh_farm-czusa_457-ERIN-1JrN0MitwFDS-17_w0,c3gd_1JrN0MitwFDS,gunshot,DANGEROUS_IMPULSE,data/processed\gunshot\gun_c3gd_1JrN0MitwFDS_0-oh_farm-czusa_457-ERIN-1JrN0MitwFDS-17_w0.wav,1.0,16000,1,0.1207978576421737,0.0065625549894892,18.4071102142334,0
gun_c3gd_1JrN0MitwFDS_0-oh_farm-czusa_457-ERIN-1JrN0MitwFDS-18_w0,c3gd_1JrN0MitwFDS,gunshot,DANGEROUS_IMPULSE,data/processed\gunshot\gun_c3gd_1JrN0MitwFDS_0-oh_farm-czusa_457-ERIN-1JrN0MitwFDS-18_w0.wav,1.0,16000,1,0.0690159872174263,0.0064789561686516,10.652315139770508,0
gun_c3gd_1JrN0MitwFDS_0-oh_farm-czusa_457-ERIN-1JrN0MitwFDS-19_w0,c3gd_1JrN0MitwFDS,gunshot,DANGEROUS_IMPULSE,data/processed\gunshot\gun_c3gd_1JrN0MitwFDS_0-oh_farm-czusa_457-ERIN-1JrN0MitwFDS-19_w0.wav,1.0,16000,1,0.0728607475757598,0.0069820087880038,10.435484886169434,0
gun_c3gd_1JrN0MitwFDS_0-oh_farm-czusa_457-ERIN-1JrN0MitwFDS-2_w0,c3gd_1JrN0MitwFDS,gunshot,DANGEROUS_IMPULSE,data/processed\gunshot\gun_c3gd_1JrN0MitwFDS_0-oh_farm-czusa_457-ERIN-1JrN0MitwFDS-2_w0.wav,1.0,16000,1,0.066942922770977,0.0054535223506898,12.275148391723633,0
gun_c3gd_1JrN0MitwFDS_0-oh_farm-czusa_457-ERIN-1JrN0MitwFDS-20_w0,c3gd_1JrN0MitwFDS,gunshot,DANGEROUS_IMPULSE,data/processed\gunshot\gun_c3gd_1JrN0MitwFDS_0-oh_farm-czusa_457-ERIN-1JrN0MitwFDS-20_w0.wav,1.0,16000,1,0.0708479508757591,0.0068808748575386,10.296342849731444,0
gun_c3gd_1JrN0MitwFDS_0-oh_farm-czusa_457-ERIN-1JrN0MitwFDS-21_w0,c3gd_1JrN0MitwFDS,gunshot,DANGEROUS_IMPULSE,data/processed\gunshot\gun_c3gd_1JrN0MitwFDS_0-oh_farm-czusa_457-ERIN-1JrN0MitwFDS-21_w0.wav,1.0,16000,1,0.0527097582817077,0.0050008678832659,10.540102005004885,0
gun_c3gd_1JrN0MitwFDS_0-oh_farm-czusa_457-ERIN-1JrN0MitwFDS-22_w0,c3gd_1JrN0MitwFDS,gunshot,DANGEROUS_IMPULSE,data/processed\gunshot\gun_c3gd_1JrN0MitwFDS_0-oh_farm-czusa_457-ERIN-1JrN0MitwFDS-22_w0.wav,1.0,16000,1,0.0924886390566825,0.0060396832195163,15.313467025756836,0
gun_c3gd_1JrN0MitwFDS_0-oh_farm-czusa_457-ERIN-1JrN0MitwFDS-3_w0,c3gd_1JrN0MitwFDS,gunshot,DANGEROUS_IMPULSE,data/processed\gunshot\gun_c3gd_1JrN0MitwFDS_0-oh_farm-czusa_457-ERIN-1JrN0MitwFDS-3_w0.wav,1.0,16000,1,0.0241803266108036,0.0022509265609528,10.742340087890623,0
gun_c3gd_1JrN0MitwFDS_0-oh_farm-czusa_457-ERIN-1JrN0MitwFDS-4_w0,c3gd_1JrN0MitwFDS,gunshot,DANGEROUS_IMPULSE,data/processed\gunshot\gun_c3gd_1JrN0MitwFDS_0-oh_farm-czusa_457-ERIN-1JrN0MitwFDS-4_w0.wav,1.0,16000,1,0.1070386841893196,0.0093243905558217,11.479416847229004,0
gun_c3gd_1JrN0MitwFDS_0-oh_farm-czusa_457-ERIN-1JrN0MitwFDS-5_w0,c3gd_1JrN0MitwFDS,gunshot,DANGEROUS_IMPULSE,data/processed\gunshot\gun_c3gd_1JrN0MitwFDS_0-oh_farm-czusa_457-ERIN-1JrN0MitwFDS-5_w0.wav,1.0,16000,1,0.0988944694399833,0.0075279527634429,13.13694953918457,0
gun_c3gd_1JrN0MitwFDS_0-oh_farm-czusa_457-ERIN-1JrN0MitwFDS-6_w0,c3gd_1JrN0MitwFDS,gunshot,DANGEROUS_IMPULSE,data/processed\gunshot\gun_c3gd_1JrN0MitwFDS_0-oh_farm-czusa_457-ERIN-1JrN0MitwFDS-6_w0.wav,1.0,16000,1,0.0661782547831535,0.0057965746501576,11.416766166687012,0
gun_c3gd_1JrN0MitwFDS_0-oh_farm-czusa_457-ERIN-1JrN0MitwFDS-7_w0,c3gd_1JrN0MitwFDS,gunshot,DANGEROUS_IMPULSE,data/processed\gunshot\gun_c3gd_1JrN0MitwFDS_0-oh_farm-czusa_457-ERIN-1JrN0MitwFDS-7_w0.wav,1.0,16000,1,0.1046016812324523,0.0063619787341466,16.44166374206543,0
gun_c3gd_1JrN0MitwFDS_0-oh_farm-czusa_457-ERIN-1JrN0MitwFDS-8_w0,c3gd_1JrN0MitwFDS,gunshot,DANGEROUS_IMPULSE,data/processed\gunshot\gun_c3gd_1JrN0MitwFDS_0-oh_farm-czusa_457-ERIN-1JrN0MitwFDS-8_w0.wav,1.0,16000,1,0.0558960735797882,0.0049790122260858,11.22631549835205,0
gun_c3gd_1JrN0MitwFDS_0-oh_farm-czusa_457-ERIN-1JrN0MitwFDS-9_w0,c3gd_1JrN0MitwFDS,gunshot,DANGEROUS_IMPULSE,data/processed\gunshot\gun_c3gd_1JrN0MitwFDS_0-oh_farm-czusa_457-ERIN-1JrN0MitwFDS-9_w0.wav,1.0,16000,1,0.0582993030548095,0.0048774777640169,11.95273208618164,0
gun_c3gd_NlllHePs66Wv_0-oh_farm-czusa_457-PIXEL-NlllHePs66Wv-0_w0,c3gd_NlllHePs66Wv,gunshot,DANGEROUS_IMPULSE,data/processed\gunshot\gun_c3gd_NlllHePs66Wv_0-oh_farm-czusa_457-PIXEL-NlllHePs66Wv-0_w0.wav,1.0,16000,1,0.9440608620643616,0.0453799182957626,20.803489685058597,0
gun_c3gd_NlllHePs66Wv_0-oh_farm-czusa_457-PIXEL-NlllHePs66Wv-1_w0,c3gd_NlllHePs66Wv,gunshot,DANGEROUS_IMPULSE,data/processed\gunshot\gun_c3gd_NlllHePs66Wv_0-oh_farm-czusa_457-PIXEL-NlllHePs66Wv-1_w0.wav,1.0,16000,1,0.9414672255516052,0.038754740951834,24.292949676513672,0
gun_c3gd_NlllHePs66Wv_0-oh_farm-czusa_457-PIXEL-NlllHePs66Wv-10_w0,c3gd_NlllHePs66Wv,gunshot,DANGEROUS_IMPULSE,data/processed\gunshot\gun_c3gd_NlllHePs66Wv_0-oh_farm-czusa_457-PIXEL-NlllHePs66Wv-10_w0.wav,1.0,16000,1,0.9366986751556396,0.0548562528617617,17.075510025024414,0
gun_c3gd_NlllHePs66Wv_0-oh_farm-czusa_457-PIXEL-NlllHePs66Wv-11_w0,c3gd_NlllHePs66Wv,gunshot,DANGEROUS_IMPULSE,data/processed\gunshot\gun_c3gd_NlllHePs66Wv_0-oh_farm-czusa_457-PIXEL-NlllHePs66Wv-11_w0.wav,1.0,16000,1,0.9440608620643616,0.0330940604597204,28.526586532592773,0
gun_c3gd_NlllHePs66Wv_0-oh_farm-czusa_457-PIXEL-NlllHePs66Wv-12_w0,c3gd_NlllHePs66Wv,gunshot,DANGEROUS_IMPULSE,data/processed\gunshot\gun_c3gd_NlllHePs66Wv_0-oh_farm-czusa_457-PIXEL-NlllHePs66Wv-12_w0.wav,1.0,16000,1,0.9007572531700134,0.0447895261734537,20.110885620117188,0
gun_c3gd_NlllHePs66Wv_0-oh_farm-czusa_457-PIXEL-NlllHePs66Wv-13_w0,c3gd_NlllHePs66Wv,gunshot,DANGEROUS_IMPULSE,data/processed\gunshot\gun_c3gd_NlllHePs66Wv_0-oh_farm-czusa_457-PIXEL-NlllHePs66Wv-13_w0.wav,1.0,16000,1,0.9220942854881288,0.0433021407694703,21.294422149658203,0
gun_c3gd_NlllHePs66Wv_0-oh_farm-czusa_457-PIXEL-NlllHePs66Wv-14_w0,c3gd_NlllHePs66Wv,gunshot,DANGEROUS_IMPULSE,data/processed\gunshot\gun_c3gd_NlllHePs66Wv_0-oh_farm-czusa_457-PIXEL-NlllHePs66Wv-14_w0.wav,1.0,16000,1,0.8217834830284119,0.0320520734555552,25.63900184631348,0
gun_c3gd_NlllHePs66Wv_0-oh_farm-czusa_457-PIXEL-NlllHePs66Wv-15_w0,c3gd_NlllHePs66Wv,gunshot,DANGEROUS_IMPULSE,data/processed\gunshot\gun_c3gd_NlllHePs66Wv_0-oh_farm-czusa_457-PIXEL-NlllHePs66Wv-15_w0.wav,1.0,16000,1,0.8608783483505249,0.0367928071365265,23.397998809814453,0
gun_c3gd_NlllHePs66Wv_0-oh_farm-czusa_457-PIXEL-NlllHePs66Wv-16_w0,c3gd_NlllHePs66Wv,gunshot,DANGEROUS_IMPULSE,data/processed\gunshot\gun_c3gd_NlllHePs66Wv_0-oh_farm-czusa_457-PIXEL-NlllHePs66Wv-16_w0.wav,1.0,16000,1,0.7132996916770935,0.0502278243987902,14.201282501220703,0
gun_c3gd_NlllHePs66Wv_0-oh_farm-czusa_457-PIXEL-NlllHePs66Wv-17_w0,c3gd_NlllHePs66Wv,gunshot,DANGEROUS_IMPULSE,data/processed\gunshot\gun_c3gd_NlllHePs66Wv_0-oh_farm-czusa_457-PIXEL-NlllHePs66Wv-17_w0.wav,1.0,16000,1,0.9440608620643616,0.1078271978490725,8.755311965942383,0
gun_c3gd_NlllHePs66Wv_0-oh_farm-czusa_457-PIXEL-NlllHePs66Wv-18_w0,c3gd_NlllHePs66Wv,gunshot,DANGEROUS_IMPULSE,data/processed\gunshot\gun_c3gd_NlllHePs66Wv_0-oh_farm-czusa_457-PIXEL-NlllHePs66Wv-18_w0.wav,1.0,16000,1,0.5755915641784668,0.0537821579292137,10.702275276184082,0
gun_c3gd_NlllHePs66Wv_0-oh_farm-czusa_457-PIXEL-NlllHePs66Wv-19_w0,c3gd_NlllHePs66Wv,gunshot,DANGEROUS_IMPULSE,data/processed\gunshot\gun_c3gd_NlllHePs66Wv_0-oh_farm-czusa_457-PIXEL-NlllHePs66Wv-19_w0.wav,1.0,16000,1,0.9302289485931396,0.0777254796809188,11.968132019042969,0
gun_c3gd_NlllHePs66Wv_0-oh_farm-czusa_457-PIXEL-NlllHePs66Wv-2_w0,c3gd_NlllHePs66Wv,gunshot,DANGEROUS_IMPULSE,data/processed\gunshot\gun_c3gd_NlllHePs66Wv_0-oh_farm-czusa_457-PIXEL-NlllHePs66Wv-2_w0.wav,1.0,16000,1,0.474849134683609,0.0350078407327707,13.56407642364502,0
gun_c3gd_NlllHePs66Wv_0-oh_farm-czusa_457-PIXEL-NlllHePs66Wv-20_w0,c3gd_NlllHePs66Wv,gunshot,DANGEROUS_IMPULSE,data/processed\gunshot\gun_c3gd_NlllHePs66Wv_0-oh_farm-czusa_457-PIXEL-NlllHePs66Wv-20_w0.wav,1.0,16000,1,0.8838731646537781,0.0590241124652918,14.97477912902832,0
gun_c3gd_NlllHePs66Wv_0-oh_farm-czusa_457-PIXEL-NlllHePs66Wv-21_w0,c3gd_NlllHePs66Wv,gunshot,DANGEROUS_IMPULSE,data/processed\gunshot\gun_c3gd_NlllHePs66Wv_0-oh_farm-czusa_457-PIXEL-NlllHePs66Wv-21_w0.wav,1.0,16000,1,0.8975486755371094,0.0420241677688318,21.357912063598636,0
gun_c3gd_NlllHePs66Wv_0-oh_farm-czusa_457-PIXEL-NlllHePs66Wv-22_w0,c3gd_NlllHePs66Wv,gunshot,DANGEROUS_IMPULSE,data/processed\gunshot\gun_c3gd_NlllHePs66Wv_0-oh_farm-czusa_457-PIXEL-NlllHePs66Wv-22_w0.wav,1.0,16000,1,0.618614912033081,0.0387718278675487,15.9552640914917,0
gun_c3gd_NlllHePs66Wv_0-oh_farm-czusa_457-PIXEL-NlllHePs66Wv-3_w0,c3gd_NlllHePs66Wv,gunshot,DANGEROUS_IMPULSE,data/processed\gunshot\gun_c3gd_NlllHePs66Wv_0-oh_farm-czusa_457-PIXEL-NlllHePs66Wv-3_w0.wav,1.0,16000,1,0.6515780091285706,0.030877077745532,21.102313995361328,0
gun_c3gd_NlllHePs66Wv_0-oh_farm-czusa_457-PIXEL-NlllHePs66Wv-4_w0,c3gd_NlllHePs66Wv,gunshot,DANGEROUS_IMPULSE,data/processed\gunshot\gun_c3gd_NlllHePs66Wv_0-oh_farm-czusa_457-PIXEL-NlllHePs66Wv-4_w0.wav,1.0,16000,1,0.8724145889282227,0.0482179738294083,18.093137741088867,0
gun_c3gd_NlllHePs66Wv_0-oh_farm-czusa_457-PIXEL-NlllHePs66Wv-5_w0,c3gd_NlllHePs66Wv,gunshot,DANGEROUS_IMPULSE,data/processed\gunshot\gun_c3gd_NlllHePs66Wv_0-oh_farm-czusa_457-PIXEL-NlllHePs66Wv-5_w0.wav,1.0,16000,1,0.9387861490249634,0.0284894800927074,32.9520149230957,0
gun_c3gd_NlllHePs66Wv_0-oh_farm-czusa_457-PIXEL-NlllHePs66Wv-6_w0,c3gd_NlllHePs66Wv,gunshot,DANGEROUS_IMPULSE,data/processed\gunshot\gun_c3gd_NlllHePs66Wv_0-oh_farm-czusa_457-PIXEL-NlllHePs66Wv-6_w0.wav,1.0,16000,1,0.9310473203659058,0.0409589088652618,22.731246948242188,0
gun_c3gd_NlllHePs66Wv_0-oh_farm-czusa_457-PIXEL-NlllHePs66Wv-7_w0,c3gd_NlllHePs66Wv,gunshot,DANGEROUS_IMPULSE,data/processed\gunshot\gun_c3gd_NlllHePs66Wv_0-oh_farm-czusa_457-PIXEL-NlllHePs66Wv-7_w0.wav,1.0,16000,1,0.8508142232894897,0.0493222554203476,17.250104904174805,0
gun_c3gd_NlllHePs66Wv_0-oh_farm-czusa_457-PIXEL-NlllHePs66Wv-8_w0,c3gd_NlllHePs66Wv,gunshot,DANGEROUS_IMPULSE,data/processed\gunshot\gun_c3gd_NlllHePs66Wv_0-oh_farm-czusa_457-PIXEL-NlllHePs66Wv-8_w0.wav,1.0,16000,1,0.9440608620643616,0.0537256719145987,17.57187271118164,0
gun_c3gd_NlllHePs66Wv_0-oh_farm-czusa_457-PIXEL-NlllHePs66Wv-9_w0,c3gd_NlllHePs66Wv,gunshot,DANGEROUS_IMPULSE,data/processed\gunshot\gun_c3gd_NlllHePs66Wv_0-oh_farm-czusa_457-PIXEL-NlllHePs66Wv-9_w0.wav,1.0,16000,1,0.8212547898292542,0.0396991437207306,20.686960220336918,0
gun_c3gd_2Zx4Q5R1qgAD_0-oh_farm-marlin_gfm60-ALICE-2Zx4Q5R1qgAD-0_w0,c3gd_2Zx4Q5R1qgAD,gunshot,DANGEROUS_IMPULSE,data/processed\gunshot\gun_c3gd_2Zx4Q5R1qgAD_0-oh_farm-marlin_gfm60-ALICE-2Zx4Q5R1qgAD-0_w0.wav,1.0,16000,1,0.7953466176986694,0.0191749764148918,41.47834396362305,0
gun_c3gd_2Zx4Q5R1qgAD_0-oh_farm-marlin_gfm60-ALICE-2Zx4Q5R1qgAD-1_w0,c3gd_2Zx4Q5R1qgAD,gunshot,DANGEROUS_IMPULSE,data/processed\gunshot\gun_c3gd_2Zx4Q5R1qgAD_0-oh_farm-marlin_gfm60-ALICE-2Zx4Q5R1qgAD-1_w0.wav,1.0,16000,1,0.6301642060279846,0.0123270878233133,51.1202392578125,0
gun_c3gd_2Zx4Q5R1qgAD_0-oh_farm-marlin_gfm60-ALICE-2Zx4Q5R1qgAD-10_w0,c3gd_2Zx4Q5R1qgAD,gunshot,DANGEROUS_IMPULSE,data/processed\gunshot\gun_c3gd_2Zx4Q5R1qgAD_0-oh_farm-marlin_gfm60-ALICE-2Zx4Q5R1qgAD-10_w0.wav,1.0,16000,1,0.584151566028595,0.0132088535103314,44.224212646484375,0
gun_c3gd_2Zx4Q5R1qgAD_0-oh_farm-marlin_gfm60-ALICE-2Zx4Q5R1qgAD-11_w0,c3gd_2Zx4Q5R1qgAD,gunshot,DANGEROUS_IMPULSE,data/processed\gunshot\gun_c3gd_2Zx4Q5R1qgAD_0-oh_farm-marlin_gfm60-ALICE-2Zx4Q5R1qgAD-11_w0.wav,1.0,16000,1,0.5098233819007874,0.0126739962600175,40.22590637207031,0
gun_c3gd_2Zx4Q5R1qgAD_0-oh_farm-marlin_gfm60-ALICE-2Zx4Q5R1qgAD-12_w0,c3gd_2Zx4Q5R1qgAD,gunshot,DANGEROUS_IMPULSE,data/processed\gunshot\gun_c3gd_2Zx4Q5R1qgAD_0-oh_farm-marlin_gfm60-ALICE-2Zx4Q5R1qgAD-12_w0.wav,1.0,16000,1,0.6250265836715698,0.0174240580998361,35.87145233154297,0
gun_c3gd_2Zx4Q5R1qgAD_0-oh_farm-marlin_gfm60-ALICE-2Zx4Q5R1qgAD-2_w0,c3gd_2Zx4Q5R1qgAD,gunshot,DANGEROUS_IMPULSE,data/processed\gunshot\gun_c3gd_2Zx4Q5R1qgAD_0-oh_farm-marlin_gfm60-ALICE-2Zx4Q5R1qgAD-2_w0.wav,1.0,16000,1,0.6034523248672485,0.0174202075764917,34.64091873168945,0
gun_c3gd_2Zx4Q5R1qgAD_0-oh_farm-marlin_gfm60-ALICE-2Zx4Q5R1qgAD-3_w0,c3gd_2Zx4Q5R1qgAD,gunshot,DANGEROUS_IMPULSE,data/processed\gunshot\gun_c3gd_2Zx4Q5R1qgAD_0-oh_farm-marlin_gfm60-ALICE-2Zx4Q5R1qgAD-3_w0.wav,1.0,16000,1,0.4302145540714264,0.0108751569816795,39.559349060058594,0
gun_c3gd_2Zx4Q5R1qgAD_0-oh_farm-marlin_gfm60-ALICE-2Zx4Q5R1qgAD-4_w0,c3gd_2Zx4Q5R1qgAD,gunshot,DANGEROUS_IMPULSE,data/processed\gunshot\gun_c3gd_2Zx4Q5R1qgAD_0-oh_farm-marlin_gfm60-ALICE-2Zx4Q5R1qgAD-4_w0.wav,1.0,16000,1,0.5507147312164307,0.0168625446802232,32.659034729003906,0
gun_c3gd_2Zx4Q5R1qgAD_0-oh_farm-marlin_gfm60-ALICE-2Zx4Q5R1qgAD-5_w0,c3gd_2Zx4Q5R1qgAD,gunshot,DANGEROUS_IMPULSE,data/processed\gunshot\gun_c3gd_2Zx4Q5R1qgAD_0-oh_farm-marlin_gfm60-ALICE-2Zx4Q5R1qgAD-5_w0.wav,1.0,16000,1,0.5668879747390747,0.0125698651019083,45.098934173583984,0
gun_c3gd_2Zx4Q5R1qgAD_0-oh_farm-marlin_gfm60-ALICE-2Zx4Q5R1qgAD-6_w0,c3gd_2Zx4Q5R1qgAD,gunshot,DANGEROUS_IMPULSE,data/processed\gunshot\gun_c3gd_2Zx4Q5R1qgAD_0-oh_farm-marlin_gfm60-ALICE-2Zx4Q5R1qgAD-6_w0.wav,1.0,16000,1,0.5819666981697083,0.0127155647910231,45.76802444458008,0
gun_c3gd_2Zx4Q5R1qgAD_0-oh_farm-marlin_gfm60-ALICE-2Zx4Q5R1qgAD-7_w0,c3gd_2Zx4Q5R1qgAD,gunshot,DANGEROUS_IMPULSE,data/processed\gunshot\gun_c3gd_2Zx4Q5R1qgAD_0-oh_farm-marlin_gfm60-ALICE-2Zx4Q5R1qgAD-7_w0.wav,1.0,16000,1,0.53398197889328,0.0126231819766383,42.30166244506836,0
gun_c3gd_2Zx4Q5R1qgAD_0-oh_farm-marlin_gfm60-ALICE-2Zx4Q5R1qgAD-8_w0,c3gd_2Zx4Q5R1qgAD,gunshot,DANGEROUS_IMPULSE,data/processed\gunshot\gun_c3gd_2Zx4Q5R1qgAD_0-oh_farm-marlin_gfm60-ALICE-2Zx4Q5R1qgAD-8_w0.wav,1.0,16000,1,0.5780155062675476,0.0131806827351288,43.85319519042969,0
gun_c3gd_2Zx4Q5R1qgAD_0-oh_farm-marlin_gfm60-ALICE-2Zx4Q5R1qgAD-9_w0,c3gd_2Zx4Q5R1qgAD,gunshot,DANGEROUS_IMPULSE,data/processed\gunshot\gun_c3gd_2Zx4Q5R1qgAD_0-oh_farm-marlin_gfm60-ALICE-2Zx4Q5R1qgAD-9_w0.wav,1.0,16000,1,0.5227977633476257,0.0133701694460477,39.10177612304688,0
gun_c3gd_6CPZIphrIzdl_0-oh_farm-marlin_gfm60-ALICE-6CPZIphrIzdl-0_w0,c3gd_6CPZIphrIzdl,gunshot,DANGEROUS_IMPULSE,data/processed\gunshot\gun_c3gd_6CPZIphrIzdl_0-oh_farm-marlin_gfm60-ALICE-6CPZIphrIzdl-0_w0.wav,1.0,16000,1,0.3597732782363891,0.0105964781905088,33.95212173461914,0
gun_c3gd_6CPZIphrIzdl_0-oh_farm-marlin_gfm60-ALICE-6CPZIphrIzdl-1_w0,c3gd_6CPZIphrIzdl,gunshot,DANGEROUS_IMPULSE,data/processed\gunshot\gun_c3gd_6CPZIphrIzdl_0-oh_farm-marlin_gfm60-ALICE-6CPZIphrIzdl-1_w0.wav,1.0,16000,1,0.2736715972423553,0.0069530570357227,39.35983657836914,0
gun_c3gd_6CPZIphrIzdl_0-oh_farm-marlin_gfm60-ALICE-6CPZIphrIzdl-10_w0,c3gd_6CPZIphrIzdl,gunshot,DANGEROUS_IMPULSE,data/processed\gunshot\gun_c3gd_6CPZIphrIzdl_0-oh_farm-marlin_gfm60-ALICE-6CPZIphrIzdl-10_w0.wav,1.0,16000,1,0.3347439765930176,0.0078198223518943,42.80705261230469,0
gun_c3gd_6CPZIphrIzdl_0-oh_farm-marlin_gfm60-ALICE-6CPZIphrIzdl-11_w0,c3gd_6CPZIphrIzdl,gunshot,DANGEROUS_IMPULSE,data/processed\gunshot\gun_c3gd_6CPZIphrIzdl_0-oh_farm-marlin_gfm60-ALICE-6CPZIphrIzdl-11_w0.wav,1.0,16000,1,0.2926803231239319,0.0078463649286046,37.30134201049805,0
gun_c3gd_6CPZIphrIzdl_0-oh_farm-marlin_gfm60-ALICE-6CPZIphrIzdl-12_w0,c3gd_6CPZIphrIzdl,gunshot,DANGEROUS_IMPULSE,data/processed\gunshot\gun_c3gd_6CPZIphrIzdl_0-oh_farm-marlin_gfm60-ALICE-6CPZIphrIzdl-12_w0.wav,1.0,16000,1,0.3456719219684601,0.0100812175370216,34.288673400878906,0
gun_c3gd_6CPZIphrIzdl_0-oh_farm-marlin_gfm60-ALICE-6CPZIphrIzdl-2_w0,c3gd_6CPZIphrIzdl,gunshot,DANGEROUS_IMPULSE,data/processed\gunshot\gun_c3gd_6CPZIphrIzdl_0-oh_farm-marlin_gfm60-ALICE-6CPZIphrIzdl-2_w0.wav,1.0,16000,1,0.2908739745616913,0.0098955386748228,29.394428253173828,0
gun_c3gd_6CPZIphrIzdl_0-oh_farm-marlin_gfm60-ALICE-6CPZIphrIzdl-3_w0,c3gd_6CPZIphrIzdl,gunshot,DANGEROUS_IMPULSE,data/processed\gunshot\gun_c3gd_6CPZIphrIzdl_0-oh_farm-marlin_gfm60-ALICE-6CPZIphrIzdl-3_w0.wav,1.0,16000,1,0.2204529643058776,0.0072882796232824,30.24755859375,0
gun_c3gd_6CPZIphrIzdl_0-oh_farm-marlin_gfm60-ALICE-6CPZIphrIzdl-4_w0,c3gd_6CPZIphrIzdl,gunshot,DANGEROUS_IMPULSE,data/processed\gunshot\gun_c3gd_6CPZIphrIzdl_0-oh_farm-marlin_gfm60-ALICE-6CPZIphrIzdl-4_w0.wav,1.0,16000,1,0.2923133373260498,0.009282181836647,31.49184226989746,0
gun_c3gd_6CPZIphrIzdl_0-oh_farm-marlin_gfm60-ALICE-6CPZIphrIzdl-5_w0,c3gd_6CPZIphrIzdl,gunshot,DANGEROUS_IMPULSE,data/processed\gunshot\gun_c3gd_6CPZIphrIzdl_0-oh_farm-marlin_gfm60-ALICE-6CPZIphrIzdl-5_w0.wav,1.0,16000,1,0.2973813116550445,0.0070582100414484,42.13262176513672,0
gun_c3gd_6CPZIphrIzdl_0-oh_farm-marlin_gfm60-ALICE-6CPZIphrIzdl-6_w0,c3gd_6CPZIphrIzdl,gunshot,DANGEROUS_IMPULSE,data/processed\gunshot\gun_c3gd_6CPZIphrIzdl_0-oh_farm-marlin_gfm60-ALICE-6CPZIphrIzdl-6_w0.wav,1.0,16000,1,0.3067736029624939,0.0072092270514607,42.552852630615234,0
gun_c3gd_6CPZIphrIzdl_0-oh_farm-marlin_gfm60-ALICE-6CPZIphrIzdl-7_w0,c3gd_6CPZIphrIzdl,gunshot,DANGEROUS_IMPULSE,data/processed\gunshot\gun_c3gd_6CPZIphrIzdl_0-oh_farm-marlin_gfm60-ALICE-6CPZIphrIzdl-7_w0.wav,1.0,16000,1,0.2761702835559845,0.0069366881880682,39.812931060791016,0
gun_c3gd_6CPZIphrIzdl_0-oh_farm-marlin_gfm60-ALICE-6CPZIphrIzdl-8_w0,c3gd_6CPZIphrIzdl,gunshot,DANGEROUS_IMPULSE,data/processed\gunshot\gun_c3gd_6CPZIphrIzdl_0-oh_farm-marlin_gfm60-ALICE-6CPZIphrIzdl-8_w0.wav,1.0,16000,1,0.2587046921253204,0.0072936867071351,35.469627380371094,0
gun_c3gd_6CPZIphrIzdl_0-oh_farm-marlin_gfm60-ALICE-6CPZIphrIzdl-9_w0,c3gd_6CPZIphrIzdl,gunshot,DANGEROUS_IMPULSE,data/processed\gunshot\gun_c3gd_6CPZIphrIzdl_0-oh_farm-marlin_gfm60-ALICE-6CPZIphrIzdl-9_w0.wav,1.0,16000,1,0.3040421903133392,0.0079953747817969,38.0272102355957,0
gun_c3gd_uqJOIXU5KNyD_0-oh_farm-marlin_gfm60-BOB-uqJOIXU5KNyD-0_w0,c3gd_uqJOIXU5KNyD,gunshot,DANGEROUS_IMPULSE,data/processed\gunshot\gun_c3gd_uqJOIXU5KNyD_0-oh_farm-marlin_gfm60-BOB-uqJOIXU5KNyD-0_w0.wav,1.0,16000,1,0.9440608620643616,0.0238349172026207,39.60829544067383,0
gun_c3gd_uqJOIXU5KNyD_0-oh_farm-marlin_gfm60-BOB-uqJOIXU5KNyD-1_w0,c3gd_uqJOIXU5KNyD,gunshot,DANGEROUS_IMPULSE,data/processed\gunshot\gun_c3gd_uqJOIXU5KNyD_0-oh_farm-marlin_gfm60-BOB-uqJOIXU5KNyD-1_w0.wav,1.0,16000,1,0.3607916831970215,0.0065797985230477,54.83316040039063,0
gun_c3gd_uqJOIXU5KNyD_0-oh_farm-marlin_gfm60-BOB-uqJOIXU5KNyD-10_w0,c3gd_uqJOIXU5KNyD,gunshot,DANGEROUS_IMPULSE,data/processed\gunshot\gun_c3gd_uqJOIXU5KNyD_0-oh_farm-marlin_gfm60-BOB-uqJOIXU5KNyD-10_w0.wav,1.0,16000,1,0.9219197034835817,0.0175730380009063,52.46214294433594,0
gun_c3gd_uqJOIXU5KNyD_0-oh_farm-marlin_gfm60-BOB-uqJOIXU5KNyD-11_w0,c3gd_uqJOIXU5KNyD,gunshot,DANGEROUS_IMPULSE,data/processed\gunshot\gun_c3gd_uqJOIXU5KNyD_0-oh_farm-marlin_gfm60-BOB-uqJOIXU5KNyD-11_w0.wav,1.0,16000,1,0.9440608620643616,0.0193408785452925,48.81166076660156,0
gun_c3gd_uqJOIXU5KNyD_0-oh_farm-marlin_gfm60-BOB-uqJOIXU5KNyD-12_w0,c3gd_uqJOIXU5KNyD,gunshot,DANGEROUS_IMPULSE,data/processed\gunshot\gun_c3gd_uqJOIXU5KNyD_0-oh_farm-marlin_gfm60-BOB-uqJOIXU5KNyD-12_w0.wav,1.0,16000,1,0.9440608620643616,0.0227697666090278,41.46113586425781,0
gun_c3gd_uqJOIXU5KNyD_0-oh_farm-marlin_gfm60-BOB-uqJOIXU5KNyD-2_w0,c3gd_uqJOIXU5KNyD,gunshot,DANGEROUS_IMPULSE,data/processed\gunshot\gun_c3gd_uqJOIXU5KNyD_0-oh_farm-marlin_gfm60-BOB-uqJOIXU5KNyD-2_w0.wav,1.0,16000,1,0.6379687786102295,0.0160265778968259,39.80690002441406,0
gun_c3gd_uqJOIXU5KNyD_0-oh_farm-marlin_gfm60-BOB-uqJOIXU5KNyD-3_w0,c3gd_uqJOIXU5KNyD,gunshot,DANGEROUS_IMPULSE,data/processed\gunshot\gun_c3gd_uqJOIXU5KNyD_0-oh_farm-marlin_gfm60-BOB-uqJOIXU5KNyD-3_w0.wav,1.0,16000,1,0.5233206748962402,0.0107160767024652,48.83505630493164,0
gun_c3gd_uqJOIXU5KNyD_0-oh_farm-marlin_gfm60-BOB-uqJOIXU5KNyD-4_w0,c3gd_uqJOIXU5KNyD,gunshot,DANGEROUS_IMPULSE,data/processed\gunshot\gun_c3gd_uqJOIXU5KNyD_0-oh_farm-marlin_gfm60-BOB-uqJOIXU5KNyD-4_w0.wav,1.0,16000,1,0.9440609216690063,0.0230057620918366,41.03582763671875,0
gun_c3gd_uqJOIXU5KNyD_0-oh_farm-marlin_gfm60-BOB-uqJOIXU5KNyD-5_w0,c3gd_uqJOIXU5KNyD,gunshot,DANGEROUS_IMPULSE,data/processed\gunshot\gun_c3gd_uqJOIXU5KNyD_0-oh_farm-marlin_gfm60-BOB-uqJOIXU5KNyD-5_w0.wav,1.0,16000,1,0.9440608620643616,0.0180098067493525,52.41923522949219,0
gun_c3gd_uqJOIXU5KNyD_0-oh_farm-marlin_gfm60-BOB-uqJOIXU5KNyD-6_w0,c3gd_uqJOIXU5KNyD,gunshot,DANGEROUS_IMPULSE,data/processed\gunshot\gun_c3gd_uqJOIXU5KNyD_0-oh_farm-marlin_gfm60-BOB-uqJOIXU5KNyD-6_w0.wav,1.0,16000,1,0.9440608620643616,0.0171189239564949,55.14717483520508,0
gun_c3gd_uqJOIXU5KNyD_0-oh_farm-marlin_gfm60-BOB-uqJOIXU5KNyD-7_w0,c3gd_uqJOIXU5KNyD,gunshot,DANGEROUS_IMPULSE,data/processed\gunshot\gun_c3gd_uqJOIXU5KNyD_0-oh_farm-marlin_gfm60-BOB-uqJOIXU5KNyD-7_w0.wav,1.0,16000,1,0.6859220266342163,0.0110736397435437,61.94181823730469,0
gun_c3gd_uqJOIXU5KNyD_0-oh_farm-marlin_gfm60-BOB-uqJOIXU5KNyD-8_w0,c3gd_uqJOIXU5KNyD,gunshot,DANGEROUS_IMPULSE,data/processed\gunshot\gun_c3gd_uqJOIXU5KNyD_0-oh_farm-marlin_gfm60-BOB-uqJOIXU5KNyD-8_w0.wav,1.0,16000,1,0.9440608620643616,0.0284531873638034,33.17942810058594,0
gun_c3gd_uqJOIXU5KNyD_0-oh_farm-marlin_gfm60-BOB-uqJOIXU5KNyD-9_w0,c3gd_uqJOIXU5KNyD,gunshot,DANGEROUS_IMPULSE,data/processed\gunshot\gun_c3gd_uqJOIXU5KNyD_0-oh_farm-marlin_gfm60-BOB-uqJOIXU5KNyD-9_w0.wav,1.0,16000,1,0.9440608620643616,0.0194519100422606,48.53304290771485,0
gun_c3gd_LHCJouw2E9X8_0-oh_farm-springfield_87A-ALICE-LHCJouw2E9X8-0_w0,c3gd_LHCJouw2E9X8,gunshot,DANGEROUS_IMPULSE,data/processed\gunshot\gun_c3gd_LHCJouw2E9X8_0-oh_farm-springfield_87A-ALICE-LHCJouw2E9X8-0_w0.wav,1.0,16000,1,0.705295205116272,0.0354949592365158,19.87028694152832,0
gun_c3gd_LHCJouw2E9X8_0-oh_farm-springfield_87A-ALICE-LHCJouw2E9X8-1_w0,c3gd_LHCJouw2E9X8,gunshot,DANGEROUS_IMPULSE,data/processed\gunshot\gun_c3gd_LHCJouw2E9X8_0-oh_farm-springfield_87A-ALICE-LHCJouw2E9X8-1_w0.wav,1.0,16000,1,0.5718199610710144,0.0246785051974944,23.17076110839844,0
gun_c3gd_LHCJouw2E9X8_0-oh_farm-springfield_87A-ALICE-LHCJouw2E9X8-10_w0,c3gd_LHCJouw2E9X8,gunshot,DANGEROUS_IMPULSE,data/processed\gunshot\gun_c3gd_LHCJouw2E9X8_0-oh_farm-springfield_87A-ALICE-LHCJouw2E9X8-10_w0.wav,1.0,16000,1,0.6159063577651978,0.0305802074557428,20.14068031311035,0
gun_c3gd_LHCJouw2E9X8_0-oh_farm-springfield_87A-ALICE-LHCJouw2E9X8-2_w0,c3gd_LHCJouw2E9X8,gunshot,DANGEROUS_IMPULSE,data/processed\gunshot\gun_c3gd_LHCJouw2E9X8_0-oh_farm-springfield_87A-ALICE-LHCJouw2E9X8-2_w0.wav,1.0,16000,1,0.6118594408035278,0.0265347841063479,23.05875968933105,0
gun_c3gd_LHCJouw2E9X8_0-oh_farm-springfield_87A-ALICE-LHCJouw2E9X8-3_w0,c3gd_LHCJouw2E9X8,gunshot,DANGEROUS_IMPULSE,data/processed\gunshot\gun_c3gd_LHCJouw2E9X8_0-oh_farm-springfield_87A-ALICE-LHCJouw2E9X8-3_w0.wav,1.0,16000,1,0.5400198101997375,0.0272958071229035,19.78397750854492,0
gun_c3gd_LHCJouw2E9X8_0-oh_farm-springfield_87A-ALICE-LHCJouw2E9X8-4_w0,c3gd_LHCJouw2E9X8,gunshot,DANGEROUS_IMPULSE,data/processed\gunshot\gun_c3gd_LHCJouw2E9X8_0-oh_farm-springfield_87A-ALICE-LHCJouw2E9X8-4_w0.wav,1.0,16000,1,0.748494565486908,0.0329959397293755,22.684436798095703,0
gun_c3gd_LHCJouw2E9X8_0-oh_farm-springfield_87A-ALICE-LHCJouw2E9X8-5_w0,c3gd_LHCJouw2E9X8,gunshot,DANGEROUS_IMPULSE,data/processed\gunshot\gun_c3gd_LHCJouw2E9X8_0-oh_farm-springfield_87A-ALICE-LHCJouw2E9X8-5_w0.wav,1.0,16000,1,0.7072697877883911,0.0312546357799291,22.629268646240234,0
gun_c3gd_LHCJouw2E9X8_0-oh_farm-springfield_87A-ALICE-LHCJouw2E9X8-6_w0,c3gd_LHCJouw2E9X8,gunshot,DANGEROUS_IMPULSE,data/processed\gunshot\gun_c3gd_LHCJouw2E9X8_0-oh_farm-springfield_87A-ALICE-LHCJouw2E9X8-6_w0.wav,1.0,16000,1,0.6288053393363953,0.0287971089795242,21.835702896118164,0
gun_c3gd_LHCJouw2E9X8_0-oh_farm-springfield_87A-ALICE-LHCJouw2E9X8-7_w0,c3gd_LHCJouw2E9X8,gunshot,DANGEROUS_IMPULSE,data/processed\gunshot\gun_c3gd_LHCJouw2E9X8_0-oh_farm-springfield_87A-ALICE-LHCJouw2E9X8-7_w0.wav,1.0,16000,1,0.677455484867096,0.0284331505244089,23.82624626159668,0
gun_c3gd_LHCJouw2E9X8_0-oh_farm-springfield_87A-ALICE-LHCJouw2E9X8-8_w0,c3gd_LHCJouw2E9X8,gunshot,DANGEROUS_IMPULSE,data/processed\gunshot\gun_c3gd_LHCJouw2E9X8_0-oh_farm-springfield_87A-ALICE-LHCJouw2E9X8-8_w0.wav,1.0,16000,1,0.4336711168289184,0.0147282200964679,29.44488906860352,0
gun_c3gd_LHCJouw2E9X8_0-oh_farm-springfield_87A-ALICE-LHCJouw2E9X8-9_w0,c3gd_LHCJouw2E9X8,gunshot,DANGEROUS_IMPULSE,data/processed\gunshot\gun_c3gd_LHCJouw2E9X8_0-oh_farm-springfield_87A-ALICE-LHCJouw2E9X8-9_w0.wav,1.0,16000,1,0.7775598764419556,0.0340836179604392,22.813295364379883,0
gun_c3gd_x9C07RP1FoxZ_0-oh_farm-springfield_87A-ALICE-x9C07RP1FoxZ-0_w0,c3gd_x9C07RP1FoxZ,gunshot,DANGEROUS_IMPULSE,data/processed\gunshot\gun_c3gd_x9C07RP1FoxZ_0-oh_farm-springfield_87A-ALICE-x9C07RP1FoxZ-0_w0.wav,1.0,16000,1,0.4593503773212433,0.020695190776202,22.195985794067383,0
gun_c3gd_x9C07RP1FoxZ_0-oh_farm-springfield_87A-ALICE-x9C07RP1FoxZ-1_w0,c3gd_x9C07RP1FoxZ,gunshot,DANGEROUS_IMPULSE,data/processed\gunshot\gun_c3gd_x9C07RP1FoxZ_0-oh_farm-springfield_87A-ALICE-x9C07RP1FoxZ-1_w0.wav,1.0,16000,1,0.3274720013141632,0.0136069845076527,24.06644630432129,0
gun_c3gd_x9C07RP1FoxZ_0-oh_farm-springfield_87A-ALICE-x9C07RP1FoxZ-10_w0,c3gd_x9C07RP1FoxZ,gunshot,DANGEROUS_IMPULSE,data/processed\gunshot\gun_c3gd_x9C07RP1FoxZ_0-oh_farm-springfield_87A-ALICE-x9C07RP1FoxZ-10_w0.wav,1.0,16000,1,0.2883235216140747,0.0170763720479714,16.88434410095215,0
gun_c3gd_x9C07RP1FoxZ_0-oh_farm-springfield_87A-ALICE-x9C07RP1FoxZ-2_w0,c3gd_x9C07RP1FoxZ,gunshot,DANGEROUS_IMPULSE,data/processed\gunshot\gun_c3gd_x9C07RP1FoxZ_0-oh_farm-springfield_87A-ALICE-x9C07RP1FoxZ-2_w0.wav,1.0,16000,1,0.4423352777957916,0.015559987887738,28.42772102355957,0
gun_c3gd_x9C07RP1FoxZ_0-oh_farm-springfield_87A-ALICE-x9C07RP1FoxZ-3_w0,c3gd_x9C07RP1FoxZ,gunshot,DANGEROUS_IMPULSE,data/processed\gunshot\gun_c3gd_x9C07RP1FoxZ_0-oh_farm-springfield_87A-ALICE-x9C07RP1FoxZ-3_w0.wav,1.0,16000,1,0.344180703163147,0.0158311765729148,21.74067497253418,0
gun_c3gd_x9C07RP1FoxZ_0-oh_farm-springfield_87A-ALICE-x9C07RP1FoxZ-4_w0,c3gd_x9C07RP1FoxZ,gunshot,DANGEROUS_IMPULSE,data/processed\gunshot\gun_c3gd_x9C07RP1FoxZ_0-oh_farm-springfield_87A-ALICE-x9C07RP1FoxZ-4_w0.wav,1.0,16000,1,0.6742136478424072,0.0196944341305268,34.233699798583984,0
gun_c3gd_x9C07RP1FoxZ_0-oh_farm-springfield_87A-ALICE-x9C07RP1FoxZ-5_w0,c3gd_x9C07RP1FoxZ,gunshot,DANGEROUS_IMPULSE,data/processed\gunshot\gun_c3gd_x9C07RP1FoxZ_0-oh_farm-springfield_87A-ALICE-x9C07RP1FoxZ-5_w0.wav,1.0,16000,1,0.5922849178314209,0.0179711355823364,32.957550048828125,0
gun_c3gd_x9C07RP1FoxZ_0-oh_farm-springfield_87A-ALICE-x9C07RP1FoxZ-6_w0,c3gd_x9C07RP1FoxZ,gunshot,DANGEROUS_IMPULSE,data/processed\gunshot\gun_c3gd_x9C07RP1FoxZ_0-oh_farm-springfield_87A-ALICE-x9C07RP1FoxZ-6_w0.wav,1.0,16000,1,0.3639923632144928,0.0160866294789469,22.626996994018555,0
gun_c3gd_x9C07RP1FoxZ_0-oh_farm-springfield_87A-ALICE-x9C07RP1FoxZ-7_w0,c3gd_x9C07RP1FoxZ,gunshot,DANGEROUS_IMPULSE,data/processed\gunshot\gun_c3gd_x9C07RP1FoxZ_0-oh_farm-springfield_87A-ALICE-x9C07RP1FoxZ-7_w0.wav,1.0,16000,1,0.3507232666015625,0.0164687059565761,21.29633331298828,0
gun_c3gd_x9C07RP1FoxZ_0-oh_farm-springfield_87A-ALICE-x9C07RP1FoxZ-8_w0,c3gd_x9C07RP1FoxZ,gunshot,DANGEROUS_IMPULSE,data/processed\gunshot\gun_c3gd_x9C07RP1FoxZ_0-oh_farm-springfield_87A-ALICE-x9C07RP1FoxZ-8_w0.wav,1.0,16000,1,0.2269475013017654,0.0085080470857328,26.674421310424805,0
gun_c3gd_x9C07RP1FoxZ_0-oh_farm-springfield_87A-ALICE-x9C07RP1FoxZ-9_w0,c3gd_x9C07RP1FoxZ,gunshot,DANGEROUS_IMPULSE,data/processed\gunshot\gun_c3gd_x9C07RP1FoxZ_0-oh_farm-springfield_87A-ALICE-x9C07RP1FoxZ-9_w0.wav,1.0,16000,1,0.5279974937438965,0.0193926768050198,27.22663116455078,0
gun_c3gd_nT21wqwhXL6h_0-oh_farm-springfield_87A-BOB-nT21wqwhXL6h-0_w0,c3gd_nT21wqwhXL6h,gunshot,DANGEROUS_IMPULSE,data/processed\gunshot\gun_c3gd_nT21wqwhXL6h_0-oh_farm-springfield_87A-BOB-nT21wqwhXL6h-0_w0.wav,1.0,16000,1,0.9440608620643616,0.0219682212168378,42.973915100097656,0
gun_c3gd_nT21wqwhXL6h_0-oh_farm-springfield_87A-BOB-nT21wqwhXL6h-1_w0,c3gd_nT21wqwhXL6h,gunshot,DANGEROUS_IMPULSE,data/processed\gunshot\gun_c3gd_nT21wqwhXL6h_0-oh_farm-springfield_87A-BOB-nT21wqwhXL6h-1_w0.wav,1.0,16000,1,0.9440608620643616,0.0241599218797379,39.075477600097656,0
gun_c3gd_nT21wqwhXL6h_0-oh_farm-springfield_87A-BOB-nT21wqwhXL6h-10_w0,c3gd_nT21wqwhXL6h,gunshot,DANGEROUS_IMPULSE,data/processed\gunshot\gun_c3gd_nT21wqwhXL6h_0-oh_farm-springfield_87A-BOB-nT21wqwhXL6h-10_w0.wav,1.0,16000,1,0.9440608620643616,0.0170971863163826,55.21729278564453,0
gun_c3gd_nT21wqwhXL6h_0-oh_farm-springfield_87A-BOB-nT21wqwhXL6h-2_w0,c3gd_nT21wqwhXL6h,gunshot,DANGEROUS_IMPULSE,data/processed\gunshot\gun_c3gd_nT21wqwhXL6h_0-oh_farm-springfield_87A-BOB-nT21wqwhXL6h-2_w0.wav,1.0,16000,1,0.9440609216690063,0.022085053344405,42.746578216552734,0
gun_c3gd_nT21wqwhXL6h_0-oh_farm-springfield_87A-BOB-nT21wqwhXL6h-3_w0,c3gd_nT21wqwhXL6h,gunshot,DANGEROUS_IMPULSE,data/processed\gunshot\gun_c3gd_nT21wqwhXL6h_0-oh_farm-springfield_87A-BOB-nT21wqwhXL6h-3_w0.wav,1.0,16000,1,0.9440608620643616,0.0174012842107325,54.25233459472656,0
gun_c3gd_nT21wqwhXL6h_0-oh_farm-springfield_87A-BOB-nT21wqwhXL6h-4_w0,c3gd_nT21wqwhXL6h,gunshot,DANGEROUS_IMPULSE,data/processed\gunshot\gun_c3gd_nT21wqwhXL6h_0-oh_farm-springfield_87A-BOB-nT21wqwhXL6h-4_w0.wav,1.0,16000,1,0.9440609216690063,0.0241763318357088,39.048954010009766,0
gun_c3gd_nT21wqwhXL6h_0-oh_farm-springfield_87A-BOB-nT21wqwhXL6h-5_w0,c3gd_nT21wqwhXL6h,gunshot,DANGEROUS_IMPULSE,data/processed\gunshot\gun_c3gd_nT21wqwhXL6h_0-oh_farm-springfield_87A-BOB-nT21wqwhXL6h-5_w0.wav,1.0,16000,1,0.9440608620643616,0.0232522743239761,40.60078048706055,0
gun_c3gd_nT21wqwhXL6h_0-oh_farm-springfield_87A-BOB-nT21wqwhXL6h-6_w0,c3gd_nT21wqwhXL6h,gunshot,DANGEROUS_IMPULSE,data/processed\gunshot\gun_c3gd_nT21wqwhXL6h_0-oh_farm-springfield_87A-BOB-nT21wqwhXL6h-6_w0.wav,1.0,16000,1,0.9440608024597168,0.0299924977770418,31.47655487060547,0
gun_c3gd_nT21wqwhXL6h_0-oh_farm-springfield_87A-BOB-nT21wqwhXL6h-7_w0,c3gd_nT21wqwhXL6h,gunshot,DANGEROUS_IMPULSE,data/processed\gunshot\gun_c3gd_nT21wqwhXL6h_0-oh_farm-springfield_87A-BOB-nT21wqwhXL6h-7_w0.wav,1.0,16000,1,0.9440608620643616,0.0205109698839593,46.027099609375,0
gun_c3gd_nT21wqwhXL6h_0-oh_farm-springfield_87A-BOB-nT21wqwhXL6h-8_w0,c3gd_nT21wqwhXL6h,gunshot,DANGEROUS_IMPULSE,data/processed\gunshot\gun_c3gd_nT21wqwhXL6h_0-oh_farm-springfield_87A-BOB-nT21wqwhXL6h-8_w0.wav,1.0,16000,1,0.9440608620643616,0.0252950800931316,37.321903228759766,0
gun_c3gd_nT21wqwhXL6h_0-oh_farm-springfield_87A-BOB-nT21wqwhXL6h-9_w0,c3gd_nT21wqwhXL6h,gunshot,DANGEROUS_IMPULSE,data/processed\gunshot\gun_c3gd_nT21wqwhXL6h_0-oh_farm-springfield_87A-BOB-nT21wqwhXL6h-9_w0.wav,1.0,16000,1,0.9440608620643616,0.0186466195150656,50.62903594970703,0
gun_c3gd_Tcw4E6V1PxYc_0-oh_farm-springfield_87A-DAVE-Tcw4E6V1PxYc-0_w0,c3gd_Tcw4E6V1PxYc,gunshot,DANGEROUS_IMPULSE,data/processed\gunshot\gun_c3gd_Tcw4E6V1PxYc_0-oh_farm-springfield_87A-DAVE-Tcw4E6V1PxYc-0_w0.wav,1.0,16000,1,0.4688416719436645,0.0210248277846204,22.29941940307617,0
gun_c3gd_Tcw4E6V1PxYc_0-oh_farm-springfield_87A-DAVE-Tcw4E6V1PxYc-1_w0,c3gd_Tcw4E6V1PxYc,gunshot,DANGEROUS_IMPULSE,data/processed\gunshot\gun_c3gd_Tcw4E6V1PxYc_0-oh_farm-springfield_87A-DAVE-Tcw4E6V1PxYc-1_w0.wav,1.0,16000,1,0.2553876340389251,0.01193582382452,21.39671516418457,0
gun_c3gd_Tcw4E6V1PxYc_0-oh_farm-springfield_87A-DAVE-Tcw4E6V1PxYc-10_w0,c3gd_Tcw4E6V1PxYc,gunshot,DANGEROUS_IMPULSE,data/processed\gunshot\gun_c3gd_Tcw4E6V1PxYc_0-oh_farm-springfield_87A-DAVE-Tcw4E6V1PxYc-10_w0.wav,1.0,16000,1,0.3634042143821716,0.0178388810437293,20.371456146240234,0
gun_c3gd_Tcw4E6V1PxYc_0-oh_farm-springfield_87A-DAVE-Tcw4E6V1PxYc-2_w0,c3gd_Tcw4E6V1PxYc,gunshot,DANGEROUS_IMPULSE,data/processed\gunshot\gun_c3gd_Tcw4E6V1PxYc_0-oh_farm-springfield_87A-DAVE-Tcw4E6V1PxYc-2_w0.wav,1.0,16000,1,0.2547669410705566,0.0138154474128743,18.440717697143555,0
gun_c3gd_Tcw4E6V1PxYc_0-oh_farm-springfield_87A-DAVE-Tcw4E6V1PxYc-3_w0,c3gd_Tcw4E6V1PxYc,gunshot,DANGEROUS_IMPULSE,data/processed\gunshot\gun_c3gd_Tcw4E6V1PxYc_0-oh_farm-springfield_87A-DAVE-Tcw4E6V1PxYc-3_w0.wav,1.0,16000,1,0.3369883298873901,0.0173284788858237,19.44706916809082,0
gun_c3gd_Tcw4E6V1PxYc_0-oh_farm-springfield_87A-DAVE-Tcw4E6V1PxYc-4_w0,c3gd_Tcw4E6V1PxYc,gunshot,DANGEROUS_IMPULSE,data/processed\gunshot\gun_c3gd_Tcw4E6V1PxYc_0-oh_farm-springfield_87A-DAVE-Tcw4E6V1PxYc-4_w0.wav,1.0,16000,1,0.4293912351131439,0.0190606547108881,22.527610778808597,0
gun_c3gd_Tcw4E6V1PxYc_0-oh_farm-springfield_87A-DAVE-Tcw4E6V1PxYc-5_w0,c3gd_Tcw4E6V1PxYc,gunshot,DANGEROUS_IMPULSE,data/processed\gunshot\gun_c3gd_Tcw4E6V1PxYc_0-oh_farm-springfield_87A-DAVE-Tcw4E6V1PxYc-5_w0.wav,1.0,16000,1,0.3367679119110107,0.0161232231276066,20.88711929321289,0
gun_c3gd_Tcw4E6V1PxYc_0-oh_farm-springfield_87A-DAVE-Tcw4E6V1PxYc-6_w0,c3gd_Tcw4E6V1PxYc,gunshot,DANGEROUS_IMPULSE,data/processed\gunshot\gun_c3gd_Tcw4E6V1PxYc_0-oh_farm-springfield_87A-DAVE-Tcw4E6V1PxYc-6_w0.wav,1.0,16000,1,0.3456780612468719,0.0159468837243795,21.67682838439941,0
gun_c3gd_Tcw4E6V1PxYc_0-oh_farm-springfield_87A-DAVE-Tcw4E6V1PxYc-7_w0,c3gd_Tcw4E6V1PxYc,gunshot,DANGEROUS_IMPULSE,data/processed\gunshot\gun_c3gd_Tcw4E6V1PxYc_0-oh_farm-springfield_87A-DAVE-Tcw4E6V1PxYc-7_w0.wav,1.0,16000,1,0.271220713853836,0.0158783253352918,17.081180572509766,0
gun_c3gd_Tcw4E6V1PxYc_0-oh_farm-springfield_87A-DAVE-Tcw4E6V1PxYc-8_w0,c3gd_Tcw4E6V1PxYc,gunshot,DANGEROUS_IMPULSE,data/processed\gunshot\gun_c3gd_Tcw4E6V1PxYc_0-oh_farm-springfield_87A-DAVE-Tcw4E6V1PxYc-8_w0.wav,1.0,16000,1,0.3553150296211242,0.0099209187557926,35.814693450927734,0
gun_c3gd_Tcw4E6V1PxYc_0-oh_farm-springfield_87A-DAVE-Tcw4E6V1PxYc-9_w0,c3gd_Tcw4E6V1PxYc,gunshot,DANGEROUS_IMPULSE,data/processed\gunshot\gun_c3gd_Tcw4E6V1PxYc_0-oh_farm-springfield_87A-DAVE-Tcw4E6V1PxYc-9_w0.wav,1.0,16000,1,0.3400136828422546,0.0187139748032383,18.16896247863769,0
gun_c3gd_IKYhjOMkSeE6_0-oh_farm-springfield_87A-ERIN-IKYhjOMkSeE6-0_w0,c3gd_IKYhjOMkSeE6,gunshot,DANGEROUS_IMPULSE,data/processed\gunshot\gun_c3gd_IKYhjOMkSeE6_0-oh_farm-springfield_87A-ERIN-IKYhjOMkSeE6-0_w0.wav,1.0,16000,1,0.0953694656491279,0.0061340406166335,15.547551155090332,0
gun_c3gd_IKYhjOMkSeE6_0-oh_farm-springfield_87A-ERIN-IKYhjOMkSeE6-1_w0,c3gd_IKYhjOMkSeE6,gunshot,DANGEROUS_IMPULSE,data/processed\gunshot\gun_c3gd_IKYhjOMkSeE6_0-oh_farm-springfield_87A-ERIN-IKYhjOMkSeE6-1_w0.wav,1.0,16000,1,0.0477056875824928,0.0041642579699629,11.455960273742676,0
gun_c3gd_IKYhjOMkSeE6_0-oh_farm-springfield_87A-ERIN-IKYhjOMkSeE6-10_w0,c3gd_IKYhjOMkSeE6,gunshot,DANGEROUS_IMPULSE,data/processed\gunshot\gun_c3gd_IKYhjOMkSeE6_0-oh_farm-springfield_87A-ERIN-IKYhjOMkSeE6-10_w0.wav,1.0,16000,1,0.1003306731581687,0.0054435572928059,18.43105125427246,0
gun_c3gd_IKYhjOMkSeE6_0-oh_farm-springfield_87A-ERIN-IKYhjOMkSeE6-2_w0,c3gd_IKYhjOMkSeE6,gunshot,DANGEROUS_IMPULSE,data/processed\gunshot\gun_c3gd_IKYhjOMkSeE6_0-oh_farm-springfield_87A-ERIN-IKYhjOMkSeE6-2_w0.wav,1.0,16000,1,0.0583437979221344,0.0049471683961503,11.79334831237793,0
gun_c3gd_IKYhjOMkSeE6_0-oh_farm-springfield_87A-ERIN-IKYhjOMkSeE6-3_w0,c3gd_IKYhjOMkSeE6,gunshot,DANGEROUS_IMPULSE,data/processed\gunshot\gun_c3gd_IKYhjOMkSeE6_0-oh_farm-springfield_87A-ERIN-IKYhjOMkSeE6-3_w0.wav,1.0,16000,1,0.0887310951948165,0.0054942158182239,16.14988136291504,0
gun_c3gd_IKYhjOMkSeE6_0-oh_farm-springfield_87A-ERIN-IKYhjOMkSeE6-4_w0,c3gd_IKYhjOMkSeE6,gunshot,DANGEROUS_IMPULSE,data/processed\gunshot\gun_c3gd_IKYhjOMkSeE6_0-oh_farm-springfield_87A-ERIN-IKYhjOMkSeE6-4_w0.wav,1.0,16000,1,0.1008397489786148,0.0059751378834096,16.876527786254883,0
gun_c3gd_IKYhjOMkSeE6_0-oh_farm-springfield_87A-ERIN-IKYhjOMkSeE6-5_w0,c3gd_IKYhjOMkSeE6,gunshot,DANGEROUS_IMPULSE,data/processed\gunshot\gun_c3gd_IKYhjOMkSeE6_0-oh_farm-springfield_87A-ERIN-IKYhjOMkSeE6-5_w0.wav,1.0,16000,1,0.0507740601897239,0.0047340494888897,10.725269317626951,0
gun_c3gd_IKYhjOMkSeE6_0-oh_farm-springfield_87A-ERIN-IKYhjOMkSeE6-6_w0,c3gd_IKYhjOMkSeE6,gunshot,DANGEROUS_IMPULSE,data/processed\gunshot\gun_c3gd_IKYhjOMkSeE6_0-oh_farm-springfield_87A-ERIN-IKYhjOMkSeE6-6_w0.wav,1.0,16000,1,0.0774663090705871,0.0051856935208381,14.938437461853027,0
gun_c3gd_IKYhjOMkSeE6_0-oh_farm-springfield_87A-ERIN-IKYhjOMkSeE6-7_w0,c3gd_IKYhjOMkSeE6,gunshot,DANGEROUS_IMPULSE,data/processed\gunshot\gun_c3gd_IKYhjOMkSeE6_0-oh_farm-springfield_87A-ERIN-IKYhjOMkSeE6-7_w0.wav,1.0,16000,1,0.063339464366436,0.0051621538899044,12.269944190979004,0
gun_c3gd_IKYhjOMkSeE6_0-oh_farm-springfield_87A-ERIN-IKYhjOMkSeE6-8_w0,c3gd_IKYhjOMkSeE6,gunshot,DANGEROUS_IMPULSE,data/processed\gunshot\gun_c3gd_IKYhjOMkSeE6_0-oh_farm-springfield_87A-ERIN-IKYhjOMkSeE6-8_w0.wav,1.0,16000,1,0.0303843915462493,0.0024350795876655,12.477730751037598,0
gun_c3gd_IKYhjOMkSeE6_0-oh_farm-springfield_87A-ERIN-IKYhjOMkSeE6-9_w0,c3gd_IKYhjOMkSeE6,gunshot,DANGEROUS_IMPULSE,data/processed\gunshot\gun_c3gd_IKYhjOMkSeE6_0-oh_farm-springfield_87A-ERIN-IKYhjOMkSeE6-9_w0.wav,1.0,16000,1,0.096851497888565,0.0057732415348304,16.775901794433594,0
gun_c3gd_iLyjoZ6DEsLu_0-oh_farm-springfield_87A-PIXEL-iLyjoZ6DEsLu-0_w0,c3gd_iLyjoZ6DEsLu,gunshot,DANGEROUS_IMPULSE,data/processed\gunshot\gun_c3gd_iLyjoZ6DEsLu_0-oh_farm-springfield_87A-PIXEL-iLyjoZ6DEsLu-0_w0.wav,1.0,16000,1,0.7880513072013855,0.0367452677888075,21.44632911682129,0
gun_c3gd_iLyjoZ6DEsLu_0-oh_farm-springfield_87A-PIXEL-iLyjoZ6DEsLu-1_w0,c3gd_iLyjoZ6DEsLu,gunshot,DANGEROUS_IMPULSE,data/processed\gunshot\gun_c3gd_iLyjoZ6DEsLu_0-oh_farm-springfield_87A-PIXEL-iLyjoZ6DEsLu-1_w0.wav,1.0,16000,1,0.9113791584968568,0.0370416729504416,24.604150772094727,0
gun_c3gd_iLyjoZ6DEsLu_0-oh_farm-springfield_87A-PIXEL-iLyjoZ6DEsLu-10_w0,c3gd_iLyjoZ6DEsLu,gunshot,DANGEROUS_IMPULSE,data/processed\gunshot\gun_c3gd_iLyjoZ6DEsLu_0-oh_farm-springfield_87A-PIXEL-iLyjoZ6DEsLu-10_w0.wav,1.0,16000,1,0.9006039500236511,0.0250907727553859,35.89381790161133,0
gun_c3gd_iLyjoZ6DEsLu_0-oh_farm-springfield_87A-PIXEL-iLyjoZ6DEsLu-2_w0,c3gd_iLyjoZ6DEsLu,gunshot,DANGEROUS_IMPULSE,data/processed\gunshot\gun_c3gd_iLyjoZ6DEsLu_0-oh_farm-springfield_87A-PIXEL-iLyjoZ6DEsLu-2_w0.wav,1.0,16000,1,0.8955929279327393,0.02882698046149,31.067859649658203,0
gun_c3gd_iLyjoZ6DEsLu_0-oh_farm-springfield_87A-PIXEL-iLyjoZ6DEsLu-3_w0,c3gd_iLyjoZ6DEsLu,gunshot,DANGEROUS_IMPULSE,data/processed\gunshot\gun_c3gd_iLyjoZ6DEsLu_0-oh_farm-springfield_87A-PIXEL-iLyjoZ6DEsLu-3_w0.wav,1.0,16000,1,0.8008430600166321,0.026128937600759,30.64964866638184,0
gun_c3gd_iLyjoZ6DEsLu_0-oh_farm-springfield_87A-PIXEL-iLyjoZ6DEsLu-4_w0,c3gd_iLyjoZ6DEsLu,gunshot,DANGEROUS_IMPULSE,data/processed\gunshot\gun_c3gd_iLyjoZ6DEsLu_0-oh_farm-springfield_87A-PIXEL-iLyjoZ6DEsLu-4_w0.wav,1.0,16000,1,0.7927423715591431,0.0350038683086198,22.64727210998535,0
gun_c3gd_iLyjoZ6DEsLu_0-oh_farm-springfield_87A-PIXEL-iLyjoZ6DEsLu-5_w0,c3gd_iLyjoZ6DEsLu,gunshot,DANGEROUS_IMPULSE,data/processed\gunshot\gun_c3gd_iLyjoZ6DEsLu_0-oh_farm-springfield_87A-PIXEL-iLyjoZ6DEsLu-5_w0.wav,1.0,16000,1,0.9440608620643616,0.022992905418657,41.05877304077149,0
gun_c3gd_iLyjoZ6DEsLu_0-oh_farm-springfield_87A-PIXEL-iLyjoZ6DEsLu-6_w0,c3gd_iLyjoZ6DEsLu,gunshot,DANGEROUS_IMPULSE,data/processed\gunshot\gun_c3gd_iLyjoZ6DEsLu_0-oh_farm-springfield_87A-PIXEL-iLyjoZ6DEsLu-6_w0.wav,1.0,16000,1,0.8679798245429993,0.0374450885676272,23.180065155029297,0
gun_c3gd_iLyjoZ6DEsLu_0-oh_farm-springfield_87A-PIXEL-iLyjoZ6DEsLu-7_w0,c3gd_iLyjoZ6DEsLu,gunshot,DANGEROUS_IMPULSE,data/processed\gunshot\gun_c3gd_iLyjoZ6DEsLu_0-oh_farm-springfield_87A-PIXEL-iLyjoZ6DEsLu-7_w0.wav,1.0,16000,1,0.9440608620643616,0.0325557019288723,28.99831771850586,0
gun_c3gd_iLyjoZ6DEsLu_0-oh_farm-springfield_87A-PIXEL-iLyjoZ6DEsLu-8_w0,c3gd_iLyjoZ6DEsLu,gunshot,DANGEROUS_IMPULSE,data/processed\gunshot\gun_c3gd_iLyjoZ6DEsLu_0-oh_farm-springfield_87A-PIXEL-iLyjoZ6DEsLu-8_w0.wav,1.0,16000,1,0.9068334698677064,0.0282819401639691,32.06403732299805,0
gun_c3gd_iLyjoZ6DEsLu_0-oh_farm-springfield_87A-PIXEL-iLyjoZ6DEsLu-9_w0,c3gd_iLyjoZ6DEsLu,gunshot,DANGEROUS_IMPULSE,data/processed\gunshot\gun_c3gd_iLyjoZ6DEsLu_0-oh_farm-springfield_87A-PIXEL-iLyjoZ6DEsLu-9_w0.wav,1.0,16000,1,0.7931819558143616,0.0336975976534821,23.538227081298828,0
gun_c3gd_jmHo21ZrVDXJ_0-oh_farm-sw_mp22-ALICE-jmHo21ZrVDXJ-0_w0,c3gd_jmHo21ZrVDXJ,gunshot,DANGEROUS_IMPULSE,data/processed\gunshot\gun_c3gd_jmHo21ZrVDXJ_0-oh_farm-sw_mp22-ALICE-jmHo21ZrVDXJ-0_w0.wav,1.0,16000,1,0.9440608620643616,0.0405269961744363,23.294612884521484,0
gun_c3gd_jmHo21ZrVDXJ_0-oh_farm-sw_mp22-ALICE-jmHo21ZrVDXJ-1_w0,c3gd_jmHo21ZrVDXJ,gunshot,DANGEROUS_IMPULSE,data/processed\gunshot\gun_c3gd_jmHo21ZrVDXJ_0-oh_farm-sw_mp22-ALICE-jmHo21ZrVDXJ-1_w0.wav,1.0,16000,1,0.9440608620643616,0.0406669286850114,23.21445655822754,0
gun_c3gd_jmHo21ZrVDXJ_0-oh_farm-sw_mp22-ALICE-jmHo21ZrVDXJ-10_w0,c3gd_jmHo21ZrVDXJ,gunshot,DANGEROUS_IMPULSE,data/processed\gunshot\gun_c3gd_jmHo21ZrVDXJ_0-oh_farm-sw_mp22-ALICE-jmHo21ZrVDXJ-10_w0.wav,1.0,16000,1,0.9440608620643616,0.0634472669343389,14.879454612731934,0
gun_c3gd_jmHo21ZrVDXJ_0-oh_farm-sw_mp22-ALICE-jmHo21ZrVDXJ-11_w0,c3gd_jmHo21ZrVDXJ,gunshot,DANGEROUS_IMPULSE,data/processed\gunshot\gun_c3gd_jmHo21ZrVDXJ_0-oh_farm-sw_mp22-ALICE-jmHo21ZrVDXJ-11_w0.wav,1.0,16000,1,0.9440608620643616,0.0472503500484248,19.97997093200684,0
gun_c3gd_jmHo21ZrVDXJ_0-oh_farm-sw_mp22-ALICE-jmHo21ZrVDXJ-12_w0,c3gd_jmHo21ZrVDXJ,gunshot,DANGEROUS_IMPULSE,data/processed\gunshot\gun_c3gd_jmHo21ZrVDXJ_0-oh_farm-sw_mp22-ALICE-jmHo21ZrVDXJ-12_w0.wav,1.0,16000,1,0.9440608620643616,0.044132839208275,21.391340255737305,0
gun_c3gd_jmHo21ZrVDXJ_0-oh_farm-sw_mp22-ALICE-jmHo21ZrVDXJ-13_w0,c3gd_jmHo21ZrVDXJ,gunshot,DANGEROUS_IMPULSE,data/processed\gunshot\gun_c3gd_jmHo21ZrVDXJ_0-oh_farm-sw_mp22-ALICE-jmHo21ZrVDXJ-13_w0.wav,1.0,16000,1,0.9440608620643616,0.0458242674394745,20.60176086425781,0
gun_c3gd_jmHo21ZrVDXJ_0-oh_farm-sw_mp22-ALICE-jmHo21ZrVDXJ-14_w0,c3gd_jmHo21ZrVDXJ,gunshot,DANGEROUS_IMPULSE,data/processed\gunshot\gun_c3gd_jmHo21ZrVDXJ_0-oh_farm-sw_mp22-ALICE-jmHo21ZrVDXJ-14_w0.wav,1.0,16000,1,0.9440608620643616,0.0434133398430246,21.74586677551269,0
gun_c3gd_jmHo21ZrVDXJ_0-oh_farm-sw_mp22-ALICE-jmHo21ZrVDXJ-15_w0,c3gd_jmHo21ZrVDXJ,gunshot,DANGEROUS_IMPULSE,data/processed\gunshot\gun_c3gd_jmHo21ZrVDXJ_0-oh_farm-sw_mp22-ALICE-jmHo21ZrVDXJ-15_w0.wav,1.0,16000,1,0.9440608620643616,0.0432065592723561,21.849937438964844,0
gun_c3gd_jmHo21ZrVDXJ_0-oh_farm-sw_mp22-ALICE-jmHo21ZrVDXJ-16_w0,c3gd_jmHo21ZrVDXJ,gunshot,DANGEROUS_IMPULSE,data/processed\gunshot\gun_c3gd_jmHo21ZrVDXJ_0-oh_farm-sw_mp22-ALICE-jmHo21ZrVDXJ-16_w0.wav,1.0,16000,1,0.9440608620643616,0.0432082944246835,21.84906005859375,0
gun_c3gd_jmHo21ZrVDXJ_0-oh_farm-sw_mp22-ALICE-jmHo21ZrVDXJ-17_w0,c3gd_jmHo21ZrVDXJ,gunshot,DANGEROUS_IMPULSE,data/processed\gunshot\gun_c3gd_jmHo21ZrVDXJ_0-oh_farm-sw_mp22-ALICE-jmHo21ZrVDXJ-17_w0.wav,1.0,16000,1,0.9440609216690063,0.0425102168093643,22.20785522460937,0
gun_c3gd_jmHo21ZrVDXJ_0-oh_farm-sw_mp22-ALICE-jmHo21ZrVDXJ-18_w0,c3gd_jmHo21ZrVDXJ,gunshot,DANGEROUS_IMPULSE,data/processed\gunshot\gun_c3gd_jmHo21ZrVDXJ_0-oh_farm-sw_mp22-ALICE-jmHo21ZrVDXJ-18_w0.wav,1.0,16000,1,0.9440608620643616,0.0428969110531848,22.00765991210937,0
gun_c3gd_jmHo21ZrVDXJ_0-oh_farm-sw_mp22-ALICE-jmHo21ZrVDXJ-19_w0,c3gd_jmHo21ZrVDXJ,gunshot,DANGEROUS_IMPULSE,data/processed\gunshot\gun_c3gd_jmHo21ZrVDXJ_0-oh_farm-sw_mp22-ALICE-jmHo21ZrVDXJ-19_w0.wav,1.0,16000,1,0.9440608620643616,0.0893776923304297,10.562599182128906,0
gun_c3gd_jmHo21ZrVDXJ_0-oh_farm-sw_mp22-ALICE-jmHo21ZrVDXJ-2_w0,c3gd_jmHo21ZrVDXJ,gunshot,DANGEROUS_IMPULSE,data/processed\gunshot\gun_c3gd_jmHo21ZrVDXJ_0-oh_farm-sw_mp22-ALICE-jmHo21ZrVDXJ-2_w0.wav,1.0,16000,1,0.9440608620643616,0.0403673204075954,23.386754989624023,0
gun_c3gd_jmHo21ZrVDXJ_0-oh_farm-sw_mp22-ALICE-jmHo21ZrVDXJ-20_w0,c3gd_jmHo21ZrVDXJ,gunshot,DANGEROUS_IMPULSE,data/processed\gunshot\gun_c3gd_jmHo21ZrVDXJ_0-oh_farm-sw_mp22-ALICE-jmHo21ZrVDXJ-20_w0.wav,1.0,16000,1,0.9440608620643616,0.0722479702029577,13.066951751708984,0
gun_c3gd_jmHo21ZrVDXJ_0-oh_farm-sw_mp22-ALICE-jmHo21ZrVDXJ-21_w0,c3gd_jmHo21ZrVDXJ,gunshot,DANGEROUS_IMPULSE,data/processed\gunshot\gun_c3gd_jmHo21ZrVDXJ_0-oh_farm-sw_mp22-ALICE-jmHo21ZrVDXJ-21_w0.wav,1.0,16000,1,0.9440608620643616,0.0431606062631643,21.873201370239254,0
gun_c3gd_jmHo21ZrVDXJ_0-oh_farm-sw_mp22-ALICE-jmHo21ZrVDXJ-22_w0,c3gd_jmHo21ZrVDXJ,gunshot,DANGEROUS_IMPULSE,data/processed\gunshot\gun_c3gd_jmHo21ZrVDXJ_0-oh_farm-sw_mp22-ALICE-jmHo21ZrVDXJ-22_w0.wav,1.0,16000,1,0.9440608620643616,0.0423832526381883,22.27437973022461,0
gun_c3gd_jmHo21ZrVDXJ_0-oh_farm-sw_mp22-ALICE-jmHo21ZrVDXJ-23_w0,c3gd_jmHo21ZrVDXJ,gunshot,DANGEROUS_IMPULSE,data/processed\gunshot\gun_c3gd_jmHo21ZrVDXJ_0-oh_farm-sw_mp22-ALICE-jmHo21ZrVDXJ-23_w0.wav,1.0,16000,1,0.9440608620643616,0.0572891291233394,16.478879928588867,0
gun_c3gd_jmHo21ZrVDXJ_0-oh_farm-sw_mp22-ALICE-jmHo21ZrVDXJ-24_w0,c3gd_jmHo21ZrVDXJ,gunshot,DANGEROUS_IMPULSE,data/processed\gunshot\gun_c3gd_jmHo21ZrVDXJ_0-oh_farm-sw_mp22-ALICE-jmHo21ZrVDXJ-24_w0.wav,1.0,16000,1,0.9440608620643616,0.0756909059253155,12.472578048706056,0
gun_c3gd_jmHo21ZrVDXJ_0-oh_farm-sw_mp22-ALICE-jmHo21ZrVDXJ-25_w0,c3gd_jmHo21ZrVDXJ,gunshot,DANGEROUS_IMPULSE,data/processed\gunshot\gun_c3gd_jmHo21ZrVDXJ_0-oh_farm-sw_mp22-ALICE-jmHo21ZrVDXJ-25_w0.wav,1.0,16000,1,0.9440608620643616,0.0596571196012626,15.82477855682373,0
gun_c3gd_jmHo21ZrVDXJ_0-oh_farm-sw_mp22-ALICE-jmHo21ZrVDXJ-26_w0,c3gd_jmHo21ZrVDXJ,gunshot,DANGEROUS_IMPULSE,data/processed\gunshot\gun_c3gd_jmHo21ZrVDXJ_0-oh_farm-sw_mp22-ALICE-jmHo21ZrVDXJ-26_w0.wav,1.0,16000,1,0.9440608620643616,0.0425610572614882,22.181325912475582,0
gun_c3gd_jmHo21ZrVDXJ_0-oh_farm-sw_mp22-ALICE-jmHo21ZrVDXJ-27_w0,c3gd_jmHo21ZrVDXJ,gunshot,DANGEROUS_IMPULSE,data/processed\gunshot\gun_c3gd_jmHo21ZrVDXJ_0-oh_farm-sw_mp22-ALICE-jmHo21ZrVDXJ-27_w0.wav,1.0,16000,1,0.9440608620643616,0.0490795220281279,19.235326766967773,0
gun_c3gd_jmHo21ZrVDXJ_0-oh_farm-sw_mp22-ALICE-jmHo21ZrVDXJ-28_w0,c3gd_jmHo21ZrVDXJ,gunshot,DANGEROUS_IMPULSE,data/processed\gunshot\gun_c3gd_jmHo21ZrVDXJ_0-oh_farm-sw_mp22-ALICE-jmHo21ZrVDXJ-28_w0.wav,1.0,16000,1,0.9440608620643616,0.0677915353824064,13.925938606262209,0
gun_c3gd_jmHo21ZrVDXJ_0-oh_farm-sw_mp22-ALICE-jmHo21ZrVDXJ-29_w0,c3gd_jmHo21ZrVDXJ,gunshot,DANGEROUS_IMPULSE,data/processed\gunshot\gun_c3gd_jmHo21ZrVDXJ_0-oh_farm-sw_mp22-ALICE-jmHo21ZrVDXJ-29_w0.wav,1.0,16000,1,0.9440608620643616,0.082732298764625,11.411029815673828,0
gun_c3gd_jmHo21ZrVDXJ_0-oh_farm-sw_mp22-ALICE-jmHo21ZrVDXJ-3_w0,c3gd_jmHo21ZrVDXJ,gunshot,DANGEROUS_IMPULSE,data/processed\gunshot\gun_c3gd_jmHo21ZrVDXJ_0-oh_farm-sw_mp22-ALICE-jmHo21ZrVDXJ-3_w0.wav,1.0,16000,1,0.9440608620643616,0.040458888528661,23.333824157714844,0
gun_c3gd_jmHo21ZrVDXJ_0-oh_farm-sw_mp22-ALICE-jmHo21ZrVDXJ-30_w0,c3gd_jmHo21ZrVDXJ,gunshot,DANGEROUS_IMPULSE,data/processed\gunshot\gun_c3gd_jmHo21ZrVDXJ_0-oh_farm-sw_mp22-ALICE-jmHo21ZrVDXJ-30_w0.wav,1.0,16000,1,0.9440608620643616,0.0787748134401691,11.984296798706056,0
gun_c3gd_jmHo21ZrVDXJ_0-oh_farm-sw_mp22-ALICE-jmHo21ZrVDXJ-31_w0,c3gd_jmHo21ZrVDXJ,gunshot,DANGEROUS_IMPULSE,data/processed\gunshot\gun_c3gd_jmHo21ZrVDXJ_0-oh_farm-sw_mp22-ALICE-jmHo21ZrVDXJ-31_w0.wav,1.0,16000,1,0.9440608620643616,0.0470873102584858,20.049152374267575,0
gun_c3gd_jmHo21ZrVDXJ_0-oh_farm-sw_mp22-ALICE-jmHo21ZrVDXJ-32_w0,c3gd_jmHo21ZrVDXJ,gunshot,DANGEROUS_IMPULSE,data/processed\gunshot\gun_c3gd_jmHo21ZrVDXJ_0-oh_farm-sw_mp22-ALICE-jmHo21ZrVDXJ-32_w0.wav,1.0,16000,1,0.9440609216690063,0.0439287498839788,21.490724563598636,0
gun_c3gd_jmHo21ZrVDXJ_0-oh_farm-sw_mp22-ALICE-jmHo21ZrVDXJ-33_w0,c3gd_jmHo21ZrVDXJ,gunshot,DANGEROUS_IMPULSE,data/processed\gunshot\gun_c3gd_jmHo21ZrVDXJ_0-oh_farm-sw_mp22-ALICE-jmHo21ZrVDXJ-33_w0.wav,1.0,16000,1,0.9440608620643616,0.0623647336196352,15.137733459472656,0
gun_c3gd_jmHo21ZrVDXJ_0-oh_farm-sw_mp22-ALICE-jmHo21ZrVDXJ-34_w0,c3gd_jmHo21ZrVDXJ,gunshot,DANGEROUS_IMPULSE,data/processed\gunshot\gun_c3gd_jmHo21ZrVDXJ_0-oh_farm-sw_mp22-ALICE-jmHo21ZrVDXJ-34_w0.wav,1.0,16000,1,0.9440608620643616,0.0581932486724952,16.222856521606445,0
gun_c3gd_jmHo21ZrVDXJ_0-oh_farm-sw_mp22-ALICE-jmHo21ZrVDXJ-35_w0,c3gd_jmHo21ZrVDXJ,gunshot,DANGEROUS_IMPULSE,data/processed\gunshot\gun_c3gd_jmHo21ZrVDXJ_0-oh_farm-sw_mp22-ALICE-jmHo21ZrVDXJ-35_w0.wav,1.0,16000,1,0.9440608024597168,0.0605590888747903,15.589082717895508,0
gun_c3gd_jmHo21ZrVDXJ_0-oh_farm-sw_mp22-ALICE-jmHo21ZrVDXJ-36_w0,c3gd_jmHo21ZrVDXJ,gunshot,DANGEROUS_IMPULSE,data/processed\gunshot\gun_c3gd_jmHo21ZrVDXJ_0-oh_farm-sw_mp22-ALICE-jmHo21ZrVDXJ-36_w0.wav,1.0,16000,1,0.9440608620643616,0.0579865183743783,16.28069305419922,0
gun_c3gd_jmHo21ZrVDXJ_0-oh_farm-sw_mp22-ALICE-jmHo21ZrVDXJ-37_w0,c3gd_jmHo21ZrVDXJ,gunshot,DANGEROUS_IMPULSE,data/processed\gunshot\gun_c3gd_jmHo21ZrVDXJ_0-oh_farm-sw_mp22-ALICE-jmHo21ZrVDXJ-37_w0.wav,1.0,16000,1,0.9440608620643616,0.0411286329933673,22.95385360717773,0
gun_c3gd_jmHo21ZrVDXJ_0-oh_farm-sw_mp22-ALICE-jmHo21ZrVDXJ-38_w0,c3gd_jmHo21ZrVDXJ,gunshot,DANGEROUS_IMPULSE,data/processed\gunshot\gun_c3gd_jmHo21ZrVDXJ_0-oh_farm-sw_mp22-ALICE-jmHo21ZrVDXJ-38_w0.wav,1.0,16000,1,0.9440608620643616,0.0941095213732973,10.031512260437012,0
gun_c3gd_jmHo21ZrVDXJ_0-oh_farm-sw_mp22-ALICE-jmHo21ZrVDXJ-39_w0,c3gd_jmHo21ZrVDXJ,gunshot,DANGEROUS_IMPULSE,data/processed\gunshot\gun_c3gd_jmHo21ZrVDXJ_0-oh_farm-sw_mp22-ALICE-jmHo21ZrVDXJ-39_w0.wav,1.0,16000,1,0.9440608620643616,0.0863620798083554,10.931427001953123,0
gun_c3gd_jmHo21ZrVDXJ_0-oh_farm-sw_mp22-ALICE-jmHo21ZrVDXJ-4_w0,c3gd_jmHo21ZrVDXJ,gunshot,DANGEROUS_IMPULSE,data/processed\gunshot\gun_c3gd_jmHo21ZrVDXJ_0-oh_farm-sw_mp22-ALICE-jmHo21ZrVDXJ-4_w0.wav,1.0,16000,1,0.9440608620643616,0.0403750715870525,23.382266998291016,0
gun_c3gd_jmHo21ZrVDXJ_0-oh_farm-sw_mp22-ALICE-jmHo21ZrVDXJ-40_w0,c3gd_jmHo21ZrVDXJ,gunshot,DANGEROUS_IMPULSE,data/processed\gunshot\gun_c3gd_jmHo21ZrVDXJ_0-oh_farm-sw_mp22-ALICE-jmHo21ZrVDXJ-40_w0.wav,1.0,16000,1,0.9440608620643616,0.0457913514090584,20.6165714263916,0
gun_c3gd_jmHo21ZrVDXJ_0-oh_farm-sw_mp22-ALICE-jmHo21ZrVDXJ-5_w0,c3gd_jmHo21ZrVDXJ,gunshot,DANGEROUS_IMPULSE,data/processed\gunshot\gun_c3gd_jmHo21ZrVDXJ_0-oh_farm-sw_mp22-ALICE-jmHo21ZrVDXJ-5_w0.wav,1.0,16000,1,0.9440608620643616,0.0414624638375317,22.76904296875,0
gun_c3gd_jmHo21ZrVDXJ_0-oh_farm-sw_mp22-ALICE-jmHo21ZrVDXJ-6_w0,c3gd_jmHo21ZrVDXJ,gunshot,DANGEROUS_IMPULSE,data/processed\gunshot\gun_c3gd_jmHo21ZrVDXJ_0-oh_farm-sw_mp22-ALICE-jmHo21ZrVDXJ-6_w0.wav,1.0,16000,1,0.9440608620643616,0.0387535003217507,24.360654830932617,0
gun_c3gd_jmHo21ZrVDXJ_0-oh_farm-sw_mp22-ALICE-jmHo21ZrVDXJ-7_w0,c3gd_jmHo21ZrVDXJ,gunshot,DANGEROUS_IMPULSE,data/processed\gunshot\gun_c3gd_jmHo21ZrVDXJ_0-oh_farm-sw_mp22-ALICE-jmHo21ZrVDXJ-7_w0.wav,1.0,16000,1,0.9440608620643616,0.0427215806704985,22.097978591918945,0
gun_c3gd_jmHo21ZrVDXJ_0-oh_farm-sw_mp22-ALICE-jmHo21ZrVDXJ-8_w0,c3gd_jmHo21ZrVDXJ,gunshot,DANGEROUS_IMPULSE,data/processed\gunshot\gun_c3gd_jmHo21ZrVDXJ_0-oh_farm-sw_mp22-ALICE-jmHo21ZrVDXJ-8_w0.wav,1.0,16000,1,0.9440608620643616,0.041051516836939,22.996973037719727,0
gun_c3gd_jmHo21ZrVDXJ_0-oh_farm-sw_mp22-ALICE-jmHo21ZrVDXJ-9_w0,c3gd_jmHo21ZrVDXJ,gunshot,DANGEROUS_IMPULSE,data/processed\gunshot\gun_c3gd_jmHo21ZrVDXJ_0-oh_farm-sw_mp22-ALICE-jmHo21ZrVDXJ-9_w0.wav,1.0,16000,1,0.9440608620643616,0.0407203965280508,23.18397331237793,0
gun_c3gd_N0u4QR95sPzr_0-oh_farm-sw_mp22-ALICE-N0u4QR95sPzr-0_w0,c3gd_N0u4QR95sPzr,gunshot,DANGEROUS_IMPULSE,data/processed\gunshot\gun_c3gd_N0u4QR95sPzr_0-oh_farm-sw_mp22-ALICE-N0u4QR95sPzr-0_w0.wav,1.0,16000,1,0.9440608620643616,0.0772442524493997,12.221760749816896,0
gun_c3gd_N0u4QR95sPzr_0-oh_farm-sw_mp22-ALICE-N0u4QR95sPzr-1_w0,c3gd_N0u4QR95sPzr,gunshot,DANGEROUS_IMPULSE,data/processed\gunshot\gun_c3gd_N0u4QR95sPzr_0-oh_farm-sw_mp22-ALICE-N0u4QR95sPzr-1_w0.wav,1.0,16000,1,0.9440608620643616,0.0593163399732091,15.915694236755373,0
gun_c3gd_N0u4QR95sPzr_0-oh_farm-sw_mp22-ALICE-N0u4QR95sPzr-10_w0,c3gd_N0u4QR95sPzr,gunshot,DANGEROUS_IMPULSE,data/processed\gunshot\gun_c3gd_N0u4QR95sPzr_0-oh_farm-sw_mp22-ALICE-N0u4QR95sPzr-10_w0.wav,1.0,16000,1,0.9440608620643616,0.063600745138575,14.843547821044922,0
gun_c3gd_N0u4QR95sPzr_0-oh_farm-sw_mp22-ALICE-N0u4QR95sPzr-11_w0,c3gd_N0u4QR95sPzr,gunshot,DANGEROUS_IMPULSE,data/processed\gunshot\gun_c3gd_N0u4QR95sPzr_0-oh_farm-sw_mp22-ALICE-N0u4QR95sPzr-11_w0.wav,1.0,16000,1,0.9440608620643616,0.0599369779363674,15.75088882446289,0
gun_c3gd_N0u4QR95sPzr_0-oh_farm-sw_mp22-ALICE-N0u4QR95sPzr-12_w0,c3gd_N0u4QR95sPzr,gunshot,DANGEROUS_IMPULSE,data/processed\gunshot\gun_c3gd_N0u4QR95sPzr_0-oh_farm-sw_mp22-ALICE-N0u4QR95sPzr-12_w0.wav,1.0,16000,1,0.9440608620643616,0.0518456649133452,18.209056854248047,0
gun_c3gd_N0u4QR95sPzr_0-oh_farm-sw_mp22-ALICE-N0u4QR95sPzr-13_w0,c3gd_N0u4QR95sPzr,gunshot,DANGEROUS_IMPULSE,data/processed\gunshot\gun_c3gd_N0u4QR95sPzr_0-oh_farm-sw_mp22-ALICE-N0u4QR95sPzr-13_w0.wav,1.0,16000,1,0.9440608620643616,0.0584544413248085,16.150367736816406,0
gun_c3gd_N0u4QR95sPzr_0-oh_farm-sw_mp22-ALICE-N0u4QR95sPzr-14_w0,c3gd_N0u4QR95sPzr,gunshot,DANGEROUS_IMPULSE,data/processed\gunshot\gun_c3gd_N0u4QR95sPzr_0-oh_farm-sw_mp22-ALICE-N0u4QR95sPzr-14_w0.wav,1.0,16000,1,0.9440608620643616,0.0571700380066162,16.513206481933594,0
gun_c3gd_N0u4QR95sPzr_0-oh_farm-sw_mp22-ALICE-N0u4QR95sPzr-15_w0,c3gd_N0u4QR95sPzr,gunshot,DANGEROUS_IMPULSE,data/processed\gunshot\gun_c3gd_N0u4QR95sPzr_0-oh_farm-sw_mp22-ALICE-N0u4QR95sPzr-15_w0.wav,1.0,16000,1,0.9440608620643616,0.0587374910901564,16.072540283203125,0
gun_c3gd_N0u4QR95sPzr_0-oh_farm-sw_mp22-ALICE-N0u4QR95sPzr-16_w0,c3gd_N0u4QR95sPzr,gunshot,DANGEROUS_IMPULSE,data/processed\gunshot\gun_c3gd_N0u4QR95sPzr_0-oh_farm-sw_mp22-ALICE-N0u4QR95sPzr-16_w0.wav,1.0,16000,1,0.9440608620643616,0.0636769689090313,14.825780868530272,0
gun_c3gd_N0u4QR95sPzr_0-oh_farm-sw_mp22-ALICE-N0u4QR95sPzr-17_w0,c3gd_N0u4QR95sPzr,gunshot,DANGEROUS_IMPULSE,data/processed\gunshot\gun_c3gd_N0u4QR95sPzr_0-oh_farm-sw_mp22-ALICE-N0u4QR95sPzr-17_w0.wav,1.0,16000,1,0.9440608620643616,0.063324584957996,14.908281326293944,0
gun_c3gd_N0u4QR95sPzr_0-oh_farm-sw_mp22-ALICE-N0u4QR95sPzr-18_w0,c3gd_N0u4QR95sPzr,gunshot,DANGEROUS_IMPULSE,data/processed\gunshot\gun_c3gd_N0u4QR95sPzr_0-oh_farm-sw_mp22-ALICE-N0u4QR95sPzr-18_w0.wav,1.0,16000,1,0.9440608620643616,0.0612773439012552,15.40635871887207,0
gun_c3gd_N0u4QR95sPzr_0-oh_farm-sw_mp22-ALICE-N0u4QR95sPzr-19_w0,c3gd_N0u4QR95sPzr,gunshot,DANGEROUS_IMPULSE,data/processed\gunshot\gun_c3gd_N0u4QR95sPzr_0-oh_farm-sw_mp22-ALICE-N0u4QR95sPzr-19_w0.wav,1.0,16000,1,0.9440608620643616,0.1219782787520616,7.739581108093262,0
gun_c3gd_N0u4QR95sPzr_0-oh_farm-sw_mp22-ALICE-N0u4QR95sPzr-2_w0,c3gd_N0u4QR95sPzr,gunshot,DANGEROUS_IMPULSE,data/processed\gunshot\gun_c3gd_N0u4QR95sPzr_0-oh_farm-sw_mp22-ALICE-N0u4QR95sPzr-2_w0.wav,1.0,16000,1,0.9440608620643616,0.0570896902548846,16.536447525024414,0
gun_c3gd_N0u4QR95sPzr_0-oh_farm-sw_mp22-ALICE-N0u4QR95sPzr-20_w0,c3gd_N0u4QR95sPzr,gunshot,DANGEROUS_IMPULSE,data/processed\gunshot\gun_c3gd_N0u4QR95sPzr_0-oh_farm-sw_mp22-ALICE-N0u4QR95sPzr-20_w0.wav,1.0,16000,1,0.9440608620643616,0.0927710984587691,10.17623805999756,0
gun_c3gd_N0u4QR95sPzr_0-oh_farm-sw_mp22-ALICE-N0u4QR95sPzr-21_w0,c3gd_N0u4QR95sPzr,gunshot,DANGEROUS_IMPULSE,data/processed\gunshot\gun_c3gd_N0u4QR95sPzr_0-oh_farm-sw_mp22-ALICE-N0u4QR95sPzr-21_w0.wav,1.0,16000,1,0.9440608620643616,0.0579908687397155,16.27947235107422,0
gun_c3gd_N0u4QR95sPzr_0-oh_farm-sw_mp22-ALICE-N0u4QR95sPzr-22_w0,c3gd_N0u4QR95sPzr,gunshot,DANGEROUS_IMPULSE,data/processed\gunshot\gun_c3gd_N0u4QR95sPzr_0-oh_farm-sw_mp22-ALICE-N0u4QR95sPzr-22_w0.wav,1.0,16000,1,0.9440608024597168,0.0562707233666799,16.777118682861328,0
gun_c3gd_N0u4QR95sPzr_0-oh_farm-sw_mp22-ALICE-N0u4QR95sPzr-23_w0,c3gd_N0u4QR95sPzr,gunshot,DANGEROUS_IMPULSE,data/processed\gunshot\gun_c3gd_N0u4QR95sPzr_0-oh_farm-sw_mp22-ALICE-N0u4QR95sPzr-23_w0.wav,1.0,16000,1,0.9440608620643616,0.0773469236714976,12.205536842346191,0
gun_c3gd_N0u4QR95sPzr_0-oh_farm-sw_mp22-ALICE-N0u4QR95sPzr-24_w0,c3gd_N0u4QR95sPzr,gunshot,DANGEROUS_IMPULSE,data/processed\gunshot\gun_c3gd_N0u4QR95sPzr_0-oh_farm-sw_mp22-ALICE-N0u4QR95sPzr-24_w0.wav,1.0,16000,1,0.9440608620643616,0.1059996391801383,8.906264305114746,0
gun_c3gd_N0u4QR95sPzr_0-oh_farm-sw_mp22-ALICE-N0u4QR95sPzr-25_w0,c3gd_N0u4QR95sPzr,gunshot,DANGEROUS_IMPULSE,data/processed\gunshot\gun_c3gd_N0u4QR95sPzr_0-oh_farm-sw_mp22-ALICE-N0u4QR95sPzr-25_w0.wav,1.0,16000,1,0.9440608620643616,0.0828590574835718,11.393572807312012,0
gun_c3gd_N0u4QR95sPzr_0-oh_farm-sw_mp22-ALICE-N0u4QR95sPzr-26_w0,c3gd_N0u4QR95sPzr,gunshot,DANGEROUS_IMPULSE,data/processed\gunshot\gun_c3gd_N0u4QR95sPzr_0-oh_farm-sw_mp22-ALICE-N0u4QR95sPzr-26_w0.wav,1.0,16000,1,0.9440609216690063,0.0581840636736027,16.225418090820312,0
gun_c3gd_N0u4QR95sPzr_0-oh_farm-sw_mp22-ALICE-N0u4QR95sPzr-27_w0,c3gd_N0u4QR95sPzr,gunshot,DANGEROUS_IMPULSE,data/processed\gunshot\gun_c3gd_N0u4QR95sPzr_0-oh_farm-sw_mp22-ALICE-N0u4QR95sPzr-27_w0.wav,1.0,16000,1,0.9440608620643616,0.0591246533936902,15.967293739318848,0
gun_c3gd_N0u4QR95sPzr_0-oh_farm-sw_mp22-ALICE-N0u4QR95sPzr-28_w0,c3gd_N0u4QR95sPzr,gunshot,DANGEROUS_IMPULSE,data/processed\gunshot\gun_c3gd_N0u4QR95sPzr_0-oh_farm-sw_mp22-ALICE-N0u4QR95sPzr-28_w0.wav,1.0,16000,1,0.9440608620643616,0.087775342888347,10.75542163848877,0
gun_c3gd_N0u4QR95sPzr_0-oh_farm-sw_mp22-ALICE-N0u4QR95sPzr-29_w0,c3gd_N0u4QR95sPzr,gunshot,DANGEROUS_IMPULSE,data/processed\gunshot\gun_c3gd_N0u4QR95sPzr_0-oh_farm-sw_mp22-ALICE-N0u4QR95sPzr-29_w0.wav,1.0,16000,1,0.9440609216690063,0.1050199124068781,8.989351272583008,0
gun_c3gd_N0u4QR95sPzr_0-oh_farm-sw_mp22-ALICE-N0u4QR95sPzr-3_w0,c3gd_N0u4QR95sPzr,gunshot,DANGEROUS_IMPULSE,data/processed\gunshot\gun_c3gd_N0u4QR95sPzr_0-oh_farm-sw_mp22-ALICE-N0u4QR95sPzr-3_w0.wav,1.0,16000,1,0.9440608620643616,0.0571103188036204,16.530475616455078,0
gun_c3gd_N0u4QR95sPzr_0-oh_farm-sw_mp22-ALICE-N0u4QR95sPzr-30_w0,c3gd_N0u4QR95sPzr,gunshot,DANGEROUS_IMPULSE,data/processed\gunshot\gun_c3gd_N0u4QR95sPzr_0-oh_farm-sw_mp22-ALICE-N0u4QR95sPzr-30_w0.wav,1.0,16000,1,0.9440608620643616,0.1026779959274536,9.194382667541504,0
gun_c3gd_N0u4QR95sPzr_0-oh_farm-sw_mp22-ALICE-N0u4QR95sPzr-31_w0,c3gd_N0u4QR95sPzr,gunshot,DANGEROUS_IMPULSE,data/processed\gunshot\gun_c3gd_N0u4QR95sPzr_0-oh_farm-sw_mp22-ALICE-N0u4QR95sPzr-31_w0.wav,1.0,16000,1,0.9440608620643616,0.0615812400975147,15.330329895019531,0
gun_c3gd_N0u4QR95sPzr_0-oh_farm-sw_mp22-ALICE-N0u4QR95sPzr-32_w0,c3gd_N0u4QR95sPzr,gunshot,DANGEROUS_IMPULSE,data/processed\gunshot\gun_c3gd_N0u4QR95sPzr_0-oh_farm-sw_mp22-ALICE-N0u4QR95sPzr-32_w0.wav,1.0,16000,1,0.9440608620643616,0.057619620126352,16.384361267089844,0
gun_c3gd_N0u4QR95sPzr_0-oh_farm-sw_mp22-ALICE-N0u4QR95sPzr-33_w0,c3gd_N0u4QR95sPzr,gunshot,DANGEROUS_IMPULSE,data/processed\gunshot\gun_c3gd_N0u4QR95sPzr_0-oh_farm-sw_mp22-ALICE-N0u4QR95sPzr-33_w0.wav,1.0,16000,1,0.9440608620643616,0.0773234585192049,12.209240913391112,0
gun_c3gd_N0u4QR95sPzr_0-oh_farm-sw_mp22-ALICE-N0u4QR95sPzr-34_w0,c3gd_N0u4QR95sPzr,gunshot,DANGEROUS_IMPULSE,data/processed\gunshot\gun_c3gd_N0u4QR95sPzr_0-oh_farm-sw_mp22-ALICE-N0u4QR95sPzr-34_w0.wav,1.0,16000,1,0.9440608620643616,0.0741463389521224,12.732398986816406,0
gun_c3gd_N0u4QR95sPzr_0-oh_farm-sw_mp22-ALICE-N0u4QR95sPzr-35_w0,c3gd_N0u4QR95sPzr,gunshot,DANGEROUS_IMPULSE,data/processed\gunshot\gun_c3gd_N0u4QR95sPzr_0-oh_farm-sw_mp22-ALICE-N0u4QR95sPzr-35_w0.wav,1.0,16000,1,0.9440608620643616,0.0729989463214895,12.932525634765623,0
gun_c3gd_N0u4QR95sPzr_0-oh_farm-sw_mp22-ALICE-N0u4QR95sPzr-36_w0,c3gd_N0u4QR95sPzr,gunshot,DANGEROUS_IMPULSE,data/processed\gunshot\gun_c3gd_N0u4QR95sPzr_0-oh_farm-sw_mp22-ALICE-N0u4QR95sPzr-36_w0.wav,1.0,16000,1,0.9440608620643616,0.0818632710678866,11.532164573669434,0
gun_c3gd_N0u4QR95sPzr_0-oh_farm-sw_mp22-ALICE-N0u4QR95sPzr-37_w0,c3gd_N0u4QR95sPzr,gunshot,DANGEROUS_IMPULSE,data/processed\gunshot\gun_c3gd_N0u4QR95sPzr_0-oh_farm-sw_mp22-ALICE-N0u4QR95sPzr-37_w0.wav,1.0,16000,1,0.9440608620643616,0.0572267391573161,16.496845245361328,0
gun_c3gd_N0u4QR95sPzr_0-oh_farm-sw_mp22-ALICE-N0u4QR95sPzr-38_w0,c3gd_N0u4QR95sPzr,gunshot,DANGEROUS_IMPULSE,data/processed\gunshot\gun_c3gd_N0u4QR95sPzr_0-oh_farm-sw_mp22-ALICE-N0u4QR95sPzr-38_w0.wav,1.0,16000,1,0.9440608620643616,0.1242353138886368,7.598972797393799,0
gun_c3gd_N0u4QR95sPzr_0-oh_farm-sw_mp22-ALICE-N0u4QR95sPzr-39_w0,c3gd_N0u4QR95sPzr,gunshot,DANGEROUS_IMPULSE,data/processed\gunshot\gun_c3gd_N0u4QR95sPzr_0-oh_farm-sw_mp22-ALICE-N0u4QR95sPzr-39_w0.wav,1.0,16000,1,0.9440608620643616,0.1160299069190484,8.136357307434082,0
gun_c3gd_N0u4QR95sPzr_0-oh_farm-sw_mp22-ALICE-N0u4QR95sPzr-4_w0,c3gd_N0u4QR95sPzr,gunshot,DANGEROUS_IMPULSE,data/processed\gunshot\gun_c3gd_N0u4QR95sPzr_0-oh_farm-sw_mp22-ALICE-N0u4QR95sPzr-4_w0.wav,1.0,16000,1,0.9440608620643616,0.0600417082395339,15.72341537475586,0
gun_c3gd_N0u4QR95sPzr_0-oh_farm-sw_mp22-ALICE-N0u4QR95sPzr-40_w0,c3gd_N0u4QR95sPzr,gunshot,DANGEROUS_IMPULSE,data/processed\gunshot\gun_c3gd_N0u4QR95sPzr_0-oh_farm-sw_mp22-ALICE-N0u4QR95sPzr-40_w0.wav,1.0,16000,1,0.9440608620643616,0.0636329631440666,14.83603286743164,0
gun_c3gd_N0u4QR95sPzr_0-oh_farm-sw_mp22-ALICE-N0u4QR95sPzr-5_w0,c3gd_N0u4QR95sPzr,gunshot,DANGEROUS_IMPULSE,data/processed\gunshot\gun_c3gd_N0u4QR95sPzr_0-oh_farm-sw_mp22-ALICE-N0u4QR95sPzr-5_w0.wav,1.0,16000,1,0.9440608620643616,0.0567084719997859,16.647613525390625,0
gun_c3gd_N0u4QR95sPzr_0-oh_farm-sw_mp22-ALICE-N0u4QR95sPzr-6_w0,c3gd_N0u4QR95sPzr,gunshot,DANGEROUS_IMPULSE,data/processed\gunshot\gun_c3gd_N0u4QR95sPzr_0-oh_farm-sw_mp22-ALICE-N0u4QR95sPzr-6_w0.wav,1.0,16000,1,0.9440608620643616,0.0546468025580557,17.275680541992188,0
gun_c3gd_N0u4QR95sPzr_0-oh_farm-sw_mp22-ALICE-N0u4QR95sPzr-7_w0,c3gd_N0u4QR95sPzr,gunshot,DANGEROUS_IMPULSE,data/processed\gunshot\gun_c3gd_N0u4QR95sPzr_0-oh_farm-sw_mp22-ALICE-N0u4QR95sPzr-7_w0.wav,1.0,16000,1,0.9440608620643616,0.0585153611664878,16.133554458618164,0
gun_c3gd_N0u4QR95sPzr_0-oh_farm-sw_mp22-ALICE-N0u4QR95sPzr-8_w0,c3gd_N0u4QR95sPzr,gunshot,DANGEROUS_IMPULSE,data/processed\gunshot\gun_c3gd_N0u4QR95sPzr_0-oh_farm-sw_mp22-ALICE-N0u4QR95sPzr-8_w0.wav,1.0,16000,1,0.9440608620643616,0.055884664486169,16.89301872253418,0
gun_c3gd_N0u4QR95sPzr_0-oh_farm-sw_mp22-ALICE-N0u4QR95sPzr-9_w0,c3gd_N0u4QR95sPzr,gunshot,DANGEROUS_IMPULSE,data/processed\gunshot\gun_c3gd_N0u4QR95sPzr_0-oh_farm-sw_mp22-ALICE-N0u4QR95sPzr-9_w0.wav,1.0,16000,1,0.9440608620643616,0.0554704267960284,17.0191707611084,0
gun_c3gd_L1VYwU6YJSr9_0-oh_farm-sw_mp22-BOB-L1VYwU6YJSr9-0_w0,c3gd_L1VYwU6YJSr9,gunshot,DANGEROUS_IMPULSE,data/processed\gunshot\gun_c3gd_L1VYwU6YJSr9_0-oh_farm-sw_mp22-BOB-L1VYwU6YJSr9-0_w0.wav,1.0,16000,1,0.9440608620643616,0.036401629878733,25.934568405151367,0
gun_c3gd_L1VYwU6YJSr9_0-oh_farm-sw_mp22-BOB-L1VYwU6YJSr9-1_w0,c3gd_L1VYwU6YJSr9,gunshot,DANGEROUS_IMPULSE,data/processed\gunshot\gun_c3gd_L1VYwU6YJSr9_0-oh_farm-sw_mp22-BOB-L1VYwU6YJSr9-1_w0.wav,1.0,16000,1,0.9440608620643616,0.0173303439118756,54.47441101074219,0
gun_c3gd_L1VYwU6YJSr9_0-oh_farm-sw_mp22-BOB-L1VYwU6YJSr9-10_w0,c3gd_L1VYwU6YJSr9,gunshot,DANGEROUS_IMPULSE,data/processed\gunshot\gun_c3gd_L1VYwU6YJSr9_0-oh_farm-sw_mp22-BOB-L1VYwU6YJSr9-10_w0.wav,1.0,16000,1,0.9440608620643616,0.1108384699463255,8.517446517944336,0
gun_c3gd_L1VYwU6YJSr9_0-oh_farm-sw_mp22-BOB-L1VYwU6YJSr9-11_w0,c3gd_L1VYwU6YJSr9,gunshot,DANGEROUS_IMPULSE,data/processed\gunshot\gun_c3gd_L1VYwU6YJSr9_0-oh_farm-sw_mp22-BOB-L1VYwU6YJSr9-11_w0.wav,1.0,16000,1,0.9440608620643616,0.0234310245509238,40.291046142578125,0
gun_c3gd_L1VYwU6YJSr9_0-oh_farm-sw_mp22-BOB-L1VYwU6YJSr9-12_w0,c3gd_L1VYwU6YJSr9,gunshot,DANGEROUS_IMPULSE,data/processed\gunshot\gun_c3gd_L1VYwU6YJSr9_0-oh_farm-sw_mp22-BOB-L1VYwU6YJSr9-12_w0.wav,1.0,16000,1,0.9440608620643616,0.0252966862417309,37.31953430175781,0
gun_c3gd_L1VYwU6YJSr9_0-oh_farm-sw_mp22-BOB-L1VYwU6YJSr9-13_w0,c3gd_L1VYwU6YJSr9,gunshot,DANGEROUS_IMPULSE,data/processed\gunshot\gun_c3gd_L1VYwU6YJSr9_0-oh_farm-sw_mp22-BOB-L1VYwU6YJSr9-13_w0.wav,1.0,16000,1,0.9440608620643616,0.026654847676779,35.417964935302734,0
gun_c3gd_L1VYwU6YJSr9_0-oh_farm-sw_mp22-BOB-L1VYwU6YJSr9-14_w0,c3gd_L1VYwU6YJSr9,gunshot,DANGEROUS_IMPULSE,data/processed\gunshot\gun_c3gd_L1VYwU6YJSr9_0-oh_farm-sw_mp22-BOB-L1VYwU6YJSr9-14_w0.wav,1.0,16000,1,0.9440608620643616,0.0241646785057858,39.06778717041016,0
gun_c3gd_L1VYwU6YJSr9_0-oh_farm-sw_mp22-BOB-L1VYwU6YJSr9-15_w0,c3gd_L1VYwU6YJSr9,gunshot,DANGEROUS_IMPULSE,data/processed\gunshot\gun_c3gd_L1VYwU6YJSr9_0-oh_farm-sw_mp22-BOB-L1VYwU6YJSr9-15_w0.wav,1.0,16000,1,0.9440608620643616,0.0261601725701863,36.08769989013672,0
gun_c3gd_L1VYwU6YJSr9_0-oh_farm-sw_mp22-BOB-L1VYwU6YJSr9-16_w0,c3gd_L1VYwU6YJSr9,gunshot,DANGEROUS_IMPULSE,data/processed\gunshot\gun_c3gd_L1VYwU6YJSr9_0-oh_farm-sw_mp22-BOB-L1VYwU6YJSr9-16_w0.wav,1.0,16000,1,0.9440608620643616,0.0217448164037698,43.41542434692383,0
gun_c3gd_L1VYwU6YJSr9_0-oh_farm-sw_mp22-BOB-L1VYwU6YJSr9-17_w0,c3gd_L1VYwU6YJSr9,gunshot,DANGEROUS_IMPULSE,data/processed\gunshot\gun_c3gd_L1VYwU6YJSr9_0-oh_farm-sw_mp22-BOB-L1VYwU6YJSr9-17_w0.wav,1.0,16000,1,0.9440608620643616,0.0231258614804922,40.822715759277344,0
gun_c3gd_L1VYwU6YJSr9_0-oh_farm-sw_mp22-BOB-L1VYwU6YJSr9-18_w0,c3gd_L1VYwU6YJSr9,gunshot,DANGEROUS_IMPULSE,data/processed\gunshot\gun_c3gd_L1VYwU6YJSr9_0-oh_farm-sw_mp22-BOB-L1VYwU6YJSr9-18_w0.wav,1.0,16000,1,0.9440608620643616,0.01729338131677,54.5908432006836,0
gun_c3gd_L1VYwU6YJSr9_0-oh_farm-sw_mp22-BOB-L1VYwU6YJSr9-19_w0,c3gd_L1VYwU6YJSr9,gunshot,DANGEROUS_IMPULSE,data/processed\gunshot\gun_c3gd_L1VYwU6YJSr9_0-oh_farm-sw_mp22-BOB-L1VYwU6YJSr9-19_w0.wav,1.0,16000,1,0.9440608024597168,0.0310709515978385,30.38402366638184,0
gun_c3gd_L1VYwU6YJSr9_0-oh_farm-sw_mp22-BOB-L1VYwU6YJSr9-2_w0,c3gd_L1VYwU6YJSr9,gunshot,DANGEROUS_IMPULSE,data/processed\gunshot\gun_c3gd_L1VYwU6YJSr9_0-oh_farm-sw_mp22-BOB-L1VYwU6YJSr9-2_w0.wav,1.0,16000,1,0.8732427358627319,0.0140371959860289,62.20915603637695,0
gun_c3gd_L1VYwU6YJSr9_0-oh_farm-sw_mp22-BOB-L1VYwU6YJSr9-20_w0,c3gd_L1VYwU6YJSr9,gunshot,DANGEROUS_IMPULSE,data/processed\gunshot\gun_c3gd_L1VYwU6YJSr9_0-oh_farm-sw_mp22-BOB-L1VYwU6YJSr9-20_w0.wav,1.0,16000,1,0.9440608620643616,0.023803698710903,39.66024017333984,0
gun_c3gd_L1VYwU6YJSr9_0-oh_farm-sw_mp22-BOB-L1VYwU6YJSr9-21_w0,c3gd_L1VYwU6YJSr9,gunshot,DANGEROUS_IMPULSE,data/processed\gunshot\gun_c3gd_L1VYwU6YJSr9_0-oh_farm-sw_mp22-BOB-L1VYwU6YJSr9-21_w0.wav,1.0,16000,1,0.9440608620643616,0.015310142885188,61.66240692138672,0
gun_c3gd_L1VYwU6YJSr9_0-oh_farm-sw_mp22-BOB-L1VYwU6YJSr9-22_w0,c3gd_L1VYwU6YJSr9,gunshot,DANGEROUS_IMPULSE,data/processed\gunshot\gun_c3gd_L1VYwU6YJSr9_0-oh_farm-sw_mp22-BOB-L1VYwU6YJSr9-22_w0.wav,1.0,16000,1,0.9440608620643616,0.0201262111818582,46.90700912475586,0
gun_c3gd_L1VYwU6YJSr9_0-oh_farm-sw_mp22-BOB-L1VYwU6YJSr9-23_w0,c3gd_L1VYwU6YJSr9,gunshot,DANGEROUS_IMPULSE,data/processed\gunshot\gun_c3gd_L1VYwU6YJSr9_0-oh_farm-sw_mp22-BOB-L1VYwU6YJSr9-23_w0.wav,1.0,16000,1,0.9440608620643616,0.0322176350163375,29.30260467529297,0
gun_c3gd_L1VYwU6YJSr9_0-oh_farm-sw_mp22-BOB-L1VYwU6YJSr9-24_w0,c3gd_L1VYwU6YJSr9,gunshot,DANGEROUS_IMPULSE,data/processed\gunshot\gun_c3gd_L1VYwU6YJSr9_0-oh_farm-sw_mp22-BOB-L1VYwU6YJSr9-24_w0.wav,1.0,16000,1,0.9440608620643616,0.0352305712835332,26.796630859375,0
gun_c3gd_L1VYwU6YJSr9_0-oh_farm-sw_mp22-BOB-L1VYwU6YJSr9-25_w0,c3gd_L1VYwU6YJSr9,gunshot,DANGEROUS_IMPULSE,data/processed\gunshot\gun_c3gd_L1VYwU6YJSr9_0-oh_farm-sw_mp22-BOB-L1VYwU6YJSr9-25_w0.wav,1.0,16000,1,0.9440608620643616,0.029066194894189,32.47967529296875,0
gun_c3gd_L1VYwU6YJSr9_0-oh_farm-sw_mp22-BOB-L1VYwU6YJSr9-26_w0,c3gd_L1VYwU6YJSr9,gunshot,DANGEROUS_IMPULSE,data/processed\gunshot\gun_c3gd_L1VYwU6YJSr9_0-oh_farm-sw_mp22-BOB-L1VYwU6YJSr9-26_w0.wav,1.0,16000,1,0.9440608620643616,0.0202440107571898,46.63405990600586,0
gun_c3gd_L1VYwU6YJSr9_0-oh_farm-sw_mp22-BOB-L1VYwU6YJSr9-27_w0,c3gd_L1VYwU6YJSr9,gunshot,DANGEROUS_IMPULSE,data/processed\gunshot\gun_c3gd_L1VYwU6YJSr9_0-oh_farm-sw_mp22-BOB-L1VYwU6YJSr9-27_w0.wav,1.0,16000,1,0.9440608620643616,0.0185128307673626,50.99491882324219,0
gun_c3gd_L1VYwU6YJSr9_0-oh_farm-sw_mp22-BOB-L1VYwU6YJSr9-28_w0,c3gd_L1VYwU6YJSr9,gunshot,DANGEROUS_IMPULSE,data/processed\gunshot\gun_c3gd_L1VYwU6YJSr9_0-oh_farm-sw_mp22-BOB-L1VYwU6YJSr9-28_w0.wav,1.0,16000,1,0.9440608620643616,0.0266304242885762,35.45044708251953,0
gun_c3gd_L1VYwU6YJSr9_0-oh_farm-sw_mp22-BOB-L1VYwU6YJSr9-29_w0,c3gd_L1VYwU6YJSr9,gunshot,DANGEROUS_IMPULSE,data/processed\gunshot\gun_c3gd_L1VYwU6YJSr9_0-oh_farm-sw_mp22-BOB-L1VYwU6YJSr9-29_w0.wav,1.0,16000,1,0.9440608620643616,0.0289217436192144,32.64189529418945,0
gun_c3gd_L1VYwU6YJSr9_0-oh_farm-sw_mp22-BOB-L1VYwU6YJSr9-3_w0,c3gd_L1VYwU6YJSr9,gunshot,DANGEROUS_IMPULSE,data/processed\gunshot\gun_c3gd_L1VYwU6YJSr9_0-oh_farm-sw_mp22-BOB-L1VYwU6YJSr9-3_w0.wav,1.0,16000,1,0.6893243789672852,0.0149989875087597,45.9580307006836,0
gun_c3gd_L1VYwU6YJSr9_0-oh_farm-sw_mp22-BOB-L1VYwU6YJSr9-30_w0,c3gd_L1VYwU6YJSr9,gunshot,DANGEROUS_IMPULSE,data/processed\gunshot\gun_c3gd_L1VYwU6YJSr9_0-oh_farm-sw_mp22-BOB-L1VYwU6YJSr9-30_w0.wav,1.0,16000,1,0.9440608620643616,0.0281125848408795,33.5814208984375,0
gun_c3gd_L1VYwU6YJSr9_0-oh_farm-sw_mp22-BOB-L1VYwU6YJSr9-31_w0,c3gd_L1VYwU6YJSr9,gunshot,DANGEROUS_IMPULSE,data/processed\gunshot\gun_c3gd_L1VYwU6YJSr9_0-oh_farm-sw_mp22-BOB-L1VYwU6YJSr9-31_w0.wav,1.0,16000,1,0.9440608620643616,0.0177709374333149,53.12383270263672,0
gun_c3gd_L1VYwU6YJSr9_0-oh_farm-sw_mp22-BOB-L1VYwU6YJSr9-32_w0,c3gd_L1VYwU6YJSr9,gunshot,DANGEROUS_IMPULSE,data/processed\gunshot\gun_c3gd_L1VYwU6YJSr9_0-oh_farm-sw_mp22-BOB-L1VYwU6YJSr9-32_w0.wav,1.0,16000,1,0.9440608620643616,0.0174265692517101,54.173622131347656,0
gun_c3gd_L1VYwU6YJSr9_0-oh_farm-sw_mp22-BOB-L1VYwU6YJSr9-33_w0,c3gd_L1VYwU6YJSr9,gunshot,DANGEROUS_IMPULSE,data/processed\gunshot\gun_c3gd_L1VYwU6YJSr9_0-oh_farm-sw_mp22-BOB-L1VYwU6YJSr9-33_w0.wav,1.0,16000,1,0.9440608620643616,0.0249962182649198,37.76813125610352,0
gun_c3gd_L1VYwU6YJSr9_0-oh_farm-sw_mp22-BOB-L1VYwU6YJSr9-34_w0,c3gd_L1VYwU6YJSr9,gunshot,DANGEROUS_IMPULSE,data/processed\gunshot\gun_c3gd_L1VYwU6YJSr9_0-oh_farm-sw_mp22-BOB-L1VYwU6YJSr9-34_w0.wav,1.0,16000,1,0.9440608620643616,0.0219994123791268,42.91298294067383,0
gun_c3gd_L1VYwU6YJSr9_0-oh_farm-sw_mp22-BOB-L1VYwU6YJSr9-35_w0,c3gd_L1VYwU6YJSr9,gunshot,DANGEROUS_IMPULSE,data/processed\gunshot\gun_c3gd_L1VYwU6YJSr9_0-oh_farm-sw_mp22-BOB-L1VYwU6YJSr9-35_w0.wav,1.0,16000,1,0.9440608620643616,0.0178367608056218,52.92779159545898,0
gun_c3gd_L1VYwU6YJSr9_0-oh_farm-sw_mp22-BOB-L1VYwU6YJSr9-36_w0,c3gd_L1VYwU6YJSr9,gunshot,DANGEROUS_IMPULSE,data/processed\gunshot\gun_c3gd_L1VYwU6YJSr9_0-oh_farm-sw_mp22-BOB-L1VYwU6YJSr9-36_w0.wav,1.0,16000,1,0.9440608620643616,0.0189086420601582,49.92745590209961,0
gun_c3gd_L1VYwU6YJSr9_0-oh_farm-sw_mp22-BOB-L1VYwU6YJSr9-37_w0,c3gd_L1VYwU6YJSr9,gunshot,DANGEROUS_IMPULSE,data/processed\gunshot\gun_c3gd_L1VYwU6YJSr9_0-oh_farm-sw_mp22-BOB-L1VYwU6YJSr9-37_w0.wav,1.0,16000,1,0.9440608620643616,0.0146841626833412,64.29105377197266,0
gun_c3gd_L1VYwU6YJSr9_0-oh_farm-sw_mp22-BOB-L1VYwU6YJSr9-38_w0,c3gd_L1VYwU6YJSr9,gunshot,DANGEROUS_IMPULSE,data/processed\gunshot\gun_c3gd_L1VYwU6YJSr9_0-oh_farm-sw_mp22-BOB-L1VYwU6YJSr9-38_w0.wav,1.0,16000,1,0.9440608620643616,0.0435965073176668,21.65450096130371,0
gun_c3gd_L1VYwU6YJSr9_0-oh_farm-sw_mp22-BOB-L1VYwU6YJSr9-39_w0,c3gd_L1VYwU6YJSr9,gunshot,DANGEROUS_IMPULSE,data/processed\gunshot\gun_c3gd_L1VYwU6YJSr9_0-oh_farm-sw_mp22-BOB-L1VYwU6YJSr9-39_w0.wav,1.0,16000,1,0.9440608620643616,0.0408526586182912,23.10891532897949,0
gun_c3gd_L1VYwU6YJSr9_0-oh_farm-sw_mp22-BOB-L1VYwU6YJSr9-4_w0,c3gd_L1VYwU6YJSr9,gunshot,DANGEROUS_IMPULSE,data/processed\gunshot\gun_c3gd_L1VYwU6YJSr9_0-oh_farm-sw_mp22-BOB-L1VYwU6YJSr9-4_w0.wav,1.0,16000,1,0.9440608620643616,0.019442715253368,48.55599212646485,0
gun_c3gd_L1VYwU6YJSr9_0-oh_farm-sw_mp22-BOB-L1VYwU6YJSr9-40_w0,c3gd_L1VYwU6YJSr9,gunshot,DANGEROUS_IMPULSE,data/processed\gunshot\gun_c3gd_L1VYwU6YJSr9_0-oh_farm-sw_mp22-BOB-L1VYwU6YJSr9-40_w0.wav,1.0,16000,1,0.9440608620643616,0.0224950184580824,41.96753692626953,0
gun_c3gd_L1VYwU6YJSr9_0-oh_farm-sw_mp22-BOB-L1VYwU6YJSr9-5_w0,c3gd_L1VYwU6YJSr9,gunshot,DANGEROUS_IMPULSE,data/processed\gunshot\gun_c3gd_L1VYwU6YJSr9_0-oh_farm-sw_mp22-BOB-L1VYwU6YJSr9-5_w0.wav,1.0,16000,1,0.9440608620643616,0.0141056384261539,66.9278564453125,0
gun_c3gd_L1VYwU6YJSr9_0-oh_farm-sw_mp22-BOB-L1VYwU6YJSr9-6_w0,c3gd_L1VYwU6YJSr9,gunshot,DANGEROUS_IMPULSE,data/processed\gunshot\gun_c3gd_L1VYwU6YJSr9_0-oh_farm-sw_mp22-BOB-L1VYwU6YJSr9-6_w0.wav,1.0,16000,1,0.9440608620643616,0.0145863673309821,64.72209167480469,0
gun_c3gd_L1VYwU6YJSr9_0-oh_farm-sw_mp22-BOB-L1VYwU6YJSr9-7_w0,c3gd_L1VYwU6YJSr9,gunshot,DANGEROUS_IMPULSE,data/processed\gunshot\gun_c3gd_L1VYwU6YJSr9_0-oh_farm-sw_mp22-BOB-L1VYwU6YJSr9-7_w0.wav,1.0,16000,1,0.9440608620643616,0.0146663273406917,64.36923217773438,0
gun_c3gd_L1VYwU6YJSr9_0-oh_farm-sw_mp22-BOB-L1VYwU6YJSr9-8_w0,c3gd_L1VYwU6YJSr9,gunshot,DANGEROUS_IMPULSE,data/processed\gunshot\gun_c3gd_L1VYwU6YJSr9_0-oh_farm-sw_mp22-BOB-L1VYwU6YJSr9-8_w0.wav,1.0,16000,1,0.9440608620643616,0.0156152944671018,60.4574089050293,0
gun_c3gd_L1VYwU6YJSr9_0-oh_farm-sw_mp22-BOB-L1VYwU6YJSr9-9_w0,c3gd_L1VYwU6YJSr9,gunshot,DANGEROUS_IMPULSE,data/processed\gunshot\gun_c3gd_L1VYwU6YJSr9_0-oh_farm-sw_mp22-BOB-L1VYwU6YJSr9-9_w0.wav,1.0,16000,1,0.9440608620643616,0.0160682094814356,58.7532958984375,0
gun_c3gd_yWwWPdTk8Evd_0-oh_farm-sw_mp22-BOB-yWwWPdTk8Evd-0_w0,c3gd_yWwWPdTk8Evd,gunshot,DANGEROUS_IMPULSE,data/processed\gunshot\gun_c3gd_yWwWPdTk8Evd_0-oh_farm-sw_mp22-BOB-yWwWPdTk8Evd-0_w0.wav,1.0,16000,1,0.9440608620643616,0.022271195821123,42.38930130004883,0
gun_c3gd_yWwWPdTk8Evd_0-oh_farm-sw_mp22-BOB-yWwWPdTk8Evd-1_w0,c3gd_yWwWPdTk8Evd,gunshot,DANGEROUS_IMPULSE,data/processed\gunshot\gun_c3gd_yWwWPdTk8Evd_0-oh_farm-sw_mp22-BOB-yWwWPdTk8Evd-1_w0.wav,1.0,16000,1,0.9440608620643616,0.0148902220894786,63.40135192871094,0
gun_c3gd_yWwWPdTk8Evd_0-oh_farm-sw_mp22-BOB-yWwWPdTk8Evd-10_w0,c3gd_yWwWPdTk8Evd,gunshot,DANGEROUS_IMPULSE,data/processed\gunshot\gun_c3gd_yWwWPdTk8Evd_0-oh_farm-sw_mp22-BOB-yWwWPdTk8Evd-10_w0.wav,1.0,16000,1,0.9440608620643616,0.0199748935768298,47.26234817504883,0
gun_c3gd_yWwWPdTk8Evd_0-oh_farm-sw_mp22-BOB-yWwWPdTk8Evd-11_w0,c3gd_yWwWPdTk8Evd,gunshot,DANGEROUS_IMPULSE,data/processed\gunshot\gun_c3gd_yWwWPdTk8Evd_0-oh_farm-sw_mp22-BOB-yWwWPdTk8Evd-11_w0.wav,1.0,16000,1,0.9440608620643616,0.0215896120609408,43.72753143310547,0
gun_c3gd_yWwWPdTk8Evd_0-oh_farm-sw_mp22-BOB-yWwWPdTk8Evd-12_w0,c3gd_yWwWPdTk8Evd,gunshot,DANGEROUS_IMPULSE,data/processed\gunshot\gun_c3gd_yWwWPdTk8Evd_0-oh_farm-sw_mp22-BOB-yWwWPdTk8Evd-12_w0.wav,1.0,16000,1,0.9440608620643616,0.0248795175653952,37.945289611816406,0
gun_c3gd_yWwWPdTk8Evd_0-oh_farm-sw_mp22-BOB-yWwWPdTk8Evd-13_w0,c3gd_yWwWPdTk8Evd,gunshot,DANGEROUS_IMPULSE,data/processed\gunshot\gun_c3gd_yWwWPdTk8Evd_0-oh_farm-sw_mp22-BOB-yWwWPdTk8Evd-13_w0.wav,1.0,16000,1,0.9440608620643616,0.0255656719029444,36.9268798828125,0
gun_c3gd_yWwWPdTk8Evd_0-oh_farm-sw_mp22-BOB-yWwWPdTk8Evd-14_w0,c3gd_yWwWPdTk8Evd,gunshot,DANGEROUS_IMPULSE,data/processed\gunshot\gun_c3gd_yWwWPdTk8Evd_0-oh_farm-sw_mp22-BOB-yWwWPdTk8Evd-14_w0.wav,1.0,16000,1,0.9440608620643616,0.0235883692402794,40.02228546142578,0
gun_c3gd_yWwWPdTk8Evd_0-oh_farm-sw_mp22-BOB-yWwWPdTk8Evd-15_w0,c3gd_yWwWPdTk8Evd,gunshot,DANGEROUS_IMPULSE,data/processed\gunshot\gun_c3gd_yWwWPdTk8Evd_0-oh_farm-sw_mp22-BOB-yWwWPdTk8Evd-15_w0.wav,1.0,16000,1,0.9440608620643616,0.0236052653059145,39.99363708496094,0
gun_c3gd_yWwWPdTk8Evd_0-oh_farm-sw_mp22-BOB-yWwWPdTk8Evd-16_w0,c3gd_yWwWPdTk8Evd,gunshot,DANGEROUS_IMPULSE,data/processed\gunshot\gun_c3gd_yWwWPdTk8Evd_0-oh_farm-sw_mp22-BOB-yWwWPdTk8Evd-16_w0.wav,1.0,16000,1,0.9440608620643616,0.020441495156154,46.18352890014648,0
gun_c3gd_yWwWPdTk8Evd_0-oh_farm-sw_mp22-BOB-yWwWPdTk8Evd-17_w0,c3gd_yWwWPdTk8Evd,gunshot,DANGEROUS_IMPULSE,data/processed\gunshot\gun_c3gd_yWwWPdTk8Evd_0-oh_farm-sw_mp22-BOB-yWwWPdTk8Evd-17_w0.wav,1.0,16000,1,0.9440608620643616,0.0206630837460185,45.688262939453125,0
gun_c3gd_yWwWPdTk8Evd_0-oh_farm-sw_mp22-BOB-yWwWPdTk8Evd-18_w0,c3gd_yWwWPdTk8Evd,gunshot,DANGEROUS_IMPULSE,data/processed\gunshot\gun_c3gd_yWwWPdTk8Evd_0-oh_farm-sw_mp22-BOB-yWwWPdTk8Evd-18_w0.wav,1.0,16000,1,0.9440608620643616,0.0161678337205352,58.39126586914063,0
gun_c3gd_yWwWPdTk8Evd_0-oh_farm-sw_mp22-BOB-yWwWPdTk8Evd-19_w0,c3gd_yWwWPdTk8Evd,gunshot,DANGEROUS_IMPULSE,data/processed\gunshot\gun_c3gd_yWwWPdTk8Evd_0-oh_farm-sw_mp22-BOB-yWwWPdTk8Evd-19_w0.wav,1.0,16000,1,0.9440608620643616,0.0278770298423906,33.865177154541016,0
gun_c3gd_yWwWPdTk8Evd_0-oh_farm-sw_mp22-BOB-yWwWPdTk8Evd-2_w0,c3gd_yWwWPdTk8Evd,gunshot,DANGEROUS_IMPULSE,data/processed\gunshot\gun_c3gd_yWwWPdTk8Evd_0-oh_farm-sw_mp22-BOB-yWwWPdTk8Evd-2_w0.wav,1.0,16000,1,0.6634198427200317,0.0125518855867713,52.85415649414063,0
gun_c3gd_yWwWPdTk8Evd_0-oh_farm-sw_mp22-BOB-yWwWPdTk8Evd-20_w0,c3gd_yWwWPdTk8Evd,gunshot,DANGEROUS_IMPULSE,data/processed\gunshot\gun_c3gd_yWwWPdTk8Evd_0-oh_farm-sw_mp22-BOB-yWwWPdTk8Evd-20_w0.wav,1.0,16000,1,0.9440609216690063,0.0200759953510934,47.02434158325195,0
gun_c3gd_yWwWPdTk8Evd_0-oh_farm-sw_mp22-BOB-yWwWPdTk8Evd-21_w0,c3gd_yWwWPdTk8Evd,gunshot,DANGEROUS_IMPULSE,data/processed\gunshot\gun_c3gd_yWwWPdTk8Evd_0-oh_farm-sw_mp22-BOB-yWwWPdTk8Evd-21_w0.wav,1.0,16000,1,0.901400864124298,0.0151628765272132,59.44784164428711,0
gun_c3gd_yWwWPdTk8Evd_0-oh_farm-sw_mp22-BOB-yWwWPdTk8Evd-22_w0,c3gd_yWwWPdTk8Evd,gunshot,DANGEROUS_IMPULSE,data/processed\gunshot\gun_c3gd_yWwWPdTk8Evd_0-oh_farm-sw_mp22-BOB-yWwWPdTk8Evd-22_w0.wav,1.0,16000,1,0.9440608620643616,0.0182953016075866,51.60124206542969,0
gun_c3gd_yWwWPdTk8Evd_0-oh_farm-sw_mp22-BOB-yWwWPdTk8Evd-23_w0,c3gd_yWwWPdTk8Evd,gunshot,DANGEROUS_IMPULSE,data/processed\gunshot\gun_c3gd_yWwWPdTk8Evd_0-oh_farm-sw_mp22-BOB-yWwWPdTk8Evd-23_w0.wav,1.0,16000,1,0.9440608620643616,0.0283756947784185,33.27003860473633,0
gun_c3gd_yWwWPdTk8Evd_0-oh_farm-sw_mp22-BOB-yWwWPdTk8Evd-24_w0,c3gd_yWwWPdTk8Evd,gunshot,DANGEROUS_IMPULSE,data/processed\gunshot\gun_c3gd_yWwWPdTk8Evd_0-oh_farm-sw_mp22-BOB-yWwWPdTk8Evd-24_w0.wav,1.0,16000,1,0.9440608620643616,0.0314146265322224,30.051626205444336,0
gun_c3gd_yWwWPdTk8Evd_0-oh_farm-sw_mp22-BOB-yWwWPdTk8Evd-25_w0,c3gd_yWwWPdTk8Evd,gunshot,DANGEROUS_IMPULSE,data/processed\gunshot\gun_c3gd_yWwWPdTk8Evd_0-oh_farm-sw_mp22-BOB-yWwWPdTk8Evd-25_w0.wav,1.0,16000,1,0.9440608620643616,0.0252183770726211,37.43542098999024,0
gun_c3gd_yWwWPdTk8Evd_0-oh_farm-sw_mp22-BOB-yWwWPdTk8Evd-26_w0,c3gd_yWwWPdTk8Evd,gunshot,DANGEROUS_IMPULSE,data/processed\gunshot\gun_c3gd_yWwWPdTk8Evd_0-oh_farm-sw_mp22-BOB-yWwWPdTk8Evd-26_w0.wav,1.0,16000,1,0.9440608620643616,0.0177669515932239,53.13574981689453,0
gun_c3gd_yWwWPdTk8Evd_0-oh_farm-sw_mp22-BOB-yWwWPdTk8Evd-27_w0,c3gd_yWwWPdTk8Evd,gunshot,DANGEROUS_IMPULSE,data/processed\gunshot\gun_c3gd_yWwWPdTk8Evd_0-oh_farm-sw_mp22-BOB-yWwWPdTk8Evd-27_w0.wav,1.0,16000,1,0.9440608620643616,0.0161353622847888,58.50877380371094,0
gun_c3gd_yWwWPdTk8Evd_0-oh_farm-sw_mp22-BOB-yWwWPdTk8Evd-28_w0,c3gd_yWwWPdTk8Evd,gunshot,DANGEROUS_IMPULSE,data/processed\gunshot\gun_c3gd_yWwWPdTk8Evd_0-oh_farm-sw_mp22-BOB-yWwWPdTk8Evd-28_w0.wav,1.0,16000,1,0.9440608620643616,0.0240957043014585,39.17961883544922,0
gun_c3gd_yWwWPdTk8Evd_0-oh_farm-sw_mp22-BOB-yWwWPdTk8Evd-29_w0,c3gd_yWwWPdTk8Evd,gunshot,DANGEROUS_IMPULSE,data/processed\gunshot\gun_c3gd_yWwWPdTk8Evd_0-oh_farm-sw_mp22-BOB-yWwWPdTk8Evd-29_w0.wav,1.0,16000,1,0.9440608620643616,0.0273004267418201,34.5804328918457,0
gun_c3gd_yWwWPdTk8Evd_0-oh_farm-sw_mp22-BOB-yWwWPdTk8Evd-3_w0,c3gd_yWwWPdTk8Evd,gunshot,DANGEROUS_IMPULSE,data/processed\gunshot\gun_c3gd_yWwWPdTk8Evd_0-oh_farm-sw_mp22-BOB-yWwWPdTk8Evd-3_w0.wav,1.0,16000,1,0.7494537830352783,0.013473578784464,55.62391662597656,0
gun_c3gd_yWwWPdTk8Evd_0-oh_farm-sw_mp22-BOB-yWwWPdTk8Evd-30_w0,c3gd_yWwWPdTk8Evd,gunshot,DANGEROUS_IMPULSE,data/processed\gunshot\gun_c3gd_yWwWPdTk8Evd_0-oh_farm-sw_mp22-BOB-yWwWPdTk8Evd-30_w0.wav,1.0,16000,1,0.9440608620643616,0.026065073570479,36.21936798095703,0
gun_c3gd_yWwWPdTk8Evd_0-oh_farm-sw_mp22-BOB-yWwWPdTk8Evd-31_w0,c3gd_yWwWPdTk8Evd,gunshot,DANGEROUS_IMPULSE,data/processed\gunshot\gun_c3gd_yWwWPdTk8Evd_0-oh_farm-sw_mp22-BOB-yWwWPdTk8Evd-31_w0.wav,1.0,16000,1,0.9440608620643616,0.0160823221164146,58.70174026489258,0
gun_c3gd_yWwWPdTk8Evd_0-oh_farm-sw_mp22-BOB-yWwWPdTk8Evd-32_w0,c3gd_yWwWPdTk8Evd,gunshot,DANGEROUS_IMPULSE,data/processed\gunshot\gun_c3gd_yWwWPdTk8Evd_0-oh_farm-sw_mp22-BOB-yWwWPdTk8Evd-32_w0.wav,1.0,16000,1,0.9440608620643616,0.0163234680338739,57.83453750610352,0
gun_c3gd_yWwWPdTk8Evd_0-oh_farm-sw_mp22-BOB-yWwWPdTk8Evd-33_w0,c3gd_yWwWPdTk8Evd,gunshot,DANGEROUS_IMPULSE,data/processed\gunshot\gun_c3gd_yWwWPdTk8Evd_0-oh_farm-sw_mp22-BOB-yWwWPdTk8Evd-33_w0.wav,1.0,16000,1,0.9440608620643616,0.0213030374443688,44.315765380859375,0
gun_c3gd_yWwWPdTk8Evd_0-oh_farm-sw_mp22-BOB-yWwWPdTk8Evd-34_w0,c3gd_yWwWPdTk8Evd,gunshot,DANGEROUS_IMPULSE,data/processed\gunshot\gun_c3gd_yWwWPdTk8Evd_0-oh_farm-sw_mp22-BOB-yWwWPdTk8Evd-34_w0.wav,1.0,16000,1,0.9440608620643616,0.0192887963390179,48.943458557128906,0
gun_c3gd_yWwWPdTk8Evd_0-oh_farm-sw_mp22-BOB-yWwWPdTk8Evd-35_w0,c3gd_yWwWPdTk8Evd,gunshot,DANGEROUS_IMPULSE,data/processed\gunshot\gun_c3gd_yWwWPdTk8Evd_0-oh_farm-sw_mp22-BOB-yWwWPdTk8Evd-35_w0.wav,1.0,16000,1,0.9440608620643616,0.0164426541969023,57.415321350097656,0
gun_c3gd_yWwWPdTk8Evd_0-oh_farm-sw_mp22-BOB-yWwWPdTk8Evd-36_w0,c3gd_yWwWPdTk8Evd,gunshot,DANGEROUS_IMPULSE,data/processed\gunshot\gun_c3gd_yWwWPdTk8Evd_0-oh_farm-sw_mp22-BOB-yWwWPdTk8Evd-36_w0.wav,1.0,16000,1,0.9440608620643616,0.0177562524760724,53.16776657104492,0
gun_c3gd_yWwWPdTk8Evd_0-oh_farm-sw_mp22-BOB-yWwWPdTk8Evd-37_w0,c3gd_yWwWPdTk8Evd,gunshot,DANGEROUS_IMPULSE,data/processed\gunshot\gun_c3gd_yWwWPdTk8Evd_0-oh_farm-sw_mp22-BOB-yWwWPdTk8Evd-37_w0.wav,1.0,16000,1,0.8621470928192139,0.0142412545539566,60.53866195678711,0
gun_c3gd_yWwWPdTk8Evd_0-oh_farm-sw_mp22-BOB-yWwWPdTk8Evd-38_w0,c3gd_yWwWPdTk8Evd,gunshot,DANGEROUS_IMPULSE,data/processed\gunshot\gun_c3gd_yWwWPdTk8Evd_0-oh_farm-sw_mp22-BOB-yWwWPdTk8Evd-38_w0.wav,1.0,16000,1,0.9440608620643616,0.0388740973105224,24.285079956054688,0
gun_c3gd_yWwWPdTk8Evd_0-oh_farm-sw_mp22-BOB-yWwWPdTk8Evd-39_w0,c3gd_yWwWPdTk8Evd,gunshot,DANGEROUS_IMPULSE,data/processed\gunshot\gun_c3gd_yWwWPdTk8Evd_0-oh_farm-sw_mp22-BOB-yWwWPdTk8Evd-39_w0.wav,1.0,16000,1,0.9440608620643616,0.0366403306662525,25.76561164855957,0
gun_c3gd_yWwWPdTk8Evd_0-oh_farm-sw_mp22-BOB-yWwWPdTk8Evd-4_w0,c3gd_yWwWPdTk8Evd,gunshot,DANGEROUS_IMPULSE,data/processed\gunshot\gun_c3gd_yWwWPdTk8Evd_0-oh_farm-sw_mp22-BOB-yWwWPdTk8Evd-4_w0.wav,1.0,16000,1,0.9440608620643616,0.0174953287313066,53.96070861816406,0
gun_c3gd_yWwWPdTk8Evd_0-oh_farm-sw_mp22-BOB-yWwWPdTk8Evd-40_w0,c3gd_yWwWPdTk8Evd,gunshot,DANGEROUS_IMPULSE,data/processed\gunshot\gun_c3gd_yWwWPdTk8Evd_0-oh_farm-sw_mp22-BOB-yWwWPdTk8Evd-40_w0.wav,1.0,16000,1,0.9440608620643616,0.0185946071188282,50.770652770996094,0
gun_c3gd_yWwWPdTk8Evd_0-oh_farm-sw_mp22-BOB-yWwWPdTk8Evd-5_w0,c3gd_yWwWPdTk8Evd,gunshot,DANGEROUS_IMPULSE,data/processed\gunshot\gun_c3gd_yWwWPdTk8Evd_0-oh_farm-sw_mp22-BOB-yWwWPdTk8Evd-5_w0.wav,1.0,16000,1,0.9440608620643616,0.0132673032106135,71.15689849853516,0
gun_c3gd_yWwWPdTk8Evd_0-oh_farm-sw_mp22-BOB-yWwWPdTk8Evd-6_w0,c3gd_yWwWPdTk8Evd,gunshot,DANGEROUS_IMPULSE,data/processed\gunshot\gun_c3gd_yWwWPdTk8Evd_0-oh_farm-sw_mp22-BOB-yWwWPdTk8Evd-6_w0.wav,1.0,16000,1,0.9440609216690063,0.0126364782047371,74.70912170410156,0
gun_c3gd_yWwWPdTk8Evd_0-oh_farm-sw_mp22-BOB-yWwWPdTk8Evd-7_w0,c3gd_yWwWPdTk8Evd,gunshot,DANGEROUS_IMPULSE,data/processed\gunshot\gun_c3gd_yWwWPdTk8Evd_0-oh_farm-sw_mp22-BOB-yWwWPdTk8Evd-7_w0.wav,1.0,16000,1,0.8314710855484009,0.0134346023248483,61.89021682739258,0
gun_c3gd_yWwWPdTk8Evd_0-oh_farm-sw_mp22-BOB-yWwWPdTk8Evd-8_w0,c3gd_yWwWPdTk8Evd,gunshot,DANGEROUS_IMPULSE,data/processed\gunshot\gun_c3gd_yWwWPdTk8Evd_0-oh_farm-sw_mp22-BOB-yWwWPdTk8Evd-8_w0.wav,1.0,16000,1,0.9440608620643616,0.0128184550835908,73.64851379394531,0
gun_c3gd_yWwWPdTk8Evd_0-oh_farm-sw_mp22-BOB-yWwWPdTk8Evd-9_w0,c3gd_yWwWPdTk8Evd,gunshot,DANGEROUS_IMPULSE,data/processed\gunshot\gun_c3gd_yWwWPdTk8Evd_0-oh_farm-sw_mp22-BOB-yWwWPdTk8Evd-9_w0.wav,1.0,16000,1,0.9440608620643616,0.0139717764668769,67.569091796875,0
gun_c3gd_PorbzdaQTbqS_0-oh_farm-sw_mp22-DAVE-PorbzdaQTbqS-0_w0,c3gd_PorbzdaQTbqS,gunshot,DANGEROUS_IMPULSE,data/processed\gunshot\gun_c3gd_PorbzdaQTbqS_0-oh_farm-sw_mp22-DAVE-PorbzdaQTbqS-0_w0.wav,1.0,16000,1,0.9440608620643616,0.0564659050564959,16.719127655029297,0
gun_c3gd_PorbzdaQTbqS_0-oh_farm-sw_mp22-DAVE-PorbzdaQTbqS-1_w0,c3gd_PorbzdaQTbqS,gunshot,DANGEROUS_IMPULSE,data/processed\gunshot\gun_c3gd_PorbzdaQTbqS_0-oh_farm-sw_mp22-DAVE-PorbzdaQTbqS-1_w0.wav,1.0,16000,1,0.9440608620643616,0.0604524510648731,15.616582870483398,0
gun_c3gd_PorbzdaQTbqS_0-oh_farm-sw_mp22-DAVE-PorbzdaQTbqS-10_w0,c3gd_PorbzdaQTbqS,gunshot,DANGEROUS_IMPULSE,data/processed\gunshot\gun_c3gd_PorbzdaQTbqS_0-oh_farm-sw_mp22-DAVE-PorbzdaQTbqS-10_w0.wav,1.0,16000,1,0.9440608620643616,0.0542855262902944,17.39065170288086,0
gun_c3gd_PorbzdaQTbqS_0-oh_farm-sw_mp22-DAVE-PorbzdaQTbqS-11_w0,c3gd_PorbzdaQTbqS,gunshot,DANGEROUS_IMPULSE,data/processed\gunshot\gun_c3gd_PorbzdaQTbqS_0-oh_farm-sw_mp22-DAVE-PorbzdaQTbqS-11_w0.wav,1.0,16000,1,0.9440608620643616,0.0483429069704454,19.52842140197754,0
gun_c3gd_PorbzdaQTbqS_0-oh_farm-sw_mp22-DAVE-PorbzdaQTbqS-12_w0,c3gd_PorbzdaQTbqS,gunshot,DANGEROUS_IMPULSE,data/processed\gunshot\gun_c3gd_PorbzdaQTbqS_0-oh_farm-sw_mp22-DAVE-PorbzdaQTbqS-12_w0.wav,1.0,16000,1,0.9440608024597168,0.0514825641121131,18.337482452392575,0
gun_c3gd_PorbzdaQTbqS_0-oh_farm-sw_mp22-DAVE-PorbzdaQTbqS-13_w0,c3gd_PorbzdaQTbqS,gunshot,DANGEROUS_IMPULSE,data/processed\gunshot\gun_c3gd_PorbzdaQTbqS_0-oh_farm-sw_mp22-DAVE-PorbzdaQTbqS-13_w0.wav,1.0,16000,1,0.9440608620643616,0.0482552925641978,19.563879013061523,0
gun_c3gd_PorbzdaQTbqS_0-oh_farm-sw_mp22-DAVE-PorbzdaQTbqS-14_w0,c3gd_PorbzdaQTbqS,gunshot,DANGEROUS_IMPULSE,data/processed\gunshot\gun_c3gd_PorbzdaQTbqS_0-oh_farm-sw_mp22-DAVE-PorbzdaQTbqS-14_w0.wav,1.0,16000,1,0.9440608620643616,0.05434285068138,17.37230682373047,0
gun_c3gd_PorbzdaQTbqS_0-oh_farm-sw_mp22-DAVE-PorbzdaQTbqS-15_w0,c3gd_PorbzdaQTbqS,gunshot,DANGEROUS_IMPULSE,data/processed\gunshot\gun_c3gd_PorbzdaQTbqS_0-oh_farm-sw_mp22-DAVE-PorbzdaQTbqS-15_w0.wav,1.0,16000,1,0.9440608620643616,0.0539572465037989,17.496458053588867,0
gun_c3gd_PorbzdaQTbqS_0-oh_farm-sw_mp22-DAVE-PorbzdaQTbqS-16_w0,c3gd_PorbzdaQTbqS,gunshot,DANGEROUS_IMPULSE,data/processed\gunshot\gun_c3gd_PorbzdaQTbqS_0-oh_farm-sw_mp22-DAVE-PorbzdaQTbqS-16_w0.wav,1.0,16000,1,0.9440608620643616,0.0572140885939578,16.5004940032959,0
gun_c3gd_PorbzdaQTbqS_0-oh_farm-sw_mp22-DAVE-PorbzdaQTbqS-17_w0,c3gd_PorbzdaQTbqS,gunshot,DANGEROUS_IMPULSE,data/processed\gunshot\gun_c3gd_PorbzdaQTbqS_0-oh_farm-sw_mp22-DAVE-PorbzdaQTbqS-17_w0.wav,1.0,16000,1,0.9440608620643616,0.0514425016582469,18.35176467895508,0
gun_c3gd_PorbzdaQTbqS_0-oh_farm-sw_mp22-DAVE-PorbzdaQTbqS-18_w0,c3gd_PorbzdaQTbqS,gunshot,DANGEROUS_IMPULSE,data/processed\gunshot\gun_c3gd_PorbzdaQTbqS_0-oh_farm-sw_mp22-DAVE-PorbzdaQTbqS-18_w0.wav,1.0,16000,1,0.9440608620643616,0.0539158574989679,17.509889602661133,0
gun_c3gd_PorbzdaQTbqS_0-oh_farm-sw_mp22-DAVE-PorbzdaQTbqS-19_w0,c3gd_PorbzdaQTbqS,gunshot,DANGEROUS_IMPULSE,data/processed\gunshot\gun_c3gd_PorbzdaQTbqS_0-oh_farm-sw_mp22-DAVE-PorbzdaQTbqS-19_w0.wav,1.0,16000,1,0.9440608620643616,0.1238405877228678,7.623193740844727,0
gun_c3gd_PorbzdaQTbqS_0-oh_farm-sw_mp22-DAVE-PorbzdaQTbqS-2_w0,c3gd_PorbzdaQTbqS,gunshot,DANGEROUS_IMPULSE,data/processed\gunshot\gun_c3gd_PorbzdaQTbqS_0-oh_farm-sw_mp22-DAVE-PorbzdaQTbqS-2_w0.wav,1.0,16000,1,0.9440608620643616,0.0594337649410313,15.884248733520508,0
gun_c3gd_PorbzdaQTbqS_0-oh_farm-sw_mp22-DAVE-PorbzdaQTbqS-20_w0,c3gd_PorbzdaQTbqS,gunshot,DANGEROUS_IMPULSE,data/processed\gunshot\gun_c3gd_PorbzdaQTbqS_0-oh_farm-sw_mp22-DAVE-PorbzdaQTbqS-20_w0.wav,1.0,16000,1,0.9440608620643616,0.0970508118351308,9.727489471435549,0
gun_c3gd_PorbzdaQTbqS_0-oh_farm-sw_mp22-DAVE-PorbzdaQTbqS-21_w0,c3gd_PorbzdaQTbqS,gunshot,DANGEROUS_IMPULSE,data/processed\gunshot\gun_c3gd_PorbzdaQTbqS_0-oh_farm-sw_mp22-DAVE-PorbzdaQTbqS-21_w0.wav,1.0,16000,1,0.9440608620643616,0.0608338947816609,15.518662452697754,0
gun_c3gd_PorbzdaQTbqS_0-oh_farm-sw_mp22-DAVE-PorbzdaQTbqS-22_w0,c3gd_PorbzdaQTbqS,gunshot,DANGEROUS_IMPULSE,data/processed\gunshot\gun_c3gd_PorbzdaQTbqS_0-oh_farm-sw_mp22-DAVE-PorbzdaQTbqS-22_w0.wav,1.0,16000,1,0.9440608620643616,0.0499444128219806,18.9022274017334,0
gun_c3gd_PorbzdaQTbqS_0-oh_farm-sw_mp22-DAVE-PorbzdaQTbqS-23_w0,c3gd_PorbzdaQTbqS,gunshot,DANGEROUS_IMPULSE,data/processed\gunshot\gun_c3gd_PorbzdaQTbqS_0-oh_farm-sw_mp22-DAVE-PorbzdaQTbqS-23_w0.wav,1.0,16000,1,0.9440608620643616,0.0645323937813486,14.629252433776855,0
gun_c3gd_PorbzdaQTbqS_0-oh_farm-sw_mp22-DAVE-PorbzdaQTbqS-24_w0,c3gd_PorbzdaQTbqS,gunshot,DANGEROUS_IMPULSE,data/processed\gunshot\gun_c3gd_PorbzdaQTbqS_0-oh_farm-sw_mp22-DAVE-PorbzdaQTbqS-24_w0.wav,1.0,16000,1,0.9440608620643616,0.0927277100955092,10.180999755859377,0
gun_c3gd_PorbzdaQTbqS_0-oh_farm-sw_mp22-DAVE-PorbzdaQTbqS-25_w0,c3gd_PorbzdaQTbqS,gunshot,DANGEROUS_IMPULSE,data/processed\gunshot\gun_c3gd_PorbzdaQTbqS_0-oh_farm-sw_mp22-DAVE-PorbzdaQTbqS-25_w0.wav,1.0,16000,1,0.9440608620643616,0.0729066474309358,12.948897361755373,0
gun_c3gd_PorbzdaQTbqS_0-oh_farm-sw_mp22-DAVE-PorbzdaQTbqS-26_w0,c3gd_PorbzdaQTbqS,gunshot,DANGEROUS_IMPULSE,data/processed\gunshot\gun_c3gd_PorbzdaQTbqS_0-oh_farm-sw_mp22-DAVE-PorbzdaQTbqS-26_w0.wav,1.0,16000,1,0.9440608620643616,0.0628808680364179,15.013480186462402,0
gun_c3gd_PorbzdaQTbqS_0-oh_farm-sw_mp22-DAVE-PorbzdaQTbqS-27_w0,c3gd_PorbzdaQTbqS,gunshot,DANGEROUS_IMPULSE,data/processed\gunshot\gun_c3gd_PorbzdaQTbqS_0-oh_farm-sw_mp22-DAVE-PorbzdaQTbqS-27_w0.wav,1.0,16000,1,0.9440609216690063,0.0512702396888833,18.41342544555664,0
gun_c3gd_PorbzdaQTbqS_0-oh_farm-sw_mp22-DAVE-PorbzdaQTbqS-28_w0,c3gd_PorbzdaQTbqS,gunshot,DANGEROUS_IMPULSE,data/processed\gunshot\gun_c3gd_PorbzdaQTbqS_0-oh_farm-sw_mp22-DAVE-PorbzdaQTbqS-28_w0.wav,1.0,16000,1,0.9440608620643616,0.0605726802347893,15.585585594177246,0
gun_c3gd_PorbzdaQTbqS_0-oh_farm-sw_mp22-DAVE-PorbzdaQTbqS-29_w0,c3gd_PorbzdaQTbqS,gunshot,DANGEROUS_IMPULSE,data/processed\gunshot\gun_c3gd_PorbzdaQTbqS_0-oh_farm-sw_mp22-DAVE-PorbzdaQTbqS-29_w0.wav,1.0,16000,1,0.9440608620643616,0.0780627747922952,12.093609809875488,0
gun_c3gd_PorbzdaQTbqS_0-oh_farm-sw_mp22-DAVE-PorbzdaQTbqS-3_w0,c3gd_PorbzdaQTbqS,gunshot,DANGEROUS_IMPULSE,data/processed\gunshot\gun_c3gd_PorbzdaQTbqS_0-oh_farm-sw_mp22-DAVE-PorbzdaQTbqS-3_w0.wav,1.0,16000,1,0.9440608620643616,0.0606601217442859,15.563118934631348,0
gun_c3gd_PorbzdaQTbqS_0-oh_farm-sw_mp22-DAVE-PorbzdaQTbqS-30_w0,c3gd_PorbzdaQTbqS,gunshot,DANGEROUS_IMPULSE,data/processed\gunshot\gun_c3gd_PorbzdaQTbqS_0-oh_farm-sw_mp22-DAVE-PorbzdaQTbqS-30_w0.wav,1.0,16000,1,0.9440608620643616,0.0833629304758632,11.32470703125,0
gun_c3gd_PorbzdaQTbqS_0-oh_farm-sw_mp22-DAVE-PorbzdaQTbqS-31_w0,c3gd_PorbzdaQTbqS,gunshot,DANGEROUS_IMPULSE,data/processed\gunshot\gun_c3gd_PorbzdaQTbqS_0-oh_farm-sw_mp22-DAVE-PorbzdaQTbqS-31_w0.wav,1.0,16000,1,0.9440608620643616,0.0500230350555645,18.87251853942871,0
gun_c3gd_PorbzdaQTbqS_0-oh_farm-sw_mp22-DAVE-PorbzdaQTbqS-32_w0,c3gd_PorbzdaQTbqS,gunshot,DANGEROUS_IMPULSE,data/processed\gunshot\gun_c3gd_PorbzdaQTbqS_0-oh_farm-sw_mp22-DAVE-PorbzdaQTbqS-32_w0.wav,1.0,16000,1,0.9440608620643616,0.053004750554784,17.810869216918945,0
gun_c3gd_PorbzdaQTbqS_0-oh_farm-sw_mp22-DAVE-PorbzdaQTbqS-33_w0,c3gd_PorbzdaQTbqS,gunshot,DANGEROUS_IMPULSE,data/processed\gunshot\gun_c3gd_PorbzdaQTbqS_0-oh_farm-sw_mp22-DAVE-PorbzdaQTbqS-33_w0.wav,1.0,16000,1,0.9440608620643616,0.0811842721315035,11.628616333007812,0
gun_c3gd_PorbzdaQTbqS_0-oh_farm-sw_mp22-DAVE-PorbzdaQTbqS-34_w0,c3gd_PorbzdaQTbqS,gunshot,DANGEROUS_IMPULSE,data/processed\gunshot\gun_c3gd_PorbzdaQTbqS_0-oh_farm-sw_mp22-DAVE-PorbzdaQTbqS-34_w0.wav,1.0,16000,1,0.9440608620643616,0.0721384166043233,13.086795806884766,0
gun_c3gd_PorbzdaQTbqS_0-oh_farm-sw_mp22-DAVE-PorbzdaQTbqS-35_w0,c3gd_PorbzdaQTbqS,gunshot,DANGEROUS_IMPULSE,data/processed\gunshot\gun_c3gd_PorbzdaQTbqS_0-oh_farm-sw_mp22-DAVE-PorbzdaQTbqS-35_w0.wav,1.0,16000,1,0.9440608620643616,0.0742388622739917,12.716529846191406,0
gun_c3gd_PorbzdaQTbqS_0-oh_farm-sw_mp22-DAVE-PorbzdaQTbqS-36_w0,c3gd_PorbzdaQTbqS,gunshot,DANGEROUS_IMPULSE,data/processed\gunshot\gun_c3gd_PorbzdaQTbqS_0-oh_farm-sw_mp22-DAVE-PorbzdaQTbqS-36_w0.wav,1.0,16000,1,0.9440608620643616,0.0717973746032268,13.148959159851074,0
gun_c3gd_PorbzdaQTbqS_0-oh_farm-sw_mp22-DAVE-PorbzdaQTbqS-37_w0,c3gd_PorbzdaQTbqS,gunshot,DANGEROUS_IMPULSE,data/processed\gunshot\gun_c3gd_PorbzdaQTbqS_0-oh_farm-sw_mp22-DAVE-PorbzdaQTbqS-37_w0.wav,1.0,16000,1,0.9440608620643616,0.0528059733854079,17.877914428710938,0
gun_c3gd_PorbzdaQTbqS_0-oh_farm-sw_mp22-DAVE-PorbzdaQTbqS-38_w0,c3gd_PorbzdaQTbqS,gunshot,DANGEROUS_IMPULSE,data/processed\gunshot\gun_c3gd_PorbzdaQTbqS_0-oh_farm-sw_mp22-DAVE-PorbzdaQTbqS-38_w0.wav,1.0,16000,1,0.9440608620643616,0.1242254219422647,7.599577903747559,0
gun_c3gd_PorbzdaQTbqS_0-oh_farm-sw_mp22-DAVE-PorbzdaQTbqS-39_w0,c3gd_PorbzdaQTbqS,gunshot,DANGEROUS_IMPULSE,data/processed\gunshot\gun_c3gd_PorbzdaQTbqS_0-oh_farm-sw_mp22-DAVE-PorbzdaQTbqS-39_w0.wav,1.0,16000,1,0.9440608620643616,0.1139646012042945,8.283806800842285,0
gun_c3gd_PorbzdaQTbqS_0-oh_farm-sw_mp22-DAVE-PorbzdaQTbqS-4_w0,c3gd_PorbzdaQTbqS,gunshot,DANGEROUS_IMPULSE,data/processed\gunshot\gun_c3gd_PorbzdaQTbqS_0-oh_farm-sw_mp22-DAVE-PorbzdaQTbqS-4_w0.wav,1.0,16000,1,0.9440608620643616,0.0648766818931066,14.551618576049805,0
gun_c3gd_PorbzdaQTbqS_0-oh_farm-sw_mp22-DAVE-PorbzdaQTbqS-40_w0,c3gd_PorbzdaQTbqS,gunshot,DANGEROUS_IMPULSE,data/processed\gunshot\gun_c3gd_PorbzdaQTbqS_0-oh_farm-sw_mp22-DAVE-PorbzdaQTbqS-40_w0.wav,1.0,16000,1,0.9440608620643616,0.0658536031621577,14.335749626159668,0
gun_c3gd_PorbzdaQTbqS_0-oh_farm-sw_mp22-DAVE-PorbzdaQTbqS-5_w0,c3gd_PorbzdaQTbqS,gunshot,DANGEROUS_IMPULSE,data/processed\gunshot\gun_c3gd_PorbzdaQTbqS_0-oh_farm-sw_mp22-DAVE-PorbzdaQTbqS-5_w0.wav,1.0,16000,1,0.9440608620643616,0.0640224968641538,14.745765686035156,0
gun_c3gd_PorbzdaQTbqS_0-oh_farm-sw_mp22-DAVE-PorbzdaQTbqS-6_w0,c3gd_PorbzdaQTbqS,gunshot,DANGEROUS_IMPULSE,data/processed\gunshot\gun_c3gd_PorbzdaQTbqS_0-oh_farm-sw_mp22-DAVE-PorbzdaQTbqS-6_w0.wav,1.0,16000,1,0.9440608620643616,0.0620464111514682,15.2153959274292,0
gun_c3gd_PorbzdaQTbqS_0-oh_farm-sw_mp22-DAVE-PorbzdaQTbqS-7_w0,c3gd_PorbzdaQTbqS,gunshot,DANGEROUS_IMPULSE,data/processed\gunshot\gun_c3gd_PorbzdaQTbqS_0-oh_farm-sw_mp22-DAVE-PorbzdaQTbqS-7_w0.wav,1.0,16000,1,0.9440608620643616,0.0661823058886482,14.264548301696776,0
gun_c3gd_PorbzdaQTbqS_0-oh_farm-sw_mp22-DAVE-PorbzdaQTbqS-8_w0,c3gd_PorbzdaQTbqS,gunshot,DANGEROUS_IMPULSE,data/processed\gunshot\gun_c3gd_PorbzdaQTbqS_0-oh_farm-sw_mp22-DAVE-PorbzdaQTbqS-8_w0.wav,1.0,16000,1,0.9440608024597168,0.0615641727770908,15.334579467773438,0
gun_c3gd_PorbzdaQTbqS_0-oh_farm-sw_mp22-DAVE-PorbzdaQTbqS-9_w0,c3gd_PorbzdaQTbqS,gunshot,DANGEROUS_IMPULSE,data/processed\gunshot\gun_c3gd_PorbzdaQTbqS_0-oh_farm-sw_mp22-DAVE-PorbzdaQTbqS-9_w0.wav,1.0,16000,1,0.9440608620643616,0.0643323503685896,14.67474365234375,0
gun_c3gd_ILuAgA20Xl4i_0-oh_farm-sw_mp22-ERIN-ILuAgA20Xl4i-0_w0,c3gd_ILuAgA20Xl4i,gunshot,DANGEROUS_IMPULSE,data/processed\gunshot\gun_c3gd_ILuAgA20Xl4i_0-oh_farm-sw_mp22-ERIN-ILuAgA20Xl4i-0_w0.wav,1.0,16000,1,0.3121304214000702,0.0163529162108565,19.087129592895508,0
gun_c3gd_ILuAgA20Xl4i_0-oh_farm-sw_mp22-ERIN-ILuAgA20Xl4i-1_w0,c3gd_ILuAgA20Xl4i,gunshot,DANGEROUS_IMPULSE,data/processed\gunshot\gun_c3gd_ILuAgA20Xl4i_0-oh_farm-sw_mp22-ERIN-ILuAgA20Xl4i-1_w0.wav,1.0,16000,1,0.3307775557041168,0.0161982530136863,20.420557022094727,0
gun_c3gd_ILuAgA20Xl4i_0-oh_farm-sw_mp22-ERIN-ILuAgA20Xl4i-10_w0,c3gd_ILuAgA20Xl4i,gunshot,DANGEROUS_IMPULSE,data/processed\gunshot\gun_c3gd_ILuAgA20Xl4i_0-oh_farm-sw_mp22-ERIN-ILuAgA20Xl4i-10_w0.wav,1.0,16000,1,0.3664049506187439,0.0143669207219775,25.50335693359375,0
gun_c3gd_ILuAgA20Xl4i_0-oh_farm-sw_mp22-ERIN-ILuAgA20Xl4i-11_w0,c3gd_ILuAgA20Xl4i,gunshot,DANGEROUS_IMPULSE,data/processed\gunshot\gun_c3gd_ILuAgA20Xl4i_0-oh_farm-sw_mp22-ERIN-ILuAgA20Xl4i-11_w0.wav,1.0,16000,1,0.2339320629835128,0.0138380970784698,16.904918670654297,0
gun_c3gd_ILuAgA20Xl4i_0-oh_farm-sw_mp22-ERIN-ILuAgA20Xl4i-12_w0,c3gd_ILuAgA20Xl4i,gunshot,DANGEROUS_IMPULSE,data/processed\gunshot\gun_c3gd_ILuAgA20Xl4i_0-oh_farm-sw_mp22-ERIN-ILuAgA20Xl4i-12_w0.wav,1.0,16000,1,0.0334321297705173,0.0032841988872909,10.179659843444824,0
gun_c3gd_ILuAgA20Xl4i_0-oh_farm-sw_mp22-ERIN-ILuAgA20Xl4i-13_w0,c3gd_ILuAgA20Xl4i,gunshot,DANGEROUS_IMPULSE,data/processed\gunshot\gun_c3gd_ILuAgA20Xl4i_0-oh_farm-sw_mp22-ERIN-ILuAgA20Xl4i-13_w0.wav,1.0,16000,1,0.3687735795974731,0.0147932617236492,24.928466796875,0
gun_c3gd_ILuAgA20Xl4i_0-oh_farm-sw_mp22-ERIN-ILuAgA20Xl4i-14_w0,c3gd_ILuAgA20Xl4i,gunshot,DANGEROUS_IMPULSE,data/processed\gunshot\gun_c3gd_ILuAgA20Xl4i_0-oh_farm-sw_mp22-ERIN-ILuAgA20Xl4i-14_w0.wav,1.0,16000,1,0.3024765849113464,0.0146364336699632,20.66598892211914,0
gun_c3gd_ILuAgA20Xl4i_0-oh_farm-sw_mp22-ERIN-ILuAgA20Xl4i-15_w0,c3gd_ILuAgA20Xl4i,gunshot,DANGEROUS_IMPULSE,data/processed\gunshot\gun_c3gd_ILuAgA20Xl4i_0-oh_farm-sw_mp22-ERIN-ILuAgA20Xl4i-15_w0.wav,1.0,16000,1,0.2951903939247131,0.0153300390915854,19.255672454833984,0
gun_c3gd_ILuAgA20Xl4i_0-oh_farm-sw_mp22-ERIN-ILuAgA20Xl4i-16_w0,c3gd_ILuAgA20Xl4i,gunshot,DANGEROUS_IMPULSE,data/processed\gunshot\gun_c3gd_ILuAgA20Xl4i_0-oh_farm-sw_mp22-ERIN-ILuAgA20Xl4i-16_w0.wav,1.0,16000,1,0.3689156174659729,0.0154388682977299,23.895235061645508,0
gun_c3gd_ILuAgA20Xl4i_0-oh_farm-sw_mp22-ERIN-ILuAgA20Xl4i-17_w0,c3gd_ILuAgA20Xl4i,gunshot,DANGEROUS_IMPULSE,data/processed\gunshot\gun_c3gd_ILuAgA20Xl4i_0-oh_farm-sw_mp22-ERIN-ILuAgA20Xl4i-17_w0.wav,1.0,16000,1,0.3365958034992218,0.0153561054201218,21.91933250427246,0
gun_c3gd_ILuAgA20Xl4i_0-oh_farm-sw_mp22-ERIN-ILuAgA20Xl4i-18_w0,c3gd_ILuAgA20Xl4i,gunshot,DANGEROUS_IMPULSE,data/processed\gunshot\gun_c3gd_ILuAgA20Xl4i_0-oh_farm-sw_mp22-ERIN-ILuAgA20Xl4i-18_w0.wav,1.0,16000,1,0.3083853423595428,0.0151589959361752,20.343374252319336,0
gun_c3gd_ILuAgA20Xl4i_0-oh_farm-sw_mp22-ERIN-ILuAgA20Xl4i-19_w0,c3gd_ILuAgA20Xl4i,gunshot,DANGEROUS_IMPULSE,data/processed\gunshot\gun_c3gd_ILuAgA20Xl4i_0-oh_farm-sw_mp22-ERIN-ILuAgA20Xl4i-19_w0.wav,1.0,16000,1,0.3352142870426178,0.0359397495514199,9.327115058898926,0
gun_c3gd_ILuAgA20Xl4i_0-oh_farm-sw_mp22-ERIN-ILuAgA20Xl4i-2_w0,c3gd_ILuAgA20Xl4i,gunshot,DANGEROUS_IMPULSE,data/processed\gunshot\gun_c3gd_ILuAgA20Xl4i_0-oh_farm-sw_mp22-ERIN-ILuAgA20Xl4i-2_w0.wav,1.0,16000,1,0.3108060359954834,0.0161332382533904,19.264938354492188,0
gun_c3gd_ILuAgA20Xl4i_0-oh_farm-sw_mp22-ERIN-ILuAgA20Xl4i-20_w0,c3gd_ILuAgA20Xl4i,gunshot,DANGEROUS_IMPULSE,data/processed\gunshot\gun_c3gd_ILuAgA20Xl4i_0-oh_farm-sw_mp22-ERIN-ILuAgA20Xl4i-20_w0.wav,1.0,16000,1,0.4194592237472534,0.0303230283245048,13.83302116394043,0
gun_c3gd_ILuAgA20Xl4i_0-oh_farm-sw_mp22-ERIN-ILuAgA20Xl4i-21_w0,c3gd_ILuAgA20Xl4i,gunshot,DANGEROUS_IMPULSE,data/processed\gunshot\gun_c3gd_ILuAgA20Xl4i_0-oh_farm-sw_mp22-ERIN-ILuAgA20Xl4i-21_w0.wav,1.0,16000,1,0.27116858959198,0.017592318420709,15.41402530670166,0
gun_c3gd_ILuAgA20Xl4i_0-oh_farm-sw_mp22-ERIN-ILuAgA20Xl4i-22_w0,c3gd_ILuAgA20Xl4i,gunshot,DANGEROUS_IMPULSE,data/processed\gunshot\gun_c3gd_ILuAgA20Xl4i_0-oh_farm-sw_mp22-ERIN-ILuAgA20Xl4i-22_w0.wav,1.0,16000,1,0.2235906720161438,0.0156763831920035,14.26288890838623,0
gun_c3gd_ILuAgA20Xl4i_0-oh_farm-sw_mp22-ERIN-ILuAgA20Xl4i-23_w0,c3gd_ILuAgA20Xl4i,gunshot,DANGEROUS_IMPULSE,data/processed\gunshot\gun_c3gd_ILuAgA20Xl4i_0-oh_farm-sw_mp22-ERIN-ILuAgA20Xl4i-23_w0.wav,1.0,16000,1,0.2393960356712341,0.021181226710254,11.302268981933594,0
gun_c3gd_ILuAgA20Xl4i_0-oh_farm-sw_mp22-ERIN-ILuAgA20Xl4i-24_w0,c3gd_ILuAgA20Xl4i,gunshot,DANGEROUS_IMPULSE,data/processed\gunshot\gun_c3gd_ILuAgA20Xl4i_0-oh_farm-sw_mp22-ERIN-ILuAgA20Xl4i-24_w0.wav,1.0,16000,1,0.3251064419746399,0.0298484058377737,10.891916275024414,0
gun_c3gd_ILuAgA20Xl4i_0-oh_farm-sw_mp22-ERIN-ILuAgA20Xl4i-25_w0,c3gd_ILuAgA20Xl4i,gunshot,DANGEROUS_IMPULSE,data/processed\gunshot\gun_c3gd_ILuAgA20Xl4i_0-oh_farm-sw_mp22-ERIN-ILuAgA20Xl4i-25_w0.wav,1.0,16000,1,0.264794260263443,0.0230020311067122,11.51177215576172,0
gun_c3gd_ILuAgA20Xl4i_0-oh_farm-sw_mp22-ERIN-ILuAgA20Xl4i-26_w0,c3gd_ILuAgA20Xl4i,gunshot,DANGEROUS_IMPULSE,data/processed\gunshot\gun_c3gd_ILuAgA20Xl4i_0-oh_farm-sw_mp22-ERIN-ILuAgA20Xl4i-26_w0.wav,1.0,16000,1,0.3136577904224396,0.0178594617496825,17.562545776367188,0
gun_c3gd_ILuAgA20Xl4i_0-oh_farm-sw_mp22-ERIN-ILuAgA20Xl4i-27_w0,c3gd_ILuAgA20Xl4i,gunshot,DANGEROUS_IMPULSE,data/processed\gunshot\gun_c3gd_ILuAgA20Xl4i_0-oh_farm-sw_mp22-ERIN-ILuAgA20Xl4i-27_w0.wav,1.0,16000,1,0.3131328523159027,0.0163196476291431,19.18746566772461,0
gun_c3gd_ILuAgA20Xl4i_0-oh_farm-sw_mp22-ERIN-ILuAgA20Xl4i-28_w0,c3gd_ILuAgA20Xl4i,gunshot,DANGEROUS_IMPULSE,data/processed\gunshot\gun_c3gd_ILuAgA20Xl4i_0-oh_farm-sw_mp22-ERIN-ILuAgA20Xl4i-28_w0.wav,1.0,16000,1,0.3110057711601257,0.0232863332032283,13.35571575164795,0
gun_c3gd_ILuAgA20Xl4i_0-oh_farm-sw_mp22-ERIN-ILuAgA20Xl4i-29_w0,c3gd_ILuAgA20Xl4i,gunshot,DANGEROUS_IMPULSE,data/processed\gunshot\gun_c3gd_ILuAgA20Xl4i_0-oh_farm-sw_mp22-ERIN-ILuAgA20Xl4i-29_w0.wav,1.0,16000,1,0.3359706103801727,0.027697668626031,12.129919052124023,0
gun_c3gd_ILuAgA20Xl4i_0-oh_farm-sw_mp22-ERIN-ILuAgA20Xl4i-3_w0,c3gd_ILuAgA20Xl4i,gunshot,DANGEROUS_IMPULSE,data/processed\gunshot\gun_c3gd_ILuAgA20Xl4i_0-oh_farm-sw_mp22-ERIN-ILuAgA20Xl4i-3_w0.wav,1.0,16000,1,0.3163070976734161,0.015753765863632,20.07817649841309,0
gun_c3gd_ILuAgA20Xl4i_0-oh_farm-sw_mp22-ERIN-ILuAgA20Xl4i-30_w0,c3gd_ILuAgA20Xl4i,gunshot,DANGEROUS_IMPULSE,data/processed\gunshot\gun_c3gd_ILuAgA20Xl4i_0-oh_farm-sw_mp22-ERIN-ILuAgA20Xl4i-30_w0.wav,1.0,16000,1,0.3757287263870239,0.0261822390852546,14.350513458251951,0
gun_c3gd_ILuAgA20Xl4i_0-oh_farm-sw_mp22-ERIN-ILuAgA20Xl4i-31_w0,c3gd_ILuAgA20Xl4i,gunshot,DANGEROUS_IMPULSE,data/processed\gunshot\gun_c3gd_ILuAgA20Xl4i_0-oh_farm-sw_mp22-ERIN-ILuAgA20Xl4i-31_w0.wav,1.0,16000,1,0.2864459455013275,0.0156755310170396,18.27343368530273,0
gun_c3gd_ILuAgA20Xl4i_0-oh_farm-sw_mp22-ERIN-ILuAgA20Xl4i-32_w0,c3gd_ILuAgA20Xl4i,gunshot,DANGEROUS_IMPULSE,data/processed\gunshot\gun_c3gd_ILuAgA20Xl4i_0-oh_farm-sw_mp22-ERIN-ILuAgA20Xl4i-32_w0.wav,1.0,16000,1,0.2455327212810516,0.0163498485526842,15.017422676086426,0
gun_c3gd_ILuAgA20Xl4i_0-oh_farm-sw_mp22-ERIN-ILuAgA20Xl4i-33_w0,c3gd_ILuAgA20Xl4i,gunshot,DANGEROUS_IMPULSE,data/processed\gunshot\gun_c3gd_ILuAgA20Xl4i_0-oh_farm-sw_mp22-ERIN-ILuAgA20Xl4i-33_w0.wav,1.0,16000,1,0.2594824135303497,0.0241780387850934,10.732149124145508,0
gun_c3gd_ILuAgA20Xl4i_0-oh_farm-sw_mp22-ERIN-ILuAgA20Xl4i-34_w0,c3gd_ILuAgA20Xl4i,gunshot,DANGEROUS_IMPULSE,data/processed\gunshot\gun_c3gd_ILuAgA20Xl4i_0-oh_farm-sw_mp22-ERIN-ILuAgA20Xl4i-34_w0.wav,1.0,16000,1,0.3072344362735748,0.0221166396674514,13.891545295715332,0
gun_c3gd_ILuAgA20Xl4i_0-oh_farm-sw_mp22-ERIN-ILuAgA20Xl4i-35_w0,c3gd_ILuAgA20Xl4i,gunshot,DANGEROUS_IMPULSE,data/processed\gunshot\gun_c3gd_ILuAgA20Xl4i_0-oh_farm-sw_mp22-ERIN-ILuAgA20Xl4i-35_w0.wav,1.0,16000,1,0.314811497926712,0.0213456899881736,14.74824047088623,0
gun_c3gd_ILuAgA20Xl4i_0-oh_farm-sw_mp22-ERIN-ILuAgA20Xl4i-36_w0,c3gd_ILuAgA20Xl4i,gunshot,DANGEROUS_IMPULSE,data/processed\gunshot\gun_c3gd_ILuAgA20Xl4i_0-oh_farm-sw_mp22-ERIN-ILuAgA20Xl4i-36_w0.wav,1.0,16000,1,0.3090369403362274,0.0229520973469882,13.464425086975098,0
gun_c3gd_ILuAgA20Xl4i_0-oh_farm-sw_mp22-ERIN-ILuAgA20Xl4i-37_w0,c3gd_ILuAgA20Xl4i,gunshot,DANGEROUS_IMPULSE,data/processed\gunshot\gun_c3gd_ILuAgA20Xl4i_0-oh_farm-sw_mp22-ERIN-ILuAgA20Xl4i-37_w0.wav,1.0,16000,1,0.4036286175251007,0.017528680462479,23.02674102783203,0
gun_c3gd_ILuAgA20Xl4i_0-oh_farm-sw_mp22-ERIN-ILuAgA20Xl4i-38_w0,c3gd_ILuAgA20Xl4i,gunshot,DANGEROUS_IMPULSE,data/processed\gunshot\gun_c3gd_ILuAgA20Xl4i_0-oh_farm-sw_mp22-ERIN-ILuAgA20Xl4i-38_w0.wav,1.0,16000,1,0.395667165517807,0.0362126541168034,10.926209449768066,0
gun_c3gd_ILuAgA20Xl4i_0-oh_farm-sw_mp22-ERIN-ILuAgA20Xl4i-39_w0,c3gd_ILuAgA20Xl4i,gunshot,DANGEROUS_IMPULSE,data/processed\gunshot\gun_c3gd_ILuAgA20Xl4i_0-oh_farm-sw_mp22-ERIN-ILuAgA20Xl4i-39_w0.wav,1.0,16000,1,0.3120246231555938,0.0327092048425522,9.539349555969238,0
gun_c3gd_ILuAgA20Xl4i_0-oh_farm-sw_mp22-ERIN-ILuAgA20Xl4i-4_w0,c3gd_ILuAgA20Xl4i,gunshot,DANGEROUS_IMPULSE,data/processed\gunshot\gun_c3gd_ILuAgA20Xl4i_0-oh_farm-sw_mp22-ERIN-ILuAgA20Xl4i-4_w0.wav,1.0,16000,1,0.3341295421123504,0.0155643294796584,21.467634201049805,0
gun_c3gd_ILuAgA20Xl4i_0-oh_farm-sw_mp22-ERIN-ILuAgA20Xl4i-40_w0,c3gd_ILuAgA20Xl4i,gunshot,DANGEROUS_IMPULSE,data/processed\gunshot\gun_c3gd_ILuAgA20Xl4i_0-oh_farm-sw_mp22-ERIN-ILuAgA20Xl4i-40_w0.wav,1.0,16000,1,0.2704079747200012,0.0179555235261508,15.05986785888672,0
gun_c3gd_ILuAgA20Xl4i_0-oh_farm-sw_mp22-ERIN-ILuAgA20Xl4i-5_w0,c3gd_ILuAgA20Xl4i,gunshot,DANGEROUS_IMPULSE,data/processed\gunshot\gun_c3gd_ILuAgA20Xl4i_0-oh_farm-sw_mp22-ERIN-ILuAgA20Xl4i-5_w0.wav,1.0,16000,1,0.3819009363651275,0.0163025665709873,23.42580223083496,0
gun_c3gd_ILuAgA20Xl4i_0-oh_farm-sw_mp22-ERIN-ILuAgA20Xl4i-6_w0,c3gd_ILuAgA20Xl4i,gunshot,DANGEROUS_IMPULSE,data/processed\gunshot\gun_c3gd_ILuAgA20Xl4i_0-oh_farm-sw_mp22-ERIN-ILuAgA20Xl4i-6_w0.wav,1.0,16000,1,0.2914059460163116,0.0157409062630301,18.51264190673828,0
gun_c3gd_ILuAgA20Xl4i_0-oh_farm-sw_mp22-ERIN-ILuAgA20Xl4i-7_w0,c3gd_ILuAgA20Xl4i,gunshot,DANGEROUS_IMPULSE,data/processed\gunshot\gun_c3gd_ILuAgA20Xl4i_0-oh_farm-sw_mp22-ERIN-ILuAgA20Xl4i-7_w0.wav,1.0,16000,1,0.3536060452461242,0.0162563618256104,21.751842498779297,0
gun_c3gd_ILuAgA20Xl4i_0-oh_farm-sw_mp22-ERIN-ILuAgA20Xl4i-8_w0,c3gd_ILuAgA20Xl4i,gunshot,DANGEROUS_IMPULSE,data/processed\gunshot\gun_c3gd_ILuAgA20Xl4i_0-oh_farm-sw_mp22-ERIN-ILuAgA20Xl4i-8_w0.wav,1.0,16000,1,0.3363848328590393,0.0162820869385017,20.65979766845703,0
gun_c3gd_ILuAgA20Xl4i_0-oh_farm-sw_mp22-ERIN-ILuAgA20Xl4i-9_w0,c3gd_ILuAgA20Xl4i,gunshot,DANGEROUS_IMPULSE,data/processed\gunshot\gun_c3gd_ILuAgA20Xl4i_0-oh_farm-sw_mp22-ERIN-ILuAgA20Xl4i-9_w0.wav,1.0,16000,1,0.3727838397026062,0.0164408796558713,22.674190521240234,0
gun_c3gd_9beqPU8F1HSu_1-ny_gravel_pit-savage_223-ALICE-9beqPU8F1HSu-0_w0,c3gd_9beqPU8F1HSu,gunshot,DANGEROUS_IMPULSE,data/processed\gunshot\gun_c3gd_9beqPU8F1HSu_1-ny_gravel_pit-savage_223-ALICE-9beqPU8F1HSu-0_w0.wav,1.0,16000,1,0.9440608620643616,0.0923626488583091,10.221240043640137,0
gun_c3gd_9beqPU8F1HSu_1-ny_gravel_pit-savage_223-ALICE-9beqPU8F1HSu-1_w0,c3gd_9beqPU8F1HSu,gunshot,DANGEROUS_IMPULSE,data/processed\gunshot\gun_c3gd_9beqPU8F1HSu_1-ny_gravel_pit-savage_223-ALICE-9beqPU8F1HSu-1_w0.wav,1.0,16000,1,0.9440608620643616,0.1096416059553154,8.610424041748047,0
gun_c3gd_9beqPU8F1HSu_1-ny_gravel_pit-savage_223-ALICE-9beqPU8F1HSu-2_w0,c3gd_9beqPU8F1HSu,gunshot,DANGEROUS_IMPULSE,data/processed\gunshot\gun_c3gd_9beqPU8F1HSu_1-ny_gravel_pit-savage_223-ALICE-9beqPU8F1HSu-2_w0.wav,1.0,16000,1,0.9440608620643616,0.1245835041227839,7.57773494720459,0
gun_c3gd_9beqPU8F1HSu_1-ny_gravel_pit-savage_223-ALICE-9beqPU8F1HSu-3_w0,c3gd_9beqPU8F1HSu,gunshot,DANGEROUS_IMPULSE,data/processed\gunshot\gun_c3gd_9beqPU8F1HSu_1-ny_gravel_pit-savage_223-ALICE-9beqPU8F1HSu-3_w0.wav,1.0,16000,1,0.9440609216690063,0.1722964030081442,5.479283332824707,0
gun_c3gd_9beqPU8F1HSu_1-ny_gravel_pit-savage_223-ALICE-9beqPU8F1HSu-4_w0,c3gd_9beqPU8F1HSu,gunshot,DANGEROUS_IMPULSE,data/processed\gunshot\gun_c3gd_9beqPU8F1HSu_1-ny_gravel_pit-savage_223-ALICE-9beqPU8F1HSu-4_w0.wav,1.0,16000,1,0.9440608620643616,0.1247778460692515,7.565932750701904,0
gun_c3gd_IaO6gvZyLJyE_1-ny_gravel_pit-savage_223-ALICE-IaO6gvZyLJyE-0_w0,c3gd_IaO6gvZyLJyE,gunshot,DANGEROUS_IMPULSE,data/processed\gunshot\gun_c3gd_IaO6gvZyLJyE_1-ny_gravel_pit-savage_223-ALICE-IaO6gvZyLJyE-0_w0.wav,1.0,16000,1,0.9440609216690063,0.1309212282239702,7.210906982421875,0
gun_c3gd_IaO6gvZyLJyE_1-ny_gravel_pit-savage_223-ALICE-IaO6gvZyLJyE-1_w0,c3gd_IaO6gvZyLJyE,gunshot,DANGEROUS_IMPULSE,data/processed\gunshot\gun_c3gd_IaO6gvZyLJyE_1-ny_gravel_pit-savage_223-ALICE-IaO6gvZyLJyE-1_w0.wav,1.0,16000,1,0.9440608620643616,0.0860785605398291,10.967432022094728,0
gun_c3gd_IaO6gvZyLJyE_1-ny_gravel_pit-savage_223-ALICE-IaO6gvZyLJyE-10_w0,c3gd_IaO6gvZyLJyE,gunshot,DANGEROUS_IMPULSE,data/processed\gunshot\gun_c3gd_IaO6gvZyLJyE_1-ny_gravel_pit-savage_223-ALICE-IaO6gvZyLJyE-10_w0.wav,1.0,16000,1,0.9440608620643616,0.0955348140484103,9.881850242614746,0
gun_c3gd_IaO6gvZyLJyE_1-ny_gravel_pit-savage_223-ALICE-IaO6gvZyLJyE-11_w0,c3gd_IaO6gvZyLJyE,gunshot,DANGEROUS_IMPULSE,data/processed\gunshot\gun_c3gd_IaO6gvZyLJyE_1-ny_gravel_pit-savage_223-ALICE-IaO6gvZyLJyE-11_w0.wav,1.0,16000,1,0.9440608620643616,0.1028000915135447,9.183462142944336,0
gun_c3gd_IaO6gvZyLJyE_1-ny_gravel_pit-savage_223-ALICE-IaO6gvZyLJyE-12_w0,c3gd_IaO6gvZyLJyE,gunshot,DANGEROUS_IMPULSE,data/processed\gunshot\gun_c3gd_IaO6gvZyLJyE_1-ny_gravel_pit-savage_223-ALICE-IaO6gvZyLJyE-12_w0.wav,1.0,16000,1,0.9440608024597168,0.1031795435133468,9.149688720703123,0
gun_c3gd_IaO6gvZyLJyE_1-ny_gravel_pit-savage_223-ALICE-IaO6gvZyLJyE-13_w0,c3gd_IaO6gvZyLJyE,gunshot,DANGEROUS_IMPULSE,data/processed\gunshot\gun_c3gd_IaO6gvZyLJyE_1-ny_gravel_pit-savage_223-ALICE-IaO6gvZyLJyE-13_w0.wav,1.0,16000,1,0.9440608620643616,0.0885832095393526,10.657333374023438,0
gun_c3gd_IaO6gvZyLJyE_1-ny_gravel_pit-savage_223-ALICE-IaO6gvZyLJyE-14_w0,c3gd_IaO6gvZyLJyE,gunshot,DANGEROUS_IMPULSE,data/processed\gunshot\gun_c3gd_IaO6gvZyLJyE_1-ny_gravel_pit-savage_223-ALICE-IaO6gvZyLJyE-14_w0.wav,1.0,16000,1,0.9440609216690063,0.0985114701443876,9.583257675170898,0
gun_c3gd_IaO6gvZyLJyE_1-ny_gravel_pit-savage_223-ALICE-IaO6gvZyLJyE-15_w0,c3gd_IaO6gvZyLJyE,gunshot,DANGEROUS_IMPULSE,data/processed\gunshot\gun_c3gd_IaO6gvZyLJyE_1-ny_gravel_pit-savage_223-ALICE-IaO6gvZyLJyE-15_w0.wav,1.0,16000,1,0.9440609216690063,0.0850071644261802,11.105661392211914,0
gun_c3gd_IaO6gvZyLJyE_1-ny_gravel_pit-savage_223-ALICE-IaO6gvZyLJyE-16_w0,c3gd_IaO6gvZyLJyE,gunshot,DANGEROUS_IMPULSE,data/processed\gunshot\gun_c3gd_IaO6gvZyLJyE_1-ny_gravel_pit-savage_223-ALICE-IaO6gvZyLJyE-16_w0.wav,1.0,16000,1,0.9440608620643616,0.0949014445480326,9.94780158996582,0
gun_c3gd_IaO6gvZyLJyE_1-ny_gravel_pit-savage_223-ALICE-IaO6gvZyLJyE-17_w0,c3gd_IaO6gvZyLJyE,gunshot,DANGEROUS_IMPULSE,data/processed\gunshot\gun_c3gd_IaO6gvZyLJyE_1-ny_gravel_pit-savage_223-ALICE-IaO6gvZyLJyE-17_w0.wav,1.0,16000,1,0.9440608620643616,0.1238823711697495,7.620622158050537,0
gun_c3gd_IaO6gvZyLJyE_1-ny_gravel_pit-savage_223-ALICE-IaO6gvZyLJyE-18_w0,c3gd_IaO6gvZyLJyE,gunshot,DANGEROUS_IMPULSE,data/processed\gunshot\gun_c3gd_IaO6gvZyLJyE_1-ny_gravel_pit-savage_223-ALICE-IaO6gvZyLJyE-18_w0.wav,1.0,16000,1,0.9440608620643616,0.0951887094871064,9.917780876159668,0
gun_c3gd_IaO6gvZyLJyE_1-ny_gravel_pit-savage_223-ALICE-IaO6gvZyLJyE-19_w0,c3gd_IaO6gvZyLJyE,gunshot,DANGEROUS_IMPULSE,data/processed\gunshot\gun_c3gd_IaO6gvZyLJyE_1-ny_gravel_pit-savage_223-ALICE-IaO6gvZyLJyE-19_w0.wav,1.0,16000,1,0.9440608620643616,0.0939891516612403,10.044358253479004,0
gun_c3gd_IaO6gvZyLJyE_1-ny_gravel_pit-savage_223-ALICE-IaO6gvZyLJyE-2_w0,c3gd_IaO6gvZyLJyE,gunshot,DANGEROUS_IMPULSE,data/processed\gunshot\gun_c3gd_IaO6gvZyLJyE_1-ny_gravel_pit-savage_223-ALICE-IaO6gvZyLJyE-2_w0.wav,1.0,16000,1,0.9440608620643616,0.0849734521834792,11.110067367553713,0
gun_c3gd_IaO6gvZyLJyE_1-ny_gravel_pit-savage_223-ALICE-IaO6gvZyLJyE-20_w0,c3gd_IaO6gvZyLJyE,gunshot,DANGEROUS_IMPULSE,data/processed\gunshot\gun_c3gd_IaO6gvZyLJyE_1-ny_gravel_pit-savage_223-ALICE-IaO6gvZyLJyE-20_w0.wav,1.0,16000,1,0.9440608620643616,0.1012372163072693,9.325234413146973,0
gun_c3gd_IaO6gvZyLJyE_1-ny_gravel_pit-savage_223-ALICE-IaO6gvZyLJyE-21_w0,c3gd_IaO6gvZyLJyE,gunshot,DANGEROUS_IMPULSE,data/processed\gunshot\gun_c3gd_IaO6gvZyLJyE_1-ny_gravel_pit-savage_223-ALICE-IaO6gvZyLJyE-21_w0.wav,1.0,16000,1,0.9440608024597168,0.1046739405775428,9.019061088562012,0
gun_c3gd_IaO6gvZyLJyE_1-ny_gravel_pit-savage_223-ALICE-IaO6gvZyLJyE-22_w0,c3gd_IaO6gvZyLJyE,gunshot,DANGEROUS_IMPULSE,data/processed\gunshot\gun_c3gd_IaO6gvZyLJyE_1-ny_gravel_pit-savage_223-ALICE-IaO6gvZyLJyE-22_w0.wav,1.0,16000,1,0.9440608620643616,0.0909805166696343,10.37651538848877,0
gun_c3gd_IaO6gvZyLJyE_1-ny_gravel_pit-savage_223-ALICE-IaO6gvZyLJyE-23_w0,c3gd_IaO6gvZyLJyE,gunshot,DANGEROUS_IMPULSE,data/processed\gunshot\gun_c3gd_IaO6gvZyLJyE_1-ny_gravel_pit-savage_223-ALICE-IaO6gvZyLJyE-23_w0.wav,1.0,16000,1,0.9440608620643616,0.0869383858281481,10.858963012695312,0
gun_c3gd_IaO6gvZyLJyE_1-ny_gravel_pit-savage_223-ALICE-IaO6gvZyLJyE-24_w0,c3gd_IaO6gvZyLJyE,gunshot,DANGEROUS_IMPULSE,data/processed\gunshot\gun_c3gd_IaO6gvZyLJyE_1-ny_gravel_pit-savage_223-ALICE-IaO6gvZyLJyE-24_w0.wav,1.0,16000,1,0.9440609216690063,0.0907497439479368,10.40290355682373,0
gun_c3gd_IaO6gvZyLJyE_1-ny_gravel_pit-savage_223-ALICE-IaO6gvZyLJyE-25_w0,c3gd_IaO6gvZyLJyE,gunshot,DANGEROUS_IMPULSE,data/processed\gunshot\gun_c3gd_IaO6gvZyLJyE_1-ny_gravel_pit-savage_223-ALICE-IaO6gvZyLJyE-25_w0.wav,1.0,16000,1,0.9440608620643616,0.098286971356286,9.605146408081056,0
gun_c3gd_IaO6gvZyLJyE_1-ny_gravel_pit-savage_223-ALICE-IaO6gvZyLJyE-26_w0,c3gd_IaO6gvZyLJyE,gunshot,DANGEROUS_IMPULSE,data/processed\gunshot\gun_c3gd_IaO6gvZyLJyE_1-ny_gravel_pit-savage_223-ALICE-IaO6gvZyLJyE-26_w0.wav,1.0,16000,1,0.9440608620643616,0.0805859426451259,11.714956283569336,0
gun_c3gd_IaO6gvZyLJyE_1-ny_gravel_pit-savage_223-ALICE-IaO6gvZyLJyE-27_w0,c3gd_IaO6gvZyLJyE,gunshot,DANGEROUS_IMPULSE,data/processed\gunshot\gun_c3gd_IaO6gvZyLJyE_1-ny_gravel_pit-savage_223-ALICE-IaO6gvZyLJyE-27_w0.wav,1.0,16000,1,0.9440608620643616,0.1093486856413412,8.633490562438965,0
gun_c3gd_IaO6gvZyLJyE_1-ny_gravel_pit-savage_223-ALICE-IaO6gvZyLJyE-28_w0,c3gd_IaO6gvZyLJyE,gunshot,DANGEROUS_IMPULSE,data/processed\gunshot\gun_c3gd_IaO6gvZyLJyE_1-ny_gravel_pit-savage_223-ALICE-IaO6gvZyLJyE-28_w0.wav,1.0,16000,1,0.9440608620643616,0.1567323154728286,6.023396015167236,0
gun_c3gd_IaO6gvZyLJyE_1-ny_gravel_pit-savage_223-ALICE-IaO6gvZyLJyE-29_w0,c3gd_IaO6gvZyLJyE,gunshot,DANGEROUS_IMPULSE,data/processed\gunshot\gun_c3gd_IaO6gvZyLJyE_1-ny_gravel_pit-savage_223-ALICE-IaO6gvZyLJyE-29_w0.wav,1.0,16000,1,0.9440608620643616,0.0900812224114477,10.480106353759766,0
gun_c3gd_IaO6gvZyLJyE_1-ny_gravel_pit-savage_223-ALICE-IaO6gvZyLJyE-3_w0,c3gd_IaO6gvZyLJyE,gunshot,DANGEROUS_IMPULSE,data/processed\gunshot\gun_c3gd_IaO6gvZyLJyE_1-ny_gravel_pit-savage_223-ALICE-IaO6gvZyLJyE-3_w0.wav,1.0,16000,1,0.9440608620643616,0.0882538099812254,10.697111129760742,0
gun_c3gd_IaO6gvZyLJyE_1-ny_gravel_pit-savage_223-ALICE-IaO6gvZyLJyE-30_w0,c3gd_IaO6gvZyLJyE,gunshot,DANGEROUS_IMPULSE,data/processed\gunshot\gun_c3gd_IaO6gvZyLJyE_1-ny_gravel_pit-savage_223-ALICE-IaO6gvZyLJyE-30_w0.wav,1.0,16000,1,0.9440608024597168,0.0906538360445916,10.413908004760742,0
gun_c3gd_IaO6gvZyLJyE_1-ny_gravel_pit-savage_223-ALICE-IaO6gvZyLJyE-31_w0,c3gd_IaO6gvZyLJyE,gunshot,DANGEROUS_IMPULSE,data/processed\gunshot\gun_c3gd_IaO6gvZyLJyE_1-ny_gravel_pit-savage_223-ALICE-IaO6gvZyLJyE-31_w0.wav,1.0,16000,1,0.9440608620643616,0.0866139432628644,10.899639129638672,0
gun_c3gd_IaO6gvZyLJyE_1-ny_gravel_pit-savage_223-ALICE-IaO6gvZyLJyE-32_w0,c3gd_IaO6gvZyLJyE,gunshot,DANGEROUS_IMPULSE,data/processed\gunshot\gun_c3gd_IaO6gvZyLJyE_1-ny_gravel_pit-savage_223-ALICE-IaO6gvZyLJyE-32_w0.wav,1.0,16000,1,0.9440608024597168,0.0864044340893076,10.926067352294922,0
gun_c3gd_IaO6gvZyLJyE_1-ny_gravel_pit-savage_223-ALICE-IaO6gvZyLJyE-33_w0,c3gd_IaO6gvZyLJyE,gunshot,DANGEROUS_IMPULSE,data/processed\gunshot\gun_c3gd_IaO6gvZyLJyE_1-ny_gravel_pit-savage_223-ALICE-IaO6gvZyLJyE-33_w0.wav,1.0,16000,1,0.9440608620643616,0.0854352367405871,11.050016403198242,0
gun_c3gd_IaO6gvZyLJyE_1-ny_gravel_pit-savage_223-ALICE-IaO6gvZyLJyE-34_w0,c3gd_IaO6gvZyLJyE,gunshot,DANGEROUS_IMPULSE,data/processed\gunshot\gun_c3gd_IaO6gvZyLJyE_1-ny_gravel_pit-savage_223-ALICE-IaO6gvZyLJyE-34_w0.wav,1.0,16000,1,0.9440608620643616,0.0978164741284628,9.651347160339355,0
gun_c3gd_IaO6gvZyLJyE_1-ny_gravel_pit-savage_223-ALICE-IaO6gvZyLJyE-35_w0,c3gd_IaO6gvZyLJyE,gunshot,DANGEROUS_IMPULSE,data/processed\gunshot\gun_c3gd_IaO6gvZyLJyE_1-ny_gravel_pit-savage_223-ALICE-IaO6gvZyLJyE-35_w0.wav,1.0,16000,1,0.9440608620643616,0.0912308183196616,10.34804630279541,0
gun_c3gd_IaO6gvZyLJyE_1-ny_gravel_pit-savage_223-ALICE-IaO6gvZyLJyE-36_w0,c3gd_IaO6gvZyLJyE,gunshot,DANGEROUS_IMPULSE,data/processed\gunshot\gun_c3gd_IaO6gvZyLJyE_1-ny_gravel_pit-savage_223-ALICE-IaO6gvZyLJyE-36_w0.wav,1.0,16000,1,0.9440608620643616,0.0904140254931768,10.441530227661133,0
gun_c3gd_IaO6gvZyLJyE_1-ny_gravel_pit-savage_223-ALICE-IaO6gvZyLJyE-37_w0,c3gd_IaO6gvZyLJyE,gunshot,DANGEROUS_IMPULSE,data/processed\gunshot\gun_c3gd_IaO6gvZyLJyE_1-ny_gravel_pit-savage_223-ALICE-IaO6gvZyLJyE-37_w0.wav,1.0,16000,1,0.9440608620643616,0.1086788374153429,8.686702728271484,0
gun_c3gd_IaO6gvZyLJyE_1-ny_gravel_pit-savage_223-ALICE-IaO6gvZyLJyE-38_w0,c3gd_IaO6gvZyLJyE,gunshot,DANGEROUS_IMPULSE,data/processed\gunshot\gun_c3gd_IaO6gvZyLJyE_1-ny_gravel_pit-savage_223-ALICE-IaO6gvZyLJyE-38_w0.wav,1.0,16000,1,0.9440608620643616,0.1236552382344155,7.634620666503906,0
gun_c3gd_IaO6gvZyLJyE_1-ny_gravel_pit-savage_223-ALICE-IaO6gvZyLJyE-39_w0,c3gd_IaO6gvZyLJyE,gunshot,DANGEROUS_IMPULSE,data/processed\gunshot\gun_c3gd_IaO6gvZyLJyE_1-ny_gravel_pit-savage_223-ALICE-IaO6gvZyLJyE-39_w0.wav,1.0,16000,1,0.9440608620643616,0.0933880524503578,10.109009742736816,0
gun_c3gd_IaO6gvZyLJyE_1-ny_gravel_pit-savage_223-ALICE-IaO6gvZyLJyE-4_w0,c3gd_IaO6gvZyLJyE,gunshot,DANGEROUS_IMPULSE,data/processed\gunshot\gun_c3gd_IaO6gvZyLJyE_1-ny_gravel_pit-savage_223-ALICE-IaO6gvZyLJyE-4_w0.wav,1.0,16000,1,0.9440608620643616,0.095881577930694,9.846112251281738,0
gun_c3gd_IaO6gvZyLJyE_1-ny_gravel_pit-savage_223-ALICE-IaO6gvZyLJyE-5_w0,c3gd_IaO6gvZyLJyE,gunshot,DANGEROUS_IMPULSE,data/processed\gunshot\gun_c3gd_IaO6gvZyLJyE_1-ny_gravel_pit-savage_223-ALICE-IaO6gvZyLJyE-5_w0.wav,1.0,16000,1,0.9440608620643616,0.1267896553447378,7.445882320404053,0
gun_c3gd_IaO6gvZyLJyE_1-ny_gravel_pit-savage_223-ALICE-IaO6gvZyLJyE-6_w0,c3gd_IaO6gvZyLJyE,gunshot,DANGEROUS_IMPULSE,data/processed\gunshot\gun_c3gd_IaO6gvZyLJyE_1-ny_gravel_pit-savage_223-ALICE-IaO6gvZyLJyE-6_w0.wav,1.0,16000,1,0.9440608620643616,0.0803455533528556,11.750005722045898,0
gun_c3gd_IaO6gvZyLJyE_1-ny_gravel_pit-savage_223-ALICE-IaO6gvZyLJyE-7_w0,c3gd_IaO6gvZyLJyE,gunshot,DANGEROUS_IMPULSE,data/processed\gunshot\gun_c3gd_IaO6gvZyLJyE_1-ny_gravel_pit-savage_223-ALICE-IaO6gvZyLJyE-7_w0.wav,1.0,16000,1,0.9440608620643616,0.0908845038855477,10.38747787475586,0
gun_c3gd_IaO6gvZyLJyE_1-ny_gravel_pit-savage_223-ALICE-IaO6gvZyLJyE-8_w0,c3gd_IaO6gvZyLJyE,gunshot,DANGEROUS_IMPULSE,data/processed\gunshot\gun_c3gd_IaO6gvZyLJyE_1-ny_gravel_pit-savage_223-ALICE-IaO6gvZyLJyE-8_w0.wav,1.0,16000,1,0.9440608620643616,0.0958216089440096,9.85227394104004,0
gun_c3gd_IaO6gvZyLJyE_1-ny_gravel_pit-savage_223-ALICE-IaO6gvZyLJyE-9_w0,c3gd_IaO6gvZyLJyE,gunshot,DANGEROUS_IMPULSE,data/processed\gunshot\gun_c3gd_IaO6gvZyLJyE_1-ny_gravel_pit-savage_223-ALICE-IaO6gvZyLJyE-9_w0.wav,1.0,16000,1,0.9440608620643616,0.0862170111716588,10.949819564819336,0
gun_c3gd_0zbsH77nmJe9_1-ny_gravel_pit-savage_223-BOB-0zbsH77nmJe9-0_w0,c3gd_0zbsH77nmJe9,gunshot,DANGEROUS_IMPULSE,data/processed\gunshot\gun_c3gd_0zbsH77nmJe9_1-ny_gravel_pit-savage_223-BOB-0zbsH77nmJe9-0_w0.wav,1.0,16000,1,0.9440609216690063,0.1869124305837218,5.050818920135498,0
gun_c3gd_0zbsH77nmJe9_1-ny_gravel_pit-savage_223-BOB-0zbsH77nmJe9-1_w0,c3gd_0zbsH77nmJe9,gunshot,DANGEROUS_IMPULSE,data/processed\gunshot\gun_c3gd_0zbsH77nmJe9_1-ny_gravel_pit-savage_223-BOB-0zbsH77nmJe9-1_w0.wav,1.0,16000,1,0.9440608620643616,0.1944735150281382,4.8544440269470215,0
gun_c3gd_0zbsH77nmJe9_1-ny_gravel_pit-savage_223-BOB-0zbsH77nmJe9-10_w0,c3gd_0zbsH77nmJe9,gunshot,DANGEROUS_IMPULSE,data/processed\gunshot\gun_c3gd_0zbsH77nmJe9_1-ny_gravel_pit-savage_223-BOB-0zbsH77nmJe9-10_w0.wav,1.0,16000,1,0.9440608620643616,0.1180160359797575,7.999427795410156,0
gun_c3gd_0zbsH77nmJe9_1-ny_gravel_pit-savage_223-BOB-0zbsH77nmJe9-11_w0,c3gd_0zbsH77nmJe9,gunshot,DANGEROUS_IMPULSE,data/processed\gunshot\gun_c3gd_0zbsH77nmJe9_1-ny_gravel_pit-savage_223-BOB-0zbsH77nmJe9-11_w0.wav,1.0,16000,1,0.9440608620643616,0.1269830301715116,7.434542655944824,0
gun_c3gd_0zbsH77nmJe9_1-ny_gravel_pit-savage_223-BOB-0zbsH77nmJe9-12_w0,c3gd_0zbsH77nmJe9,gunshot,DANGEROUS_IMPULSE,data/processed\gunshot\gun_c3gd_0zbsH77nmJe9_1-ny_gravel_pit-savage_223-BOB-0zbsH77nmJe9-12_w0.wav,1.0,16000,1,0.9440608620643616,0.1522895276336463,6.199118137359619,0
gun_c3gd_0zbsH77nmJe9_1-ny_gravel_pit-savage_223-BOB-0zbsH77nmJe9-13_w0,c3gd_0zbsH77nmJe9,gunshot,DANGEROUS_IMPULSE,data/processed\gunshot\gun_c3gd_0zbsH77nmJe9_1-ny_gravel_pit-savage_223-BOB-0zbsH77nmJe9-13_w0.wav,1.0,16000,1,0.9440608024597168,0.1431732494846549,6.593834400177002,0
gun_c3gd_0zbsH77nmJe9_1-ny_gravel_pit-savage_223-BOB-0zbsH77nmJe9-14_w0,c3gd_0zbsH77nmJe9,gunshot,DANGEROUS_IMPULSE,data/processed\gunshot\gun_c3gd_0zbsH77nmJe9_1-ny_gravel_pit-savage_223-BOB-0zbsH77nmJe9-14_w0.wav,1.0,16000,1,0.9440608620643616,0.0902281860194265,10.46303653717041,0
gun_c3gd_0zbsH77nmJe9_1-ny_gravel_pit-savage_223-BOB-0zbsH77nmJe9-15_w0,c3gd_0zbsH77nmJe9,gunshot,DANGEROUS_IMPULSE,data/processed\gunshot\gun_c3gd_0zbsH77nmJe9_1-ny_gravel_pit-savage_223-BOB-0zbsH77nmJe9-15_w0.wav,1.0,16000,1,0.9440608620643616,0.0825852972847901,11.431342124938965,0
gun_c3gd_0zbsH77nmJe9_1-ny_gravel_pit-savage_223-BOB-0zbsH77nmJe9-16_w0,c3gd_0zbsH77nmJe9,gunshot,DANGEROUS_IMPULSE,data/processed\gunshot\gun_c3gd_0zbsH77nmJe9_1-ny_gravel_pit-savage_223-BOB-0zbsH77nmJe9-16_w0.wav,1.0,16000,1,0.9440608620643616,0.0431069473584258,21.900428771972656,0
gun_c3gd_0zbsH77nmJe9_1-ny_gravel_pit-savage_223-BOB-0zbsH77nmJe9-17_w0,c3gd_0zbsH77nmJe9,gunshot,DANGEROUS_IMPULSE,data/processed\gunshot\gun_c3gd_0zbsH77nmJe9_1-ny_gravel_pit-savage_223-BOB-0zbsH77nmJe9-17_w0.wav,1.0,16000,1,0.9440608620643616,0.1255073978097846,7.521953105926514,0
gun_c3gd_0zbsH77nmJe9_1-ny_gravel_pit-savage_223-BOB-0zbsH77nmJe9-18_w0,c3gd_0zbsH77nmJe9,gunshot,DANGEROUS_IMPULSE,data/processed\gunshot\gun_c3gd_0zbsH77nmJe9_1-ny_gravel_pit-savage_223-BOB-0zbsH77nmJe9-18_w0.wav,1.0,16000,1,0.9440608620643616,0.0766488692606145,12.316695213317873,0
gun_c3gd_0zbsH77nmJe9_1-ny_gravel_pit-savage_223-BOB-0zbsH77nmJe9-19_w0,c3gd_0zbsH77nmJe9,gunshot,DANGEROUS_IMPULSE,data/processed\gunshot\gun_c3gd_0zbsH77nmJe9_1-ny_gravel_pit-savage_223-BOB-0zbsH77nmJe9-19_w0.wav,1.0,16000,1,0.9440608620643616,0.1678943469246073,5.622945308685303,0
gun_c3gd_0zbsH77nmJe9_1-ny_gravel_pit-savage_223-BOB-0zbsH77nmJe9-2_w0,c3gd_0zbsH77nmJe9,gunshot,DANGEROUS_IMPULSE,data/processed\gunshot\gun_c3gd_0zbsH77nmJe9_1-ny_gravel_pit-savage_223-BOB-0zbsH77nmJe9-2_w0.wav,1.0,16000,1,0.9440609216690063,0.1666108065116779,5.666264057159424,0
gun_c3gd_0zbsH77nmJe9_1-ny_gravel_pit-savage_223-BOB-0zbsH77nmJe9-20_w0,c3gd_0zbsH77nmJe9,gunshot,DANGEROUS_IMPULSE,data/processed\gunshot\gun_c3gd_0zbsH77nmJe9_1-ny_gravel_pit-savage_223-BOB-0zbsH77nmJe9-20_w0.wav,1.0,16000,1,0.9440608620643616,0.1545764165410048,6.107405185699463,0
gun_c3gd_0zbsH77nmJe9_1-ny_gravel_pit-savage_223-BOB-0zbsH77nmJe9-21_w0,c3gd_0zbsH77nmJe9,gunshot,DANGEROUS_IMPULSE,data/processed\gunshot\gun_c3gd_0zbsH77nmJe9_1-ny_gravel_pit-savage_223-BOB-0zbsH77nmJe9-21_w0.wav,1.0,16000,1,0.9440608620643616,0.2329656746710588,4.0523600578308105,0
gun_c3gd_0zbsH77nmJe9_1-ny_gravel_pit-savage_223-BOB-0zbsH77nmJe9-22_w0,c3gd_0zbsH77nmJe9,gunshot,DANGEROUS_IMPULSE,data/processed\gunshot\gun_c3gd_0zbsH77nmJe9_1-ny_gravel_pit-savage_223-BOB-0zbsH77nmJe9-22_w0.wav,1.0,16000,1,0.9440608620643616,0.1234028752571424,7.650233268737793,0
gun_c3gd_0zbsH77nmJe9_1-ny_gravel_pit-savage_223-BOB-0zbsH77nmJe9-23_w0,c3gd_0zbsH77nmJe9,gunshot,DANGEROUS_IMPULSE,data/processed\gunshot\gun_c3gd_0zbsH77nmJe9_1-ny_gravel_pit-savage_223-BOB-0zbsH77nmJe9-23_w0.wav,1.0,16000,1,0.9440608620643616,0.0712780976681295,13.244751930236816,0
gun_c3gd_0zbsH77nmJe9_1-ny_gravel_pit-savage_223-BOB-0zbsH77nmJe9-24_w0,c3gd_0zbsH77nmJe9,gunshot,DANGEROUS_IMPULSE,data/processed\gunshot\gun_c3gd_0zbsH77nmJe9_1-ny_gravel_pit-savage_223-BOB-0zbsH77nmJe9-24_w0.wav,1.0,16000,1,0.9440608620643616,0.103334651053042,9.135955810546877,0
gun_c3gd_0zbsH77nmJe9_1-ny_gravel_pit-savage_223-BOB-0zbsH77nmJe9-25_w0,c3gd_0zbsH77nmJe9,gunshot,DANGEROUS_IMPULSE,data/processed\gunshot\gun_c3gd_0zbsH77nmJe9_1-ny_gravel_pit-savage_223-BOB-0zbsH77nmJe9-25_w0.wav,1.0,16000,1,0.9440609216690063,0.2078120873382601,4.542858123779297,0
gun_c3gd_0zbsH77nmJe9_1-ny_gravel_pit-savage_223-BOB-0zbsH77nmJe9-26_w0,c3gd_0zbsH77nmJe9,gunshot,DANGEROUS_IMPULSE,data/processed\gunshot\gun_c3gd_0zbsH77nmJe9_1-ny_gravel_pit-savage_223-BOB-0zbsH77nmJe9-26_w0.wav,1.0,16000,1,0.9440608620643616,0.1373446510836538,6.873662948608398,0
gun_c3gd_0zbsH77nmJe9_1-ny_gravel_pit-savage_223-BOB-0zbsH77nmJe9-27_w0,c3gd_0zbsH77nmJe9,gunshot,DANGEROUS_IMPULSE,data/processed\gunshot\gun_c3gd_0zbsH77nmJe9_1-ny_gravel_pit-savage_223-BOB-0zbsH77nmJe9-27_w0.wav,1.0,16000,1,0.9440608620643616,0.191535526526644,4.92890739440918,0
gun_c3gd_0zbsH77nmJe9_1-ny_gravel_pit-savage_223-BOB-0zbsH77nmJe9-28_w0,c3gd_0zbsH77nmJe9,gunshot,DANGEROUS_IMPULSE,data/processed\gunshot\gun_c3gd_0zbsH77nmJe9_1-ny_gravel_pit-savage_223-BOB-0zbsH77nmJe9-28_w0.wav,1.0,16000,1,0.9440608024597168,0.1901664283554808,4.964392185211182,0
gun_c3gd_0zbsH77nmJe9_1-ny_gravel_pit-savage_223-BOB-0zbsH77nmJe9-29_w0,c3gd_0zbsH77nmJe9,gunshot,DANGEROUS_IMPULSE,data/processed\gunshot\gun_c3gd_0zbsH77nmJe9_1-ny_gravel_pit-savage_223-BOB-0zbsH77nmJe9-29_w0.wav,1.0,16000,1,0.9440608620643616,0.2417619257799069,3.904919385910034,0
gun_c3gd_0zbsH77nmJe9_1-ny_gravel_pit-savage_223-BOB-0zbsH77nmJe9-3_w0,c3gd_0zbsH77nmJe9,gunshot,DANGEROUS_IMPULSE,data/processed\gunshot\gun_c3gd_0zbsH77nmJe9_1-ny_gravel_pit-savage_223-BOB-0zbsH77nmJe9-3_w0.wav,1.0,16000,1,0.9440609216690063,0.1346087302636964,7.013370037078857,0
gun_c3gd_0zbsH77nmJe9_1-ny_gravel_pit-savage_223-BOB-0zbsH77nmJe9-30_w0,c3gd_0zbsH77nmJe9,gunshot,DANGEROUS_IMPULSE,data/processed\gunshot\gun_c3gd_0zbsH77nmJe9_1-ny_gravel_pit-savage_223-BOB-0zbsH77nmJe9-30_w0.wav,1.0,16000,1,0.9440608620643616,0.2284856108166588,4.13181734085083,0
gun_c3gd_0zbsH77nmJe9_1-ny_gravel_pit-savage_223-BOB-0zbsH77nmJe9-31_w0,c3gd_0zbsH77nmJe9,gunshot,DANGEROUS_IMPULSE,data/processed\gunshot\gun_c3gd_0zbsH77nmJe9_1-ny_gravel_pit-savage_223-BOB-0zbsH77nmJe9-31_w0.wav,1.0,16000,1,0.9440608620643616,0.2042696867260094,4.621639251708984,0
gun_c3gd_0zbsH77nmJe9_1-ny_gravel_pit-savage_223-BOB-0zbsH77nmJe9-32_w0,c3gd_0zbsH77nmJe9,gunshot,DANGEROUS_IMPULSE,data/processed\gunshot\gun_c3gd_0zbsH77nmJe9_1-ny_gravel_pit-savage_223-BOB-0zbsH77nmJe9-32_w0.wav,1.0,16000,1,0.9440608620643616,0.1874406144353088,5.036586284637451,0
gun_c3gd_0zbsH77nmJe9_1-ny_gravel_pit-savage_223-BOB-0zbsH77nmJe9-33_w0,c3gd_0zbsH77nmJe9,gunshot,DANGEROUS_IMPULSE,data/processed\gunshot\gun_c3gd_0zbsH77nmJe9_1-ny_gravel_pit-savage_223-BOB-0zbsH77nmJe9-33_w0.wav,1.0,16000,1,0.9440608620643616,0.1807369806723992,5.223395824432373,0
gun_c3gd_0zbsH77nmJe9_1-ny_gravel_pit-savage_223-BOB-0zbsH77nmJe9-34_w0,c3gd_0zbsH77nmJe9,gunshot,DANGEROUS_IMPULSE,data/processed\gunshot\gun_c3gd_0zbsH77nmJe9_1-ny_gravel_pit-savage_223-BOB-0zbsH77nmJe9-34_w0.wav,1.0,16000,1,0.9440608620643616,0.1884459732611516,5.009716033935547,0
gun_c3gd_0zbsH77nmJe9_1-ny_gravel_pit-savage_223-BOB-0zbsH77nmJe9-35_w0,c3gd_0zbsH77nmJe9,gunshot,DANGEROUS_IMPULSE,data/processed\gunshot\gun_c3gd_0zbsH77nmJe9_1-ny_gravel_pit-savage_223-BOB-0zbsH77nmJe9-35_w0.wav,1.0,16000,1,0.9440608620643616,0.1979122799253351,4.770097255706787,0
gun_c3gd_0zbsH77nmJe9_1-ny_gravel_pit-savage_223-BOB-0zbsH77nmJe9-36_w0,c3gd_0zbsH77nmJe9,gunshot,DANGEROUS_IMPULSE,data/processed\gunshot\gun_c3gd_0zbsH77nmJe9_1-ny_gravel_pit-savage_223-BOB-0zbsH77nmJe9-36_w0.wav,1.0,16000,1,0.9440608620643616,0.1727930659650337,5.463533878326416,0
gun_c3gd_0zbsH77nmJe9_1-ny_gravel_pit-savage_223-BOB-0zbsH77nmJe9-37_w0,c3gd_0zbsH77nmJe9,gunshot,DANGEROUS_IMPULSE,data/processed\gunshot\gun_c3gd_0zbsH77nmJe9_1-ny_gravel_pit-savage_223-BOB-0zbsH77nmJe9-37_w0.wav,1.0,16000,1,0.9440608620643616,0.2057397795406449,4.588615894317627,0
gun_c3gd_0zbsH77nmJe9_1-ny_gravel_pit-savage_223-BOB-0zbsH77nmJe9-38_w0,c3gd_0zbsH77nmJe9,gunshot,DANGEROUS_IMPULSE,data/processed\gunshot\gun_c3gd_0zbsH77nmJe9_1-ny_gravel_pit-savage_223-BOB-0zbsH77nmJe9-38_w0.wav,1.0,16000,1,0.9440608620643616,0.1720262371427741,5.487888336181641,0
gun_c3gd_0zbsH77nmJe9_1-ny_gravel_pit-savage_223-BOB-0zbsH77nmJe9-39_w0,c3gd_0zbsH77nmJe9,gunshot,DANGEROUS_IMPULSE,data/processed\gunshot\gun_c3gd_0zbsH77nmJe9_1-ny_gravel_pit-savage_223-BOB-0zbsH77nmJe9-39_w0.wav,1.0,16000,1,0.9440608620643616,0.1856582909410704,5.084937572479248,0
gun_c3gd_0zbsH77nmJe9_1-ny_gravel_pit-savage_223-BOB-0zbsH77nmJe9-4_w0,c3gd_0zbsH77nmJe9,gunshot,DANGEROUS_IMPULSE,data/processed\gunshot\gun_c3gd_0zbsH77nmJe9_1-ny_gravel_pit-savage_223-BOB-0zbsH77nmJe9-4_w0.wav,1.0,16000,1,0.9440608620643616,0.0818259645089047,11.537423133850098,0
gun_c3gd_0zbsH77nmJe9_1-ny_gravel_pit-savage_223-BOB-0zbsH77nmJe9-5_w0,c3gd_0zbsH77nmJe9,gunshot,DANGEROUS_IMPULSE,data/processed\gunshot\gun_c3gd_0zbsH77nmJe9_1-ny_gravel_pit-savage_223-BOB-0zbsH77nmJe9-5_w0.wav,1.0,16000,1,0.9440608620643616,0.1187705953832956,7.948606967926025,0
gun_c3gd_0zbsH77nmJe9_1-ny_gravel_pit-savage_223-BOB-0zbsH77nmJe9-6_w0,c3gd_0zbsH77nmJe9,gunshot,DANGEROUS_IMPULSE,data/processed\gunshot\gun_c3gd_0zbsH77nmJe9_1-ny_gravel_pit-savage_223-BOB-0zbsH77nmJe9-6_w0.wav,1.0,16000,1,0.9440608620643616,0.2061434550065418,4.579630374908447,0
gun_c3gd_0zbsH77nmJe9_1-ny_gravel_pit-savage_223-BOB-0zbsH77nmJe9-7_w0,c3gd_0zbsH77nmJe9,gunshot,DANGEROUS_IMPULSE,data/processed\gunshot\gun_c3gd_0zbsH77nmJe9_1-ny_gravel_pit-savage_223-BOB-0zbsH77nmJe9-7_w0.wav,1.0,16000,1,0.9440608620643616,0.0906108984992624,10.418843269348145,0
gun_c3gd_0zbsH77nmJe9_1-ny_gravel_pit-savage_223-BOB-0zbsH77nmJe9-8_w0,c3gd_0zbsH77nmJe9,gunshot,DANGEROUS_IMPULSE,data/processed\gunshot\gun_c3gd_0zbsH77nmJe9_1-ny_gravel_pit-savage_223-BOB-0zbsH77nmJe9-8_w0.wav,1.0,16000,1,0.9440608024597168,0.0424326649620108,22.24843978881836,0
gun_c3gd_0zbsH77nmJe9_1-ny_gravel_pit-savage_223-BOB-0zbsH77nmJe9-9_w0,c3gd_0zbsH77nmJe9,gunshot,DANGEROUS_IMPULSE,data/processed\gunshot\gun_c3gd_0zbsH77nmJe9_1-ny_gravel_pit-savage_223-BOB-0zbsH77nmJe9-9_w0.wav,1.0,16000,1,0.9440608620643616,0.0850818256312464,11.095914840698242,0
gun_c3gd_KJSHtpTSf1RZ_1-ny_gravel_pit-savage_223-BOB-KJSHtpTSf1RZ-0_w0,c3gd_KJSHtpTSf1RZ,gunshot,DANGEROUS_IMPULSE,data/processed\gunshot\gun_c3gd_KJSHtpTSf1RZ_1-ny_gravel_pit-savage_223-BOB-KJSHtpTSf1RZ-0_w0.wav,1.0,16000,1,0.9440608620643616,0.2225550957170929,4.24191951751709,0
gun_c3gd_KJSHtpTSf1RZ_1-ny_gravel_pit-savage_223-BOB-KJSHtpTSf1RZ-1_w0,c3gd_KJSHtpTSf1RZ,gunshot,DANGEROUS_IMPULSE,data/processed\gunshot\gun_c3gd_KJSHtpTSf1RZ_1-ny_gravel_pit-savage_223-BOB-KJSHtpTSf1RZ-1_w0.wav,1.0,16000,1,0.9440609216690063,0.2091366133164407,4.514087200164795,0
gun_c3gd_KJSHtpTSf1RZ_1-ny_gravel_pit-savage_223-BOB-KJSHtpTSf1RZ-10_w0,c3gd_KJSHtpTSf1RZ,gunshot,DANGEROUS_IMPULSE,data/processed\gunshot\gun_c3gd_KJSHtpTSf1RZ_1-ny_gravel_pit-savage_223-BOB-KJSHtpTSf1RZ-10_w0.wav,1.0,16000,1,0.9440608620643616,0.0743519002741013,12.697197914123535,0
gun_c3gd_KJSHtpTSf1RZ_1-ny_gravel_pit-savage_223-BOB-KJSHtpTSf1RZ-11_w0,c3gd_KJSHtpTSf1RZ,gunshot,DANGEROUS_IMPULSE,data/processed\gunshot\gun_c3gd_KJSHtpTSf1RZ_1-ny_gravel_pit-savage_223-BOB-KJSHtpTSf1RZ-11_w0.wav,1.0,16000,1,0.9440608620643616,0.2119692014340443,4.453763961791992,0
gun_c3gd_KJSHtpTSf1RZ_1-ny_gravel_pit-savage_223-BOB-KJSHtpTSf1RZ-12_w0,c3gd_KJSHtpTSf1RZ,gunshot,DANGEROUS_IMPULSE,data/processed\gunshot\gun_c3gd_KJSHtpTSf1RZ_1-ny_gravel_pit-savage_223-BOB-KJSHtpTSf1RZ-12_w0.wav,1.0,16000,1,0.9440608024597168,0.1825052826260561,5.172785758972168,0
gun_c3gd_KJSHtpTSf1RZ_1-ny_gravel_pit-savage_223-BOB-KJSHtpTSf1RZ-13_w0,c3gd_KJSHtpTSf1RZ,gunshot,DANGEROUS_IMPULSE,data/processed\gunshot\gun_c3gd_KJSHtpTSf1RZ_1-ny_gravel_pit-savage_223-BOB-KJSHtpTSf1RZ-13_w0.wav,1.0,16000,1,0.9440608620643616,0.1241614444972473,7.603494167327881,0
gun_c3gd_KJSHtpTSf1RZ_1-ny_gravel_pit-savage_223-BOB-KJSHtpTSf1RZ-14_w0,c3gd_KJSHtpTSf1RZ,gunshot,DANGEROUS_IMPULSE,data/processed\gunshot\gun_c3gd_KJSHtpTSf1RZ_1-ny_gravel_pit-savage_223-BOB-KJSHtpTSf1RZ-14_w0.wav,1.0,16000,1,0.9440608620643616,0.0940345578180763,10.039508819580078,0
gun_c3gd_KJSHtpTSf1RZ_1-ny_gravel_pit-savage_223-BOB-KJSHtpTSf1RZ-15_w0,c3gd_KJSHtpTSf1RZ,gunshot,DANGEROUS_IMPULSE,data/processed\gunshot\gun_c3gd_KJSHtpTSf1RZ_1-ny_gravel_pit-savage_223-BOB-KJSHtpTSf1RZ-15_w0.wav,1.0,16000,1,0.9440609216690063,0.0547610771417259,17.23963165283203,0
gun_c3gd_KJSHtpTSf1RZ_1-ny_gravel_pit-savage_223-BOB-KJSHtpTSf1RZ-16_w0,c3gd_KJSHtpTSf1RZ,gunshot,DANGEROUS_IMPULSE,data/processed\gunshot\gun_c3gd_KJSHtpTSf1RZ_1-ny_gravel_pit-savage_223-BOB-KJSHtpTSf1RZ-16_w0.wav,1.0,16000,1,0.9440608620643616,0.1006730498704645,9.377492904663086,0
gun_c3gd_KJSHtpTSf1RZ_1-ny_gravel_pit-savage_223-BOB-KJSHtpTSf1RZ-17_w0,c3gd_KJSHtpTSf1RZ,gunshot,DANGEROUS_IMPULSE,data/processed\gunshot\gun_c3gd_KJSHtpTSf1RZ_1-ny_gravel_pit-savage_223-BOB-KJSHtpTSf1RZ-17_w0.wav,1.0,16000,1,0.9440608620643616,0.2238600879502607,4.217191219329834,0
gun_c3gd_KJSHtpTSf1RZ_1-ny_gravel_pit-savage_223-BOB-KJSHtpTSf1RZ-18_w0,c3gd_KJSHtpTSf1RZ,gunshot,DANGEROUS_IMPULSE,data/processed\gunshot\gun_c3gd_KJSHtpTSf1RZ_1-ny_gravel_pit-savage_223-BOB-KJSHtpTSf1RZ-18_w0.wav,1.0,16000,1,0.9440609216690063,0.0852883377547577,11.069049835205078,0
gun_c3gd_KJSHtpTSf1RZ_1-ny_gravel_pit-savage_223-BOB-KJSHtpTSf1RZ-19_w0,c3gd_KJSHtpTSf1RZ,gunshot,DANGEROUS_IMPULSE,data/processed\gunshot\gun_c3gd_KJSHtpTSf1RZ_1-ny_gravel_pit-savage_223-BOB-KJSHtpTSf1RZ-19_w0.wav,1.0,16000,1,0.9440608620643616,0.1212147331381118,7.788333892822266,0
gun_c3gd_KJSHtpTSf1RZ_1-ny_gravel_pit-savage_223-BOB-KJSHtpTSf1RZ-2_w0,c3gd_KJSHtpTSf1RZ,gunshot,DANGEROUS_IMPULSE,data/processed\gunshot\gun_c3gd_KJSHtpTSf1RZ_1-ny_gravel_pit-savage_223-BOB-KJSHtpTSf1RZ-2_w0.wav,1.0,16000,1,0.9440608620643616,0.17010328321428,5.5499267578125,0
gun_c3gd_KJSHtpTSf1RZ_1-ny_gravel_pit-savage_223-BOB-KJSHtpTSf1RZ-20_w0,c3gd_KJSHtpTSf1RZ,gunshot,DANGEROUS_IMPULSE,data/processed\gunshot\gun_c3gd_KJSHtpTSf1RZ_1-ny_gravel_pit-savage_223-BOB-KJSHtpTSf1RZ-20_w0.wav,1.0,16000,1,0.9440608620643616,0.1207936629446966,7.815483093261719,0
gun_c3gd_KJSHtpTSf1RZ_1-ny_gravel_pit-savage_223-BOB-KJSHtpTSf1RZ-21_w0,c3gd_KJSHtpTSf1RZ,gunshot,DANGEROUS_IMPULSE,data/processed\gunshot\gun_c3gd_KJSHtpTSf1RZ_1-ny_gravel_pit-savage_223-BOB-KJSHtpTSf1RZ-21_w0.wav,1.0,16000,1,0.9440608620643616,0.0471434999660211,20.02525520324707,0
gun_c3gd_KJSHtpTSf1RZ_1-ny_gravel_pit-savage_223-BOB-KJSHtpTSf1RZ-22_w0,c3gd_KJSHtpTSf1RZ,gunshot,DANGEROUS_IMPULSE,data/processed\gunshot\gun_c3gd_KJSHtpTSf1RZ_1-ny_gravel_pit-savage_223-BOB-KJSHtpTSf1RZ-22_w0.wav,1.0,16000,1,0.9440608620643616,0.1106521681248452,8.531787872314453,0
gun_c3gd_KJSHtpTSf1RZ_1-ny_gravel_pit-savage_223-BOB-KJSHtpTSf1RZ-23_w0,c3gd_KJSHtpTSf1RZ,gunshot,DANGEROUS_IMPULSE,data/processed\gunshot\gun_c3gd_KJSHtpTSf1RZ_1-ny_gravel_pit-savage_223-BOB-KJSHtpTSf1RZ-23_w0.wav,1.0,16000,1,0.9440608024597168,0.1965153087738688,4.804006099700928,0
gun_c3gd_KJSHtpTSf1RZ_1-ny_gravel_pit-savage_223-BOB-KJSHtpTSf1RZ-24_w0,c3gd_KJSHtpTSf1RZ,gunshot,DANGEROUS_IMPULSE,data/processed\gunshot\gun_c3gd_KJSHtpTSf1RZ_1-ny_gravel_pit-savage_223-BOB-KJSHtpTSf1RZ-24_w0.wav,1.0,16000,1,0.9440608620643616,0.1886092297191058,5.005379676818848,0
gun_c3gd_KJSHtpTSf1RZ_1-ny_gravel_pit-savage_223-BOB-KJSHtpTSf1RZ-25_w0,c3gd_KJSHtpTSf1RZ,gunshot,DANGEROUS_IMPULSE,data/processed\gunshot\gun_c3gd_KJSHtpTSf1RZ_1-ny_gravel_pit-savage_223-BOB-KJSHtpTSf1RZ-25_w0.wav,1.0,16000,1,0.9440608620643616,0.2283969554719294,4.133421421051025,0
gun_c3gd_KJSHtpTSf1RZ_1-ny_gravel_pit-savage_223-BOB-KJSHtpTSf1RZ-26_w0,c3gd_KJSHtpTSf1RZ,gunshot,DANGEROUS_IMPULSE,data/processed\gunshot\gun_c3gd_KJSHtpTSf1RZ_1-ny_gravel_pit-savage_223-BOB-KJSHtpTSf1RZ-26_w0.wav,1.0,16000,1,0.9440608620643616,0.2373866500908376,3.976891040802002,0
gun_c3gd_KJSHtpTSf1RZ_1-ny_gravel_pit-savage_223-BOB-KJSHtpTSf1RZ-27_w0,c3gd_KJSHtpTSf1RZ,gunshot,DANGEROUS_IMPULSE,data/processed\gunshot\gun_c3gd_KJSHtpTSf1RZ_1-ny_gravel_pit-savage_223-BOB-KJSHtpTSf1RZ-27_w0.wav,1.0,16000,1,0.9440608620643616,0.2287003267923254,4.127938270568848,0
gun_c3gd_KJSHtpTSf1RZ_1-ny_gravel_pit-savage_223-BOB-KJSHtpTSf1RZ-28_w0,c3gd_KJSHtpTSf1RZ,gunshot,DANGEROUS_IMPULSE,data/processed\gunshot\gun_c3gd_KJSHtpTSf1RZ_1-ny_gravel_pit-savage_223-BOB-KJSHtpTSf1RZ-28_w0.wav,1.0,16000,1,0.9440608620643616,0.2062324733223048,4.577653408050537,0
gun_c3gd_KJSHtpTSf1RZ_1-ny_gravel_pit-savage_223-BOB-KJSHtpTSf1RZ-29_w0,c3gd_KJSHtpTSf1RZ,gunshot,DANGEROUS_IMPULSE,data/processed\gunshot\gun_c3gd_KJSHtpTSf1RZ_1-ny_gravel_pit-savage_223-BOB-KJSHtpTSf1RZ-29_w0.wav,1.0,16000,1,0.9440608620643616,0.2063793499243821,4.574395656585693,0
gun_c3gd_KJSHtpTSf1RZ_1-ny_gravel_pit-savage_223-BOB-KJSHtpTSf1RZ-3_w0,c3gd_KJSHtpTSf1RZ,gunshot,DANGEROUS_IMPULSE,data/processed\gunshot\gun_c3gd_KJSHtpTSf1RZ_1-ny_gravel_pit-savage_223-BOB-KJSHtpTSf1RZ-3_w0.wav,1.0,16000,1,0.9440608620643616,0.2029723455772812,4.651179790496826,0
gun_c3gd_KJSHtpTSf1RZ_1-ny_gravel_pit-savage_223-BOB-KJSHtpTSf1RZ-30_w0,c3gd_KJSHtpTSf1RZ,gunshot,DANGEROUS_IMPULSE,data/processed\gunshot\gun_c3gd_KJSHtpTSf1RZ_1-ny_gravel_pit-savage_223-BOB-KJSHtpTSf1RZ-30_w0.wav,1.0,16000,1,0.9440608620643616,0.219215340890295,4.306545257568359,0
gun_c3gd_KJSHtpTSf1RZ_1-ny_gravel_pit-savage_223-BOB-KJSHtpTSf1RZ-31_w0,c3gd_KJSHtpTSf1RZ,gunshot,DANGEROUS_IMPULSE,data/processed\gunshot\gun_c3gd_KJSHtpTSf1RZ_1-ny_gravel_pit-savage_223-BOB-KJSHtpTSf1RZ-31_w0.wav,1.0,16000,1,0.9440608620643616,0.2142965891965155,4.405393600463867,0
gun_c3gd_KJSHtpTSf1RZ_1-ny_gravel_pit-savage_223-BOB-KJSHtpTSf1RZ-32_w0,c3gd_KJSHtpTSf1RZ,gunshot,DANGEROUS_IMPULSE,data/processed\gunshot\gun_c3gd_KJSHtpTSf1RZ_1-ny_gravel_pit-savage_223-BOB-KJSHtpTSf1RZ-32_w0.wav,1.0,16000,1,0.9440608620643616,0.2155165627690845,4.38045597076416,0
gun_c3gd_KJSHtpTSf1RZ_1-ny_gravel_pit-savage_223-BOB-KJSHtpTSf1RZ-33_w0,c3gd_KJSHtpTSf1RZ,gunshot,DANGEROUS_IMPULSE,data/processed\gunshot\gun_c3gd_KJSHtpTSf1RZ_1-ny_gravel_pit-savage_223-BOB-KJSHtpTSf1RZ-33_w0.wav,1.0,16000,1,0.9440608620643616,0.2104574144365119,4.485756874084473,0
gun_c3gd_KJSHtpTSf1RZ_1-ny_gravel_pit-savage_223-BOB-KJSHtpTSf1RZ-34_w0,c3gd_KJSHtpTSf1RZ,gunshot,DANGEROUS_IMPULSE,data/processed\gunshot\gun_c3gd_KJSHtpTSf1RZ_1-ny_gravel_pit-savage_223-BOB-KJSHtpTSf1RZ-34_w0.wav,1.0,16000,1,0.9440608620643616,0.2124130421717491,4.444457530975342,0
gun_c3gd_KJSHtpTSf1RZ_1-ny_gravel_pit-savage_223-BOB-KJSHtpTSf1RZ-35_w0,c3gd_KJSHtpTSf1RZ,gunshot,DANGEROUS_IMPULSE,data/processed\gunshot\gun_c3gd_KJSHtpTSf1RZ_1-ny_gravel_pit-savage_223-BOB-KJSHtpTSf1RZ-35_w0.wav,1.0,16000,1,0.9440608620643616,0.2333417528342103,4.045828819274902,0
gun_c3gd_KJSHtpTSf1RZ_1-ny_gravel_pit-savage_223-BOB-KJSHtpTSf1RZ-36_w0,c3gd_KJSHtpTSf1RZ,gunshot,DANGEROUS_IMPULSE,data/processed\gunshot\gun_c3gd_KJSHtpTSf1RZ_1-ny_gravel_pit-savage_223-BOB-KJSHtpTSf1RZ-36_w0.wav,1.0,16000,1,0.9440608620643616,0.2283162771738021,4.134881496429443,0
gun_c3gd_KJSHtpTSf1RZ_1-ny_gravel_pit-savage_223-BOB-KJSHtpTSf1RZ-37_w0,c3gd_KJSHtpTSf1RZ,gunshot,DANGEROUS_IMPULSE,data/processed\gunshot\gun_c3gd_KJSHtpTSf1RZ_1-ny_gravel_pit-savage_223-BOB-KJSHtpTSf1RZ-37_w0.wav,1.0,16000,1,0.9440608620643616,0.2506247552076176,3.7668297290802,0
gun_c3gd_KJSHtpTSf1RZ_1-ny_gravel_pit-savage_223-BOB-KJSHtpTSf1RZ-38_w0,c3gd_KJSHtpTSf1RZ,gunshot,DANGEROUS_IMPULSE,data/processed\gunshot\gun_c3gd_KJSHtpTSf1RZ_1-ny_gravel_pit-savage_223-BOB-KJSHtpTSf1RZ-38_w0.wav,1.0,16000,1,0.9440608620643616,0.208471435232228,4.52849006652832,0
gun_c3gd_KJSHtpTSf1RZ_1-ny_gravel_pit-savage_223-BOB-KJSHtpTSf1RZ-39_w0,c3gd_KJSHtpTSf1RZ,gunshot,DANGEROUS_IMPULSE,data/processed\gunshot\gun_c3gd_KJSHtpTSf1RZ_1-ny_gravel_pit-savage_223-BOB-KJSHtpTSf1RZ-39_w0.wav,1.0,16000,1,0.9440608620643616,0.2359175149398621,4.001656532287598,0
gun_c3gd_KJSHtpTSf1RZ_1-ny_gravel_pit-savage_223-BOB-KJSHtpTSf1RZ-4_w0,c3gd_KJSHtpTSf1RZ,gunshot,DANGEROUS_IMPULSE,data/processed\gunshot\gun_c3gd_KJSHtpTSf1RZ_1-ny_gravel_pit-savage_223-BOB-KJSHtpTSf1RZ-4_w0.wav,1.0,16000,1,0.9440608620643616,0.2124274228077598,4.444157123565674,0
gun_c3gd_KJSHtpTSf1RZ_1-ny_gravel_pit-savage_223-BOB-KJSHtpTSf1RZ-5_w0,c3gd_KJSHtpTSf1RZ,gunshot,DANGEROUS_IMPULSE,data/processed\gunshot\gun_c3gd_KJSHtpTSf1RZ_1-ny_gravel_pit-savage_223-BOB-KJSHtpTSf1RZ-5_w0.wav,1.0,16000,1,0.9440608620643616,0.205358223142211,4.597141265869141,0
gun_c3gd_KJSHtpTSf1RZ_1-ny_gravel_pit-savage_223-BOB-KJSHtpTSf1RZ-6_w0,c3gd_KJSHtpTSf1RZ,gunshot,DANGEROUS_IMPULSE,data/processed\gunshot\gun_c3gd_KJSHtpTSf1RZ_1-ny_gravel_pit-savage_223-BOB-KJSHtpTSf1RZ-6_w0.wav,1.0,16000,1,0.9440608620643616,0.2049512925086082,4.606269359588623,0
gun_c3gd_KJSHtpTSf1RZ_1-ny_gravel_pit-savage_223-BOB-KJSHtpTSf1RZ-7_w0,c3gd_KJSHtpTSf1RZ,gunshot,DANGEROUS_IMPULSE,data/processed\gunshot\gun_c3gd_KJSHtpTSf1RZ_1-ny_gravel_pit-savage_223-BOB-KJSHtpTSf1RZ-7_w0.wav,1.0,16000,1,0.9440608620643616,0.2107991807039733,4.478484153747559,0
gun_c3gd_KJSHtpTSf1RZ_1-ny_gravel_pit-savage_223-BOB-KJSHtpTSf1RZ-8_w0,c3gd_KJSHtpTSf1RZ,gunshot,DANGEROUS_IMPULSE,data/processed\gunshot\gun_c3gd_KJSHtpTSf1RZ_1-ny_gravel_pit-savage_223-BOB-KJSHtpTSf1RZ-8_w0.wav,1.0,16000,1,0.9440609216690063,0.0552777491697456,17.078495025634766,0
gun_c3gd_KJSHtpTSf1RZ_1-ny_gravel_pit-savage_223-BOB-KJSHtpTSf1RZ-9_w0,c3gd_KJSHtpTSf1RZ,gunshot,DANGEROUS_IMPULSE,data/processed\gunshot\gun_c3gd_KJSHtpTSf1RZ_1-ny_gravel_pit-savage_223-BOB-KJSHtpTSf1RZ-9_w0.wav,1.0,16000,1,0.9440608620643616,0.2060298723944015,4.582155227661133,0
gun_c3gd_YrfRuDoiY751_1-ny_gravel_pit-savage_223-BOB-YrfRuDoiY751-0_w0,c3gd_YrfRuDoiY751,gunshot,DANGEROUS_IMPULSE,data/processed\gunshot\gun_c3gd_YrfRuDoiY751_1-ny_gravel_pit-savage_223-BOB-YrfRuDoiY751-0_w0.wav,1.0,16000,1,0.9440608620643616,0.2420538487359678,3.90021014213562,0
gun_c3gd_YrfRuDoiY751_1-ny_gravel_pit-savage_223-BOB-YrfRuDoiY751-1_w0,c3gd_YrfRuDoiY751,gunshot,DANGEROUS_IMPULSE,data/processed\gunshot\gun_c3gd_YrfRuDoiY751_1-ny_gravel_pit-savage_223-BOB-YrfRuDoiY751-1_w0.wav,1.0,16000,1,0.9440608024597168,0.3123799331797562,3.022155523300171,0
gun_c3gd_YrfRuDoiY751_1-ny_gravel_pit-savage_223-BOB-YrfRuDoiY751-2_w0,c3gd_YrfRuDoiY751,gunshot,DANGEROUS_IMPULSE,data/processed\gunshot\gun_c3gd_YrfRuDoiY751_1-ny_gravel_pit-savage_223-BOB-YrfRuDoiY751-2_w0.wav,1.0,16000,1,0.9440608620643616,0.330600336719758,2.855595350265503,0
gun_c3gd_YrfRuDoiY751_1-ny_gravel_pit-savage_223-BOB-YrfRuDoiY751-3_w0,c3gd_YrfRuDoiY751,gunshot,DANGEROUS_IMPULSE,data/processed\gunshot\gun_c3gd_YrfRuDoiY751_1-ny_gravel_pit-savage_223-BOB-YrfRuDoiY751-3_w0.wav,1.0,16000,1,0.9440608620643616,0.275761023798227,3.4234743118286133,0
gun_c3gd_YrfRuDoiY751_1-ny_gravel_pit-savage_223-BOB-YrfRuDoiY751-4_w0,c3gd_YrfRuDoiY751,gunshot,DANGEROUS_IMPULSE,data/processed\gunshot\gun_c3gd_YrfRuDoiY751_1-ny_gravel_pit-savage_223-BOB-YrfRuDoiY751-4_w0.wav,1.0,16000,1,0.9440608024597168,0.3146224780180542,3.0006144046783447,0
gun_c3gd_vmXVMZ4vutTc_1-ny_gravel_pit-savage_223-BUTCH-vmXVMZ4vutTc-0_w0,c3gd_vmXVMZ4vutTc,gunshot,DANGEROUS_IMPULSE,data/processed\gunshot\gun_c3gd_vmXVMZ4vutTc_1-ny_gravel_pit-savage_223-BUTCH-vmXVMZ4vutTc-0_w0.wav,1.0,16000,1,0.9440608024597168,0.0986049631667446,9.57417106628418,0
gun_c3gd_vmXVMZ4vutTc_1-ny_gravel_pit-savage_223-BUTCH-vmXVMZ4vutTc-1_w0,c3gd_vmXVMZ4vutTc,gunshot,DANGEROUS_IMPULSE,data/processed\gunshot\gun_c3gd_vmXVMZ4vutTc_1-ny_gravel_pit-savage_223-BUTCH-vmXVMZ4vutTc-1_w0.wav,1.0,16000,1,0.9440608620643616,0.1607192772892434,5.873973369598389,0
gun_c3gd_vmXVMZ4vutTc_1-ny_gravel_pit-savage_223-BUTCH-vmXVMZ4vutTc-10_w0,c3gd_vmXVMZ4vutTc,gunshot,DANGEROUS_IMPULSE,data/processed\gunshot\gun_c3gd_vmXVMZ4vutTc_1-ny_gravel_pit-savage_223-BUTCH-vmXVMZ4vutTc-10_w0.wav,1.0,16000,1,0.9440608620643616,0.0849713121854232,11.110346794128418,0
gun_c3gd_vmXVMZ4vutTc_1-ny_gravel_pit-savage_223-BUTCH-vmXVMZ4vutTc-11_w0,c3gd_vmXVMZ4vutTc,gunshot,DANGEROUS_IMPULSE,data/processed\gunshot\gun_c3gd_vmXVMZ4vutTc_1-ny_gravel_pit-savage_223-BUTCH-vmXVMZ4vutTc-11_w0.wav,1.0,16000,1,0.9440608620643616,0.0971430454207246,9.718254089355469,0
gun_c3gd_vmXVMZ4vutTc_1-ny_gravel_pit-savage_223-BUTCH-vmXVMZ4vutTc-12_w0,c3gd_vmXVMZ4vutTc,gunshot,DANGEROUS_IMPULSE,data/processed\gunshot\gun_c3gd_vmXVMZ4vutTc_1-ny_gravel_pit-savage_223-BUTCH-vmXVMZ4vutTc-12_w0.wav,1.0,16000,1,0.9440608620643616,0.0932590124726219,10.122997283935549,0
gun_c3gd_vmXVMZ4vutTc_1-ny_gravel_pit-savage_223-BUTCH-vmXVMZ4vutTc-13_w0,c3gd_vmXVMZ4vutTc,gunshot,DANGEROUS_IMPULSE,data/processed\gunshot\gun_c3gd_vmXVMZ4vutTc_1-ny_gravel_pit-savage_223-BUTCH-vmXVMZ4vutTc-13_w0.wav,1.0,16000,1,0.9440608620643616,0.0907015485404767,10.408430099487305,0
gun_c3gd_vmXVMZ4vutTc_1-ny_gravel_pit-savage_223-BUTCH-vmXVMZ4vutTc-14_w0,c3gd_vmXVMZ4vutTc,gunshot,DANGEROUS_IMPULSE,data/processed\gunshot\gun_c3gd_vmXVMZ4vutTc_1-ny_gravel_pit-savage_223-BUTCH-vmXVMZ4vutTc-14_w0.wav,1.0,16000,1,0.9440608620643616,0.0950360110381378,9.9337158203125,0
gun_c3gd_vmXVMZ4vutTc_1-ny_gravel_pit-savage_223-BUTCH-vmXVMZ4vutTc-15_w0,c3gd_vmXVMZ4vutTc,gunshot,DANGEROUS_IMPULSE,data/processed\gunshot\gun_c3gd_vmXVMZ4vutTc_1-ny_gravel_pit-savage_223-BUTCH-vmXVMZ4vutTc-15_w0.wav,1.0,16000,1,0.9440608620643616,0.0958596768875778,9.84836196899414,0
gun_c3gd_vmXVMZ4vutTc_1-ny_gravel_pit-savage_223-BUTCH-vmXVMZ4vutTc-16_w0,c3gd_vmXVMZ4vutTc,gunshot,DANGEROUS_IMPULSE,data/processed\gunshot\gun_c3gd_vmXVMZ4vutTc_1-ny_gravel_pit-savage_223-BUTCH-vmXVMZ4vutTc-16_w0.wav,1.0,16000,1,0.9440608620643616,0.1092889396099043,8.638209342956543,0
gun_c3gd_vmXVMZ4vutTc_1-ny_gravel_pit-savage_223-BUTCH-vmXVMZ4vutTc-17_w0,c3gd_vmXVMZ4vutTc,gunshot,DANGEROUS_IMPULSE,data/processed\gunshot\gun_c3gd_vmXVMZ4vutTc_1-ny_gravel_pit-savage_223-BUTCH-vmXVMZ4vutTc-17_w0.wav,1.0,16000,1,0.9440608620643616,0.172636215851413,5.468498229980469,0
gun_c3gd_vmXVMZ4vutTc_1-ny_gravel_pit-savage_223-BUTCH-vmXVMZ4vutTc-18_w0,c3gd_vmXVMZ4vutTc,gunshot,DANGEROUS_IMPULSE,data/processed\gunshot\gun_c3gd_vmXVMZ4vutTc_1-ny_gravel_pit-savage_223-BUTCH-vmXVMZ4vutTc-18_w0.wav,1.0,16000,1,0.9440608620643616,0.1113323411645099,8.479663848876953,0
gun_c3gd_vmXVMZ4vutTc_1-ny_gravel_pit-savage_223-BUTCH-vmXVMZ4vutTc-19_w0,c3gd_vmXVMZ4vutTc,gunshot,DANGEROUS_IMPULSE,data/processed\gunshot\gun_c3gd_vmXVMZ4vutTc_1-ny_gravel_pit-savage_223-BUTCH-vmXVMZ4vutTc-19_w0.wav,1.0,16000,1,0.9440608024597168,0.1204080742364404,7.840510368347168,0
gun_c3gd_vmXVMZ4vutTc_1-ny_gravel_pit-savage_223-BUTCH-vmXVMZ4vutTc-2_w0,c3gd_vmXVMZ4vutTc,gunshot,DANGEROUS_IMPULSE,data/processed\gunshot\gun_c3gd_vmXVMZ4vutTc_1-ny_gravel_pit-savage_223-BUTCH-vmXVMZ4vutTc-2_w0.wav,1.0,16000,1,0.9440608024597168,0.0913199912316947,10.33794116973877,0
gun_c3gd_vmXVMZ4vutTc_1-ny_gravel_pit-savage_223-BUTCH-vmXVMZ4vutTc-20_w0,c3gd_vmXVMZ4vutTc,gunshot,DANGEROUS_IMPULSE,data/processed\gunshot\gun_c3gd_vmXVMZ4vutTc_1-ny_gravel_pit-savage_223-BUTCH-vmXVMZ4vutTc-20_w0.wav,1.0,16000,1,0.9440608024597168,0.1108379111772686,8.517489433288574,0
gun_c3gd_vmXVMZ4vutTc_1-ny_gravel_pit-savage_223-BUTCH-vmXVMZ4vutTc-21_w0,c3gd_vmXVMZ4vutTc,gunshot,DANGEROUS_IMPULSE,data/processed\gunshot\gun_c3gd_vmXVMZ4vutTc_1-ny_gravel_pit-savage_223-BUTCH-vmXVMZ4vutTc-21_w0.wav,1.0,16000,1,0.9440608620643616,0.0810153848659226,11.652857780456545,0
gun_c3gd_vmXVMZ4vutTc_1-ny_gravel_pit-savage_223-BUTCH-vmXVMZ4vutTc-22_w0,c3gd_vmXVMZ4vutTc,gunshot,DANGEROUS_IMPULSE,data/processed\gunshot\gun_c3gd_vmXVMZ4vutTc_1-ny_gravel_pit-savage_223-BUTCH-vmXVMZ4vutTc-22_w0.wav,1.0,16000,1,0.9440608620643616,0.1031313095907972,9.153968811035156,0
gun_c3gd_vmXVMZ4vutTc_1-ny_gravel_pit-savage_223-BUTCH-vmXVMZ4vutTc-23_w0,c3gd_vmXVMZ4vutTc,gunshot,DANGEROUS_IMPULSE,data/processed\gunshot\gun_c3gd_vmXVMZ4vutTc_1-ny_gravel_pit-savage_223-BUTCH-vmXVMZ4vutTc-23_w0.wav,1.0,16000,1,0.9440608024597168,0.134695442556311,7.008854389190674,0
gun_c3gd_vmXVMZ4vutTc_1-ny_gravel_pit-savage_223-BUTCH-vmXVMZ4vutTc-24_w0,c3gd_vmXVMZ4vutTc,gunshot,DANGEROUS_IMPULSE,data/processed\gunshot\gun_c3gd_vmXVMZ4vutTc_1-ny_gravel_pit-savage_223-BUTCH-vmXVMZ4vutTc-24_w0.wav,1.0,16000,1,0.9440609216690063,0.089095482658523,10.596056938171388,0
gun_c3gd_vmXVMZ4vutTc_1-ny_gravel_pit-savage_223-BUTCH-vmXVMZ4vutTc-25_w0,c3gd_vmXVMZ4vutTc,gunshot,DANGEROUS_IMPULSE,data/processed\gunshot\gun_c3gd_vmXVMZ4vutTc_1-ny_gravel_pit-savage_223-BUTCH-vmXVMZ4vutTc-25_w0.wav,1.0,16000,1,0.9440608620643616,0.1827715562958831,5.165250301361084,0
gun_c3gd_vmXVMZ4vutTc_1-ny_gravel_pit-savage_223-BUTCH-vmXVMZ4vutTc-26_w0,c3gd_vmXVMZ4vutTc,gunshot,DANGEROUS_IMPULSE,data/processed\gunshot\gun_c3gd_vmXVMZ4vutTc_1-ny_gravel_pit-savage_223-BUTCH-vmXVMZ4vutTc-26_w0.wav,1.0,16000,1,0.9440608620643616,0.1020941664906469,9.24696159362793,0
gun_c3gd_vmXVMZ4vutTc_1-ny_gravel_pit-savage_223-BUTCH-vmXVMZ4vutTc-27_w0,c3gd_vmXVMZ4vutTc,gunshot,DANGEROUS_IMPULSE,data/processed\gunshot\gun_c3gd_vmXVMZ4vutTc_1-ny_gravel_pit-savage_223-BUTCH-vmXVMZ4vutTc-27_w0.wav,1.0,16000,1,0.9440608620643616,0.165400982903157,5.707709789276123,0
gun_c3gd_vmXVMZ4vutTc_1-ny_gravel_pit-savage_223-BUTCH-vmXVMZ4vutTc-28_w0,c3gd_vmXVMZ4vutTc,gunshot,DANGEROUS_IMPULSE,data/processed\gunshot\gun_c3gd_vmXVMZ4vutTc_1-ny_gravel_pit-savage_223-BUTCH-vmXVMZ4vutTc-28_w0.wav,1.0,16000,1,0.9440609216690063,0.1476800692485296,6.392608642578125,0
gun_c3gd_vmXVMZ4vutTc_1-ny_gravel_pit-savage_223-BUTCH-vmXVMZ4vutTc-29_w0,c3gd_vmXVMZ4vutTc,gunshot,DANGEROUS_IMPULSE,data/processed\gunshot\gun_c3gd_vmXVMZ4vutTc_1-ny_gravel_pit-savage_223-BUTCH-vmXVMZ4vutTc-29_w0.wav,1.0,16000,1,0.9440608620643616,0.1001423712619963,9.427186012268066,0
gun_c3gd_vmXVMZ4vutTc_1-ny_gravel_pit-savage_223-BUTCH-vmXVMZ4vutTc-3_w0,c3gd_vmXVMZ4vutTc,gunshot,DANGEROUS_IMPULSE,data/processed\gunshot\gun_c3gd_vmXVMZ4vutTc_1-ny_gravel_pit-savage_223-BUTCH-vmXVMZ4vutTc-3_w0.wav,1.0,16000,1,0.9440608620643616,0.0911496661152377,10.357259750366213,0
gun_c3gd_vmXVMZ4vutTc_1-ny_gravel_pit-savage_223-BUTCH-vmXVMZ4vutTc-30_w0,c3gd_vmXVMZ4vutTc,gunshot,DANGEROUS_IMPULSE,data/processed\gunshot\gun_c3gd_vmXVMZ4vutTc_1-ny_gravel_pit-savage_223-BUTCH-vmXVMZ4vutTc-30_w0.wav,1.0,16000,1,0.9440608620643616,0.1989396421447195,4.745463371276856,0
gun_c3gd_vmXVMZ4vutTc_1-ny_gravel_pit-savage_223-BUTCH-vmXVMZ4vutTc-31_w0,c3gd_vmXVMZ4vutTc,gunshot,DANGEROUS_IMPULSE,data/processed\gunshot\gun_c3gd_vmXVMZ4vutTc_1-ny_gravel_pit-savage_223-BUTCH-vmXVMZ4vutTc-31_w0.wav,1.0,16000,1,0.9440608620643616,0.0956300242201164,9.8720121383667,0
gun_c3gd_vmXVMZ4vutTc_1-ny_gravel_pit-savage_223-BUTCH-vmXVMZ4vutTc-32_w0,c3gd_vmXVMZ4vutTc,gunshot,DANGEROUS_IMPULSE,data/processed\gunshot\gun_c3gd_vmXVMZ4vutTc_1-ny_gravel_pit-savage_223-BUTCH-vmXVMZ4vutTc-32_w0.wav,1.0,16000,1,0.9440608620643616,0.0957656772704875,9.858028411865234,0
gun_c3gd_vmXVMZ4vutTc_1-ny_gravel_pit-savage_223-BUTCH-vmXVMZ4vutTc-33_w0,c3gd_vmXVMZ4vutTc,gunshot,DANGEROUS_IMPULSE,data/processed\gunshot\gun_c3gd_vmXVMZ4vutTc_1-ny_gravel_pit-savage_223-BUTCH-vmXVMZ4vutTc-33_w0.wav,1.0,16000,1,0.9440608620643616,0.0978218914968124,9.650813102722168,0
gun_c3gd_vmXVMZ4vutTc_1-ny_gravel_pit-savage_223-BUTCH-vmXVMZ4vutTc-34_w0,c3gd_vmXVMZ4vutTc,gunshot,DANGEROUS_IMPULSE,data/processed\gunshot\gun_c3gd_vmXVMZ4vutTc_1-ny_gravel_pit-savage_223-BUTCH-vmXVMZ4vutTc-34_w0.wav,1.0,16000,1,0.9440608620643616,0.1030189592104519,9.163951873779297,0
gun_c3gd_vmXVMZ4vutTc_1-ny_gravel_pit-savage_223-BUTCH-vmXVMZ4vutTc-35_w0,c3gd_vmXVMZ4vutTc,gunshot,DANGEROUS_IMPULSE,data/processed\gunshot\gun_c3gd_vmXVMZ4vutTc_1-ny_gravel_pit-savage_223-BUTCH-vmXVMZ4vutTc-35_w0.wav,1.0,16000,1,0.9440608620643616,0.1194880376259171,7.900881290435791,0
gun_c3gd_vmXVMZ4vutTc_1-ny_gravel_pit-savage_223-BUTCH-vmXVMZ4vutTc-36_w0,c3gd_vmXVMZ4vutTc,gunshot,DANGEROUS_IMPULSE,data/processed\gunshot\gun_c3gd_vmXVMZ4vutTc_1-ny_gravel_pit-savage_223-BUTCH-vmXVMZ4vutTc-36_w0.wav,1.0,16000,1,0.9440608620643616,0.1167777208423284,8.084254264831543,0
gun_c3gd_vmXVMZ4vutTc_1-ny_gravel_pit-savage_223-BUTCH-vmXVMZ4vutTc-37_w0,c3gd_vmXVMZ4vutTc,gunshot,DANGEROUS_IMPULSE,data/processed\gunshot\gun_c3gd_vmXVMZ4vutTc_1-ny_gravel_pit-savage_223-BUTCH-vmXVMZ4vutTc-37_w0.wav,1.0,16000,1,0.9440608620643616,0.0848577903665629,11.125210762023926,0
gun_c3gd_vmXVMZ4vutTc_1-ny_gravel_pit-savage_223-BUTCH-vmXVMZ4vutTc-38_w0,c3gd_vmXVMZ4vutTc,gunshot,DANGEROUS_IMPULSE,data/processed\gunshot\gun_c3gd_vmXVMZ4vutTc_1-ny_gravel_pit-savage_223-BUTCH-vmXVMZ4vutTc-38_w0.wav,1.0,16000,1,0.9440608620643616,0.201766994891453,4.6789655685424805,0
gun_c3gd_vmXVMZ4vutTc_1-ny_gravel_pit-savage_223-BUTCH-vmXVMZ4vutTc-39_w0,c3gd_vmXVMZ4vutTc,gunshot,DANGEROUS_IMPULSE,data/processed\gunshot\gun_c3gd_vmXVMZ4vutTc_1-ny_gravel_pit-savage_223-BUTCH-vmXVMZ4vutTc-39_w0.wav,1.0,16000,1,0.9440608620643616,0.1351957988206724,6.98291540145874,0
gun_c3gd_vmXVMZ4vutTc_1-ny_gravel_pit-savage_223-BUTCH-vmXVMZ4vutTc-4_w0,c3gd_vmXVMZ4vutTc,gunshot,DANGEROUS_IMPULSE,data/processed\gunshot\gun_c3gd_vmXVMZ4vutTc_1-ny_gravel_pit-savage_223-BUTCH-vmXVMZ4vutTc-4_w0.wav,1.0,16000,1,0.9440608620643616,0.1068481992697229,8.835533142089844,0
gun_c3gd_vmXVMZ4vutTc_1-ny_gravel_pit-savage_223-BUTCH-vmXVMZ4vutTc-5_w0,c3gd_vmXVMZ4vutTc,gunshot,DANGEROUS_IMPULSE,data/processed\gunshot\gun_c3gd_vmXVMZ4vutTc_1-ny_gravel_pit-savage_223-BUTCH-vmXVMZ4vutTc-5_w0.wav,1.0,16000,1,0.9440608620643616,0.1049545610973338,8.99494743347168,0
gun_c3gd_vmXVMZ4vutTc_1-ny_gravel_pit-savage_223-BUTCH-vmXVMZ4vutTc-6_w0,c3gd_vmXVMZ4vutTc,gunshot,DANGEROUS_IMPULSE,data/processed\gunshot\gun_c3gd_vmXVMZ4vutTc_1-ny_gravel_pit-savage_223-BUTCH-vmXVMZ4vutTc-6_w0.wav,1.0,16000,1,0.9440608620643616,0.1029852740555721,9.166949272155762,0
gun_c3gd_vmXVMZ4vutTc_1-ny_gravel_pit-savage_223-BUTCH-vmXVMZ4vutTc-7_w0,c3gd_vmXVMZ4vutTc,gunshot,DANGEROUS_IMPULSE,data/processed\gunshot\gun_c3gd_vmXVMZ4vutTc_1-ny_gravel_pit-savage_223-BUTCH-vmXVMZ4vutTc-7_w0.wav,1.0,16000,1,0.9440608620643616,0.1237862225763806,7.626541614532471,0
gun_c3gd_vmXVMZ4vutTc_1-ny_gravel_pit-savage_223-BUTCH-vmXVMZ4vutTc-8_w0,c3gd_vmXVMZ4vutTc,gunshot,DANGEROUS_IMPULSE,data/processed\gunshot\gun_c3gd_vmXVMZ4vutTc_1-ny_gravel_pit-savage_223-BUTCH-vmXVMZ4vutTc-8_w0.wav,1.0,16000,1,0.9440608620643616,0.1050134740001016,8.989901542663574,0
gun_c3gd_vmXVMZ4vutTc_1-ny_gravel_pit-savage_223-BUTCH-vmXVMZ4vutTc-9_w0,c3gd_vmXVMZ4vutTc,gunshot,DANGEROUS_IMPULSE,data/processed\gunshot\gun_c3gd_vmXVMZ4vutTc_1-ny_gravel_pit-savage_223-BUTCH-vmXVMZ4vutTc-9_w0.wav,1.0,16000,1,0.9440608620643616,0.1355364152351974,6.965365886688232,0
gun_c3gd_cF2UUwwEe48n_1-ny_gravel_pit-savage_223-CAROL-cF2UUwwEe48n-0_w0,c3gd_cF2UUwwEe48n,gunshot,DANGEROUS_IMPULSE,data/processed\gunshot\gun_c3gd_cF2UUwwEe48n_1-ny_gravel_pit-savage_223-CAROL-cF2UUwwEe48n-0_w0.wav,1.0,16000,1,0.9440608620643616,0.2343248154636113,4.028855323791504,0
gun_c3gd_cF2UUwwEe48n_1-ny_gravel_pit-savage_223-CAROL-cF2UUwwEe48n-1_w0,c3gd_cF2UUwwEe48n,gunshot,DANGEROUS_IMPULSE,data/processed\gunshot\gun_c3gd_cF2UUwwEe48n_1-ny_gravel_pit-savage_223-CAROL-cF2UUwwEe48n-1_w0.wav,1.0,16000,1,0.9440609216690063,0.3288584413916198,2.8707211017608643,0
gun_c3gd_cF2UUwwEe48n_1-ny_gravel_pit-savage_223-CAROL-cF2UUwwEe48n-10_w0,c3gd_cF2UUwwEe48n,gunshot,DANGEROUS_IMPULSE,data/processed\gunshot\gun_c3gd_cF2UUwwEe48n_1-ny_gravel_pit-savage_223-CAROL-cF2UUwwEe48n-10_w0.wav,1.0,16000,1,0.9440608620643616,0.1103378304233575,8.556093215942383,0
gun_c3gd_cF2UUwwEe48n_1-ny_gravel_pit-savage_223-CAROL-cF2UUwwEe48n-11_w0,c3gd_cF2UUwwEe48n,gunshot,DANGEROUS_IMPULSE,data/processed\gunshot\gun_c3gd_cF2UUwwEe48n_1-ny_gravel_pit-savage_223-CAROL-cF2UUwwEe48n-11_w0.wav,1.0,16000,1,0.9440608620643616,0.1364055656796098,6.920984745025635,0
gun_c3gd_cF2UUwwEe48n_1-ny_gravel_pit-savage_223-CAROL-cF2UUwwEe48n-12_w0,c3gd_cF2UUwwEe48n,gunshot,DANGEROUS_IMPULSE,data/processed\gunshot\gun_c3gd_cF2UUwwEe48n_1-ny_gravel_pit-savage_223-CAROL-cF2UUwwEe48n-12_w0.wav,1.0,16000,1,0.9440608620643616,0.3013296577388916,3.132983446121216,0
gun_c3gd_cF2UUwwEe48n_1-ny_gravel_pit-savage_223-CAROL-cF2UUwwEe48n-13_w0,c3gd_cF2UUwwEe48n,gunshot,DANGEROUS_IMPULSE,data/processed\gunshot\gun_c3gd_cF2UUwwEe48n_1-ny_gravel_pit-savage_223-CAROL-cF2UUwwEe48n-13_w0.wav,1.0,16000,1,0.9440609216690063,0.1740224801838892,5.424936294555664,0
gun_c3gd_cF2UUwwEe48n_1-ny_gravel_pit-savage_223-CAROL-cF2UUwwEe48n-14_w0,c3gd_cF2UUwwEe48n,gunshot,DANGEROUS_IMPULSE,data/processed\gunshot\gun_c3gd_cF2UUwwEe48n_1-ny_gravel_pit-savage_223-CAROL-cF2UUwwEe48n-14_w0.wav,1.0,16000,1,0.9440608620643616,0.0987065436242368,9.564318656921388,0
gun_c3gd_cF2UUwwEe48n_1-ny_gravel_pit-savage_223-CAROL-cF2UUwwEe48n-15_w0,c3gd_cF2UUwwEe48n,gunshot,DANGEROUS_IMPULSE,data/processed\gunshot\gun_c3gd_cF2UUwwEe48n_1-ny_gravel_pit-savage_223-CAROL-cF2UUwwEe48n-15_w0.wav,1.0,16000,1,0.9440608620643616,0.1241681501207393,7.603083610534668,0
gun_c3gd_cF2UUwwEe48n_1-ny_gravel_pit-savage_223-CAROL-cF2UUwwEe48n-16_w0,c3gd_cF2UUwwEe48n,gunshot,DANGEROUS_IMPULSE,data/processed\gunshot\gun_c3gd_cF2UUwwEe48n_1-ny_gravel_pit-savage_223-CAROL-cF2UUwwEe48n-16_w0.wav,1.0,16000,1,0.9440608620643616,0.2030746966210043,4.648835182189941,0
gun_c3gd_cF2UUwwEe48n_1-ny_gravel_pit-savage_223-CAROL-cF2UUwwEe48n-17_w0,c3gd_cF2UUwwEe48n,gunshot,DANGEROUS_IMPULSE,data/processed\gunshot\gun_c3gd_cF2UUwwEe48n_1-ny_gravel_pit-savage_223-CAROL-cF2UUwwEe48n-17_w0.wav,1.0,16000,1,0.9440608620643616,0.1110159739127102,8.503828048706055,0
gun_c3gd_cF2UUwwEe48n_1-ny_gravel_pit-savage_223-CAROL-cF2UUwwEe48n-18_w0,c3gd_cF2UUwwEe48n,gunshot,DANGEROUS_IMPULSE,data/processed\gunshot\gun_c3gd_cF2UUwwEe48n_1-ny_gravel_pit-savage_223-CAROL-cF2UUwwEe48n-18_w0.wav,1.0,16000,1,0.9440608620643616,0.1444503325692227,6.535539150238037,0
gun_c3gd_cF2UUwwEe48n_1-ny_gravel_pit-savage_223-CAROL-cF2UUwwEe48n-19_w0,c3gd_cF2UUwwEe48n,gunshot,DANGEROUS_IMPULSE,data/processed\gunshot\gun_c3gd_cF2UUwwEe48n_1-ny_gravel_pit-savage_223-CAROL-cF2UUwwEe48n-19_w0.wav,1.0,16000,1,0.9440608620643616,0.3213031846858912,2.9382243156433105,0
gun_c3gd_cF2UUwwEe48n_1-ny_gravel_pit-savage_223-CAROL-cF2UUwwEe48n-2_w0,c3gd_cF2UUwwEe48n,gunshot,DANGEROUS_IMPULSE,data/processed\gunshot\gun_c3gd_cF2UUwwEe48n_1-ny_gravel_pit-savage_223-CAROL-cF2UUwwEe48n-2_w0.wav,1.0,16000,1,0.9440608620643616,0.1953837169507459,4.83182954788208,0
gun_c3gd_cF2UUwwEe48n_1-ny_gravel_pit-savage_223-CAROL-cF2UUwwEe48n-20_w0,c3gd_cF2UUwwEe48n,gunshot,DANGEROUS_IMPULSE,data/processed\gunshot\gun_c3gd_cF2UUwwEe48n_1-ny_gravel_pit-savage_223-CAROL-cF2UUwwEe48n-20_w0.wav,1.0,16000,1,0.9440608620643616,0.1475070792758243,6.400104999542236,0
gun_c3gd_cF2UUwwEe48n_1-ny_gravel_pit-savage_223-CAROL-cF2UUwwEe48n-21_w0,c3gd_cF2UUwwEe48n,gunshot,DANGEROUS_IMPULSE,data/processed\gunshot\gun_c3gd_cF2UUwwEe48n_1-ny_gravel_pit-savage_223-CAROL-cF2UUwwEe48n-21_w0.wav,1.0,16000,1,0.9440608024597168,0.3022231307419763,3.123721122741699,0
gun_c3gd_cF2UUwwEe48n_1-ny_gravel_pit-savage_223-CAROL-cF2UUwwEe48n-22_w0,c3gd_cF2UUwwEe48n,gunshot,DANGEROUS_IMPULSE,data/processed\gunshot\gun_c3gd_cF2UUwwEe48n_1-ny_gravel_pit-savage_223-CAROL-cF2UUwwEe48n-22_w0.wav,1.0,16000,1,0.9440608620643616,0.1911153626560087,4.939743041992188,0
gun_c3gd_cF2UUwwEe48n_1-ny_gravel_pit-savage_223-CAROL-cF2UUwwEe48n-23_w0,c3gd_cF2UUwwEe48n,gunshot,DANGEROUS_IMPULSE,data/processed\gunshot\gun_c3gd_cF2UUwwEe48n_1-ny_gravel_pit-savage_223-CAROL-cF2UUwwEe48n-23_w0.wav,1.0,16000,1,0.9440608620643616,0.1335423484986683,7.069374084472656,0
gun_c3gd_cF2UUwwEe48n_1-ny_gravel_pit-savage_223-CAROL-cF2UUwwEe48n-24_w0,c3gd_cF2UUwwEe48n,gunshot,DANGEROUS_IMPULSE,data/processed\gunshot\gun_c3gd_cF2UUwwEe48n_1-ny_gravel_pit-savage_223-CAROL-cF2UUwwEe48n-24_w0.wav,1.0,16000,1,0.9440608620643616,0.1080741197641654,8.735308647155762,0
gun_c3gd_cF2UUwwEe48n_1-ny_gravel_pit-savage_223-CAROL-cF2UUwwEe48n-25_w0,c3gd_cF2UUwwEe48n,gunshot,DANGEROUS_IMPULSE,data/processed\gunshot\gun_c3gd_cF2UUwwEe48n_1-ny_gravel_pit-savage_223-CAROL-cF2UUwwEe48n-25_w0.wav,1.0,16000,1,0.9440608620643616,0.2395799842199568,3.94048285484314,0
gun_c3gd_cF2UUwwEe48n_1-ny_gravel_pit-savage_223-CAROL-cF2UUwwEe48n-26_w0,c3gd_cF2UUwwEe48n,gunshot,DANGEROUS_IMPULSE,data/processed\gunshot\gun_c3gd_cF2UUwwEe48n_1-ny_gravel_pit-savage_223-CAROL-cF2UUwwEe48n-26_w0.wav,1.0,16000,1,0.9440608620643616,0.2044469839885825,4.617631435394287,0
gun_c3gd_cF2UUwwEe48n_1-ny_gravel_pit-savage_223-CAROL-cF2UUwwEe48n-27_w0,c3gd_cF2UUwwEe48n,gunshot,DANGEROUS_IMPULSE,data/processed\gunshot\gun_c3gd_cF2UUwwEe48n_1-ny_gravel_pit-savage_223-CAROL-cF2UUwwEe48n-27_w0.wav,1.0,16000,1,0.9440608620643616,0.1091770484004829,8.647062301635742,0
gun_c3gd_cF2UUwwEe48n_1-ny_gravel_pit-savage_223-CAROL-cF2UUwwEe48n-28_w0,c3gd_cF2UUwwEe48n,gunshot,DANGEROUS_IMPULSE,data/processed\gunshot\gun_c3gd_cF2UUwwEe48n_1-ny_gravel_pit-savage_223-CAROL-cF2UUwwEe48n-28_w0.wav,1.0,16000,1,0.9440608620643616,0.141411950328436,6.675961971282959,0
gun_c3gd_cF2UUwwEe48n_1-ny_gravel_pit-savage_223-CAROL-cF2UUwwEe48n-29_w0,c3gd_cF2UUwwEe48n,gunshot,DANGEROUS_IMPULSE,data/processed\gunshot\gun_c3gd_cF2UUwwEe48n_1-ny_gravel_pit-savage_223-CAROL-cF2UUwwEe48n-29_w0.wav,1.0,16000,1,0.9440608620643616,0.1128690925113126,8.364209175109863,0
gun_c3gd_cF2UUwwEe48n_1-ny_gravel_pit-savage_223-CAROL-cF2UUwwEe48n-3_w0,c3gd_cF2UUwwEe48n,gunshot,DANGEROUS_IMPULSE,data/processed\gunshot\gun_c3gd_cF2UUwwEe48n_1-ny_gravel_pit-savage_223-CAROL-cF2UUwwEe48n-3_w0.wav,1.0,16000,1,0.9440609216690063,0.1475900438523067,6.396507740020752,0
gun_c3gd_cF2UUwwEe48n_1-ny_gravel_pit-savage_223-CAROL-cF2UUwwEe48n-30_w0,c3gd_cF2UUwwEe48n,gunshot,DANGEROUS_IMPULSE,data/processed\gunshot\gun_c3gd_cF2UUwwEe48n_1-ny_gravel_pit-savage_223-CAROL-cF2UUwwEe48n-30_w0.wav,1.0,16000,1,0.9440608620643616,0.1588289339839599,5.943884372711182,0
gun_c3gd_cF2UUwwEe48n_1-ny_gravel_pit-savage_223-CAROL-cF2UUwwEe48n-31_w0,c3gd_cF2UUwwEe48n,gunshot,DANGEROUS_IMPULSE,data/processed\gunshot\gun_c3gd_cF2UUwwEe48n_1-ny_gravel_pit-savage_223-CAROL-cF2UUwwEe48n-31_w0.wav,1.0,16000,1,0.9440608620643616,0.2942585970717362,3.2082693576812744,0
gun_c3gd_cF2UUwwEe48n_1-ny_gravel_pit-savage_223-CAROL-cF2UUwwEe48n-32_w0,c3gd_cF2UUwwEe48n,gunshot,DANGEROUS_IMPULSE,data/processed\gunshot\gun_c3gd_cF2UUwwEe48n_1-ny_gravel_pit-savage_223-CAROL-cF2UUwwEe48n-32_w0.wav,1.0,16000,1,0.9440608620643616,0.3132792294406181,3.013480424880981,0
gun_c3gd_cF2UUwwEe48n_1-ny_gravel_pit-savage_223-CAROL-cF2UUwwEe48n-33_w0,c3gd_cF2UUwwEe48n,gunshot,DANGEROUS_IMPULSE,data/processed\gunshot\gun_c3gd_cF2UUwwEe48n_1-ny_gravel_pit-savage_223-CAROL-cF2UUwwEe48n-33_w0.wav,1.0,16000,1,0.9440608620643616,0.2216308220600467,4.259609699249268,0
gun_c3gd_cF2UUwwEe48n_1-ny_gravel_pit-savage_223-CAROL-cF2UUwwEe48n-34_w0,c3gd_cF2UUwwEe48n,gunshot,DANGEROUS_IMPULSE,data/processed\gunshot\gun_c3gd_cF2UUwwEe48n_1-ny_gravel_pit-savage_223-CAROL-cF2UUwwEe48n-34_w0.wav,1.0,16000,1,0.9440608620643616,0.2570301815347001,3.672957181930542,0
gun_c3gd_cF2UUwwEe48n_1-ny_gravel_pit-savage_223-CAROL-cF2UUwwEe48n-35_w0,c3gd_cF2UUwwEe48n,gunshot,DANGEROUS_IMPULSE,data/processed\gunshot\gun_c3gd_cF2UUwwEe48n_1-ny_gravel_pit-savage_223-CAROL-cF2UUwwEe48n-35_w0.wav,1.0,16000,1,0.9440608024597168,0.1385714274603154,6.812809467315674,0
gun_c3gd_cF2UUwwEe48n_1-ny_gravel_pit-savage_223-CAROL-cF2UUwwEe48n-36_w0,c3gd_cF2UUwwEe48n,gunshot,DANGEROUS_IMPULSE,data/processed\gunshot\gun_c3gd_cF2UUwwEe48n_1-ny_gravel_pit-savage_223-CAROL-cF2UUwwEe48n-36_w0.wav,1.0,16000,1,0.9440608620643616,0.3643532390214414,2.591059446334839,0
gun_c3gd_cF2UUwwEe48n_1-ny_gravel_pit-savage_223-CAROL-cF2UUwwEe48n-37_w0,c3gd_cF2UUwwEe48n,gunshot,DANGEROUS_IMPULSE,data/processed\gunshot\gun_c3gd_cF2UUwwEe48n_1-ny_gravel_pit-savage_223-CAROL-cF2UUwwEe48n-37_w0.wav,1.0,16000,1,0.9440608620643616,0.2650506176604749,3.5618133544921875,0
gun_c3gd_cF2UUwwEe48n_1-ny_gravel_pit-savage_223-CAROL-cF2UUwwEe48n-38_w0,c3gd_cF2UUwwEe48n,gunshot,DANGEROUS_IMPULSE,data/processed\gunshot\gun_c3gd_cF2UUwwEe48n_1-ny_gravel_pit-savage_223-CAROL-cF2UUwwEe48n-38_w0.wav,1.0,16000,1,0.9440608620643616,0.1410790966299179,6.691712379455566,0
gun_c3gd_cF2UUwwEe48n_1-ny_gravel_pit-savage_223-CAROL-cF2UUwwEe48n-39_w0,c3gd_cF2UUwwEe48n,gunshot,DANGEROUS_IMPULSE,data/processed\gunshot\gun_c3gd_cF2UUwwEe48n_1-ny_gravel_pit-savage_223-CAROL-cF2UUwwEe48n-39_w0.wav,1.0,16000,1,0.9440608620643616,0.2790988540251046,3.382532119750977,0
gun_c3gd_cF2UUwwEe48n_1-ny_gravel_pit-savage_223-CAROL-cF2UUwwEe48n-4_w0,c3gd_cF2UUwwEe48n,gunshot,DANGEROUS_IMPULSE,data/processed\gunshot\gun_c3gd_cF2UUwwEe48n_1-ny_gravel_pit-savage_223-CAROL-cF2UUwwEe48n-4_w0.wav,1.0,16000,1,0.9440608620643616,0.2442211094752656,3.865598678588867,0
gun_c3gd_cF2UUwwEe48n_1-ny_gravel_pit-savage_223-CAROL-cF2UUwwEe48n-5_w0,c3gd_cF2UUwwEe48n,gunshot,DANGEROUS_IMPULSE,data/processed\gunshot\gun_c3gd_cF2UUwwEe48n_1-ny_gravel_pit-savage_223-CAROL-cF2UUwwEe48n-5_w0.wav,1.0,16000,1,0.9440608620643616,0.103372353245722,9.132623672485352,0
gun_c3gd_cF2UUwwEe48n_1-ny_gravel_pit-savage_223-CAROL-cF2UUwwEe48n-6_w0,c3gd_cF2UUwwEe48n,gunshot,DANGEROUS_IMPULSE,data/processed\gunshot\gun_c3gd_cF2UUwwEe48n_1-ny_gravel_pit-savage_223-CAROL-cF2UUwwEe48n-6_w0.wav,1.0,16000,1,0.9440608620643616,0.3256544817905871,2.8989646434783936,0
gun_c3gd_cF2UUwwEe48n_1-ny_gravel_pit-savage_223-CAROL-cF2UUwwEe48n-7_w0,c3gd_cF2UUwwEe48n,gunshot,DANGEROUS_IMPULSE,data/processed\gunshot\gun_c3gd_cF2UUwwEe48n_1-ny_gravel_pit-savage_223-CAROL-cF2UUwwEe48n-7_w0.wav,1.0,16000,1,0.9440608024597168,0.342418987323788,2.7570340633392334,0
gun_c3gd_cF2UUwwEe48n_1-ny_gravel_pit-savage_223-CAROL-cF2UUwwEe48n-8_w0,c3gd_cF2UUwwEe48n,gunshot,DANGEROUS_IMPULSE,data/processed\gunshot\gun_c3gd_cF2UUwwEe48n_1-ny_gravel_pit-savage_223-CAROL-cF2UUwwEe48n-8_w0.wav,1.0,16000,1,0.9440609216690063,0.1626909978965363,5.8027849197387695,0
gun_c3gd_cF2UUwwEe48n_1-ny_gravel_pit-savage_223-CAROL-cF2UUwwEe48n-9_w0,c3gd_cF2UUwwEe48n,gunshot,DANGEROUS_IMPULSE,data/processed\gunshot\gun_c3gd_cF2UUwwEe48n_1-ny_gravel_pit-savage_223-CAROL-cF2UUwwEe48n-9_w0.wav,1.0,16000,1,0.9440609216690063,0.1097571899186785,8.601357460021973,0
gun_c3gd_cuNpYbchRi1a_1-ny_gravel_pit-savage_223-CAROL-cuNpYbchRi1a-0_w0,c3gd_cuNpYbchRi1a,gunshot,DANGEROUS_IMPULSE,data/processed\gunshot\gun_c3gd_cuNpYbchRi1a_1-ny_gravel_pit-savage_223-CAROL-cuNpYbchRi1a-0_w0.wav,1.0,16000,1,0.9440608620643616,0.1297903377052632,7.273736953735352,0
gun_c3gd_cuNpYbchRi1a_1-ny_gravel_pit-savage_223-CAROL-cuNpYbchRi1a-1_w0,c3gd_cuNpYbchRi1a,gunshot,DANGEROUS_IMPULSE,data/processed\gunshot\gun_c3gd_cuNpYbchRi1a_1-ny_gravel_pit-savage_223-CAROL-cuNpYbchRi1a-1_w0.wav,1.0,16000,1,0.9440608620643616,0.2194943366460613,4.301071643829346,0
gun_c3gd_cuNpYbchRi1a_1-ny_gravel_pit-savage_223-CAROL-cuNpYbchRi1a-2_w0,c3gd_cuNpYbchRi1a,gunshot,DANGEROUS_IMPULSE,data/processed\gunshot\gun_c3gd_cuNpYbchRi1a_1-ny_gravel_pit-savage_223-CAROL-cuNpYbchRi1a-2_w0.wav,1.0,16000,1,0.9440608620643616,0.3638847015146403,2.594395399093628,0
gun_c3gd_cuNpYbchRi1a_1-ny_gravel_pit-savage_223-CAROL-cuNpYbchRi1a-3_w0,c3gd_cuNpYbchRi1a,gunshot,DANGEROUS_IMPULSE,data/processed\gunshot\gun_c3gd_cuNpYbchRi1a_1-ny_gravel_pit-savage_223-CAROL-cuNpYbchRi1a-3_w0.wav,1.0,16000,1,0.9440608620643616,0.4019741101065128,2.348561286926269,0
gun_c3gd_cuNpYbchRi1a_1-ny_gravel_pit-savage_223-CAROL-cuNpYbchRi1a-4_w0,c3gd_cuNpYbchRi1a,gunshot,DANGEROUS_IMPULSE,data/processed\gunshot\gun_c3gd_cuNpYbchRi1a_1-ny_gravel_pit-savage_223-CAROL-cuNpYbchRi1a-4_w0.wav,1.0,16000,1,0.9440608620643616,0.3020855750077482,3.1251437664031982,0
gun_c3gd_xNv8GQSGjugX_1-ny_gravel_pit-savage_223-CAROL-xNv8GQSGjugX-0_w0,c3gd_xNv8GQSGjugX,gunshot,DANGEROUS_IMPULSE,data/processed\gunshot\gun_c3gd_xNv8GQSGjugX_1-ny_gravel_pit-savage_223-CAROL-xNv8GQSGjugX-0_w0.wav,1.0,16000,1,0.9440609216690063,0.1349725447768446,6.994465827941895,0
gun_c3gd_xNv8GQSGjugX_1-ny_gravel_pit-savage_223-CAROL-xNv8GQSGjugX-1_w0,c3gd_xNv8GQSGjugX,gunshot,DANGEROUS_IMPULSE,data/processed\gunshot\gun_c3gd_xNv8GQSGjugX_1-ny_gravel_pit-savage_223-CAROL-xNv8GQSGjugX-1_w0.wav,1.0,16000,1,0.9440608620643616,0.2035995131121202,4.636851787567139,0
gun_c3gd_xNv8GQSGjugX_1-ny_gravel_pit-savage_223-CAROL-xNv8GQSGjugX-2_w0,c3gd_xNv8GQSGjugX,gunshot,DANGEROUS_IMPULSE,data/processed\gunshot\gun_c3gd_xNv8GQSGjugX_1-ny_gravel_pit-savage_223-CAROL-xNv8GQSGjugX-2_w0.wav,1.0,16000,1,0.9440608620643616,0.3595143338318307,2.6259336471557617,0
gun_c3gd_xNv8GQSGjugX_1-ny_gravel_pit-savage_223-CAROL-xNv8GQSGjugX-3_w0,c3gd_xNv8GQSGjugX,gunshot,DANGEROUS_IMPULSE,data/processed\gunshot\gun_c3gd_xNv8GQSGjugX_1-ny_gravel_pit-savage_223-CAROL-xNv8GQSGjugX-3_w0.wav,1.0,16000,1,0.9440608620643616,0.2736305100577594,3.450129747390747,0
gun_c3gd_xNv8GQSGjugX_1-ny_gravel_pit-savage_223-CAROL-xNv8GQSGjugX-4_w0,c3gd_xNv8GQSGjugX,gunshot,DANGEROUS_IMPULSE,data/processed\gunshot\gun_c3gd_xNv8GQSGjugX_1-ny_gravel_pit-savage_223-CAROL-xNv8GQSGjugX-4_w0.wav,1.0,16000,1,0.9440608024597168,0.2318705021224037,4.071499824523926,0
gun_c3gd_cyc89NHUIDHi_1-ny_gravel_pit-savage_223-DAVE-cyc89NHUIDHi-0_w0,c3gd_cyc89NHUIDHi,gunshot,DANGEROUS_IMPULSE,data/processed\gunshot\gun_c3gd_cyc89NHUIDHi_1-ny_gravel_pit-savage_223-DAVE-cyc89NHUIDHi-0_w0.wav,1.0,16000,1,0.9440608620643616,0.0337658988103263,27.9589958190918,0
gun_c3gd_cyc89NHUIDHi_1-ny_gravel_pit-savage_223-DAVE-cyc89NHUIDHi-1_w0,c3gd_cyc89NHUIDHi,gunshot,DANGEROUS_IMPULSE,data/processed\gunshot\gun_c3gd_cyc89NHUIDHi_1-ny_gravel_pit-savage_223-DAVE-cyc89NHUIDHi-1_w0.wav,1.0,16000,1,0.9440608620643616,0.0349937315126676,26.977991104125977,0
gun_c3gd_cyc89NHUIDHi_1-ny_gravel_pit-savage_223-DAVE-cyc89NHUIDHi-10_w0,c3gd_cyc89NHUIDHi,gunshot,DANGEROUS_IMPULSE,data/processed\gunshot\gun_c3gd_cyc89NHUIDHi_1-ny_gravel_pit-savage_223-DAVE-cyc89NHUIDHi-10_w0.wav,1.0,16000,1,0.9440608620643616,0.031595880828153,29.879230499267575,0
gun_c3gd_cyc89NHUIDHi_1-ny_gravel_pit-savage_223-DAVE-cyc89NHUIDHi-11_w0,c3gd_cyc89NHUIDHi,gunshot,DANGEROUS_IMPULSE,data/processed\gunshot\gun_c3gd_cyc89NHUIDHi_1-ny_gravel_pit-savage_223-DAVE-cyc89NHUIDHi-11_w0.wav,1.0,16000,1,0.9440608620643616,0.0296207496732372,31.87159538269043,0
gun_c3gd_cyc89NHUIDHi_1-ny_gravel_pit-savage_223-DAVE-cyc89NHUIDHi-12_w0,c3gd_cyc89NHUIDHi,gunshot,DANGEROUS_IMPULSE,data/processed\gunshot\gun_c3gd_cyc89NHUIDHi_1-ny_gravel_pit-savage_223-DAVE-cyc89NHUIDHi-12_w0.wav,1.0,16000,1,0.9440608620643616,0.0349432233068226,27.016984939575195,0
gun_c3gd_cyc89NHUIDHi_1-ny_gravel_pit-savage_223-DAVE-cyc89NHUIDHi-13_w0,c3gd_cyc89NHUIDHi,gunshot,DANGEROUS_IMPULSE,data/processed\gunshot\gun_c3gd_cyc89NHUIDHi_1-ny_gravel_pit-savage_223-DAVE-cyc89NHUIDHi-13_w0.wav,1.0,16000,1,0.9440608620643616,0.0376377835961962,25.08279037475586,0
gun_c3gd_cyc89NHUIDHi_1-ny_gravel_pit-savage_223-DAVE-cyc89NHUIDHi-14_w0,c3gd_cyc89NHUIDHi,gunshot,DANGEROUS_IMPULSE,data/processed\gunshot\gun_c3gd_cyc89NHUIDHi_1-ny_gravel_pit-savage_223-DAVE-cyc89NHUIDHi-14_w0.wav,1.0,16000,1,0.9440608620643616,0.025145612858975,37.54374694824219,0
gun_c3gd_cyc89NHUIDHi_1-ny_gravel_pit-savage_223-DAVE-cyc89NHUIDHi-15_w0,c3gd_cyc89NHUIDHi,gunshot,DANGEROUS_IMPULSE,data/processed\gunshot\gun_c3gd_cyc89NHUIDHi_1-ny_gravel_pit-savage_223-DAVE-cyc89NHUIDHi-15_w0.wav,1.0,16000,1,0.9440609216690063,0.026924895364684,35.062740325927734,0
gun_c3gd_cyc89NHUIDHi_1-ny_gravel_pit-savage_223-DAVE-cyc89NHUIDHi-16_w0,c3gd_cyc89NHUIDHi,gunshot,DANGEROUS_IMPULSE,data/processed\gunshot\gun_c3gd_cyc89NHUIDHi_1-ny_gravel_pit-savage_223-DAVE-cyc89NHUIDHi-16_w0.wav,1.0,16000,1,0.9440608620643616,0.0287576513938127,32.82815170288086,0
gun_c3gd_cyc89NHUIDHi_1-ny_gravel_pit-savage_223-DAVE-cyc89NHUIDHi-17_w0,c3gd_cyc89NHUIDHi,gunshot,DANGEROUS_IMPULSE,data/processed\gunshot\gun_c3gd_cyc89NHUIDHi_1-ny_gravel_pit-savage_223-DAVE-cyc89NHUIDHi-17_w0.wav,1.0,16000,1,0.9440608620643616,0.0377765277221793,24.99066734313965,0
gun_c3gd_cyc89NHUIDHi_1-ny_gravel_pit-savage_223-DAVE-cyc89NHUIDHi-18_w0,c3gd_cyc89NHUIDHi,gunshot,DANGEROUS_IMPULSE,data/processed\gunshot\gun_c3gd_cyc89NHUIDHi_1-ny_gravel_pit-savage_223-DAVE-cyc89NHUIDHi-18_w0.wav,1.0,16000,1,0.9440608620643616,0.0294389211732131,32.06844711303711,0
gun_c3gd_cyc89NHUIDHi_1-ny_gravel_pit-savage_223-DAVE-cyc89NHUIDHi-19_w0,c3gd_cyc89NHUIDHi,gunshot,DANGEROUS_IMPULSE,data/processed\gunshot\gun_c3gd_cyc89NHUIDHi_1-ny_gravel_pit-savage_223-DAVE-cyc89NHUIDHi-19_w0.wav,1.0,16000,1,0.9440608620643616,0.029844205981411,31.632959365844727,0
gun_c3gd_cyc89NHUIDHi_1-ny_gravel_pit-savage_223-DAVE-cyc89NHUIDHi-2_w0,c3gd_cyc89NHUIDHi,gunshot,DANGEROUS_IMPULSE,data/processed\gunshot\gun_c3gd_cyc89NHUIDHi_1-ny_gravel_pit-savage_223-DAVE-cyc89NHUIDHi-2_w0.wav,1.0,16000,1,0.9440608620643616,0.03006374604515,31.401960372924805,0
gun_c3gd_cyc89NHUIDHi_1-ny_gravel_pit-savage_223-DAVE-cyc89NHUIDHi-20_w0,c3gd_cyc89NHUIDHi,gunshot,DANGEROUS_IMPULSE,data/processed\gunshot\gun_c3gd_cyc89NHUIDHi_1-ny_gravel_pit-savage_223-DAVE-cyc89NHUIDHi-20_w0.wav,1.0,16000,1,0.9440608620643616,0.0350316791107233,26.948768615722656,0
gun_c3gd_cyc89NHUIDHi_1-ny_gravel_pit-savage_223-DAVE-cyc89NHUIDHi-21_w0,c3gd_cyc89NHUIDHi,gunshot,DANGEROUS_IMPULSE,data/processed\gunshot\gun_c3gd_cyc89NHUIDHi_1-ny_gravel_pit-savage_223-DAVE-cyc89NHUIDHi-21_w0.wav,1.0,16000,1,0.9440608620643616,0.0283874761466074,33.25623321533203,0
gun_c3gd_cyc89NHUIDHi_1-ny_gravel_pit-savage_223-DAVE-cyc89NHUIDHi-22_w0,c3gd_cyc89NHUIDHi,gunshot,DANGEROUS_IMPULSE,data/processed\gunshot\gun_c3gd_cyc89NHUIDHi_1-ny_gravel_pit-savage_223-DAVE-cyc89NHUIDHi-22_w0.wav,1.0,16000,1,0.9440608620643616,0.0326382377078136,28.92498588562012,0
gun_c3gd_cyc89NHUIDHi_1-ny_gravel_pit-savage_223-DAVE-cyc89NHUIDHi-23_w0,c3gd_cyc89NHUIDHi,gunshot,DANGEROUS_IMPULSE,data/processed\gunshot\gun_c3gd_cyc89NHUIDHi_1-ny_gravel_pit-savage_223-DAVE-cyc89NHUIDHi-23_w0.wav,1.0,16000,1,0.9440608620643616,0.033052808942408,28.56218719482422,0
gun_c3gd_cyc89NHUIDHi_1-ny_gravel_pit-savage_223-DAVE-cyc89NHUIDHi-24_w0,c3gd_cyc89NHUIDHi,gunshot,DANGEROUS_IMPULSE,data/processed\gunshot\gun_c3gd_cyc89NHUIDHi_1-ny_gravel_pit-savage_223-DAVE-cyc89NHUIDHi-24_w0.wav,1.0,16000,1,0.9440608620643616,0.0361345007218507,26.126293182373047,0
gun_c3gd_cyc89NHUIDHi_1-ny_gravel_pit-savage_223-DAVE-cyc89NHUIDHi-25_w0,c3gd_cyc89NHUIDHi,gunshot,DANGEROUS_IMPULSE,data/processed\gunshot\gun_c3gd_cyc89NHUIDHi_1-ny_gravel_pit-savage_223-DAVE-cyc89NHUIDHi-25_w0.wav,1.0,16000,1,0.9440608620643616,0.032215821036609,29.30425453186035,0
gun_c3gd_cyc89NHUIDHi_1-ny_gravel_pit-savage_223-DAVE-cyc89NHUIDHi-26_w0,c3gd_cyc89NHUIDHi,gunshot,DANGEROUS_IMPULSE,data/processed\gunshot\gun_c3gd_cyc89NHUIDHi_1-ny_gravel_pit-savage_223-DAVE-cyc89NHUIDHi-26_w0.wav,1.0,16000,1,0.9440608024597168,0.0346381418436569,27.254941940307617,0
gun_c3gd_cyc89NHUIDHi_1-ny_gravel_pit-savage_223-DAVE-cyc89NHUIDHi-27_w0,c3gd_cyc89NHUIDHi,gunshot,DANGEROUS_IMPULSE,data/processed\gunshot\gun_c3gd_cyc89NHUIDHi_1-ny_gravel_pit-savage_223-DAVE-cyc89NHUIDHi-27_w0.wav,1.0,16000,1,0.9440608620643616,0.036011883345804,26.215251922607425,0
gun_c3gd_cyc89NHUIDHi_1-ny_gravel_pit-savage_223-DAVE-cyc89NHUIDHi-28_w0,c3gd_cyc89NHUIDHi,gunshot,DANGEROUS_IMPULSE,data/processed\gunshot\gun_c3gd_cyc89NHUIDHi_1-ny_gravel_pit-savage_223-DAVE-cyc89NHUIDHi-28_w0.wav,1.0,16000,1,0.9440609216690063,0.0334715128810296,28.204896926879883,0
gun_c3gd_cyc89NHUIDHi_1-ny_gravel_pit-savage_223-DAVE-cyc89NHUIDHi-29_w0,c3gd_cyc89NHUIDHi,gunshot,DANGEROUS_IMPULSE,data/processed\gunshot\gun_c3gd_cyc89NHUIDHi_1-ny_gravel_pit-savage_223-DAVE-cyc89NHUIDHi-29_w0.wav,1.0,16000,1,0.9440608620643616,0.0313656110088288,30.09858512878418,0
gun_c3gd_cyc89NHUIDHi_1-ny_gravel_pit-savage_223-DAVE-cyc89NHUIDHi-3_w0,c3gd_cyc89NHUIDHi,gunshot,DANGEROUS_IMPULSE,data/processed\gunshot\gun_c3gd_cyc89NHUIDHi_1-ny_gravel_pit-savage_223-DAVE-cyc89NHUIDHi-3_w0.wav,1.0,16000,1,0.9440608620643616,0.0368474671199138,25.620773315429688,0
gun_c3gd_cyc89NHUIDHi_1-ny_gravel_pit-savage_223-DAVE-cyc89NHUIDHi-30_w0,c3gd_cyc89NHUIDHi,gunshot,DANGEROUS_IMPULSE,data/processed\gunshot\gun_c3gd_cyc89NHUIDHi_1-ny_gravel_pit-savage_223-DAVE-cyc89NHUIDHi-30_w0.wav,1.0,16000,1,0.9440608620643616,0.0387109313603,24.38744354248047,0
gun_c3gd_cyc89NHUIDHi_1-ny_gravel_pit-savage_223-DAVE-cyc89NHUIDHi-31_w0,c3gd_cyc89NHUIDHi,gunshot,DANGEROUS_IMPULSE,data/processed\gunshot\gun_c3gd_cyc89NHUIDHi_1-ny_gravel_pit-savage_223-DAVE-cyc89NHUIDHi-31_w0.wav,1.0,16000,1,0.9440608620643616,0.037008674352945,25.50917053222656,0
gun_c3gd_cyc89NHUIDHi_1-ny_gravel_pit-savage_223-DAVE-cyc89NHUIDHi-32_w0,c3gd_cyc89NHUIDHi,gunshot,DANGEROUS_IMPULSE,data/processed\gunshot\gun_c3gd_cyc89NHUIDHi_1-ny_gravel_pit-savage_223-DAVE-cyc89NHUIDHi-32_w0.wav,1.0,16000,1,0.9440608024597168,0.0318369797963087,29.6529541015625,0
gun_c3gd_cyc89NHUIDHi_1-ny_gravel_pit-savage_223-DAVE-cyc89NHUIDHi-33_w0,c3gd_cyc89NHUIDHi,gunshot,DANGEROUS_IMPULSE,data/processed\gunshot\gun_c3gd_cyc89NHUIDHi_1-ny_gravel_pit-savage_223-DAVE-cyc89NHUIDHi-33_w0.wav,1.0,16000,1,0.9440608620643616,0.0302299727779235,31.22929000854492,0
gun_c3gd_cyc89NHUIDHi_1-ny_gravel_pit-savage_223-DAVE-cyc89NHUIDHi-34_w0,c3gd_cyc89NHUIDHi,gunshot,DANGEROUS_IMPULSE,data/processed\gunshot\gun_c3gd_cyc89NHUIDHi_1-ny_gravel_pit-savage_223-DAVE-cyc89NHUIDHi-34_w0.wav,1.0,16000,1,0.9440608620643616,0.0347335859336493,27.1800479888916,0
gun_c3gd_cyc89NHUIDHi_1-ny_gravel_pit-savage_223-DAVE-cyc89NHUIDHi-35_w0,c3gd_cyc89NHUIDHi,gunshot,DANGEROUS_IMPULSE,data/processed\gunshot\gun_c3gd_cyc89NHUIDHi_1-ny_gravel_pit-savage_223-DAVE-cyc89NHUIDHi-35_w0.wav,1.0,16000,1,0.9440608024597168,0.0365768865154046,25.810302734375,0
gun_c3gd_cyc89NHUIDHi_1-ny_gravel_pit-savage_223-DAVE-cyc89NHUIDHi-36_w0,c3gd_cyc89NHUIDHi,gunshot,DANGEROUS_IMPULSE,data/processed\gunshot\gun_c3gd_cyc89NHUIDHi_1-ny_gravel_pit-savage_223-DAVE-cyc89NHUIDHi-36_w0.wav,1.0,16000,1,0.9440608620643616,0.0301070727734242,31.356769561767575,0
gun_c3gd_cyc89NHUIDHi_1-ny_gravel_pit-savage_223-DAVE-cyc89NHUIDHi-37_w0,c3gd_cyc89NHUIDHi,gunshot,DANGEROUS_IMPULSE,data/processed\gunshot\gun_c3gd_cyc89NHUIDHi_1-ny_gravel_pit-savage_223-DAVE-cyc89NHUIDHi-37_w0.wav,1.0,16000,1,0.9440608620643616,0.0331579876279459,28.471590042114254,0
gun_c3gd_cyc89NHUIDHi_1-ny_gravel_pit-savage_223-DAVE-cyc89NHUIDHi-38_w0,c3gd_cyc89NHUIDHi,gunshot,DANGEROUS_IMPULSE,data/processed\gunshot\gun_c3gd_cyc89NHUIDHi_1-ny_gravel_pit-savage_223-DAVE-cyc89NHUIDHi-38_w0.wav,1.0,16000,1,0.9440608620643616,0.0343951213803373,27.447513580322266,0
gun_c3gd_cyc89NHUIDHi_1-ny_gravel_pit-savage_223-DAVE-cyc89NHUIDHi-39_w0,c3gd_cyc89NHUIDHi,gunshot,DANGEROUS_IMPULSE,data/processed\gunshot\gun_c3gd_cyc89NHUIDHi_1-ny_gravel_pit-savage_223-DAVE-cyc89NHUIDHi-39_w0.wav,1.0,16000,1,0.9440608620643616,0.0315073950178484,29.9631404876709,0
gun_c3gd_cyc89NHUIDHi_1-ny_gravel_pit-savage_223-DAVE-cyc89NHUIDHi-4_w0,c3gd_cyc89NHUIDHi,gunshot,DANGEROUS_IMPULSE,data/processed\gunshot\gun_c3gd_cyc89NHUIDHi_1-ny_gravel_pit-savage_223-DAVE-cyc89NHUIDHi-4_w0.wav,1.0,16000,1,0.9440608620643616,0.0327940079119393,28.78759384155273,0
gun_c3gd_cyc89NHUIDHi_1-ny_gravel_pit-savage_223-DAVE-cyc89NHUIDHi-5_w0,c3gd_cyc89NHUIDHi,gunshot,DANGEROUS_IMPULSE,data/processed\gunshot\gun_c3gd_cyc89NHUIDHi_1-ny_gravel_pit-savage_223-DAVE-cyc89NHUIDHi-5_w0.wav,1.0,16000,1,0.9440608620643616,0.0305760900328206,30.875776290893555,0
gun_c3gd_cyc89NHUIDHi_1-ny_gravel_pit-savage_223-DAVE-cyc89NHUIDHi-6_w0,c3gd_cyc89NHUIDHi,gunshot,DANGEROUS_IMPULSE,data/processed\gunshot\gun_c3gd_cyc89NHUIDHi_1-ny_gravel_pit-savage_223-DAVE-cyc89NHUIDHi-6_w0.wav,1.0,16000,1,0.9440608620643616,0.0309801154381053,30.473114013671875,0
gun_c3gd_cyc89NHUIDHi_1-ny_gravel_pit-savage_223-DAVE-cyc89NHUIDHi-7_w0,c3gd_cyc89NHUIDHi,gunshot,DANGEROUS_IMPULSE,data/processed\gunshot\gun_c3gd_cyc89NHUIDHi_1-ny_gravel_pit-savage_223-DAVE-cyc89NHUIDHi-7_w0.wav,1.0,16000,1,0.9440608620643616,0.03272448938428,28.8487491607666,0
gun_c3gd_cyc89NHUIDHi_1-ny_gravel_pit-savage_223-DAVE-cyc89NHUIDHi-8_w0,c3gd_cyc89NHUIDHi,gunshot,DANGEROUS_IMPULSE,data/processed\gunshot\gun_c3gd_cyc89NHUIDHi_1-ny_gravel_pit-savage_223-DAVE-cyc89NHUIDHi-8_w0.wav,1.0,16000,1,0.9440608620643616,0.0405490397783161,23.281946182250977,0
gun_c3gd_cyc89NHUIDHi_1-ny_gravel_pit-savage_223-DAVE-cyc89NHUIDHi-9_w0,c3gd_cyc89NHUIDHi,gunshot,DANGEROUS_IMPULSE,data/processed\gunshot\gun_c3gd_cyc89NHUIDHi_1-ny_gravel_pit-savage_223-DAVE-cyc89NHUIDHi-9_w0.wav,1.0,16000,1,0.9440608620643616,0.033263454954739,28.38131523132324,0
gun_c3gd_OUB56IiC0k6a_1-ny_gravel_pit-savage_223-ERIN-OUB56IiC0k6a-0_w0,c3gd_OUB56IiC0k6a,gunshot,DANGEROUS_IMPULSE,data/processed\gunshot\gun_c3gd_OUB56IiC0k6a_1-ny_gravel_pit-savage_223-ERIN-OUB56IiC0k6a-0_w0.wav,1.0,16000,1,0.9440608620643616,0.0511456650848852,18.45827293395996,0
gun_c3gd_OUB56IiC0k6a_1-ny_gravel_pit-savage_223-ERIN-OUB56IiC0k6a-1_w0,c3gd_OUB56IiC0k6a,gunshot,DANGEROUS_IMPULSE,data/processed\gunshot\gun_c3gd_OUB56IiC0k6a_1-ny_gravel_pit-savage_223-ERIN-OUB56IiC0k6a-1_w0.wav,1.0,16000,1,0.9440608620643616,0.0638564589294084,14.784107208251951,0
gun_c3gd_OUB56IiC0k6a_1-ny_gravel_pit-savage_223-ERIN-OUB56IiC0k6a-2_w0,c3gd_OUB56IiC0k6a,gunshot,DANGEROUS_IMPULSE,data/processed\gunshot\gun_c3gd_OUB56IiC0k6a_1-ny_gravel_pit-savage_223-ERIN-OUB56IiC0k6a-2_w0.wav,1.0,16000,1,0.9440608620643616,0.0732727876954286,12.884193420410156,0
gun_c3gd_OUB56IiC0k6a_1-ny_gravel_pit-savage_223-ERIN-OUB56IiC0k6a-3_w0,c3gd_OUB56IiC0k6a,gunshot,DANGEROUS_IMPULSE,data/processed\gunshot\gun_c3gd_OUB56IiC0k6a_1-ny_gravel_pit-savage_223-ERIN-OUB56IiC0k6a-3_w0.wav,1.0,16000,1,0.9440608620643616,0.0583479992792011,16.17983055114746,0
gun_c3gd_OUB56IiC0k6a_1-ny_gravel_pit-savage_223-ERIN-OUB56IiC0k6a-4_w0,c3gd_OUB56IiC0k6a,gunshot,DANGEROUS_IMPULSE,data/processed\gunshot\gun_c3gd_OUB56IiC0k6a_1-ny_gravel_pit-savage_223-ERIN-OUB56IiC0k6a-4_w0.wav,1.0,16000,1,0.9440608620643616,0.071785131667752,13.151201248168944,0
gun_c3gd_bqarLMmM7cLJ_1-ny_gravel_pit-savage_223-JON-bqarLMmM7cLJ-0_w0,c3gd_bqarLMmM7cLJ,gunshot,DANGEROUS_IMPULSE,data/processed\gunshot\gun_c3gd_bqarLMmM7cLJ_1-ny_gravel_pit-savage_223-JON-bqarLMmM7cLJ-0_w0.wav,1.0,16000,1,0.9440608620643616,0.0642883042918817,14.68479824066162,0
gun_c3gd_bqarLMmM7cLJ_1-ny_gravel_pit-savage_223-JON-bqarLMmM7cLJ-1_w0,c3gd_bqarLMmM7cLJ,gunshot,DANGEROUS_IMPULSE,data/processed\gunshot\gun_c3gd_bqarLMmM7cLJ_1-ny_gravel_pit-savage_223-JON-bqarLMmM7cLJ-1_w0.wav,1.0,16000,1,0.9440608620643616,0.0603937550926581,15.631760597229004,0
gun_c3gd_bqarLMmM7cLJ_1-ny_gravel_pit-savage_223-JON-bqarLMmM7cLJ-10_w0,c3gd_bqarLMmM7cLJ,gunshot,DANGEROUS_IMPULSE,data/processed\gunshot\gun_c3gd_bqarLMmM7cLJ_1-ny_gravel_pit-savage_223-JON-bqarLMmM7cLJ-10_w0.wav,1.0,16000,1,0.9292563199996948,0.068602385460718,13.545536994934082,0
gun_c3gd_bqarLMmM7cLJ_1-ny_gravel_pit-savage_223-JON-bqarLMmM7cLJ-11_w0,c3gd_bqarLMmM7cLJ,gunshot,DANGEROUS_IMPULSE,data/processed\gunshot\gun_c3gd_bqarLMmM7cLJ_1-ny_gravel_pit-savage_223-JON-bqarLMmM7cLJ-11_w0.wav,1.0,16000,1,0.8569251894950867,0.067399841727524,12.714051246643066,0
gun_c3gd_bqarLMmM7cLJ_1-ny_gravel_pit-savage_223-JON-bqarLMmM7cLJ-12_w0,c3gd_bqarLMmM7cLJ,gunshot,DANGEROUS_IMPULSE,data/processed\gunshot\gun_c3gd_bqarLMmM7cLJ_1-ny_gravel_pit-savage_223-JON-bqarLMmM7cLJ-12_w0.wav,1.0,16000,1,0.934650182723999,0.0615427690743052,15.187000274658203,0
gun_c3gd_bqarLMmM7cLJ_1-ny_gravel_pit-savage_223-JON-bqarLMmM7cLJ-13_w0,c3gd_bqarLMmM7cLJ,gunshot,DANGEROUS_IMPULSE,data/processed\gunshot\gun_c3gd_bqarLMmM7cLJ_1-ny_gravel_pit-savage_223-JON-bqarLMmM7cLJ-13_w0.wav,1.0,16000,1,0.9440608620643616,0.0588460714738968,16.042882919311523,0
gun_c3gd_bqarLMmM7cLJ_1-ny_gravel_pit-savage_223-JON-bqarLMmM7cLJ-14_w0,c3gd_bqarLMmM7cLJ,gunshot,DANGEROUS_IMPULSE,data/processed\gunshot\gun_c3gd_bqarLMmM7cLJ_1-ny_gravel_pit-savage_223-JON-bqarLMmM7cLJ-14_w0.wav,1.0,16000,1,0.9440608620643616,0.0504265372624255,18.72150611877441,0
gun_c3gd_bqarLMmM7cLJ_1-ny_gravel_pit-savage_223-JON-bqarLMmM7cLJ-15_w0,c3gd_bqarLMmM7cLJ,gunshot,DANGEROUS_IMPULSE,data/processed\gunshot\gun_c3gd_bqarLMmM7cLJ_1-ny_gravel_pit-savage_223-JON-bqarLMmM7cLJ-15_w0.wav,1.0,16000,1,0.8791360259056091,0.0626363347633232,14.035557746887209,0
gun_c3gd_bqarLMmM7cLJ_1-ny_gravel_pit-savage_223-JON-bqarLMmM7cLJ-16_w0,c3gd_bqarLMmM7cLJ,gunshot,DANGEROUS_IMPULSE,data/processed\gunshot\gun_c3gd_bqarLMmM7cLJ_1-ny_gravel_pit-savage_223-JON-bqarLMmM7cLJ-16_w0.wav,1.0,16000,1,0.9440608620643616,0.0628162481781497,15.028925895690918,0
gun_c3gd_bqarLMmM7cLJ_1-ny_gravel_pit-savage_223-JON-bqarLMmM7cLJ-17_w0,c3gd_bqarLMmM7cLJ,gunshot,DANGEROUS_IMPULSE,data/processed\gunshot\gun_c3gd_bqarLMmM7cLJ_1-ny_gravel_pit-savage_223-JON-bqarLMmM7cLJ-17_w0.wav,1.0,16000,1,0.8944693803787231,0.0733545585733085,12.193778038024902,0
gun_c3gd_bqarLMmM7cLJ_1-ny_gravel_pit-savage_223-JON-bqarLMmM7cLJ-18_w0,c3gd_bqarLMmM7cLJ,gunshot,DANGEROUS_IMPULSE,data/processed\gunshot\gun_c3gd_bqarLMmM7cLJ_1-ny_gravel_pit-savage_223-JON-bqarLMmM7cLJ-18_w0.wav,1.0,16000,1,0.8352556824684143,0.0685160748239712,12.190650939941406,0
gun_c3gd_bqarLMmM7cLJ_1-ny_gravel_pit-savage_223-JON-bqarLMmM7cLJ-19_w0,c3gd_bqarLMmM7cLJ,gunshot,DANGEROUS_IMPULSE,data/processed\gunshot\gun_c3gd_bqarLMmM7cLJ_1-ny_gravel_pit-savage_223-JON-bqarLMmM7cLJ-19_w0.wav,1.0,16000,1,0.8609451055526733,0.0650517272360446,13.23477554321289,0
gun_c3gd_bqarLMmM7cLJ_1-ny_gravel_pit-savage_223-JON-bqarLMmM7cLJ-2_w0,c3gd_bqarLMmM7cLJ,gunshot,DANGEROUS_IMPULSE,data/processed\gunshot\gun_c3gd_bqarLMmM7cLJ_1-ny_gravel_pit-savage_223-JON-bqarLMmM7cLJ-2_w0.wav,1.0,16000,1,0.9137240648269652,0.0740668411129452,12.336478233337402,0
gun_c3gd_bqarLMmM7cLJ_1-ny_gravel_pit-savage_223-JON-bqarLMmM7cLJ-20_w0,c3gd_bqarLMmM7cLJ,gunshot,DANGEROUS_IMPULSE,data/processed\gunshot\gun_c3gd_bqarLMmM7cLJ_1-ny_gravel_pit-savage_223-JON-bqarLMmM7cLJ-20_w0.wav,1.0,16000,1,0.9440608620643616,0.0473985663458307,19.91749382019043,0
gun_c3gd_bqarLMmM7cLJ_1-ny_gravel_pit-savage_223-JON-bqarLMmM7cLJ-21_w0,c3gd_bqarLMmM7cLJ,gunshot,DANGEROUS_IMPULSE,data/processed\gunshot\gun_c3gd_bqarLMmM7cLJ_1-ny_gravel_pit-savage_223-JON-bqarLMmM7cLJ-21_w0.wav,1.0,16000,1,0.8488633632659912,0.0621530188311103,13.657634735107422,0
gun_c3gd_bqarLMmM7cLJ_1-ny_gravel_pit-savage_223-JON-bqarLMmM7cLJ-22_w0,c3gd_bqarLMmM7cLJ,gunshot,DANGEROUS_IMPULSE,data/processed\gunshot\gun_c3gd_bqarLMmM7cLJ_1-ny_gravel_pit-savage_223-JON-bqarLMmM7cLJ-22_w0.wav,1.0,16000,1,0.9440608620643616,0.067251578674302,14.037748336791992,0
gun_c3gd_bqarLMmM7cLJ_1-ny_gravel_pit-savage_223-JON-bqarLMmM7cLJ-23_w0,c3gd_bqarLMmM7cLJ,gunshot,DANGEROUS_IMPULSE,data/processed\gunshot\gun_c3gd_bqarLMmM7cLJ_1-ny_gravel_pit-savage_223-JON-bqarLMmM7cLJ-23_w0.wav,1.0,16000,1,0.8346876502037048,0.0474393788772599,17.594823837280273,0
gun_c3gd_bqarLMmM7cLJ_1-ny_gravel_pit-savage_223-JON-bqarLMmM7cLJ-24_w0,c3gd_bqarLMmM7cLJ,gunshot,DANGEROUS_IMPULSE,data/processed\gunshot\gun_c3gd_bqarLMmM7cLJ_1-ny_gravel_pit-savage_223-JON-bqarLMmM7cLJ-24_w0.wav,1.0,16000,1,0.9440608620643616,0.0465488311526847,20.281082153320312,0
gun_c3gd_bqarLMmM7cLJ_1-ny_gravel_pit-savage_223-JON-bqarLMmM7cLJ-25_w0,c3gd_bqarLMmM7cLJ,gunshot,DANGEROUS_IMPULSE,data/processed\gunshot\gun_c3gd_bqarLMmM7cLJ_1-ny_gravel_pit-savage_223-JON-bqarLMmM7cLJ-25_w0.wav,1.0,16000,1,0.8376393914222717,0.0474055607847142,17.669639587402344,0
gun_c3gd_bqarLMmM7cLJ_1-ny_gravel_pit-savage_223-JON-bqarLMmM7cLJ-26_w0,c3gd_bqarLMmM7cLJ,gunshot,DANGEROUS_IMPULSE,data/processed\gunshot\gun_c3gd_bqarLMmM7cLJ_1-ny_gravel_pit-savage_223-JON-bqarLMmM7cLJ-26_w0.wav,1.0,16000,1,0.8547689318656921,0.0649880299240877,13.152711868286133,0
gun_c3gd_bqarLMmM7cLJ_1-ny_gravel_pit-savage_223-JON-bqarLMmM7cLJ-27_w0,c3gd_bqarLMmM7cLJ,gunshot,DANGEROUS_IMPULSE,data/processed\gunshot\gun_c3gd_bqarLMmM7cLJ_1-ny_gravel_pit-savage_223-JON-bqarLMmM7cLJ-27_w0.wav,1.0,16000,1,0.8915298581123352,0.0478999418807324,18.61233329772949,0
gun_c3gd_bqarLMmM7cLJ_1-ny_gravel_pit-savage_223-JON-bqarLMmM7cLJ-28_w0,c3gd_bqarLMmM7cLJ,gunshot,DANGEROUS_IMPULSE,data/processed\gunshot\gun_c3gd_bqarLMmM7cLJ_1-ny_gravel_pit-savage_223-JON-bqarLMmM7cLJ-28_w0.wav,1.0,16000,1,0.9103036522865297,0.0457057127872036,19.916622161865234,0
gun_c3gd_bqarLMmM7cLJ_1-ny_gravel_pit-savage_223-JON-bqarLMmM7cLJ-29_w0,c3gd_bqarLMmM7cLJ,gunshot,DANGEROUS_IMPULSE,data/processed\gunshot\gun_c3gd_bqarLMmM7cLJ_1-ny_gravel_pit-savage_223-JON-bqarLMmM7cLJ-29_w0.wav,1.0,16000,1,0.9440608620643616,0.0572069197849322,16.502561569213867,0
gun_c3gd_bqarLMmM7cLJ_1-ny_gravel_pit-savage_223-JON-bqarLMmM7cLJ-3_w0,c3gd_bqarLMmM7cLJ,gunshot,DANGEROUS_IMPULSE,data/processed\gunshot\gun_c3gd_bqarLMmM7cLJ_1-ny_gravel_pit-savage_223-JON-bqarLMmM7cLJ-3_w0.wav,1.0,16000,1,0.8674419522285461,0.06489613755039,13.366618156433104,0
gun_c3gd_bqarLMmM7cLJ_1-ny_gravel_pit-savage_223-JON-bqarLMmM7cLJ-30_w0,c3gd_bqarLMmM7cLJ,gunshot,DANGEROUS_IMPULSE,data/processed\gunshot\gun_c3gd_bqarLMmM7cLJ_1-ny_gravel_pit-savage_223-JON-bqarLMmM7cLJ-30_w0.wav,1.0,16000,1,0.9049754738807678,0.0557435392718422,16.234622955322266,0
gun_c3gd_bqarLMmM7cLJ_1-ny_gravel_pit-savage_223-JON-bqarLMmM7cLJ-31_w0,c3gd_bqarLMmM7cLJ,gunshot,DANGEROUS_IMPULSE,data/processed\gunshot\gun_c3gd_bqarLMmM7cLJ_1-ny_gravel_pit-savage_223-JON-bqarLMmM7cLJ-31_w0.wav,1.0,16000,1,0.8686360120773315,0.0451698430475861,19.23043632507324,0
gun_c3gd_bqarLMmM7cLJ_1-ny_gravel_pit-savage_223-JON-bqarLMmM7cLJ-32_w0,c3gd_bqarLMmM7cLJ,gunshot,DANGEROUS_IMPULSE,data/processed\gunshot\gun_c3gd_bqarLMmM7cLJ_1-ny_gravel_pit-savage_223-JON-bqarLMmM7cLJ-32_w0.wav,1.0,16000,1,0.9440608620643616,0.0708633442401054,13.322272300720217,0
gun_c3gd_bqarLMmM7cLJ_1-ny_gravel_pit-savage_223-JON-bqarLMmM7cLJ-33_w0,c3gd_bqarLMmM7cLJ,gunshot,DANGEROUS_IMPULSE,data/processed\gunshot\gun_c3gd_bqarLMmM7cLJ_1-ny_gravel_pit-savage_223-JON-bqarLMmM7cLJ-33_w0.wav,1.0,16000,1,0.9346137642860411,0.0696985240468301,13.409374237060549,0
gun_c3gd_bqarLMmM7cLJ_1-ny_gravel_pit-savage_223-JON-bqarLMmM7cLJ-34_w0,c3gd_bqarLMmM7cLJ,gunshot,DANGEROUS_IMPULSE,data/processed\gunshot\gun_c3gd_bqarLMmM7cLJ_1-ny_gravel_pit-savage_223-JON-bqarLMmM7cLJ-34_w0.wav,1.0,16000,1,0.9440608620643616,0.0634207076305704,14.885684967041016,0
gun_c3gd_bqarLMmM7cLJ_1-ny_gravel_pit-savage_223-JON-bqarLMmM7cLJ-35_w0,c3gd_bqarLMmM7cLJ,gunshot,DANGEROUS_IMPULSE,data/processed\gunshot\gun_c3gd_bqarLMmM7cLJ_1-ny_gravel_pit-savage_223-JON-bqarLMmM7cLJ-35_w0.wav,1.0,16000,1,0.8139050006866455,0.0602578718280834,13.50702953338623,0
gun_c3gd_bqarLMmM7cLJ_1-ny_gravel_pit-savage_223-JON-bqarLMmM7cLJ-36_w0,c3gd_bqarLMmM7cLJ,gunshot,DANGEROUS_IMPULSE,data/processed\gunshot\gun_c3gd_bqarLMmM7cLJ_1-ny_gravel_pit-savage_223-JON-bqarLMmM7cLJ-36_w0.wav,1.0,16000,1,0.8888216018676758,0.0615459544741746,14.441590309143066,0
gun_c3gd_bqarLMmM7cLJ_1-ny_gravel_pit-savage_223-JON-bqarLMmM7cLJ-37_w0,c3gd_bqarLMmM7cLJ,gunshot,DANGEROUS_IMPULSE,data/processed\gunshot\gun_c3gd_bqarLMmM7cLJ_1-ny_gravel_pit-savage_223-JON-bqarLMmM7cLJ-37_w0.wav,1.0,16000,1,0.9440608620643616,0.0547753250426363,17.235145568847656,0
gun_c3gd_bqarLMmM7cLJ_1-ny_gravel_pit-savage_223-JON-bqarLMmM7cLJ-38_w0,c3gd_bqarLMmM7cLJ,gunshot,DANGEROUS_IMPULSE,data/processed\gunshot\gun_c3gd_bqarLMmM7cLJ_1-ny_gravel_pit-savage_223-JON-bqarLMmM7cLJ-38_w0.wav,1.0,16000,1,0.8362507820129395,0.0599698636310399,13.944515228271484,0
gun_c3gd_bqarLMmM7cLJ_1-ny_gravel_pit-savage_223-JON-bqarLMmM7cLJ-39_w0,c3gd_bqarLMmM7cLJ,gunshot,DANGEROUS_IMPULSE,data/processed\gunshot\gun_c3gd_bqarLMmM7cLJ_1-ny_gravel_pit-savage_223-JON-bqarLMmM7cLJ-39_w0.wav,1.0,16000,1,0.9440608620643616,0.0520176460872399,18.148855209350582,0
gun_c3gd_bqarLMmM7cLJ_1-ny_gravel_pit-savage_223-JON-bqarLMmM7cLJ-4_w0,c3gd_bqarLMmM7cLJ,gunshot,DANGEROUS_IMPULSE,data/processed\gunshot\gun_c3gd_bqarLMmM7cLJ_1-ny_gravel_pit-savage_223-JON-bqarLMmM7cLJ-4_w0.wav,1.0,16000,1,0.8282675743103027,0.0713863525433416,11.6026029586792,0
gun_c3gd_bqarLMmM7cLJ_1-ny_gravel_pit-savage_223-JON-bqarLMmM7cLJ-5_w0,c3gd_bqarLMmM7cLJ,gunshot,DANGEROUS_IMPULSE,data/processed\gunshot\gun_c3gd_bqarLMmM7cLJ_1-ny_gravel_pit-savage_223-JON-bqarLMmM7cLJ-5_w0.wav,1.0,16000,1,0.9440608620643616,0.0732256330219285,12.89249038696289,0
gun_c3gd_bqarLMmM7cLJ_1-ny_gravel_pit-savage_223-JON-bqarLMmM7cLJ-6_w0,c3gd_bqarLMmM7cLJ,gunshot,DANGEROUS_IMPULSE,data/processed\gunshot\gun_c3gd_bqarLMmM7cLJ_1-ny_gravel_pit-savage_223-JON-bqarLMmM7cLJ-6_w0.wav,1.0,16000,1,0.921355366706848,0.0750890637605162,12.27016544342041,0
gun_c3gd_bqarLMmM7cLJ_1-ny_gravel_pit-savage_223-JON-bqarLMmM7cLJ-7_w0,c3gd_bqarLMmM7cLJ,gunshot,DANGEROUS_IMPULSE,data/processed\gunshot\gun_c3gd_bqarLMmM7cLJ_1-ny_gravel_pit-savage_223-JON-bqarLMmM7cLJ-7_w0.wav,1.0,16000,1,0.9440608620643616,0.0577275847073323,16.35371971130371,0
gun_c3gd_bqarLMmM7cLJ_1-ny_gravel_pit-savage_223-JON-bqarLMmM7cLJ-8_w0,c3gd_bqarLMmM7cLJ,gunshot,DANGEROUS_IMPULSE,data/processed\gunshot\gun_c3gd_bqarLMmM7cLJ_1-ny_gravel_pit-savage_223-JON-bqarLMmM7cLJ-8_w0.wav,1.0,16000,1,0.8683029413223267,0.0681308434489131,12.744636535644531,0
gun_c3gd_bqarLMmM7cLJ_1-ny_gravel_pit-savage_223-JON-bqarLMmM7cLJ-9_w0,c3gd_bqarLMmM7cLJ,gunshot,DANGEROUS_IMPULSE,data/processed\gunshot\gun_c3gd_bqarLMmM7cLJ_1-ny_gravel_pit-savage_223-JON-bqarLMmM7cLJ-9_w0.wav,1.0,16000,1,0.9166252613067628,0.0724924786187012,12.644416809082031,0
gun_c3gd_WbVZ7FUxBjK0_1-ny_gravel_pit-savage_223-JON-WbVZ7FUxBjK0-0_w0,c3gd_WbVZ7FUxBjK0,gunshot,DANGEROUS_IMPULSE,data/processed\gunshot\gun_c3gd_WbVZ7FUxBjK0_1-ny_gravel_pit-savage_223-JON-WbVZ7FUxBjK0-0_w0.wav,1.0,16000,1,0.9440608620643616,0.0541446772210751,17.435890197753906,0
gun_c3gd_WbVZ7FUxBjK0_1-ny_gravel_pit-savage_223-JON-WbVZ7FUxBjK0-1_w0,c3gd_WbVZ7FUxBjK0,gunshot,DANGEROUS_IMPULSE,data/processed\gunshot\gun_c3gd_WbVZ7FUxBjK0_1-ny_gravel_pit-savage_223-JON-WbVZ7FUxBjK0-1_w0.wav,1.0,16000,1,0.9440608620643616,0.0614596899470156,15.360648155212402,0
gun_c3gd_WbVZ7FUxBjK0_1-ny_gravel_pit-savage_223-JON-WbVZ7FUxBjK0-2_w0,c3gd_WbVZ7FUxBjK0,gunshot,DANGEROUS_IMPULSE,data/processed\gunshot\gun_c3gd_WbVZ7FUxBjK0_1-ny_gravel_pit-savage_223-JON-WbVZ7FUxBjK0-2_w0.wav,1.0,16000,1,0.9440608620643616,0.0833523025256375,11.32615089416504,0
gun_c3gd_WbVZ7FUxBjK0_1-ny_gravel_pit-savage_223-JON-WbVZ7FUxBjK0-3_w0,c3gd_WbVZ7FUxBjK0,gunshot,DANGEROUS_IMPULSE,data/processed\gunshot\gun_c3gd_WbVZ7FUxBjK0_1-ny_gravel_pit-savage_223-JON-WbVZ7FUxBjK0-3_w0.wav,1.0,16000,1,0.9440608620643616,0.0618397494621346,15.266243934631348,0
gun_c3gd_WbVZ7FUxBjK0_1-ny_gravel_pit-savage_223-JON-WbVZ7FUxBjK0-4_w0,c3gd_WbVZ7FUxBjK0,gunshot,DANGEROUS_IMPULSE,data/processed\gunshot\gun_c3gd_WbVZ7FUxBjK0_1-ny_gravel_pit-savage_223-JON-WbVZ7FUxBjK0-4_w0.wav,1.0,16000,1,0.9440608620643616,0.0743289086080226,12.70112419128418,0
gun_c3gd_o9gnNLXOh817_10-ny_gravel_pit-sw_mp15-ALICE-o9gnNLXOh817-0_w0,c3gd_o9gnNLXOh817,gunshot,DANGEROUS_IMPULSE,data/processed\gunshot\gun_c3gd_o9gnNLXOh817_10-ny_gravel_pit-sw_mp15-ALICE-o9gnNLXOh817-0_w0.wav,1.0,16000,1,0.9440608620643616,0.1012957260405603,9.31984806060791,0
gun_c3gd_o9gnNLXOh817_10-ny_gravel_pit-sw_mp15-ALICE-o9gnNLXOh817-1_w0,c3gd_o9gnNLXOh817,gunshot,DANGEROUS_IMPULSE,data/processed\gunshot\gun_c3gd_o9gnNLXOh817_10-ny_gravel_pit-sw_mp15-ALICE-o9gnNLXOh817-1_w0.wav,1.0,16000,1,0.9440608620643616,0.0763989877467415,12.356979370117188,0
gun_c3gd_o9gnNLXOh817_10-ny_gravel_pit-sw_mp15-ALICE-o9gnNLXOh817-10_w0,c3gd_o9gnNLXOh817,gunshot,DANGEROUS_IMPULSE,data/processed\gunshot\gun_c3gd_o9gnNLXOh817_10-ny_gravel_pit-sw_mp15-ALICE-o9gnNLXOh817-10_w0.wav,1.0,16000,1,0.9440608620643616,0.0863024294702767,10.938982963562012,0
gun_c3gd_o9gnNLXOh817_10-ny_gravel_pit-sw_mp15-ALICE-o9gnNLXOh817-11_w0,c3gd_o9gnNLXOh817,gunshot,DANGEROUS_IMPULSE,data/processed\gunshot\gun_c3gd_o9gnNLXOh817_10-ny_gravel_pit-sw_mp15-ALICE-o9gnNLXOh817-11_w0.wav,1.0,16000,1,0.9440609216690063,0.088780969149351,10.633594512939451,0
gun_c3gd_o9gnNLXOh817_10-ny_gravel_pit-sw_mp15-ALICE-o9gnNLXOh817-12_w0,c3gd_o9gnNLXOh817,gunshot,DANGEROUS_IMPULSE,data/processed\gunshot\gun_c3gd_o9gnNLXOh817_10-ny_gravel_pit-sw_mp15-ALICE-o9gnNLXOh817-12_w0.wav,1.0,16000,1,0.9440608620643616,0.0882359264925397,10.699278831481934,0
gun_c3gd_o9gnNLXOh817_10-ny_gravel_pit-sw_mp15-ALICE-o9gnNLXOh817-13_w0,c3gd_o9gnNLXOh817,gunshot,DANGEROUS_IMPULSE,data/processed\gunshot\gun_c3gd_o9gnNLXOh817_10-ny_gravel_pit-sw_mp15-ALICE-o9gnNLXOh817-13_w0.wav,1.0,16000,1,0.9440608620643616,0.0773250935431067,12.208982467651367,0
gun_c3gd_o9gnNLXOh817_10-ny_gravel_pit-sw_mp15-ALICE-o9gnNLXOh817-14_w0,c3gd_o9gnNLXOh817,gunshot,DANGEROUS_IMPULSE,data/processed\gunshot\gun_c3gd_o9gnNLXOh817_10-ny_gravel_pit-sw_mp15-ALICE-o9gnNLXOh817-14_w0.wav,1.0,16000,1,0.9440608620643616,0.0865883752515336,10.902857780456545,0
gun_c3gd_o9gnNLXOh817_10-ny_gravel_pit-sw_mp15-ALICE-o9gnNLXOh817-15_w0,c3gd_o9gnNLXOh817,gunshot,DANGEROUS_IMPULSE,data/processed\gunshot\gun_c3gd_o9gnNLXOh817_10-ny_gravel_pit-sw_mp15-ALICE-o9gnNLXOh817-15_w0.wav,1.0,16000,1,0.9440609216690063,0.0949783371159211,9.939748764038086,0
gun_c3gd_o9gnNLXOh817_10-ny_gravel_pit-sw_mp15-ALICE-o9gnNLXOh817-16_w0,c3gd_o9gnNLXOh817,gunshot,DANGEROUS_IMPULSE,data/processed\gunshot\gun_c3gd_o9gnNLXOh817_10-ny_gravel_pit-sw_mp15-ALICE-o9gnNLXOh817-16_w0.wav,1.0,16000,1,0.9440608620643616,0.091820130547556,10.281631469726562,0
gun_c3gd_o9gnNLXOh817_10-ny_gravel_pit-sw_mp15-ALICE-o9gnNLXOh817-17_w0,c3gd_o9gnNLXOh817,gunshot,DANGEROUS_IMPULSE,data/processed\gunshot\gun_c3gd_o9gnNLXOh817_10-ny_gravel_pit-sw_mp15-ALICE-o9gnNLXOh817-17_w0.wav,1.0,16000,1,0.9440608620643616,0.0905396061218594,10.427046775817873,0
gun_c3gd_o9gnNLXOh817_10-ny_gravel_pit-sw_mp15-ALICE-o9gnNLXOh817-18_w0,c3gd_o9gnNLXOh817,gunshot,DANGEROUS_IMPULSE,data/processed\gunshot\gun_c3gd_o9gnNLXOh817_10-ny_gravel_pit-sw_mp15-ALICE-o9gnNLXOh817-18_w0.wav,1.0,16000,1,0.9440608620643616,0.0847347498842711,11.141365051269531,0
gun_c3gd_o9gnNLXOh817_10-ny_gravel_pit-sw_mp15-ALICE-o9gnNLXOh817-19_w0,c3gd_o9gnNLXOh817,gunshot,DANGEROUS_IMPULSE,data/processed\gunshot\gun_c3gd_o9gnNLXOh817_10-ny_gravel_pit-sw_mp15-ALICE-o9gnNLXOh817-19_w0.wav,1.0,16000,1,0.9440608620643616,0.0877643738070515,10.756765365600586,0
gun_c3gd_o9gnNLXOh817_10-ny_gravel_pit-sw_mp15-ALICE-o9gnNLXOh817-2_w0,c3gd_o9gnNLXOh817,gunshot,DANGEROUS_IMPULSE,data/processed\gunshot\gun_c3gd_o9gnNLXOh817_10-ny_gravel_pit-sw_mp15-ALICE-o9gnNLXOh817-2_w0.wav,1.0,16000,1,0.9440608620643616,0.0796570786442013,11.851561546325684,0
gun_c3gd_o9gnNLXOh817_10-ny_gravel_pit-sw_mp15-ALICE-o9gnNLXOh817-20_w0,c3gd_o9gnNLXOh817,gunshot,DANGEROUS_IMPULSE,data/processed\gunshot\gun_c3gd_o9gnNLXOh817_10-ny_gravel_pit-sw_mp15-ALICE-o9gnNLXOh817-20_w0.wav,1.0,16000,1,0.9440608620643616,0.1038572593870627,9.089982986450195,0
gun_c3gd_o9gnNLXOh817_10-ny_gravel_pit-sw_mp15-ALICE-o9gnNLXOh817-21_w0,c3gd_o9gnNLXOh817,gunshot,DANGEROUS_IMPULSE,data/processed\gunshot\gun_c3gd_o9gnNLXOh817_10-ny_gravel_pit-sw_mp15-ALICE-o9gnNLXOh817-21_w0.wav,1.0,16000,1,0.9440608620643616,0.1064205272061619,8.871040344238281,0
gun_c3gd_o9gnNLXOh817_10-ny_gravel_pit-sw_mp15-ALICE-o9gnNLXOh817-22_w0,c3gd_o9gnNLXOh817,gunshot,DANGEROUS_IMPULSE,data/processed\gunshot\gun_c3gd_o9gnNLXOh817_10-ny_gravel_pit-sw_mp15-ALICE-o9gnNLXOh817-22_w0.wav,1.0,16000,1,0.9440609216690063,0.1011228858876478,9.33577823638916,0
gun_c3gd_o9gnNLXOh817_10-ny_gravel_pit-sw_mp15-ALICE-o9gnNLXOh817-23_w0,c3gd_o9gnNLXOh817,gunshot,DANGEROUS_IMPULSE,data/processed\gunshot\gun_c3gd_o9gnNLXOh817_10-ny_gravel_pit-sw_mp15-ALICE-o9gnNLXOh817-23_w0.wav,1.0,16000,1,0.9440608620643616,0.0895691853771338,10.540017127990724,0
gun_c3gd_o9gnNLXOh817_10-ny_gravel_pit-sw_mp15-ALICE-o9gnNLXOh817-24_w0,c3gd_o9gnNLXOh817,gunshot,DANGEROUS_IMPULSE,data/processed\gunshot\gun_c3gd_o9gnNLXOh817_10-ny_gravel_pit-sw_mp15-ALICE-o9gnNLXOh817-24_w0.wav,1.0,16000,1,0.9440608620643616,0.0909064612394352,10.384968757629396,0
gun_c3gd_o9gnNLXOh817_10-ny_gravel_pit-sw_mp15-ALICE-o9gnNLXOh817-25_w0,c3gd_o9gnNLXOh817,gunshot,DANGEROUS_IMPULSE,data/processed\gunshot\gun_c3gd_o9gnNLXOh817_10-ny_gravel_pit-sw_mp15-ALICE-o9gnNLXOh817-25_w0.wav,1.0,16000,1,0.9440608620643616,0.0778033699142797,12.133931159973145,0
gun_c3gd_o9gnNLXOh817_10-ny_gravel_pit-sw_mp15-ALICE-o9gnNLXOh817-26_w0,c3gd_o9gnNLXOh817,gunshot,DANGEROUS_IMPULSE,data/processed\gunshot\gun_c3gd_o9gnNLXOh817_10-ny_gravel_pit-sw_mp15-ALICE-o9gnNLXOh817-26_w0.wav,1.0,16000,1,0.9440609216690063,0.0914780477425546,10.320080757141112,0
gun_c3gd_o9gnNLXOh817_10-ny_gravel_pit-sw_mp15-ALICE-o9gnNLXOh817-27_w0,c3gd_o9gnNLXOh817,gunshot,DANGEROUS_IMPULSE,data/processed\gunshot\gun_c3gd_o9gnNLXOh817_10-ny_gravel_pit-sw_mp15-ALICE-o9gnNLXOh817-27_w0.wav,1.0,16000,1,0.9440609216690063,0.0968991015047898,9.742719650268556,0
gun_c3gd_o9gnNLXOh817_10-ny_gravel_pit-sw_mp15-ALICE-o9gnNLXOh817-28_w0,c3gd_o9gnNLXOh817,gunshot,DANGEROUS_IMPULSE,data/processed\gunshot\gun_c3gd_o9gnNLXOh817_10-ny_gravel_pit-sw_mp15-ALICE-o9gnNLXOh817-28_w0.wav,1.0,16000,1,0.9440608620643616,0.0869084742174696,10.862701416015623,0
gun_c3gd_o9gnNLXOh817_10-ny_gravel_pit-sw_mp15-ALICE-o9gnNLXOh817-29_w0,c3gd_o9gnNLXOh817,gunshot,DANGEROUS_IMPULSE,data/processed\gunshot\gun_c3gd_o9gnNLXOh817_10-ny_gravel_pit-sw_mp15-ALICE-o9gnNLXOh817-29_w0.wav,1.0,16000,1,0.9440609216690063,0.0868666685735403,10.867929458618164,0
gun_c3gd_o9gnNLXOh817_10-ny_gravel_pit-sw_mp15-ALICE-o9gnNLXOh817-3_w0,c3gd_o9gnNLXOh817,gunshot,DANGEROUS_IMPULSE,data/processed\gunshot\gun_c3gd_o9gnNLXOh817_10-ny_gravel_pit-sw_mp15-ALICE-o9gnNLXOh817-3_w0.wav,1.0,16000,1,0.9440608620643616,0.0779894606732521,12.10497760772705,0
gun_c3gd_o9gnNLXOh817_10-ny_gravel_pit-sw_mp15-ALICE-o9gnNLXOh817-4_w0,c3gd_o9gnNLXOh817,gunshot,DANGEROUS_IMPULSE,data/processed\gunshot\gun_c3gd_o9gnNLXOh817_10-ny_gravel_pit-sw_mp15-ALICE-o9gnNLXOh817-4_w0.wav,1.0,16000,1,0.9440608620643616,0.0796721857446033,11.849313735961914,0
gun_c3gd_o9gnNLXOh817_10-ny_gravel_pit-sw_mp15-ALICE-o9gnNLXOh817-5_w0,c3gd_o9gnNLXOh817,gunshot,DANGEROUS_IMPULSE,data/processed\gunshot\gun_c3gd_o9gnNLXOh817_10-ny_gravel_pit-sw_mp15-ALICE-o9gnNLXOh817-5_w0.wav,1.0,16000,1,0.9440608620643616,0.0864922408056486,10.914977073669434,0
gun_c3gd_o9gnNLXOh817_10-ny_gravel_pit-sw_mp15-ALICE-o9gnNLXOh817-6_w0,c3gd_o9gnNLXOh817,gunshot,DANGEROUS_IMPULSE,data/processed\gunshot\gun_c3gd_o9gnNLXOh817_10-ny_gravel_pit-sw_mp15-ALICE-o9gnNLXOh817-6_w0.wav,1.0,16000,1,0.9440608620643616,0.0839041864906827,11.251651763916016,0
gun_c3gd_o9gnNLXOh817_10-ny_gravel_pit-sw_mp15-ALICE-o9gnNLXOh817-7_w0,c3gd_o9gnNLXOh817,gunshot,DANGEROUS_IMPULSE,data/processed\gunshot\gun_c3gd_o9gnNLXOh817_10-ny_gravel_pit-sw_mp15-ALICE-o9gnNLXOh817-7_w0.wav,1.0,16000,1,0.9440608620643616,0.0806059220247901,11.71205234527588,0
gun_c3gd_o9gnNLXOh817_10-ny_gravel_pit-sw_mp15-ALICE-o9gnNLXOh817-8_w0,c3gd_o9gnNLXOh817,gunshot,DANGEROUS_IMPULSE,data/processed\gunshot\gun_c3gd_o9gnNLXOh817_10-ny_gravel_pit-sw_mp15-ALICE-o9gnNLXOh817-8_w0.wav,1.0,16000,1,0.9440608024597168,0.1093899937979146,8.630228996276855,0
gun_c3gd_o9gnNLXOh817_10-ny_gravel_pit-sw_mp15-ALICE-o9gnNLXOh817-9_w0,c3gd_o9gnNLXOh817,gunshot,DANGEROUS_IMPULSE,data/processed\gunshot\gun_c3gd_o9gnNLXOh817_10-ny_gravel_pit-sw_mp15-ALICE-o9gnNLXOh817-9_w0.wav,1.0,16000,1,0.9440608620643616,0.1177620788967554,8.016678810119629,0
gun_c3gd_OgSQVUQ0EWCg_10-ny_gravel_pit-sw_mp15-ALICE-OgSQVUQ0EWCg-0_w0,c3gd_OgSQVUQ0EWCg,gunshot,DANGEROUS_IMPULSE,data/processed\gunshot\gun_c3gd_OgSQVUQ0EWCg_10-ny_gravel_pit-sw_mp15-ALICE-OgSQVUQ0EWCg-0_w0.wav,1.0,16000,1,0.9440608620643616,0.1132369036854712,8.337041854858398,0
gun_c3gd_OgSQVUQ0EWCg_10-ny_gravel_pit-sw_mp15-ALICE-OgSQVUQ0EWCg-1_w0,c3gd_OgSQVUQ0EWCg,gunshot,DANGEROUS_IMPULSE,data/processed\gunshot\gun_c3gd_OgSQVUQ0EWCg_10-ny_gravel_pit-sw_mp15-ALICE-OgSQVUQ0EWCg-1_w0.wav,1.0,16000,1,0.9440608620643616,0.1005042309054327,9.393243789672852,0
gun_c3gd_OgSQVUQ0EWCg_10-ny_gravel_pit-sw_mp15-ALICE-OgSQVUQ0EWCg-10_w0,c3gd_OgSQVUQ0EWCg,gunshot,DANGEROUS_IMPULSE,data/processed\gunshot\gun_c3gd_OgSQVUQ0EWCg_10-ny_gravel_pit-sw_mp15-ALICE-OgSQVUQ0EWCg-10_w0.wav,1.0,16000,1,0.9440608620643616,0.103143400660283,9.1528959274292,0
gun_c3gd_OgSQVUQ0EWCg_10-ny_gravel_pit-sw_mp15-ALICE-OgSQVUQ0EWCg-11_w0,c3gd_OgSQVUQ0EWCg,gunshot,DANGEROUS_IMPULSE,data/processed\gunshot\gun_c3gd_OgSQVUQ0EWCg_10-ny_gravel_pit-sw_mp15-ALICE-OgSQVUQ0EWCg-11_w0.wav,1.0,16000,1,0.9440608620643616,0.1267583012387768,7.447723865509033,0
gun_c3gd_OgSQVUQ0EWCg_10-ny_gravel_pit-sw_mp15-ALICE-OgSQVUQ0EWCg-12_w0,c3gd_OgSQVUQ0EWCg,gunshot,DANGEROUS_IMPULSE,data/processed\gunshot\gun_c3gd_OgSQVUQ0EWCg_10-ny_gravel_pit-sw_mp15-ALICE-OgSQVUQ0EWCg-12_w0.wav,1.0,16000,1,0.9440609216690063,0.087372686906173,10.804987907409668,0
gun_c3gd_OgSQVUQ0EWCg_10-ny_gravel_pit-sw_mp15-ALICE-OgSQVUQ0EWCg-13_w0,c3gd_OgSQVUQ0EWCg,gunshot,DANGEROUS_IMPULSE,data/processed\gunshot\gun_c3gd_OgSQVUQ0EWCg_10-ny_gravel_pit-sw_mp15-ALICE-OgSQVUQ0EWCg-13_w0.wav,1.0,16000,1,0.9440608620643616,0.1037471494297442,9.099631309509276,0
gun_c3gd_OgSQVUQ0EWCg_10-ny_gravel_pit-sw_mp15-ALICE-OgSQVUQ0EWCg-14_w0,c3gd_OgSQVUQ0EWCg,gunshot,DANGEROUS_IMPULSE,data/processed\gunshot\gun_c3gd_OgSQVUQ0EWCg_10-ny_gravel_pit-sw_mp15-ALICE-OgSQVUQ0EWCg-14_w0.wav,1.0,16000,1,0.9440608620643616,0.0924239250626453,10.214462280273438,0
gun_c3gd_OgSQVUQ0EWCg_10-ny_gravel_pit-sw_mp15-ALICE-OgSQVUQ0EWCg-15_w0,c3gd_OgSQVUQ0EWCg,gunshot,DANGEROUS_IMPULSE,data/processed\gunshot\gun_c3gd_OgSQVUQ0EWCg_10-ny_gravel_pit-sw_mp15-ALICE-OgSQVUQ0EWCg-15_w0.wav,1.0,16000,1,0.9440608620643616,0.1057443285705234,8.927767753601074,0
gun_c3gd_OgSQVUQ0EWCg_10-ny_gravel_pit-sw_mp15-ALICE-OgSQVUQ0EWCg-16_w0,c3gd_OgSQVUQ0EWCg,gunshot,DANGEROUS_IMPULSE,data/processed\gunshot\gun_c3gd_OgSQVUQ0EWCg_10-ny_gravel_pit-sw_mp15-ALICE-OgSQVUQ0EWCg-16_w0.wav,1.0,16000,1,0.9440608620643616,0.0921246732782991,10.247642517089844,0
gun_c3gd_OgSQVUQ0EWCg_10-ny_gravel_pit-sw_mp15-ALICE-OgSQVUQ0EWCg-17_w0,c3gd_OgSQVUQ0EWCg,gunshot,DANGEROUS_IMPULSE,data/processed\gunshot\gun_c3gd_OgSQVUQ0EWCg_10-ny_gravel_pit-sw_mp15-ALICE-OgSQVUQ0EWCg-17_w0.wav,1.0,16000,1,0.9440608620643616,0.092043980315446,10.256627082824709,0
gun_c3gd_OgSQVUQ0EWCg_10-ny_gravel_pit-sw_mp15-ALICE-OgSQVUQ0EWCg-18_w0,c3gd_OgSQVUQ0EWCg,gunshot,DANGEROUS_IMPULSE,data/processed\gunshot\gun_c3gd_OgSQVUQ0EWCg_10-ny_gravel_pit-sw_mp15-ALICE-OgSQVUQ0EWCg-18_w0.wav,1.0,16000,1,0.9440608620643616,0.0850817243788475,11.095929145812988,0
gun_c3gd_OgSQVUQ0EWCg_10-ny_gravel_pit-sw_mp15-ALICE-OgSQVUQ0EWCg-19_w0,c3gd_OgSQVUQ0EWCg,gunshot,DANGEROUS_IMPULSE,data/processed\gunshot\gun_c3gd_OgSQVUQ0EWCg_10-ny_gravel_pit-sw_mp15-ALICE-OgSQVUQ0EWCg-19_w0.wav,1.0,16000,1,0.9440609216690063,0.0821376632575893,11.493640899658203,0
gun_c3gd_OgSQVUQ0EWCg_10-ny_gravel_pit-sw_mp15-ALICE-OgSQVUQ0EWCg-2_w0,c3gd_OgSQVUQ0EWCg,gunshot,DANGEROUS_IMPULSE,data/processed\gunshot\gun_c3gd_OgSQVUQ0EWCg_10-ny_gravel_pit-sw_mp15-ALICE-OgSQVUQ0EWCg-2_w0.wav,1.0,16000,1,0.9440608620643616,0.0989390990320225,9.541837692260742,0
gun_c3gd_OgSQVUQ0EWCg_10-ny_gravel_pit-sw_mp15-ALICE-OgSQVUQ0EWCg-20_w0,c3gd_OgSQVUQ0EWCg,gunshot,DANGEROUS_IMPULSE,data/processed\gunshot\gun_c3gd_OgSQVUQ0EWCg_10-ny_gravel_pit-sw_mp15-ALICE-OgSQVUQ0EWCg-20_w0.wav,1.0,16000,1,0.9440608024597168,0.0941021187569094,10.032299995422363,0
gun_c3gd_OgSQVUQ0EWCg_10-ny_gravel_pit-sw_mp15-ALICE-OgSQVUQ0EWCg-21_w0,c3gd_OgSQVUQ0EWCg,gunshot,DANGEROUS_IMPULSE,data/processed\gunshot\gun_c3gd_OgSQVUQ0EWCg_10-ny_gravel_pit-sw_mp15-ALICE-OgSQVUQ0EWCg-21_w0.wav,1.0,16000,1,0.9440608620643616,0.0833800775834832,11.322378158569336,0
gun_c3gd_OgSQVUQ0EWCg_10-ny_gravel_pit-sw_mp15-ALICE-OgSQVUQ0EWCg-22_w0,c3gd_OgSQVUQ0EWCg,gunshot,DANGEROUS_IMPULSE,data/processed\gunshot\gun_c3gd_OgSQVUQ0EWCg_10-ny_gravel_pit-sw_mp15-ALICE-OgSQVUQ0EWCg-22_w0.wav,1.0,16000,1,0.9440608620643616,0.0903648832226411,10.447208404541016,0
gun_c3gd_OgSQVUQ0EWCg_10-ny_gravel_pit-sw_mp15-ALICE-OgSQVUQ0EWCg-23_w0,c3gd_OgSQVUQ0EWCg,gunshot,DANGEROUS_IMPULSE,data/processed\gunshot\gun_c3gd_OgSQVUQ0EWCg_10-ny_gravel_pit-sw_mp15-ALICE-OgSQVUQ0EWCg-23_w0.wav,1.0,16000,1,0.9440608620643616,0.1211783820937762,7.790670394897461,0
gun_c3gd_OgSQVUQ0EWCg_10-ny_gravel_pit-sw_mp15-ALICE-OgSQVUQ0EWCg-24_w0,c3gd_OgSQVUQ0EWCg,gunshot,DANGEROUS_IMPULSE,data/processed\gunshot\gun_c3gd_OgSQVUQ0EWCg_10-ny_gravel_pit-sw_mp15-ALICE-OgSQVUQ0EWCg-24_w0.wav,1.0,16000,1,0.9440608620643616,0.0932772458717084,10.12101936340332,0
gun_c3gd_OgSQVUQ0EWCg_10-ny_gravel_pit-sw_mp15-ALICE-OgSQVUQ0EWCg-25_w0,c3gd_OgSQVUQ0EWCg,gunshot,DANGEROUS_IMPULSE,data/processed\gunshot\gun_c3gd_OgSQVUQ0EWCg_10-ny_gravel_pit-sw_mp15-ALICE-OgSQVUQ0EWCg-25_w0.wav,1.0,16000,1,0.9440608620643616,0.0892907830911253,10.572880744934082,0
gun_c3gd_OgSQVUQ0EWCg_10-ny_gravel_pit-sw_mp15-ALICE-OgSQVUQ0EWCg-26_w0,c3gd_OgSQVUQ0EWCg,gunshot,DANGEROUS_IMPULSE,data/processed\gunshot\gun_c3gd_OgSQVUQ0EWCg_10-ny_gravel_pit-sw_mp15-ALICE-OgSQVUQ0EWCg-26_w0.wav,1.0,16000,1,0.9440608620643616,0.1215506440365479,7.766809940338135,0
gun_c3gd_OgSQVUQ0EWCg_10-ny_gravel_pit-sw_mp15-ALICE-OgSQVUQ0EWCg-27_w0,c3gd_OgSQVUQ0EWCg,gunshot,DANGEROUS_IMPULSE,data/processed\gunshot\gun_c3gd_OgSQVUQ0EWCg_10-ny_gravel_pit-sw_mp15-ALICE-OgSQVUQ0EWCg-27_w0.wav,1.0,16000,1,0.9440608620643616,0.0921303040263163,10.24701690673828,0
gun_c3gd_OgSQVUQ0EWCg_10-ny_gravel_pit-sw_mp15-ALICE-OgSQVUQ0EWCg-28_w0,c3gd_OgSQVUQ0EWCg,gunshot,DANGEROUS_IMPULSE,data/processed\gunshot\gun_c3gd_OgSQVUQ0EWCg_10-ny_gravel_pit-sw_mp15-ALICE-OgSQVUQ0EWCg-28_w0.wav,1.0,16000,1,0.9440609216690063,0.0788442021913371,11.973750114440918,0
gun_c3gd_OgSQVUQ0EWCg_10-ny_gravel_pit-sw_mp15-ALICE-OgSQVUQ0EWCg-29_w0,c3gd_OgSQVUQ0EWCg,gunshot,DANGEROUS_IMPULSE,data/processed\gunshot\gun_c3gd_OgSQVUQ0EWCg_10-ny_gravel_pit-sw_mp15-ALICE-OgSQVUQ0EWCg-29_w0.wav,1.0,16000,1,0.9440608620643616,0.107237631846577,8.803446769714355,0
gun_c3gd_OgSQVUQ0EWCg_10-ny_gravel_pit-sw_mp15-ALICE-OgSQVUQ0EWCg-3_w0,c3gd_OgSQVUQ0EWCg,gunshot,DANGEROUS_IMPULSE,data/processed\gunshot\gun_c3gd_OgSQVUQ0EWCg_10-ny_gravel_pit-sw_mp15-ALICE-OgSQVUQ0EWCg-3_w0.wav,1.0,16000,1,0.9440608620643616,0.0939930110714901,10.043946266174316,0
gun_c3gd_OgSQVUQ0EWCg_10-ny_gravel_pit-sw_mp15-ALICE-OgSQVUQ0EWCg-4_w0,c3gd_OgSQVUQ0EWCg,gunshot,DANGEROUS_IMPULSE,data/processed\gunshot\gun_c3gd_OgSQVUQ0EWCg_10-ny_gravel_pit-sw_mp15-ALICE-OgSQVUQ0EWCg-4_w0.wav,1.0,16000,1,0.9440608620643616,0.0932166654802589,10.127596855163574,0
gun_c3gd_OgSQVUQ0EWCg_10-ny_gravel_pit-sw_mp15-ALICE-OgSQVUQ0EWCg-5_w0,c3gd_OgSQVUQ0EWCg,gunshot,DANGEROUS_IMPULSE,data/processed\gunshot\gun_c3gd_OgSQVUQ0EWCg_10-ny_gravel_pit-sw_mp15-ALICE-OgSQVUQ0EWCg-5_w0.wav,1.0,16000,1,0.9440608024597168,0.0933220802816724,10.116155624389648,0
gun_c3gd_OgSQVUQ0EWCg_10-ny_gravel_pit-sw_mp15-ALICE-OgSQVUQ0EWCg-6_w0,c3gd_OgSQVUQ0EWCg,gunshot,DANGEROUS_IMPULSE,data/processed\gunshot\gun_c3gd_OgSQVUQ0EWCg_10-ny_gravel_pit-sw_mp15-ALICE-OgSQVUQ0EWCg-6_w0.wav,1.0,16000,1,0.9440608620643616,0.0896023170415473,10.53611946105957,0
gun_c3gd_OgSQVUQ0EWCg_10-ny_gravel_pit-sw_mp15-ALICE-OgSQVUQ0EWCg-7_w0,c3gd_OgSQVUQ0EWCg,gunshot,DANGEROUS_IMPULSE,data/processed\gunshot\gun_c3gd_OgSQVUQ0EWCg_10-ny_gravel_pit-sw_mp15-ALICE-OgSQVUQ0EWCg-7_w0.wav,1.0,16000,1,0.9440608620643616,0.0926180391340869,10.193055152893066,0
gun_c3gd_OgSQVUQ0EWCg_10-ny_gravel_pit-sw_mp15-ALICE-OgSQVUQ0EWCg-8_w0,c3gd_OgSQVUQ0EWCg,gunshot,DANGEROUS_IMPULSE,data/processed\gunshot\gun_c3gd_OgSQVUQ0EWCg_10-ny_gravel_pit-sw_mp15-ALICE-OgSQVUQ0EWCg-8_w0.wav,1.0,16000,1,0.9440608620643616,0.0931399734111431,10.13593578338623,0
gun_c3gd_OgSQVUQ0EWCg_10-ny_gravel_pit-sw_mp15-ALICE-OgSQVUQ0EWCg-9_w0,c3gd_OgSQVUQ0EWCg,gunshot,DANGEROUS_IMPULSE,data/processed\gunshot\gun_c3gd_OgSQVUQ0EWCg_10-ny_gravel_pit-sw_mp15-ALICE-OgSQVUQ0EWCg-9_w0.wav,1.0,16000,1,0.9440608620643616,0.1252699262164399,7.53621244430542,0
gun_c3gd_CYijh1jcEQ6Y_10-ny_gravel_pit-sw_mp15-BOB-CYijh1jcEQ6Y-0_w0,c3gd_CYijh1jcEQ6Y,gunshot,DANGEROUS_IMPULSE,data/processed\gunshot\gun_c3gd_CYijh1jcEQ6Y_10-ny_gravel_pit-sw_mp15-BOB-CYijh1jcEQ6Y-0_w0.wav,1.0,16000,1,0.9440608620643616,0.0742628537442906,12.712421417236328,0
gun_c3gd_CYijh1jcEQ6Y_10-ny_gravel_pit-sw_mp15-BOB-CYijh1jcEQ6Y-1_w0,c3gd_CYijh1jcEQ6Y,gunshot,DANGEROUS_IMPULSE,data/processed\gunshot\gun_c3gd_CYijh1jcEQ6Y_10-ny_gravel_pit-sw_mp15-BOB-CYijh1jcEQ6Y-1_w0.wav,1.0,16000,1,0.9440608620643616,0.1034848734325124,9.122693061828612,0
gun_c3gd_CYijh1jcEQ6Y_10-ny_gravel_pit-sw_mp15-BOB-CYijh1jcEQ6Y-10_w0,c3gd_CYijh1jcEQ6Y,gunshot,DANGEROUS_IMPULSE,data/processed\gunshot\gun_c3gd_CYijh1jcEQ6Y_10-ny_gravel_pit-sw_mp15-BOB-CYijh1jcEQ6Y-10_w0.wav,1.0,16000,1,0.9440608620643616,0.0539769413180136,17.490074157714844,0
gun_c3gd_CYijh1jcEQ6Y_10-ny_gravel_pit-sw_mp15-BOB-CYijh1jcEQ6Y-11_w0,c3gd_CYijh1jcEQ6Y,gunshot,DANGEROUS_IMPULSE,data/processed\gunshot\gun_c3gd_CYijh1jcEQ6Y_10-ny_gravel_pit-sw_mp15-BOB-CYijh1jcEQ6Y-11_w0.wav,1.0,16000,1,0.9440609216690063,0.0957797191615775,9.85658359527588,0
gun_c3gd_CYijh1jcEQ6Y_10-ny_gravel_pit-sw_mp15-BOB-CYijh1jcEQ6Y-12_w0,c3gd_CYijh1jcEQ6Y,gunshot,DANGEROUS_IMPULSE,data/processed\gunshot\gun_c3gd_CYijh1jcEQ6Y_10-ny_gravel_pit-sw_mp15-BOB-CYijh1jcEQ6Y-12_w0.wav,1.0,16000,1,0.9440608620643616,0.0580404462758486,16.265565872192383,0
gun_c3gd_CYijh1jcEQ6Y_10-ny_gravel_pit-sw_mp15-BOB-CYijh1jcEQ6Y-13_w0,c3gd_CYijh1jcEQ6Y,gunshot,DANGEROUS_IMPULSE,data/processed\gunshot\gun_c3gd_CYijh1jcEQ6Y_10-ny_gravel_pit-sw_mp15-BOB-CYijh1jcEQ6Y-13_w0.wav,1.0,16000,1,0.9440608620643616,0.0828935762728513,11.38882827758789,0
gun_c3gd_CYijh1jcEQ6Y_10-ny_gravel_pit-sw_mp15-BOB-CYijh1jcEQ6Y-14_w0,c3gd_CYijh1jcEQ6Y,gunshot,DANGEROUS_IMPULSE,data/processed\gunshot\gun_c3gd_CYijh1jcEQ6Y_10-ny_gravel_pit-sw_mp15-BOB-CYijh1jcEQ6Y-14_w0.wav,1.0,16000,1,0.9440608620643616,0.183418575883392,5.147029399871826,0
gun_c3gd_CYijh1jcEQ6Y_10-ny_gravel_pit-sw_mp15-BOB-CYijh1jcEQ6Y-15_w0,c3gd_CYijh1jcEQ6Y,gunshot,DANGEROUS_IMPULSE,data/processed\gunshot\gun_c3gd_CYijh1jcEQ6Y_10-ny_gravel_pit-sw_mp15-BOB-CYijh1jcEQ6Y-15_w0.wav,1.0,16000,1,0.9440608620643616,0.1963994773692453,4.806839942932129,0
gun_c3gd_CYijh1jcEQ6Y_10-ny_gravel_pit-sw_mp15-BOB-CYijh1jcEQ6Y-16_w0,c3gd_CYijh1jcEQ6Y,gunshot,DANGEROUS_IMPULSE,data/processed\gunshot\gun_c3gd_CYijh1jcEQ6Y_10-ny_gravel_pit-sw_mp15-BOB-CYijh1jcEQ6Y-16_w0.wav,1.0,16000,1,0.9440608620643616,0.107232051806135,8.80390453338623,0
gun_c3gd_CYijh1jcEQ6Y_10-ny_gravel_pit-sw_mp15-BOB-CYijh1jcEQ6Y-17_w0,c3gd_CYijh1jcEQ6Y,gunshot,DANGEROUS_IMPULSE,data/processed\gunshot\gun_c3gd_CYijh1jcEQ6Y_10-ny_gravel_pit-sw_mp15-BOB-CYijh1jcEQ6Y-17_w0.wav,1.0,16000,1,0.9440608620643616,0.1351862231960132,6.983409404754639,0
gun_c3gd_CYijh1jcEQ6Y_10-ny_gravel_pit-sw_mp15-BOB-CYijh1jcEQ6Y-18_w0,c3gd_CYijh1jcEQ6Y,gunshot,DANGEROUS_IMPULSE,data/processed\gunshot\gun_c3gd_CYijh1jcEQ6Y_10-ny_gravel_pit-sw_mp15-BOB-CYijh1jcEQ6Y-18_w0.wav,1.0,16000,1,0.9440608620643616,0.1543226461979992,6.117448329925537,0
gun_c3gd_CYijh1jcEQ6Y_10-ny_gravel_pit-sw_mp15-BOB-CYijh1jcEQ6Y-19_w0,c3gd_CYijh1jcEQ6Y,gunshot,DANGEROUS_IMPULSE,data/processed\gunshot\gun_c3gd_CYijh1jcEQ6Y_10-ny_gravel_pit-sw_mp15-BOB-CYijh1jcEQ6Y-19_w0.wav,1.0,16000,1,0.9440608620643616,0.1488001371585081,6.344488620758057,0
gun_c3gd_CYijh1jcEQ6Y_10-ny_gravel_pit-sw_mp15-BOB-CYijh1jcEQ6Y-2_w0,c3gd_CYijh1jcEQ6Y,gunshot,DANGEROUS_IMPULSE,data/processed\gunshot\gun_c3gd_CYijh1jcEQ6Y_10-ny_gravel_pit-sw_mp15-BOB-CYijh1jcEQ6Y-2_w0.wav,1.0,16000,1,0.9440608620643616,0.1850364490636126,5.102025985717773,0
gun_c3gd_CYijh1jcEQ6Y_10-ny_gravel_pit-sw_mp15-BOB-CYijh1jcEQ6Y-20_w0,c3gd_CYijh1jcEQ6Y,gunshot,DANGEROUS_IMPULSE,data/processed\gunshot\gun_c3gd_CYijh1jcEQ6Y_10-ny_gravel_pit-sw_mp15-BOB-CYijh1jcEQ6Y-20_w0.wav,1.0,16000,1,0.9440608620643616,0.1040294776964923,9.074935913085938,0
gun_c3gd_CYijh1jcEQ6Y_10-ny_gravel_pit-sw_mp15-BOB-CYijh1jcEQ6Y-21_w0,c3gd_CYijh1jcEQ6Y,gunshot,DANGEROUS_IMPULSE,data/processed\gunshot\gun_c3gd_CYijh1jcEQ6Y_10-ny_gravel_pit-sw_mp15-BOB-CYijh1jcEQ6Y-21_w0.wav,1.0,16000,1,0.9440608620643616,0.1194158135355309,7.905659675598144,0
gun_c3gd_CYijh1jcEQ6Y_10-ny_gravel_pit-sw_mp15-BOB-CYijh1jcEQ6Y-22_w0,c3gd_CYijh1jcEQ6Y,gunshot,DANGEROUS_IMPULSE,data/processed\gunshot\gun_c3gd_CYijh1jcEQ6Y_10-ny_gravel_pit-sw_mp15-BOB-CYijh1jcEQ6Y-22_w0.wav,1.0,16000,1,0.9440608620643616,0.0890921794227081,10.596449851989746,0
gun_c3gd_CYijh1jcEQ6Y_10-ny_gravel_pit-sw_mp15-BOB-CYijh1jcEQ6Y-23_w0,c3gd_CYijh1jcEQ6Y,gunshot,DANGEROUS_IMPULSE,data/processed\gunshot\gun_c3gd_CYijh1jcEQ6Y_10-ny_gravel_pit-sw_mp15-BOB-CYijh1jcEQ6Y-23_w0.wav,1.0,16000,1,0.9440608620643616,0.0686008751520568,13.761642456054688,0
gun_c3gd_CYijh1jcEQ6Y_10-ny_gravel_pit-sw_mp15-BOB-CYijh1jcEQ6Y-24_w0,c3gd_CYijh1jcEQ6Y,gunshot,DANGEROUS_IMPULSE,data/processed\gunshot\gun_c3gd_CYijh1jcEQ6Y_10-ny_gravel_pit-sw_mp15-BOB-CYijh1jcEQ6Y-24_w0.wav,1.0,16000,1,0.9440608620643616,0.1646523770441378,5.7336602210998535,0
gun_c3gd_CYijh1jcEQ6Y_10-ny_gravel_pit-sw_mp15-BOB-CYijh1jcEQ6Y-25_w0,c3gd_CYijh1jcEQ6Y,gunshot,DANGEROUS_IMPULSE,data/processed\gunshot\gun_c3gd_CYijh1jcEQ6Y_10-ny_gravel_pit-sw_mp15-BOB-CYijh1jcEQ6Y-25_w0.wav,1.0,16000,1,0.9440608620643616,0.150613984292801,6.268082141876221,0
gun_c3gd_CYijh1jcEQ6Y_10-ny_gravel_pit-sw_mp15-BOB-CYijh1jcEQ6Y-26_w0,c3gd_CYijh1jcEQ6Y,gunshot,DANGEROUS_IMPULSE,data/processed\gunshot\gun_c3gd_CYijh1jcEQ6Y_10-ny_gravel_pit-sw_mp15-BOB-CYijh1jcEQ6Y-26_w0.wav,1.0,16000,1,0.9440609216690063,0.0710985171637581,13.278205871582031,0
gun_c3gd_CYijh1jcEQ6Y_10-ny_gravel_pit-sw_mp15-BOB-CYijh1jcEQ6Y-27_w0,c3gd_CYijh1jcEQ6Y,gunshot,DANGEROUS_IMPULSE,data/processed\gunshot\gun_c3gd_CYijh1jcEQ6Y_10-ny_gravel_pit-sw_mp15-BOB-CYijh1jcEQ6Y-27_w0.wav,1.0,16000,1,0.9440608620643616,0.1618188875108273,5.8340582847595215,0
gun_c3gd_CYijh1jcEQ6Y_10-ny_gravel_pit-sw_mp15-BOB-CYijh1jcEQ6Y-28_w0,c3gd_CYijh1jcEQ6Y,gunshot,DANGEROUS_IMPULSE,data/processed\gunshot\gun_c3gd_CYijh1jcEQ6Y_10-ny_gravel_pit-sw_mp15-BOB-CYijh1jcEQ6Y-28_w0.wav,1.0,16000,1,0.9440608620643616,0.091630744759192,10.302882194519045,0
gun_c3gd_CYijh1jcEQ6Y_10-ny_gravel_pit-sw_mp15-BOB-CYijh1jcEQ6Y-29_w0,c3gd_CYijh1jcEQ6Y,gunshot,DANGEROUS_IMPULSE,data/processed\gunshot\gun_c3gd_CYijh1jcEQ6Y_10-ny_gravel_pit-sw_mp15-BOB-CYijh1jcEQ6Y-29_w0.wav,1.0,16000,1,0.9440609216690063,0.0912834683696888,10.342079162597656,0
gun_c3gd_CYijh1jcEQ6Y_10-ny_gravel_pit-sw_mp15-BOB-CYijh1jcEQ6Y-3_w0,c3gd_CYijh1jcEQ6Y,gunshot,DANGEROUS_IMPULSE,data/processed\gunshot\gun_c3gd_CYijh1jcEQ6Y_10-ny_gravel_pit-sw_mp15-BOB-CYijh1jcEQ6Y-3_w0.wav,1.0,16000,1,0.9440608620643616,0.0586413865361417,16.098880767822266,0
gun_c3gd_CYijh1jcEQ6Y_10-ny_gravel_pit-sw_mp15-BOB-CYijh1jcEQ6Y-4_w0,c3gd_CYijh1jcEQ6Y,gunshot,DANGEROUS_IMPULSE,data/processed\gunshot\gun_c3gd_CYijh1jcEQ6Y_10-ny_gravel_pit-sw_mp15-BOB-CYijh1jcEQ6Y-4_w0.wav,1.0,16000,1,0.9440608620643616,0.1273794864172344,7.411403656005859,0
gun_c3gd_CYijh1jcEQ6Y_10-ny_gravel_pit-sw_mp15-BOB-CYijh1jcEQ6Y-5_w0,c3gd_CYijh1jcEQ6Y,gunshot,DANGEROUS_IMPULSE,data/processed\gunshot\gun_c3gd_CYijh1jcEQ6Y_10-ny_gravel_pit-sw_mp15-BOB-CYijh1jcEQ6Y-5_w0.wav,1.0,16000,1,0.9440608620643616,0.0521489135313273,18.10317039489746,0
gun_c3gd_CYijh1jcEQ6Y_10-ny_gravel_pit-sw_mp15-BOB-CYijh1jcEQ6Y-6_w0,c3gd_CYijh1jcEQ6Y,gunshot,DANGEROUS_IMPULSE,data/processed\gunshot\gun_c3gd_CYijh1jcEQ6Y_10-ny_gravel_pit-sw_mp15-BOB-CYijh1jcEQ6Y-6_w0.wav,1.0,16000,1,0.9440609216690063,0.0924495867009721,10.211627960205078,0
gun_c3gd_CYijh1jcEQ6Y_10-ny_gravel_pit-sw_mp15-BOB-CYijh1jcEQ6Y-7_w0,c3gd_CYijh1jcEQ6Y,gunshot,DANGEROUS_IMPULSE,data/processed\gunshot\gun_c3gd_CYijh1jcEQ6Y_10-ny_gravel_pit-sw_mp15-BOB-CYijh1jcEQ6Y-7_w0.wav,1.0,16000,1,0.9440608620643616,0.0545522323965803,17.30562973022461,0
gun_c3gd_CYijh1jcEQ6Y_10-ny_gravel_pit-sw_mp15-BOB-CYijh1jcEQ6Y-8_w0,c3gd_CYijh1jcEQ6Y,gunshot,DANGEROUS_IMPULSE,data/processed\gunshot\gun_c3gd_CYijh1jcEQ6Y_10-ny_gravel_pit-sw_mp15-BOB-CYijh1jcEQ6Y-8_w0.wav,1.0,16000,1,0.9440608620643616,0.0523022390103038,18.05010032653809,0
gun_c3gd_CYijh1jcEQ6Y_10-ny_gravel_pit-sw_mp15-BOB-CYijh1jcEQ6Y-9_w0,c3gd_CYijh1jcEQ6Y,gunshot,DANGEROUS_IMPULSE,data/processed\gunshot\gun_c3gd_CYijh1jcEQ6Y_10-ny_gravel_pit-sw_mp15-BOB-CYijh1jcEQ6Y-9_w0.wav,1.0,16000,1,0.9440608620643616,0.0618248304770766,15.269927978515623,0
gun_c3gd_wfJLijD81RAC_10-ny_gravel_pit-sw_mp15-BOB-wfJLijD81RAC-0_w0,c3gd_wfJLijD81RAC,gunshot,DANGEROUS_IMPULSE,data/processed\gunshot\gun_c3gd_wfJLijD81RAC_10-ny_gravel_pit-sw_mp15-BOB-wfJLijD81RAC-0_w0.wav,1.0,16000,1,0.9440609216690063,0.1350002250956495,6.993031978607178,0
gun_c3gd_wfJLijD81RAC_10-ny_gravel_pit-sw_mp15-BOB-wfJLijD81RAC-1_w0,c3gd_wfJLijD81RAC,gunshot,DANGEROUS_IMPULSE,data/processed\gunshot\gun_c3gd_wfJLijD81RAC_10-ny_gravel_pit-sw_mp15-BOB-wfJLijD81RAC-1_w0.wav,1.0,16000,1,0.9440608620643616,0.2046866358673258,4.61222505569458,0
gun_c3gd_wfJLijD81RAC_10-ny_gravel_pit-sw_mp15-BOB-wfJLijD81RAC-10_w0,c3gd_wfJLijD81RAC,gunshot,DANGEROUS_IMPULSE,data/processed\gunshot\gun_c3gd_wfJLijD81RAC_10-ny_gravel_pit-sw_mp15-BOB-wfJLijD81RAC-10_w0.wav,1.0,16000,1,0.9440608620643616,0.187209291399713,5.04280948638916,0
gun_c3gd_wfJLijD81RAC_10-ny_gravel_pit-sw_mp15-BOB-wfJLijD81RAC-11_w0,c3gd_wfJLijD81RAC,gunshot,DANGEROUS_IMPULSE,data/processed\gunshot\gun_c3gd_wfJLijD81RAC_10-ny_gravel_pit-sw_mp15-BOB-wfJLijD81RAC-11_w0.wav,1.0,16000,1,0.9440608620643616,0.2068431197406245,4.564139366149902,0
gun_c3gd_wfJLijD81RAC_10-ny_gravel_pit-sw_mp15-BOB-wfJLijD81RAC-12_w0,c3gd_wfJLijD81RAC,gunshot,DANGEROUS_IMPULSE,data/processed\gunshot\gun_c3gd_wfJLijD81RAC_10-ny_gravel_pit-sw_mp15-BOB-wfJLijD81RAC-12_w0.wav,1.0,16000,1,0.9440608620643616,0.1966919630930408,4.799691677093506,0
gun_c3gd_wfJLijD81RAC_10-ny_gravel_pit-sw_mp15-BOB-wfJLijD81RAC-13_w0,c3gd_wfJLijD81RAC,gunshot,DANGEROUS_IMPULSE,data/processed\gunshot\gun_c3gd_wfJLijD81RAC_10-ny_gravel_pit-sw_mp15-BOB-wfJLijD81RAC-13_w0.wav,1.0,16000,1,0.9440608024597168,0.1918119490656891,4.9218034744262695,0
gun_c3gd_wfJLijD81RAC_10-ny_gravel_pit-sw_mp15-BOB-wfJLijD81RAC-14_w0,c3gd_wfJLijD81RAC,gunshot,DANGEROUS_IMPULSE,data/processed\gunshot\gun_c3gd_wfJLijD81RAC_10-ny_gravel_pit-sw_mp15-BOB-wfJLijD81RAC-14_w0.wav,1.0,16000,1,0.9440608620643616,0.218245896143526,4.325675010681152,0
gun_c3gd_wfJLijD81RAC_10-ny_gravel_pit-sw_mp15-BOB-wfJLijD81RAC-15_w0,c3gd_wfJLijD81RAC,gunshot,DANGEROUS_IMPULSE,data/processed\gunshot\gun_c3gd_wfJLijD81RAC_10-ny_gravel_pit-sw_mp15-BOB-wfJLijD81RAC-15_w0.wav,1.0,16000,1,0.9440608620643616,0.223923257180523,4.216001510620117,0
gun_c3gd_wfJLijD81RAC_10-ny_gravel_pit-sw_mp15-BOB-wfJLijD81RAC-16_w0,c3gd_wfJLijD81RAC,gunshot,DANGEROUS_IMPULSE,data/processed\gunshot\gun_c3gd_wfJLijD81RAC_10-ny_gravel_pit-sw_mp15-BOB-wfJLijD81RAC-16_w0.wav,1.0,16000,1,0.9440608620643616,0.193681833365883,4.874287128448486,0
gun_c3gd_wfJLijD81RAC_10-ny_gravel_pit-sw_mp15-BOB-wfJLijD81RAC-17_w0,c3gd_wfJLijD81RAC,gunshot,DANGEROUS_IMPULSE,data/processed\gunshot\gun_c3gd_wfJLijD81RAC_10-ny_gravel_pit-sw_mp15-BOB-wfJLijD81RAC-17_w0.wav,1.0,16000,1,0.9440608620643616,0.2063848823876485,4.574273109436035,0
gun_c3gd_wfJLijD81RAC_10-ny_gravel_pit-sw_mp15-BOB-wfJLijD81RAC-18_w0,c3gd_wfJLijD81RAC,gunshot,DANGEROUS_IMPULSE,data/processed\gunshot\gun_c3gd_wfJLijD81RAC_10-ny_gravel_pit-sw_mp15-BOB-wfJLijD81RAC-18_w0.wav,1.0,16000,1,0.9440608620643616,0.2186376248951723,4.317924976348877,0
gun_c3gd_wfJLijD81RAC_10-ny_gravel_pit-sw_mp15-BOB-wfJLijD81RAC-19_w0,c3gd_wfJLijD81RAC,gunshot,DANGEROUS_IMPULSE,data/processed\gunshot\gun_c3gd_wfJLijD81RAC_10-ny_gravel_pit-sw_mp15-BOB-wfJLijD81RAC-19_w0.wav,1.0,16000,1,0.9440608620643616,0.2231546729389614,4.230522155761719,0
gun_c3gd_wfJLijD81RAC_10-ny_gravel_pit-sw_mp15-BOB-wfJLijD81RAC-2_w0,c3gd_wfJLijD81RAC,gunshot,DANGEROUS_IMPULSE,data/processed\gunshot\gun_c3gd_wfJLijD81RAC_10-ny_gravel_pit-sw_mp15-BOB-wfJLijD81RAC-2_w0.wav,1.0,16000,1,0.9440608620643616,0.2267381792662193,4.163660526275635,0
gun_c3gd_wfJLijD81RAC_10-ny_gravel_pit-sw_mp15-BOB-wfJLijD81RAC-20_w0,c3gd_wfJLijD81RAC,gunshot,DANGEROUS_IMPULSE,data/processed\gunshot\gun_c3gd_wfJLijD81RAC_10-ny_gravel_pit-sw_mp15-BOB-wfJLijD81RAC-20_w0.wav,1.0,16000,1,0.9440608620643616,0.2017237583753086,4.679968357086182,0
gun_c3gd_wfJLijD81RAC_10-ny_gravel_pit-sw_mp15-BOB-wfJLijD81RAC-21_w0,c3gd_wfJLijD81RAC,gunshot,DANGEROUS_IMPULSE,data/processed\gunshot\gun_c3gd_wfJLijD81RAC_10-ny_gravel_pit-sw_mp15-BOB-wfJLijD81RAC-21_w0.wav,1.0,16000,1,0.9440608620643616,0.162841842628484,5.797409057617188,0
gun_c3gd_wfJLijD81RAC_10-ny_gravel_pit-sw_mp15-BOB-wfJLijD81RAC-22_w0,c3gd_wfJLijD81RAC,gunshot,DANGEROUS_IMPULSE,data/processed\gunshot\gun_c3gd_wfJLijD81RAC_10-ny_gravel_pit-sw_mp15-BOB-wfJLijD81RAC-22_w0.wav,1.0,16000,1,0.9440608024597168,0.1821168788180554,5.183817863464356,0
gun_c3gd_wfJLijD81RAC_10-ny_gravel_pit-sw_mp15-BOB-wfJLijD81RAC-23_w0,c3gd_wfJLijD81RAC,gunshot,DANGEROUS_IMPULSE,data/processed\gunshot\gun_c3gd_wfJLijD81RAC_10-ny_gravel_pit-sw_mp15-BOB-wfJLijD81RAC-23_w0.wav,1.0,16000,1,0.9440608620643616,0.2179308779776796,4.33192777633667,0
gun_c3gd_wfJLijD81RAC_10-ny_gravel_pit-sw_mp15-BOB-wfJLijD81RAC-24_w0,c3gd_wfJLijD81RAC,gunshot,DANGEROUS_IMPULSE,data/processed\gunshot\gun_c3gd_wfJLijD81RAC_10-ny_gravel_pit-sw_mp15-BOB-wfJLijD81RAC-24_w0.wav,1.0,16000,1,0.9440608620643616,0.2267415555897791,4.163598537445068,0
gun_c3gd_wfJLijD81RAC_10-ny_gravel_pit-sw_mp15-BOB-wfJLijD81RAC-25_w0,c3gd_wfJLijD81RAC,gunshot,DANGEROUS_IMPULSE,data/processed\gunshot\gun_c3gd_wfJLijD81RAC_10-ny_gravel_pit-sw_mp15-BOB-wfJLijD81RAC-25_w0.wav,1.0,16000,1,0.9440608620643616,0.197265521134453,4.785736560821533,0
gun_c3gd_wfJLijD81RAC_10-ny_gravel_pit-sw_mp15-BOB-wfJLijD81RAC-26_w0,c3gd_wfJLijD81RAC,gunshot,DANGEROUS_IMPULSE,data/processed\gunshot\gun_c3gd_wfJLijD81RAC_10-ny_gravel_pit-sw_mp15-BOB-wfJLijD81RAC-26_w0.wav,1.0,16000,1,0.9440608620643616,0.2127035876749451,4.438386917114258,0
gun_c3gd_wfJLijD81RAC_10-ny_gravel_pit-sw_mp15-BOB-wfJLijD81RAC-27_w0,c3gd_wfJLijD81RAC,gunshot,DANGEROUS_IMPULSE,data/processed\gunshot\gun_c3gd_wfJLijD81RAC_10-ny_gravel_pit-sw_mp15-BOB-wfJLijD81RAC-27_w0.wav,1.0,16000,1,0.9440608620643616,0.1701647458788486,5.547922611236572,0
gun_c3gd_wfJLijD81RAC_10-ny_gravel_pit-sw_mp15-BOB-wfJLijD81RAC-28_w0,c3gd_wfJLijD81RAC,gunshot,DANGEROUS_IMPULSE,data/processed\gunshot\gun_c3gd_wfJLijD81RAC_10-ny_gravel_pit-sw_mp15-BOB-wfJLijD81RAC-28_w0.wav,1.0,16000,1,0.9440608620643616,0.1722925597605531,5.479405403137207,0
gun_c3gd_wfJLijD81RAC_10-ny_gravel_pit-sw_mp15-BOB-wfJLijD81RAC-29_w0,c3gd_wfJLijD81RAC,gunshot,DANGEROUS_IMPULSE,data/processed\gunshot\gun_c3gd_wfJLijD81RAC_10-ny_gravel_pit-sw_mp15-BOB-wfJLijD81RAC-29_w0.wav,1.0,16000,1,0.9440608620643616,0.1973611392698179,4.783417701721191,0
gun_c3gd_wfJLijD81RAC_10-ny_gravel_pit-sw_mp15-BOB-wfJLijD81RAC-3_w0,c3gd_wfJLijD81RAC,gunshot,DANGEROUS_IMPULSE,data/processed\gunshot\gun_c3gd_wfJLijD81RAC_10-ny_gravel_pit-sw_mp15-BOB-wfJLijD81RAC-3_w0.wav,1.0,16000,1,0.9440608620643616,0.1813760491793656,5.204991817474365,0
gun_c3gd_wfJLijD81RAC_10-ny_gravel_pit-sw_mp15-BOB-wfJLijD81RAC-4_w0,c3gd_wfJLijD81RAC,gunshot,DANGEROUS_IMPULSE,data/processed\gunshot\gun_c3gd_wfJLijD81RAC_10-ny_gravel_pit-sw_mp15-BOB-wfJLijD81RAC-4_w0.wav,1.0,16000,1,0.9440608620643616,0.214222617027499,4.406914710998535,0
gun_c3gd_wfJLijD81RAC_10-ny_gravel_pit-sw_mp15-BOB-wfJLijD81RAC-5_w0,c3gd_wfJLijD81RAC,gunshot,DANGEROUS_IMPULSE,data/processed\gunshot\gun_c3gd_wfJLijD81RAC_10-ny_gravel_pit-sw_mp15-BOB-wfJLijD81RAC-5_w0.wav,1.0,16000,1,0.9440608620643616,0.1908238561920066,4.947288990020752,0
gun_c3gd_wfJLijD81RAC_10-ny_gravel_pit-sw_mp15-BOB-wfJLijD81RAC-6_w0,c3gd_wfJLijD81RAC,gunshot,DANGEROUS_IMPULSE,data/processed\gunshot\gun_c3gd_wfJLijD81RAC_10-ny_gravel_pit-sw_mp15-BOB-wfJLijD81RAC-6_w0.wav,1.0,16000,1,0.9440608620643616,0.1990650088662663,4.7424750328063965,0
gun_c3gd_wfJLijD81RAC_10-ny_gravel_pit-sw_mp15-BOB-wfJLijD81RAC-7_w0,c3gd_wfJLijD81RAC,gunshot,DANGEROUS_IMPULSE,data/processed\gunshot\gun_c3gd_wfJLijD81RAC_10-ny_gravel_pit-sw_mp15-BOB-wfJLijD81RAC-7_w0.wav,1.0,16000,1,0.9440608620643616,0.2138307096125114,4.414991855621338,0
gun_c3gd_wfJLijD81RAC_10-ny_gravel_pit-sw_mp15-BOB-wfJLijD81RAC-8_w0,c3gd_wfJLijD81RAC,gunshot,DANGEROUS_IMPULSE,data/processed\gunshot\gun_c3gd_wfJLijD81RAC_10-ny_gravel_pit-sw_mp15-BOB-wfJLijD81RAC-8_w0.wav,1.0,16000,1,0.9440608620643616,0.1894219854660234,4.983902931213379,0
gun_c3gd_wfJLijD81RAC_10-ny_gravel_pit-sw_mp15-BOB-wfJLijD81RAC-9_w0,c3gd_wfJLijD81RAC,gunshot,DANGEROUS_IMPULSE,data/processed\gunshot\gun_c3gd_wfJLijD81RAC_10-ny_gravel_pit-sw_mp15-BOB-wfJLijD81RAC-9_w0.wav,1.0,16000,1,0.9440608620643616,0.1613339931076607,5.851592540740967,0
gun_c3gd_NheG57B0Fjws_10-ny_gravel_pit-sw_mp15-BUTCH-NheG57B0Fjws-0_w0,c3gd_NheG57B0Fjws,gunshot,DANGEROUS_IMPULSE,data/processed\gunshot\gun_c3gd_NheG57B0Fjws_10-ny_gravel_pit-sw_mp15-BUTCH-NheG57B0Fjws-0_w0.wav,1.0,16000,1,0.9440608620643616,0.0855142618311487,11.03980541229248,0
gun_c3gd_NheG57B0Fjws_10-ny_gravel_pit-sw_mp15-BUTCH-NheG57B0Fjws-1_w0,c3gd_NheG57B0Fjws,gunshot,DANGEROUS_IMPULSE,data/processed\gunshot\gun_c3gd_NheG57B0Fjws_10-ny_gravel_pit-sw_mp15-BUTCH-NheG57B0Fjws-1_w0.wav,1.0,16000,1,0.9440608620643616,0.1249174985721399,7.557474613189697,0
gun_c3gd_NheG57B0Fjws_10-ny_gravel_pit-sw_mp15-BUTCH-NheG57B0Fjws-10_w0,c3gd_NheG57B0Fjws,gunshot,DANGEROUS_IMPULSE,data/processed\gunshot\gun_c3gd_NheG57B0Fjws_10-ny_gravel_pit-sw_mp15-BUTCH-NheG57B0Fjws-10_w0.wav,1.0,16000,1,0.9440608620643616,0.1619048782063006,5.830959796905518,0
gun_c3gd_NheG57B0Fjws_10-ny_gravel_pit-sw_mp15-BUTCH-NheG57B0Fjws-11_w0,c3gd_NheG57B0Fjws,gunshot,DANGEROUS_IMPULSE,data/processed\gunshot\gun_c3gd_NheG57B0Fjws_10-ny_gravel_pit-sw_mp15-BUTCH-NheG57B0Fjws-11_w0.wav,1.0,16000,1,0.9440608620643616,0.1043415900612644,9.04779052734375,0
gun_c3gd_NheG57B0Fjws_10-ny_gravel_pit-sw_mp15-BUTCH-NheG57B0Fjws-12_w0,c3gd_NheG57B0Fjws,gunshot,DANGEROUS_IMPULSE,data/processed\gunshot\gun_c3gd_NheG57B0Fjws_10-ny_gravel_pit-sw_mp15-BUTCH-NheG57B0Fjws-12_w0.wav,1.0,16000,1,0.9440608620643616,0.1079767850005933,8.743183135986328,0
gun_c3gd_NheG57B0Fjws_10-ny_gravel_pit-sw_mp15-BUTCH-NheG57B0Fjws-13_w0,c3gd_NheG57B0Fjws,gunshot,DANGEROUS_IMPULSE,data/processed\gunshot\gun_c3gd_NheG57B0Fjws_10-ny_gravel_pit-sw_mp15-BUTCH-NheG57B0Fjws-13_w0.wav,1.0,16000,1,0.9440608620643616,0.1933516683872985,4.882610321044922,0
gun_c3gd_NheG57B0Fjws_10-ny_gravel_pit-sw_mp15-BUTCH-NheG57B0Fjws-14_w0,c3gd_NheG57B0Fjws,gunshot,DANGEROUS_IMPULSE,data/processed\gunshot\gun_c3gd_NheG57B0Fjws_10-ny_gravel_pit-sw_mp15-BUTCH-NheG57B0Fjws-14_w0.wav,1.0,16000,1,0.9440608620643616,0.1104962994837264,8.543822288513184,0
gun_c3gd_NheG57B0Fjws_10-ny_gravel_pit-sw_mp15-BUTCH-NheG57B0Fjws-15_w0,c3gd_NheG57B0Fjws,gunshot,DANGEROUS_IMPULSE,data/processed\gunshot\gun_c3gd_NheG57B0Fjws_10-ny_gravel_pit-sw_mp15-BUTCH-NheG57B0Fjws-15_w0.wav,1.0,16000,1,0.9440608620643616,0.1323557319981878,7.132753849029541,0
gun_c3gd_NheG57B0Fjws_10-ny_gravel_pit-sw_mp15-BUTCH-NheG57B0Fjws-16_w0,c3gd_NheG57B0Fjws,gunshot,DANGEROUS_IMPULSE,data/processed\gunshot\gun_c3gd_NheG57B0Fjws_10-ny_gravel_pit-sw_mp15-BUTCH-NheG57B0Fjws-16_w0.wav,1.0,16000,1,0.9440608620643616,0.1263689097032123,7.470672607421875,0
gun_c3gd_NheG57B0Fjws_10-ny_gravel_pit-sw_mp15-BUTCH-NheG57B0Fjws-17_w0,c3gd_NheG57B0Fjws,gunshot,DANGEROUS_IMPULSE,data/processed\gunshot\gun_c3gd_NheG57B0Fjws_10-ny_gravel_pit-sw_mp15-BUTCH-NheG57B0Fjws-17_w0.wav,1.0,16000,1,0.9440608620643616,0.125236377140825,7.538230895996094,0
gun_c3gd_NheG57B0Fjws_10-ny_gravel_pit-sw_mp15-BUTCH-NheG57B0Fjws-18_w0,c3gd_NheG57B0Fjws,gunshot,DANGEROUS_IMPULSE,data/processed\gunshot\gun_c3gd_NheG57B0Fjws_10-ny_gravel_pit-sw_mp15-BUTCH-NheG57B0Fjws-18_w0.wav,1.0,16000,1,0.9440608620643616,0.1194659193246411,7.90234375,0
gun_c3gd_NheG57B0Fjws_10-ny_gravel_pit-sw_mp15-BUTCH-NheG57B0Fjws-19_w0,c3gd_NheG57B0Fjws,gunshot,DANGEROUS_IMPULSE,data/processed\gunshot\gun_c3gd_NheG57B0Fjws_10-ny_gravel_pit-sw_mp15-BUTCH-NheG57B0Fjws-19_w0.wav,1.0,16000,1,0.9440609216690063,0.1066022075369369,8.85592269897461,0
gun_c3gd_NheG57B0Fjws_10-ny_gravel_pit-sw_mp15-BUTCH-NheG57B0Fjws-2_w0,c3gd_NheG57B0Fjws,gunshot,DANGEROUS_IMPULSE,data/processed\gunshot\gun_c3gd_NheG57B0Fjws_10-ny_gravel_pit-sw_mp15-BUTCH-NheG57B0Fjws-2_w0.wav,1.0,16000,1,0.9440608620643616,0.1083213987753402,8.715367317199707,0
gun_c3gd_NheG57B0Fjws_10-ny_gravel_pit-sw_mp15-BUTCH-NheG57B0Fjws-20_w0,c3gd_NheG57B0Fjws,gunshot,DANGEROUS_IMPULSE,data/processed\gunshot\gun_c3gd_NheG57B0Fjws_10-ny_gravel_pit-sw_mp15-BUTCH-NheG57B0Fjws-20_w0.wav,1.0,16000,1,0.9440608620643616,0.1192664982356314,7.915556907653809,0
gun_c3gd_NheG57B0Fjws_10-ny_gravel_pit-sw_mp15-BUTCH-NheG57B0Fjws-21_w0,c3gd_NheG57B0Fjws,gunshot,DANGEROUS_IMPULSE,data/processed\gunshot\gun_c3gd_NheG57B0Fjws_10-ny_gravel_pit-sw_mp15-BUTCH-NheG57B0Fjws-21_w0.wav,1.0,16000,1,0.9440608620643616,0.103913496238038,9.085063934326172,0
gun_c3gd_NheG57B0Fjws_10-ny_gravel_pit-sw_mp15-BUTCH-NheG57B0Fjws-22_w0,c3gd_NheG57B0Fjws,gunshot,DANGEROUS_IMPULSE,data/processed\gunshot\gun_c3gd_NheG57B0Fjws_10-ny_gravel_pit-sw_mp15-BUTCH-NheG57B0Fjws-22_w0.wav,1.0,16000,1,0.9440608024597168,0.1079420370587995,8.745997428894043,0
gun_c3gd_NheG57B0Fjws_10-ny_gravel_pit-sw_mp15-BUTCH-NheG57B0Fjws-23_w0,c3gd_NheG57B0Fjws,gunshot,DANGEROUS_IMPULSE,data/processed\gunshot\gun_c3gd_NheG57B0Fjws_10-ny_gravel_pit-sw_mp15-BUTCH-NheG57B0Fjws-23_w0.wav,1.0,16000,1,0.9440608620643616,0.0968711863813084,9.745527267456056,0
gun_c3gd_NheG57B0Fjws_10-ny_gravel_pit-sw_mp15-BUTCH-NheG57B0Fjws-24_w0,c3gd_NheG57B0Fjws,gunshot,DANGEROUS_IMPULSE,data/processed\gunshot\gun_c3gd_NheG57B0Fjws_10-ny_gravel_pit-sw_mp15-BUTCH-NheG57B0Fjws-24_w0.wav,1.0,16000,1,0.9440608620643616,0.1368961681693164,6.896181106567383,0
gun_c3gd_NheG57B0Fjws_10-ny_gravel_pit-sw_mp15-BUTCH-NheG57B0Fjws-25_w0,c3gd_NheG57B0Fjws,gunshot,DANGEROUS_IMPULSE,data/processed\gunshot\gun_c3gd_NheG57B0Fjws_10-ny_gravel_pit-sw_mp15-BUTCH-NheG57B0Fjws-25_w0.wav,1.0,16000,1,0.9440608620643616,0.1613798097943398,5.849931716918945,0
gun_c3gd_NheG57B0Fjws_10-ny_gravel_pit-sw_mp15-BUTCH-NheG57B0Fjws-26_w0,c3gd_NheG57B0Fjws,gunshot,DANGEROUS_IMPULSE,data/processed\gunshot\gun_c3gd_NheG57B0Fjws_10-ny_gravel_pit-sw_mp15-BUTCH-NheG57B0Fjws-26_w0.wav,1.0,16000,1,0.9440608620643616,0.1285888492257573,7.341700553894043,0
gun_c3gd_NheG57B0Fjws_10-ny_gravel_pit-sw_mp15-BUTCH-NheG57B0Fjws-27_w0,c3gd_NheG57B0Fjws,gunshot,DANGEROUS_IMPULSE,data/processed\gunshot\gun_c3gd_NheG57B0Fjws_10-ny_gravel_pit-sw_mp15-BUTCH-NheG57B0Fjws-27_w0.wav,1.0,16000,1,0.9440609216690063,0.1149205727765998,8.214898109436035,0
gun_c3gd_NheG57B0Fjws_10-ny_gravel_pit-sw_mp15-BUTCH-NheG57B0Fjws-28_w0,c3gd_NheG57B0Fjws,gunshot,DANGEROUS_IMPULSE,data/processed\gunshot\gun_c3gd_NheG57B0Fjws_10-ny_gravel_pit-sw_mp15-BUTCH-NheG57B0Fjws-28_w0.wav,1.0,16000,1,0.9440608620643616,0.1737717847923437,5.432762145996094,0
gun_c3gd_NheG57B0Fjws_10-ny_gravel_pit-sw_mp15-BUTCH-NheG57B0Fjws-29_w0,c3gd_NheG57B0Fjws,gunshot,DANGEROUS_IMPULSE,data/processed\gunshot\gun_c3gd_NheG57B0Fjws_10-ny_gravel_pit-sw_mp15-BUTCH-NheG57B0Fjws-29_w0.wav,1.0,16000,1,0.9440608620643616,0.1370071094958444,6.890597343444824,0
gun_c3gd_NheG57B0Fjws_10-ny_gravel_pit-sw_mp15-BUTCH-NheG57B0Fjws-3_w0,c3gd_NheG57B0Fjws,gunshot,DANGEROUS_IMPULSE,data/processed\gunshot\gun_c3gd_NheG57B0Fjws_10-ny_gravel_pit-sw_mp15-BUTCH-NheG57B0Fjws-3_w0.wav,1.0,16000,1,0.9440608620643616,0.1084302262785434,8.706620216369629,0
gun_c3gd_NheG57B0Fjws_10-ny_gravel_pit-sw_mp15-BUTCH-NheG57B0Fjws-4_w0,c3gd_NheG57B0Fjws,gunshot,DANGEROUS_IMPULSE,data/processed\gunshot\gun_c3gd_NheG57B0Fjws_10-ny_gravel_pit-sw_mp15-BUTCH-NheG57B0Fjws-4_w0.wav,1.0,16000,1,0.9440608620643616,0.1355216753178721,6.966124057769775,0
gun_c3gd_NheG57B0Fjws_10-ny_gravel_pit-sw_mp15-BUTCH-NheG57B0Fjws-5_w0,c3gd_NheG57B0Fjws,gunshot,DANGEROUS_IMPULSE,data/processed\gunshot\gun_c3gd_NheG57B0Fjws_10-ny_gravel_pit-sw_mp15-BUTCH-NheG57B0Fjws-5_w0.wav,1.0,16000,1,0.9440608620643616,0.1017571793388247,9.277584075927734,0
gun_c3gd_NheG57B0Fjws_10-ny_gravel_pit-sw_mp15-BUTCH-NheG57B0Fjws-6_w0,c3gd_NheG57B0Fjws,gunshot,DANGEROUS_IMPULSE,data/processed\gunshot\gun_c3gd_NheG57B0Fjws_10-ny_gravel_pit-sw_mp15-BUTCH-NheG57B0Fjws-6_w0.wav,1.0,16000,1,0.9440608620643616,0.1283981685095958,7.352602958679199,0
gun_c3gd_NheG57B0Fjws_10-ny_gravel_pit-sw_mp15-BUTCH-NheG57B0Fjws-7_w0,c3gd_NheG57B0Fjws,gunshot,DANGEROUS_IMPULSE,data/processed\gunshot\gun_c3gd_NheG57B0Fjws_10-ny_gravel_pit-sw_mp15-BUTCH-NheG57B0Fjws-7_w0.wav,1.0,16000,1,0.9440608024597168,0.0923421219699983,10.2235107421875,0
gun_c3gd_NheG57B0Fjws_10-ny_gravel_pit-sw_mp15-BUTCH-NheG57B0Fjws-8_w0,c3gd_NheG57B0Fjws,gunshot,DANGEROUS_IMPULSE,data/processed\gunshot\gun_c3gd_NheG57B0Fjws_10-ny_gravel_pit-sw_mp15-BUTCH-NheG57B0Fjws-8_w0.wav,1.0,16000,1,0.9440608620643616,0.1057665822891281,8.925889015197754,0
gun_c3gd_NheG57B0Fjws_10-ny_gravel_pit-sw_mp15-BUTCH-NheG57B0Fjws-9_w0,c3gd_NheG57B0Fjws,gunshot,DANGEROUS_IMPULSE,data/processed\gunshot\gun_c3gd_NheG57B0Fjws_10-ny_gravel_pit-sw_mp15-BUTCH-NheG57B0Fjws-9_w0.wav,1.0,16000,1,0.9440608620643616,0.1288333455468616,7.327767372131348,0
gun_c3gd_2UuBJmJHDKr0_10-ny_gravel_pit-sw_mp15-CAROL-2UuBJmJHDKr0-0_w0,c3gd_2UuBJmJHDKr0,gunshot,DANGEROUS_IMPULSE,data/processed\gunshot\gun_c3gd_2UuBJmJHDKr0_10-ny_gravel_pit-sw_mp15-CAROL-2UuBJmJHDKr0-0_w0.wav,1.0,16000,1,0.9440608620643616,0.1240592964777292,7.60975456237793,0
gun_c3gd_2UuBJmJHDKr0_10-ny_gravel_pit-sw_mp15-CAROL-2UuBJmJHDKr0-1_w0,c3gd_2UuBJmJHDKr0,gunshot,DANGEROUS_IMPULSE,data/processed\gunshot\gun_c3gd_2UuBJmJHDKr0_10-ny_gravel_pit-sw_mp15-CAROL-2UuBJmJHDKr0-1_w0.wav,1.0,16000,1,0.9440608620643616,0.2471299532952027,3.820098876953125,0
gun_c3gd_2UuBJmJHDKr0_10-ny_gravel_pit-sw_mp15-CAROL-2UuBJmJHDKr0-10_w0,c3gd_2UuBJmJHDKr0,gunshot,DANGEROUS_IMPULSE,data/processed\gunshot\gun_c3gd_2UuBJmJHDKr0_10-ny_gravel_pit-sw_mp15-CAROL-2UuBJmJHDKr0-10_w0.wav,1.0,16000,1,0.9440608024597168,0.1280189741295546,7.374381065368652,0
gun_c3gd_2UuBJmJHDKr0_10-ny_gravel_pit-sw_mp15-CAROL-2UuBJmJHDKr0-11_w0,c3gd_2UuBJmJHDKr0,gunshot,DANGEROUS_IMPULSE,data/processed\gunshot\gun_c3gd_2UuBJmJHDKr0_10-ny_gravel_pit-sw_mp15-CAROL-2UuBJmJHDKr0-11_w0.wav,1.0,16000,1,0.9440609216690063,0.2045606442101272,4.615066051483154,0
gun_c3gd_2UuBJmJHDKr0_10-ny_gravel_pit-sw_mp15-CAROL-2UuBJmJHDKr0-12_w0,c3gd_2UuBJmJHDKr0,gunshot,DANGEROUS_IMPULSE,data/processed\gunshot\gun_c3gd_2UuBJmJHDKr0_10-ny_gravel_pit-sw_mp15-CAROL-2UuBJmJHDKr0-12_w0.wav,1.0,16000,1,0.9440609216690063,0.2003011284276949,4.713207721710205,0
gun_c3gd_2UuBJmJHDKr0_10-ny_gravel_pit-sw_mp15-CAROL-2UuBJmJHDKr0-13_w0,c3gd_2UuBJmJHDKr0,gunshot,DANGEROUS_IMPULSE,data/processed\gunshot\gun_c3gd_2UuBJmJHDKr0_10-ny_gravel_pit-sw_mp15-CAROL-2UuBJmJHDKr0-13_w0.wav,1.0,16000,1,0.9440608620643616,0.2573169946108884,3.66886305809021,0
gun_c3gd_2UuBJmJHDKr0_10-ny_gravel_pit-sw_mp15-CAROL-2UuBJmJHDKr0-14_w0,c3gd_2UuBJmJHDKr0,gunshot,DANGEROUS_IMPULSE,data/processed\gunshot\gun_c3gd_2UuBJmJHDKr0_10-ny_gravel_pit-sw_mp15-CAROL-2UuBJmJHDKr0-14_w0.wav,1.0,16000,1,0.9440608620643616,0.1651774903716792,5.715432643890381,0
gun_c3gd_2UuBJmJHDKr0_10-ny_gravel_pit-sw_mp15-CAROL-2UuBJmJHDKr0-15_w0,c3gd_2UuBJmJHDKr0,gunshot,DANGEROUS_IMPULSE,data/processed\gunshot\gun_c3gd_2UuBJmJHDKr0_10-ny_gravel_pit-sw_mp15-CAROL-2UuBJmJHDKr0-15_w0.wav,1.0,16000,1,0.9440608620643616,0.1554043415971855,6.0748677253723145,0
gun_c3gd_2UuBJmJHDKr0_10-ny_gravel_pit-sw_mp15-CAROL-2UuBJmJHDKr0-16_w0,c3gd_2UuBJmJHDKr0,gunshot,DANGEROUS_IMPULSE,data/processed\gunshot\gun_c3gd_2UuBJmJHDKr0_10-ny_gravel_pit-sw_mp15-CAROL-2UuBJmJHDKr0-16_w0.wav,1.0,16000,1,0.9440609216690063,0.1112212370674539,8.488134384155273,0
gun_c3gd_2UuBJmJHDKr0_10-ny_gravel_pit-sw_mp15-CAROL-2UuBJmJHDKr0-17_w0,c3gd_2UuBJmJHDKr0,gunshot,DANGEROUS_IMPULSE,data/processed\gunshot\gun_c3gd_2UuBJmJHDKr0_10-ny_gravel_pit-sw_mp15-CAROL-2UuBJmJHDKr0-17_w0.wav,1.0,16000,1,0.9440608620643616,0.1287978323257966,7.329787731170654,0
gun_c3gd_2UuBJmJHDKr0_10-ny_gravel_pit-sw_mp15-CAROL-2UuBJmJHDKr0-18_w0,c3gd_2UuBJmJHDKr0,gunshot,DANGEROUS_IMPULSE,data/processed\gunshot\gun_c3gd_2UuBJmJHDKr0_10-ny_gravel_pit-sw_mp15-CAROL-2UuBJmJHDKr0-18_w0.wav,1.0,16000,1,0.9440608620643616,0.142327951398294,6.632996082305908,0
gun_c3gd_2UuBJmJHDKr0_10-ny_gravel_pit-sw_mp15-CAROL-2UuBJmJHDKr0-19_w0,c3gd_2UuBJmJHDKr0,gunshot,DANGEROUS_IMPULSE,data/processed\gunshot\gun_c3gd_2UuBJmJHDKr0_10-ny_gravel_pit-sw_mp15-CAROL-2UuBJmJHDKr0-19_w0.wav,1.0,16000,1,0.9440608620643616,0.15975965847822,5.909256458282471,0
gun_c3gd_2UuBJmJHDKr0_10-ny_gravel_pit-sw_mp15-CAROL-2UuBJmJHDKr0-2_w0,c3gd_2UuBJmJHDKr0,gunshot,DANGEROUS_IMPULSE,data/processed\gunshot\gun_c3gd_2UuBJmJHDKr0_10-ny_gravel_pit-sw_mp15-CAROL-2UuBJmJHDKr0-2_w0.wav,1.0,16000,1,0.9440608024597168,0.1615060010398893,5.845360279083252,0
gun_c3gd_2UuBJmJHDKr0_10-ny_gravel_pit-sw_mp15-CAROL-2UuBJmJHDKr0-20_w0,c3gd_2UuBJmJHDKr0,gunshot,DANGEROUS_IMPULSE,data/processed\gunshot\gun_c3gd_2UuBJmJHDKr0_10-ny_gravel_pit-sw_mp15-CAROL-2UuBJmJHDKr0-20_w0.wav,1.0,16000,1,0.9440608620643616,0.1297186337293353,7.27775764465332,0
gun_c3gd_2UuBJmJHDKr0_10-ny_gravel_pit-sw_mp15-CAROL-2UuBJmJHDKr0-21_w0,c3gd_2UuBJmJHDKr0,gunshot,DANGEROUS_IMPULSE,data/processed\gunshot\gun_c3gd_2UuBJmJHDKr0_10-ny_gravel_pit-sw_mp15-CAROL-2UuBJmJHDKr0-21_w0.wav,1.0,16000,1,0.9440608620643616,0.1395211940550625,6.766432285308838,0
gun_c3gd_2UuBJmJHDKr0_10-ny_gravel_pit-sw_mp15-CAROL-2UuBJmJHDKr0-22_w0,c3gd_2UuBJmJHDKr0,gunshot,DANGEROUS_IMPULSE,data/processed\gunshot\gun_c3gd_2UuBJmJHDKr0_10-ny_gravel_pit-sw_mp15-CAROL-2UuBJmJHDKr0-22_w0.wav,1.0,16000,1,0.9440609216690063,0.1610819996563812,5.86074686050415,0
gun_c3gd_2UuBJmJHDKr0_10-ny_gravel_pit-sw_mp15-CAROL-2UuBJmJHDKr0-23_w0,c3gd_2UuBJmJHDKr0,gunshot,DANGEROUS_IMPULSE,data/processed\gunshot\gun_c3gd_2UuBJmJHDKr0_10-ny_gravel_pit-sw_mp15-CAROL-2UuBJmJHDKr0-23_w0.wav,1.0,16000,1,0.9440608620643616,0.1244742355773229,7.584387302398682,0
gun_c3gd_2UuBJmJHDKr0_10-ny_gravel_pit-sw_mp15-CAROL-2UuBJmJHDKr0-24_w0,c3gd_2UuBJmJHDKr0,gunshot,DANGEROUS_IMPULSE,data/processed\gunshot\gun_c3gd_2UuBJmJHDKr0_10-ny_gravel_pit-sw_mp15-CAROL-2UuBJmJHDKr0-24_w0.wav,1.0,16000,1,0.9440609216690063,0.2296195630399126,4.11141300201416,0
gun_c3gd_2UuBJmJHDKr0_10-ny_gravel_pit-sw_mp15-CAROL-2UuBJmJHDKr0-25_w0,c3gd_2UuBJmJHDKr0,gunshot,DANGEROUS_IMPULSE,data/processed\gunshot\gun_c3gd_2UuBJmJHDKr0_10-ny_gravel_pit-sw_mp15-CAROL-2UuBJmJHDKr0-25_w0.wav,1.0,16000,1,0.9440608620643616,0.2546923572568573,3.7066709995269775,0
gun_c3gd_2UuBJmJHDKr0_10-ny_gravel_pit-sw_mp15-CAROL-2UuBJmJHDKr0-26_w0,c3gd_2UuBJmJHDKr0,gunshot,DANGEROUS_IMPULSE,data/processed\gunshot\gun_c3gd_2UuBJmJHDKr0_10-ny_gravel_pit-sw_mp15-CAROL-2UuBJmJHDKr0-26_w0.wav,1.0,16000,1,0.9440608024597168,0.1140983765172656,8.274094581604004,0
gun_c3gd_2UuBJmJHDKr0_10-ny_gravel_pit-sw_mp15-CAROL-2UuBJmJHDKr0-27_w0,c3gd_2UuBJmJHDKr0,gunshot,DANGEROUS_IMPULSE,data/processed\gunshot\gun_c3gd_2UuBJmJHDKr0_10-ny_gravel_pit-sw_mp15-CAROL-2UuBJmJHDKr0-27_w0.wav,1.0,16000,1,0.9440608024597168,0.2285600847211051,4.1304707527160645,0
gun_c3gd_2UuBJmJHDKr0_10-ny_gravel_pit-sw_mp15-CAROL-2UuBJmJHDKr0-28_w0,c3gd_2UuBJmJHDKr0,gunshot,DANGEROUS_IMPULSE,data/processed\gunshot\gun_c3gd_2UuBJmJHDKr0_10-ny_gravel_pit-sw_mp15-CAROL-2UuBJmJHDKr0-28_w0.wav,1.0,16000,1,0.9440608620643616,0.1759348621983747,5.365968227386475,0
gun_c3gd_2UuBJmJHDKr0_10-ny_gravel_pit-sw_mp15-CAROL-2UuBJmJHDKr0-29_w0,c3gd_2UuBJmJHDKr0,gunshot,DANGEROUS_IMPULSE,data/processed\gunshot\gun_c3gd_2UuBJmJHDKr0_10-ny_gravel_pit-sw_mp15-CAROL-2UuBJmJHDKr0-29_w0.wav,1.0,16000,1,0.9440608620643616,0.1723891825031722,5.476334095001221,0
gun_c3gd_2UuBJmJHDKr0_10-ny_gravel_pit-sw_mp15-CAROL-2UuBJmJHDKr0-3_w0,c3gd_2UuBJmJHDKr0,gunshot,DANGEROUS_IMPULSE,data/processed\gunshot\gun_c3gd_2UuBJmJHDKr0_10-ny_gravel_pit-sw_mp15-CAROL-2UuBJmJHDKr0-3_w0.wav,1.0,16000,1,0.9440608620643616,0.1630225715199227,5.790982246398926,0
gun_c3gd_2UuBJmJHDKr0_10-ny_gravel_pit-sw_mp15-CAROL-2UuBJmJHDKr0-4_w0,c3gd_2UuBJmJHDKr0,gunshot,DANGEROUS_IMPULSE,data/processed\gunshot\gun_c3gd_2UuBJmJHDKr0_10-ny_gravel_pit-sw_mp15-CAROL-2UuBJmJHDKr0-4_w0.wav,1.0,16000,1,0.9440608024597168,0.1441633917240403,6.54854679107666,0
gun_c3gd_2UuBJmJHDKr0_10-ny_gravel_pit-sw_mp15-CAROL-2UuBJmJHDKr0-5_w0,c3gd_2UuBJmJHDKr0,gunshot,DANGEROUS_IMPULSE,data/processed\gunshot\gun_c3gd_2UuBJmJHDKr0_10-ny_gravel_pit-sw_mp15-CAROL-2UuBJmJHDKr0-5_w0.wav,1.0,16000,1,0.9440608620643616,0.1967914850724277,4.797264575958252,0
gun_c3gd_2UuBJmJHDKr0_10-ny_gravel_pit-sw_mp15-CAROL-2UuBJmJHDKr0-6_w0,c3gd_2UuBJmJHDKr0,gunshot,DANGEROUS_IMPULSE,data/processed\gunshot\gun_c3gd_2UuBJmJHDKr0_10-ny_gravel_pit-sw_mp15-CAROL-2UuBJmJHDKr0-6_w0.wav,1.0,16000,1,0.9440608620643616,0.20131615214927,4.689444065093994,0
gun_c3gd_2UuBJmJHDKr0_10-ny_gravel_pit-sw_mp15-CAROL-2UuBJmJHDKr0-7_w0,c3gd_2UuBJmJHDKr0,gunshot,DANGEROUS_IMPULSE,data/processed\gunshot\gun_c3gd_2UuBJmJHDKr0_10-ny_gravel_pit-sw_mp15-CAROL-2UuBJmJHDKr0-7_w0.wav,1.0,16000,1,0.9440608620643616,0.1268045142476177,7.445008754730225,0
gun_c3gd_2UuBJmJHDKr0_10-ny_gravel_pit-sw_mp15-CAROL-2UuBJmJHDKr0-8_w0,c3gd_2UuBJmJHDKr0,gunshot,DANGEROUS_IMPULSE,data/processed\gunshot\gun_c3gd_2UuBJmJHDKr0_10-ny_gravel_pit-sw_mp15-CAROL-2UuBJmJHDKr0-8_w0.wav,1.0,16000,1,0.9440608620643616,0.2287840692888074,4.126427173614502,0
gun_c3gd_2UuBJmJHDKr0_10-ny_gravel_pit-sw_mp15-CAROL-2UuBJmJHDKr0-9_w0,c3gd_2UuBJmJHDKr0,gunshot,DANGEROUS_IMPULSE,data/processed\gunshot\gun_c3gd_2UuBJmJHDKr0_10-ny_gravel_pit-sw_mp15-CAROL-2UuBJmJHDKr0-9_w0.wav,1.0,16000,1,0.9440608620643616,0.1947498227291255,4.847556591033936,0
gun_c3gd_3xb6NwNyAzbC_10-ny_gravel_pit-sw_mp15-DAVE-3xb6NwNyAzbC-0_w0,c3gd_3xb6NwNyAzbC,gunshot,DANGEROUS_IMPULSE,data/processed\gunshot\gun_c3gd_3xb6NwNyAzbC_10-ny_gravel_pit-sw_mp15-DAVE-3xb6NwNyAzbC-0_w0.wav,1.0,16000,1,0.9440608620643616,0.0382415666763599,24.686765670776367,0
gun_c3gd_3xb6NwNyAzbC_10-ny_gravel_pit-sw_mp15-DAVE-3xb6NwNyAzbC-1_w0,c3gd_3xb6NwNyAzbC,gunshot,DANGEROUS_IMPULSE,data/processed\gunshot\gun_c3gd_3xb6NwNyAzbC_10-ny_gravel_pit-sw_mp15-DAVE-3xb6NwNyAzbC-1_w0.wav,1.0,16000,1,0.9440608620643616,0.0326632494959852,28.902835845947266,0
gun_c3gd_3xb6NwNyAzbC_10-ny_gravel_pit-sw_mp15-DAVE-3xb6NwNyAzbC-10_w0,c3gd_3xb6NwNyAzbC,gunshot,DANGEROUS_IMPULSE,data/processed\gunshot\gun_c3gd_3xb6NwNyAzbC_10-ny_gravel_pit-sw_mp15-DAVE-3xb6NwNyAzbC-10_w0.wav,1.0,16000,1,0.9440608620643616,0.0322472982453145,29.27564811706543,0
gun_c3gd_3xb6NwNyAzbC_10-ny_gravel_pit-sw_mp15-DAVE-3xb6NwNyAzbC-11_w0,c3gd_3xb6NwNyAzbC,gunshot,DANGEROUS_IMPULSE,data/processed\gunshot\gun_c3gd_3xb6NwNyAzbC_10-ny_gravel_pit-sw_mp15-DAVE-3xb6NwNyAzbC-11_w0.wav,1.0,16000,1,0.9440608024597168,0.0374539045433564,25.205930709838867,0
gun_c3gd_3xb6NwNyAzbC_10-ny_gravel_pit-sw_mp15-DAVE-3xb6NwNyAzbC-12_w0,c3gd_3xb6NwNyAzbC,gunshot,DANGEROUS_IMPULSE,data/processed\gunshot\gun_c3gd_3xb6NwNyAzbC_10-ny_gravel_pit-sw_mp15-DAVE-3xb6NwNyAzbC-12_w0.wav,1.0,16000,1,0.9440608620643616,0.0314493156041189,30.01847648620605,0
gun_c3gd_3xb6NwNyAzbC_10-ny_gravel_pit-sw_mp15-DAVE-3xb6NwNyAzbC-13_w0,c3gd_3xb6NwNyAzbC,gunshot,DANGEROUS_IMPULSE,data/processed\gunshot\gun_c3gd_3xb6NwNyAzbC_10-ny_gravel_pit-sw_mp15-DAVE-3xb6NwNyAzbC-13_w0.wav,1.0,16000,1,0.9440608620643616,0.0308596277151141,30.592090606689453,0
gun_c3gd_3xb6NwNyAzbC_10-ny_gravel_pit-sw_mp15-DAVE-3xb6NwNyAzbC-14_w0,c3gd_3xb6NwNyAzbC,gunshot,DANGEROUS_IMPULSE,data/processed\gunshot\gun_c3gd_3xb6NwNyAzbC_10-ny_gravel_pit-sw_mp15-DAVE-3xb6NwNyAzbC-14_w0.wav,1.0,16000,1,0.9440608620643616,0.0360896506783814,26.15876197814941,0
gun_c3gd_3xb6NwNyAzbC_10-ny_gravel_pit-sw_mp15-DAVE-3xb6NwNyAzbC-15_w0,c3gd_3xb6NwNyAzbC,gunshot,DANGEROUS_IMPULSE,data/processed\gunshot\gun_c3gd_3xb6NwNyAzbC_10-ny_gravel_pit-sw_mp15-DAVE-3xb6NwNyAzbC-15_w0.wav,1.0,16000,1,0.9440608620643616,0.0391259750581391,24.128742218017575,0
gun_c3gd_3xb6NwNyAzbC_10-ny_gravel_pit-sw_mp15-DAVE-3xb6NwNyAzbC-16_w0,c3gd_3xb6NwNyAzbC,gunshot,DANGEROUS_IMPULSE,data/processed\gunshot\gun_c3gd_3xb6NwNyAzbC_10-ny_gravel_pit-sw_mp15-DAVE-3xb6NwNyAzbC-16_w0.wav,1.0,16000,1,0.9440609216690063,0.0349593776216367,27.004505157470703,0
gun_c3gd_3xb6NwNyAzbC_10-ny_gravel_pit-sw_mp15-DAVE-3xb6NwNyAzbC-17_w0,c3gd_3xb6NwNyAzbC,gunshot,DANGEROUS_IMPULSE,data/processed\gunshot\gun_c3gd_3xb6NwNyAzbC_10-ny_gravel_pit-sw_mp15-DAVE-3xb6NwNyAzbC-17_w0.wav,1.0,16000,1,0.9440608620643616,0.0439074989392359,21.50112533569336,0
gun_c3gd_3xb6NwNyAzbC_10-ny_gravel_pit-sw_mp15-DAVE-3xb6NwNyAzbC-18_w0,c3gd_3xb6NwNyAzbC,gunshot,DANGEROUS_IMPULSE,data/processed\gunshot\gun_c3gd_3xb6NwNyAzbC_10-ny_gravel_pit-sw_mp15-DAVE-3xb6NwNyAzbC-18_w0.wav,1.0,16000,1,0.9440608620643616,0.0462194337555691,20.42562294006348,0
gun_c3gd_3xb6NwNyAzbC_10-ny_gravel_pit-sw_mp15-DAVE-3xb6NwNyAzbC-19_w0,c3gd_3xb6NwNyAzbC,gunshot,DANGEROUS_IMPULSE,data/processed\gunshot\gun_c3gd_3xb6NwNyAzbC_10-ny_gravel_pit-sw_mp15-DAVE-3xb6NwNyAzbC-19_w0.wav,1.0,16000,1,0.9440608620643616,0.0476990551499402,19.79202079772949,0
gun_c3gd_3xb6NwNyAzbC_10-ny_gravel_pit-sw_mp15-DAVE-3xb6NwNyAzbC-2_w0,c3gd_3xb6NwNyAzbC,gunshot,DANGEROUS_IMPULSE,data/processed\gunshot\gun_c3gd_3xb6NwNyAzbC_10-ny_gravel_pit-sw_mp15-DAVE-3xb6NwNyAzbC-2_w0.wav,1.0,16000,1,0.9440608620643616,0.0359826495620944,26.236549377441406,0
gun_c3gd_3xb6NwNyAzbC_10-ny_gravel_pit-sw_mp15-DAVE-3xb6NwNyAzbC-20_w0,c3gd_3xb6NwNyAzbC,gunshot,DANGEROUS_IMPULSE,data/processed\gunshot\gun_c3gd_3xb6NwNyAzbC_10-ny_gravel_pit-sw_mp15-DAVE-3xb6NwNyAzbC-20_w0.wav,1.0,16000,1,0.9440608620643616,0.0425138807988681,22.2059383392334,0
gun_c3gd_3xb6NwNyAzbC_10-ny_gravel_pit-sw_mp15-DAVE-3xb6NwNyAzbC-21_w0,c3gd_3xb6NwNyAzbC,gunshot,DANGEROUS_IMPULSE,data/processed\gunshot\gun_c3gd_3xb6NwNyAzbC_10-ny_gravel_pit-sw_mp15-DAVE-3xb6NwNyAzbC-21_w0.wav,1.0,16000,1,0.9440608620643616,0.0343736069163979,27.464693069458008,0
gun_c3gd_3xb6NwNyAzbC_10-ny_gravel_pit-sw_mp15-DAVE-3xb6NwNyAzbC-22_w0,c3gd_3xb6NwNyAzbC,gunshot,DANGEROUS_IMPULSE,data/processed\gunshot\gun_c3gd_3xb6NwNyAzbC_10-ny_gravel_pit-sw_mp15-DAVE-3xb6NwNyAzbC-22_w0.wav,1.0,16000,1,0.9440609216690063,0.0371463256003977,25.414644241333008,0
gun_c3gd_3xb6NwNyAzbC_10-ny_gravel_pit-sw_mp15-DAVE-3xb6NwNyAzbC-23_w0,c3gd_3xb6NwNyAzbC,gunshot,DANGEROUS_IMPULSE,data/processed\gunshot\gun_c3gd_3xb6NwNyAzbC_10-ny_gravel_pit-sw_mp15-DAVE-3xb6NwNyAzbC-23_w0.wav,1.0,16000,1,0.9440608620643616,0.034356514745103,27.47835922241211,0
gun_c3gd_3xb6NwNyAzbC_10-ny_gravel_pit-sw_mp15-DAVE-3xb6NwNyAzbC-24_w0,c3gd_3xb6NwNyAzbC,gunshot,DANGEROUS_IMPULSE,data/processed\gunshot\gun_c3gd_3xb6NwNyAzbC_10-ny_gravel_pit-sw_mp15-DAVE-3xb6NwNyAzbC-24_w0.wav,1.0,16000,1,0.9440608620643616,0.0279653289270335,33.75824737548828,0
gun_c3gd_3xb6NwNyAzbC_10-ny_gravel_pit-sw_mp15-DAVE-3xb6NwNyAzbC-25_w0,c3gd_3xb6NwNyAzbC,gunshot,DANGEROUS_IMPULSE,data/processed\gunshot\gun_c3gd_3xb6NwNyAzbC_10-ny_gravel_pit-sw_mp15-DAVE-3xb6NwNyAzbC-25_w0.wav,1.0,16000,1,0.9440608620643616,0.0482677297503725,19.558835983276367,0
gun_c3gd_3xb6NwNyAzbC_10-ny_gravel_pit-sw_mp15-DAVE-3xb6NwNyAzbC-26_w0,c3gd_3xb6NwNyAzbC,gunshot,DANGEROUS_IMPULSE,data/processed\gunshot\gun_c3gd_3xb6NwNyAzbC_10-ny_gravel_pit-sw_mp15-DAVE-3xb6NwNyAzbC-26_w0.wav,1.0,16000,1,0.9440608620643616,0.0369816184000673,25.527833938598636,0
gun_c3gd_3xb6NwNyAzbC_10-ny_gravel_pit-sw_mp15-DAVE-3xb6NwNyAzbC-27_w0,c3gd_3xb6NwNyAzbC,gunshot,DANGEROUS_IMPULSE,data/processed\gunshot\gun_c3gd_3xb6NwNyAzbC_10-ny_gravel_pit-sw_mp15-DAVE-3xb6NwNyAzbC-27_w0.wav,1.0,16000,1,0.9440608620643616,0.0422977623638575,22.319398880004883,0
gun_c3gd_3xb6NwNyAzbC_10-ny_gravel_pit-sw_mp15-DAVE-3xb6NwNyAzbC-28_w0,c3gd_3xb6NwNyAzbC,gunshot,DANGEROUS_IMPULSE,data/processed\gunshot\gun_c3gd_3xb6NwNyAzbC_10-ny_gravel_pit-sw_mp15-DAVE-3xb6NwNyAzbC-28_w0.wav,1.0,16000,1,0.9440608620643616,0.0468734080322459,20.14064598083496,0
gun_c3gd_3xb6NwNyAzbC_10-ny_gravel_pit-sw_mp15-DAVE-3xb6NwNyAzbC-29_w0,c3gd_3xb6NwNyAzbC,gunshot,DANGEROUS_IMPULSE,data/processed\gunshot\gun_c3gd_3xb6NwNyAzbC_10-ny_gravel_pit-sw_mp15-DAVE-3xb6NwNyAzbC-29_w0.wav,1.0,16000,1,0.9440608620643616,0.0483180319580188,19.538475036621094,0
gun_c3gd_3xb6NwNyAzbC_10-ny_gravel_pit-sw_mp15-DAVE-3xb6NwNyAzbC-3_w0,c3gd_3xb6NwNyAzbC,gunshot,DANGEROUS_IMPULSE,data/processed\gunshot\gun_c3gd_3xb6NwNyAzbC_10-ny_gravel_pit-sw_mp15-DAVE-3xb6NwNyAzbC-3_w0.wav,1.0,16000,1,0.9440608620643616,0.0359902323490307,26.23102378845215,0
gun_c3gd_3xb6NwNyAzbC_10-ny_gravel_pit-sw_mp15-DAVE-3xb6NwNyAzbC-4_w0,c3gd_3xb6NwNyAzbC,gunshot,DANGEROUS_IMPULSE,data/processed\gunshot\gun_c3gd_3xb6NwNyAzbC_10-ny_gravel_pit-sw_mp15-DAVE-3xb6NwNyAzbC-4_w0.wav,1.0,16000,1,0.9440608620643616,0.0369866594566745,25.524354934692383,0
gun_c3gd_3xb6NwNyAzbC_10-ny_gravel_pit-sw_mp15-DAVE-3xb6NwNyAzbC-5_w0,c3gd_3xb6NwNyAzbC,gunshot,DANGEROUS_IMPULSE,data/processed\gunshot\gun_c3gd_3xb6NwNyAzbC_10-ny_gravel_pit-sw_mp15-DAVE-3xb6NwNyAzbC-5_w0.wav,1.0,16000,1,0.9440608620643616,0.0345826105560279,27.2987060546875,0
gun_c3gd_3xb6NwNyAzbC_10-ny_gravel_pit-sw_mp15-DAVE-3xb6NwNyAzbC-6_w0,c3gd_3xb6NwNyAzbC,gunshot,DANGEROUS_IMPULSE,data/processed\gunshot\gun_c3gd_3xb6NwNyAzbC_10-ny_gravel_pit-sw_mp15-DAVE-3xb6NwNyAzbC-6_w0.wav,1.0,16000,1,0.9440608620643616,0.0464978968764134,20.30329704284668,0
gun_c3gd_3xb6NwNyAzbC_10-ny_gravel_pit-sw_mp15-DAVE-3xb6NwNyAzbC-7_w0,c3gd_3xb6NwNyAzbC,gunshot,DANGEROUS_IMPULSE,data/processed\gunshot\gun_c3gd_3xb6NwNyAzbC_10-ny_gravel_pit-sw_mp15-DAVE-3xb6NwNyAzbC-7_w0.wav,1.0,16000,1,0.9440609216690063,0.0339219971919922,27.83033943176269,0
gun_c3gd_3xb6NwNyAzbC_10-ny_gravel_pit-sw_mp15-DAVE-3xb6NwNyAzbC-8_w0,c3gd_3xb6NwNyAzbC,gunshot,DANGEROUS_IMPULSE,data/processed\gunshot\gun_c3gd_3xb6NwNyAzbC_10-ny_gravel_pit-sw_mp15-DAVE-3xb6NwNyAzbC-8_w0.wav,1.0,16000,1,0.9440609216690063,0.0341632292495625,27.63382339477539,0
gun_c3gd_3xb6NwNyAzbC_10-ny_gravel_pit-sw_mp15-DAVE-3xb6NwNyAzbC-9_w0,c3gd_3xb6NwNyAzbC,gunshot,DANGEROUS_IMPULSE,data/processed\gunshot\gun_c3gd_3xb6NwNyAzbC_10-ny_gravel_pit-sw_mp15-DAVE-3xb6NwNyAzbC-9_w0.wav,1.0,16000,1,0.9440608620643616,0.0436754110799288,21.615379333496094,0
gun_c3gd_7gR94hji5299_10-ny_gravel_pit-sw_mp15-ERIN-7gR94hji5299-0_w0,c3gd_7gR94hji5299,gunshot,DANGEROUS_IMPULSE,data/processed\gunshot\gun_c3gd_7gR94hji5299_10-ny_gravel_pit-sw_mp15-ERIN-7gR94hji5299-0_w0.wav,1.0,16000,1,0.9440608620643616,0.0482592271719732,19.56228446960449,0
gun_c3gd_7gR94hji5299_10-ny_gravel_pit-sw_mp15-ERIN-7gR94hji5299-1_w0,c3gd_7gR94hji5299,gunshot,DANGEROUS_IMPULSE,data/processed\gunshot\gun_c3gd_7gR94hji5299_10-ny_gravel_pit-sw_mp15-ERIN-7gR94hji5299-1_w0.wav,1.0,16000,1,0.9440608620643616,0.0501094149013071,18.83998680114746,0
gun_c3gd_7gR94hji5299_10-ny_gravel_pit-sw_mp15-ERIN-7gR94hji5299-10_w0,c3gd_7gR94hji5299,gunshot,DANGEROUS_IMPULSE,data/processed\gunshot\gun_c3gd_7gR94hji5299_10-ny_gravel_pit-sw_mp15-ERIN-7gR94hji5299-10_w0.wav,1.0,16000,1,0.9440608024597168,0.0505883905743878,18.661605834960938,0
gun_c3gd_7gR94hji5299_10-ny_gravel_pit-sw_mp15-ERIN-7gR94hji5299-11_w0,c3gd_7gR94hji5299,gunshot,DANGEROUS_IMPULSE,data/processed\gunshot\gun_c3gd_7gR94hji5299_10-ny_gravel_pit-sw_mp15-ERIN-7gR94hji5299-11_w0.wav,1.0,16000,1,0.9440608024597168,0.047887377570509,19.714183807373047,0
gun_c3gd_7gR94hji5299_10-ny_gravel_pit-sw_mp15-ERIN-7gR94hji5299-12_w0,c3gd_7gR94hji5299,gunshot,DANGEROUS_IMPULSE,data/processed\gunshot\gun_c3gd_7gR94hji5299_10-ny_gravel_pit-sw_mp15-ERIN-7gR94hji5299-12_w0.wav,1.0,16000,1,0.9440608620643616,0.0498787128799649,18.927125930786133,0
gun_c3gd_7gR94hji5299_10-ny_gravel_pit-sw_mp15-ERIN-7gR94hji5299-13_w0,c3gd_7gR94hji5299,gunshot,DANGEROUS_IMPULSE,data/processed\gunshot\gun_c3gd_7gR94hji5299_10-ny_gravel_pit-sw_mp15-ERIN-7gR94hji5299-13_w0.wav,1.0,16000,1,0.9440608620643616,0.0514276065784987,18.357078552246094,0
gun_c3gd_7gR94hji5299_10-ny_gravel_pit-sw_mp15-ERIN-7gR94hji5299-14_w0,c3gd_7gR94hji5299,gunshot,DANGEROUS_IMPULSE,data/processed\gunshot\gun_c3gd_7gR94hji5299_10-ny_gravel_pit-sw_mp15-ERIN-7gR94hji5299-14_w0.wav,1.0,16000,1,0.9440608620643616,0.0519847012947592,18.16035461425781,0
gun_c3gd_7gR94hji5299_10-ny_gravel_pit-sw_mp15-ERIN-7gR94hji5299-15_w0,c3gd_7gR94hji5299,gunshot,DANGEROUS_IMPULSE,data/processed\gunshot\gun_c3gd_7gR94hji5299_10-ny_gravel_pit-sw_mp15-ERIN-7gR94hji5299-15_w0.wav,1.0,16000,1,0.9440608620643616,0.0483053185251915,19.54361724853516,0
gun_c3gd_7gR94hji5299_10-ny_gravel_pit-sw_mp15-ERIN-7gR94hji5299-16_w0,c3gd_7gR94hji5299,gunshot,DANGEROUS_IMPULSE,data/processed\gunshot\gun_c3gd_7gR94hji5299_10-ny_gravel_pit-sw_mp15-ERIN-7gR94hji5299-16_w0.wav,1.0,16000,1,0.9440608620643616,0.0509427693046213,18.53178977966309,0
gun_c3gd_7gR94hji5299_10-ny_gravel_pit-sw_mp15-ERIN-7gR94hji5299-17_w0,c3gd_7gR94hji5299,gunshot,DANGEROUS_IMPULSE,data/processed\gunshot\gun_c3gd_7gR94hji5299_10-ny_gravel_pit-sw_mp15-ERIN-7gR94hji5299-17_w0.wav,1.0,16000,1,0.9440608620643616,0.0505511361158239,18.67535972595215,0
gun_c3gd_7gR94hji5299_10-ny_gravel_pit-sw_mp15-ERIN-7gR94hji5299-18_w0,c3gd_7gR94hji5299,gunshot,DANGEROUS_IMPULSE,data/processed\gunshot\gun_c3gd_7gR94hji5299_10-ny_gravel_pit-sw_mp15-ERIN-7gR94hji5299-18_w0.wav,1.0,16000,1,0.9440608024597168,0.0488702830470815,19.31768226623535,0
gun_c3gd_7gR94hji5299_10-ny_gravel_pit-sw_mp15-ERIN-7gR94hji5299-19_w0,c3gd_7gR94hji5299,gunshot,DANGEROUS_IMPULSE,data/processed\gunshot\gun_c3gd_7gR94hji5299_10-ny_gravel_pit-sw_mp15-ERIN-7gR94hji5299-19_w0.wav,1.0,16000,1,0.9440608620643616,0.0531914952250709,17.74833869934082,0
gun_c3gd_7gR94hji5299_10-ny_gravel_pit-sw_mp15-ERIN-7gR94hji5299-2_w0,c3gd_7gR94hji5299,gunshot,DANGEROUS_IMPULSE,data/processed\gunshot\gun_c3gd_7gR94hji5299_10-ny_gravel_pit-sw_mp15-ERIN-7gR94hji5299-2_w0.wav,1.0,16000,1,0.9440609216690063,0.0483861879275138,19.510955810546875,0
gun_c3gd_7gR94hji5299_10-ny_gravel_pit-sw_mp15-ERIN-7gR94hji5299-20_w0,c3gd_7gR94hji5299,gunshot,DANGEROUS_IMPULSE,data/processed\gunshot\gun_c3gd_7gR94hji5299_10-ny_gravel_pit-sw_mp15-ERIN-7gR94hji5299-20_w0.wav,1.0,16000,1,0.9440608620643616,0.0481689568165273,19.59894371032715,0
gun_c3gd_7gR94hji5299_10-ny_gravel_pit-sw_mp15-ERIN-7gR94hji5299-21_w0,c3gd_7gR94hji5299,gunshot,DANGEROUS_IMPULSE,data/processed\gunshot\gun_c3gd_7gR94hji5299_10-ny_gravel_pit-sw_mp15-ERIN-7gR94hji5299-21_w0.wav,1.0,16000,1,0.9440608620643616,0.0543103131981903,17.382715225219727,0
gun_c3gd_7gR94hji5299_10-ny_gravel_pit-sw_mp15-ERIN-7gR94hji5299-22_w0,c3gd_7gR94hji5299,gunshot,DANGEROUS_IMPULSE,data/processed\gunshot\gun_c3gd_7gR94hji5299_10-ny_gravel_pit-sw_mp15-ERIN-7gR94hji5299-22_w0.wav,1.0,16000,1,0.9440608620643616,0.0495236734106917,19.06281471252441,0
gun_c3gd_7gR94hji5299_10-ny_gravel_pit-sw_mp15-ERIN-7gR94hji5299-23_w0,c3gd_7gR94hji5299,gunshot,DANGEROUS_IMPULSE,data/processed\gunshot\gun_c3gd_7gR94hji5299_10-ny_gravel_pit-sw_mp15-ERIN-7gR94hji5299-23_w0.wav,1.0,16000,1,0.9440608620643616,0.0459278879643669,20.55528259277344,0
gun_c3gd_7gR94hji5299_10-ny_gravel_pit-sw_mp15-ERIN-7gR94hji5299-24_w0,c3gd_7gR94hji5299,gunshot,DANGEROUS_IMPULSE,data/processed\gunshot\gun_c3gd_7gR94hji5299_10-ny_gravel_pit-sw_mp15-ERIN-7gR94hji5299-24_w0.wav,1.0,16000,1,0.9440608620643616,0.0540775746830315,17.45752716064453,0
gun_c3gd_7gR94hji5299_10-ny_gravel_pit-sw_mp15-ERIN-7gR94hji5299-25_w0,c3gd_7gR94hji5299,gunshot,DANGEROUS_IMPULSE,data/processed\gunshot\gun_c3gd_7gR94hji5299_10-ny_gravel_pit-sw_mp15-ERIN-7gR94hji5299-25_w0.wav,1.0,16000,1,0.9440608620643616,0.0470308232169256,20.07323265075684,0
gun_c3gd_7gR94hji5299_10-ny_gravel_pit-sw_mp15-ERIN-7gR94hji5299-26_w0,c3gd_7gR94hji5299,gunshot,DANGEROUS_IMPULSE,data/processed\gunshot\gun_c3gd_7gR94hji5299_10-ny_gravel_pit-sw_mp15-ERIN-7gR94hji5299-26_w0.wav,1.0,16000,1,0.9440608620643616,0.0506084003799238,18.65422821044922,0
gun_c3gd_7gR94hji5299_10-ny_gravel_pit-sw_mp15-ERIN-7gR94hji5299-27_w0,c3gd_7gR94hji5299,gunshot,DANGEROUS_IMPULSE,data/processed\gunshot\gun_c3gd_7gR94hji5299_10-ny_gravel_pit-sw_mp15-ERIN-7gR94hji5299-27_w0.wav,1.0,16000,1,0.9440608620643616,0.0491256470968248,19.217267990112305,0
gun_c3gd_7gR94hji5299_10-ny_gravel_pit-sw_mp15-ERIN-7gR94hji5299-28_w0,c3gd_7gR94hji5299,gunshot,DANGEROUS_IMPULSE,data/processed\gunshot\gun_c3gd_7gR94hji5299_10-ny_gravel_pit-sw_mp15-ERIN-7gR94hji5299-28_w0.wav,1.0,16000,1,0.9440608620643616,0.0456490488146904,20.68083953857422,0
gun_c3gd_7gR94hji5299_10-ny_gravel_pit-sw_mp15-ERIN-7gR94hji5299-29_w0,c3gd_7gR94hji5299,gunshot,DANGEROUS_IMPULSE,data/processed\gunshot\gun_c3gd_7gR94hji5299_10-ny_gravel_pit-sw_mp15-ERIN-7gR94hji5299-29_w0.wav,1.0,16000,1,0.9440608620643616,0.0507771027228625,18.59225273132324,0
gun_c3gd_7gR94hji5299_10-ny_gravel_pit-sw_mp15-ERIN-7gR94hji5299-3_w0,c3gd_7gR94hji5299,gunshot,DANGEROUS_IMPULSE,data/processed\gunshot\gun_c3gd_7gR94hji5299_10-ny_gravel_pit-sw_mp15-ERIN-7gR94hji5299-3_w0.wav,1.0,16000,1,0.9440608024597168,0.0488729533408141,19.316627502441406,0
gun_c3gd_7gR94hji5299_10-ny_gravel_pit-sw_mp15-ERIN-7gR94hji5299-4_w0,c3gd_7gR94hji5299,gunshot,DANGEROUS_IMPULSE,data/processed\gunshot\gun_c3gd_7gR94hji5299_10-ny_gravel_pit-sw_mp15-ERIN-7gR94hji5299-4_w0.wav,1.0,16000,1,0.9440608620643616,0.0536980331698213,17.580917358398438,0
gun_c3gd_7gR94hji5299_10-ny_gravel_pit-sw_mp15-ERIN-7gR94hji5299-5_w0,c3gd_7gR94hji5299,gunshot,DANGEROUS_IMPULSE,data/processed\gunshot\gun_c3gd_7gR94hji5299_10-ny_gravel_pit-sw_mp15-ERIN-7gR94hji5299-5_w0.wav,1.0,16000,1,0.9440608620643616,0.0482518498207874,19.56527328491211,0
gun_c3gd_7gR94hji5299_10-ny_gravel_pit-sw_mp15-ERIN-7gR94hji5299-6_w0,c3gd_7gR94hji5299,gunshot,DANGEROUS_IMPULSE,data/processed\gunshot\gun_c3gd_7gR94hji5299_10-ny_gravel_pit-sw_mp15-ERIN-7gR94hji5299-6_w0.wav,1.0,16000,1,0.9440608620643616,0.0534752595204959,17.654157638549805,0
gun_c3gd_7gR94hji5299_10-ny_gravel_pit-sw_mp15-ERIN-7gR94hji5299-7_w0,c3gd_7gR94hji5299,gunshot,DANGEROUS_IMPULSE,data/processed\gunshot\gun_c3gd_7gR94hji5299_10-ny_gravel_pit-sw_mp15-ERIN-7gR94hji5299-7_w0.wav,1.0,16000,1,0.9440608024597168,0.047992246477183,19.671106338500977,0
gun_c3gd_7gR94hji5299_10-ny_gravel_pit-sw_mp15-ERIN-7gR94hji5299-8_w0,c3gd_7gR94hji5299,gunshot,DANGEROUS_IMPULSE,data/processed\gunshot\gun_c3gd_7gR94hji5299_10-ny_gravel_pit-sw_mp15-ERIN-7gR94hji5299-8_w0.wav,1.0,16000,1,0.9440608620643616,0.0528868770433577,17.85056495666504,0
gun_c3gd_7gR94hji5299_10-ny_gravel_pit-sw_mp15-ERIN-7gR94hji5299-9_w0,c3gd_7gR94hji5299,gunshot,DANGEROUS_IMPULSE,data/processed\gunshot\gun_c3gd_7gR94hji5299_10-ny_gravel_pit-sw_mp15-ERIN-7gR94hji5299-9_w0.wav,1.0,16000,1,0.9440608620643616,0.0569283743931086,16.58330726623535,0
gun_c3gd_Qoar7WPiWXH6_10-ny_gravel_pit-sw_mp15-JON-Qoar7WPiWXH6-0_w0,c3gd_Qoar7WPiWXH6,gunshot,DANGEROUS_IMPULSE,data/processed\gunshot\gun_c3gd_Qoar7WPiWXH6_10-ny_gravel_pit-sw_mp15-JON-Qoar7WPiWXH6-0_w0.wav,1.0,16000,1,0.9440608620643616,0.0558090684516376,16.91590118408203,0
gun_c3gd_Qoar7WPiWXH6_10-ny_gravel_pit-sw_mp15-JON-Qoar7WPiWXH6-1_w0,c3gd_Qoar7WPiWXH6,gunshot,DANGEROUS_IMPULSE,data/processed\gunshot\gun_c3gd_Qoar7WPiWXH6_10-ny_gravel_pit-sw_mp15-JON-Qoar7WPiWXH6-1_w0.wav,1.0,16000,1,0.9440608024597168,0.0580103480301883,16.274003982543945,0
gun_c3gd_Qoar7WPiWXH6_10-ny_gravel_pit-sw_mp15-JON-Qoar7WPiWXH6-10_w0,c3gd_Qoar7WPiWXH6,gunshot,DANGEROUS_IMPULSE,data/processed\gunshot\gun_c3gd_Qoar7WPiWXH6_10-ny_gravel_pit-sw_mp15-JON-Qoar7WPiWXH6-10_w0.wav,1.0,16000,1,0.9440608620643616,0.0690396587328381,13.67418098449707,0
gun_c3gd_Qoar7WPiWXH6_10-ny_gravel_pit-sw_mp15-JON-Qoar7WPiWXH6-11_w0,c3gd_Qoar7WPiWXH6,gunshot,DANGEROUS_IMPULSE,data/processed\gunshot\gun_c3gd_Qoar7WPiWXH6_10-ny_gravel_pit-sw_mp15-JON-Qoar7WPiWXH6-11_w0.wav,1.0,16000,1,0.9440608620643616,0.0721289689347557,13.088509559631348,0
gun_c3gd_Qoar7WPiWXH6_10-ny_gravel_pit-sw_mp15-JON-Qoar7WPiWXH6-12_w0,c3gd_Qoar7WPiWXH6,gunshot,DANGEROUS_IMPULSE,data/processed\gunshot\gun_c3gd_Qoar7WPiWXH6_10-ny_gravel_pit-sw_mp15-JON-Qoar7WPiWXH6-12_w0.wav,1.0,16000,1,0.9440608620643616,0.0693683481356704,13.60938835144043,0
gun_c3gd_Qoar7WPiWXH6_10-ny_gravel_pit-sw_mp15-JON-Qoar7WPiWXH6-13_w0,c3gd_Qoar7WPiWXH6,gunshot,DANGEROUS_IMPULSE,data/processed\gunshot\gun_c3gd_Qoar7WPiWXH6_10-ny_gravel_pit-sw_mp15-JON-Qoar7WPiWXH6-13_w0.wav,1.0,16000,1,0.9440608620643616,0.0708788375717507,13.31935977935791,0
gun_c3gd_Qoar7WPiWXH6_10-ny_gravel_pit-sw_mp15-JON-Qoar7WPiWXH6-14_w0,c3gd_Qoar7WPiWXH6,gunshot,DANGEROUS_IMPULSE,data/processed\gunshot\gun_c3gd_Qoar7WPiWXH6_10-ny_gravel_pit-sw_mp15-JON-Qoar7WPiWXH6-14_w0.wav,1.0,16000,1,0.9440608620643616,0.0699246191573162,13.501120567321776,0
gun_c3gd_Qoar7WPiWXH6_10-ny_gravel_pit-sw_mp15-JON-Qoar7WPiWXH6-15_w0,c3gd_Qoar7WPiWXH6,gunshot,DANGEROUS_IMPULSE,data/processed\gunshot\gun_c3gd_Qoar7WPiWXH6_10-ny_gravel_pit-sw_mp15-JON-Qoar7WPiWXH6-15_w0.wav,1.0,16000,1,0.9440608620643616,0.0740053408904768,12.756656646728516,0
gun_c3gd_Qoar7WPiWXH6_10-ny_gravel_pit-sw_mp15-JON-Qoar7WPiWXH6-16_w0,c3gd_Qoar7WPiWXH6,gunshot,DANGEROUS_IMPULSE,data/processed\gunshot\gun_c3gd_Qoar7WPiWXH6_10-ny_gravel_pit-sw_mp15-JON-Qoar7WPiWXH6-16_w0.wav,1.0,16000,1,0.9440608620643616,0.0715631123010602,13.192001342773438,0
gun_c3gd_Qoar7WPiWXH6_10-ny_gravel_pit-sw_mp15-JON-Qoar7WPiWXH6-17_w0,c3gd_Qoar7WPiWXH6,gunshot,DANGEROUS_IMPULSE,data/processed\gunshot\gun_c3gd_Qoar7WPiWXH6_10-ny_gravel_pit-sw_mp15-JON-Qoar7WPiWXH6-17_w0.wav,1.0,16000,1,0.9440608620643616,0.0605438581607228,15.593005180358888,0
gun_c3gd_Qoar7WPiWXH6_10-ny_gravel_pit-sw_mp15-JON-Qoar7WPiWXH6-18_w0,c3gd_Qoar7WPiWXH6,gunshot,DANGEROUS_IMPULSE,data/processed\gunshot\gun_c3gd_Qoar7WPiWXH6_10-ny_gravel_pit-sw_mp15-JON-Qoar7WPiWXH6-18_w0.wav,1.0,16000,1,0.9165383577346802,0.0738528259523982,12.410333633422852,0
gun_c3gd_Qoar7WPiWXH6_10-ny_gravel_pit-sw_mp15-JON-Qoar7WPiWXH6-19_w0,c3gd_Qoar7WPiWXH6,gunshot,DANGEROUS_IMPULSE,data/processed\gunshot\gun_c3gd_Qoar7WPiWXH6_10-ny_gravel_pit-sw_mp15-JON-Qoar7WPiWXH6-19_w0.wav,1.0,16000,1,0.9440608620643616,0.0703441230869101,13.420604705810549,0
gun_c3gd_Qoar7WPiWXH6_10-ny_gravel_pit-sw_mp15-JON-Qoar7WPiWXH6-2_w0,c3gd_Qoar7WPiWXH6,gunshot,DANGEROUS_IMPULSE,data/processed\gunshot\gun_c3gd_Qoar7WPiWXH6_10-ny_gravel_pit-sw_mp15-JON-Qoar7WPiWXH6-2_w0.wav,1.0,16000,1,0.9440608620643616,0.0661449304497791,14.272607803344728,0
gun_c3gd_Qoar7WPiWXH6_10-ny_gravel_pit-sw_mp15-JON-Qoar7WPiWXH6-20_w0,c3gd_Qoar7WPiWXH6,gunshot,DANGEROUS_IMPULSE,data/processed\gunshot\gun_c3gd_Qoar7WPiWXH6_10-ny_gravel_pit-sw_mp15-JON-Qoar7WPiWXH6-20_w0.wav,1.0,16000,1,0.9440608620643616,0.0650924596592221,14.50338077545166,0
gun_c3gd_Qoar7WPiWXH6_10-ny_gravel_pit-sw_mp15-JON-Qoar7WPiWXH6-21_w0,c3gd_Qoar7WPiWXH6,gunshot,DANGEROUS_IMPULSE,data/processed\gunshot\gun_c3gd_Qoar7WPiWXH6_10-ny_gravel_pit-sw_mp15-JON-Qoar7WPiWXH6-21_w0.wav,1.0,16000,1,0.9440608620643616,0.0683825725977003,13.805574417114258,0
gun_c3gd_Qoar7WPiWXH6_10-ny_gravel_pit-sw_mp15-JON-Qoar7WPiWXH6-22_w0,c3gd_Qoar7WPiWXH6,gunshot,DANGEROUS_IMPULSE,data/processed\gunshot\gun_c3gd_Qoar7WPiWXH6_10-ny_gravel_pit-sw_mp15-JON-Qoar7WPiWXH6-22_w0.wav,1.0,16000,1,0.9440608620643616,0.0738076254727399,12.7908296585083,0
gun_c3gd_Qoar7WPiWXH6_10-ny_gravel_pit-sw_mp15-JON-Qoar7WPiWXH6-23_w0,c3gd_Qoar7WPiWXH6,gunshot,DANGEROUS_IMPULSE,data/processed\gunshot\gun_c3gd_Qoar7WPiWXH6_10-ny_gravel_pit-sw_mp15-JON-Qoar7WPiWXH6-23_w0.wav,1.0,16000,1,0.9440608620643616,0.0629965052299995,14.985921859741213,0
gun_c3gd_Qoar7WPiWXH6_10-ny_gravel_pit-sw_mp15-JON-Qoar7WPiWXH6-24_w0,c3gd_Qoar7WPiWXH6,gunshot,DANGEROUS_IMPULSE,data/processed\gunshot\gun_c3gd_Qoar7WPiWXH6_10-ny_gravel_pit-sw_mp15-JON-Qoar7WPiWXH6-24_w0.wav,1.0,16000,1,0.9440608620643616,0.0706108076733603,13.369917869567873,0
gun_c3gd_Qoar7WPiWXH6_10-ny_gravel_pit-sw_mp15-JON-Qoar7WPiWXH6-25_w0,c3gd_Qoar7WPiWXH6,gunshot,DANGEROUS_IMPULSE,data/processed\gunshot\gun_c3gd_Qoar7WPiWXH6_10-ny_gravel_pit-sw_mp15-JON-Qoar7WPiWXH6-25_w0.wav,1.0,16000,1,0.8588874936103821,0.0820246109092355,10.471094131469728,0
gun_c3gd_Qoar7WPiWXH6_10-ny_gravel_pit-sw_mp15-JON-Qoar7WPiWXH6-26_w0,c3gd_Qoar7WPiWXH6,gunshot,DANGEROUS_IMPULSE,data/processed\gunshot\gun_c3gd_Qoar7WPiWXH6_10-ny_gravel_pit-sw_mp15-JON-Qoar7WPiWXH6-26_w0.wav,1.0,16000,1,0.9440608620643616,0.064671702102924,14.59774112701416,0
gun_c3gd_Qoar7WPiWXH6_10-ny_gravel_pit-sw_mp15-JON-Qoar7WPiWXH6-27_w0,c3gd_Qoar7WPiWXH6,gunshot,DANGEROUS_IMPULSE,data/processed\gunshot\gun_c3gd_Qoar7WPiWXH6_10-ny_gravel_pit-sw_mp15-JON-Qoar7WPiWXH6-27_w0.wav,1.0,16000,1,0.8976491093635559,0.0751263128501536,11.948530197143556,0
gun_c3gd_Qoar7WPiWXH6_10-ny_gravel_pit-sw_mp15-JON-Qoar7WPiWXH6-28_w0,c3gd_Qoar7WPiWXH6,gunshot,DANGEROUS_IMPULSE,data/processed\gunshot\gun_c3gd_Qoar7WPiWXH6_10-ny_gravel_pit-sw_mp15-JON-Qoar7WPiWXH6-28_w0.wav,1.0,16000,1,0.9192275404930116,0.0737565543911215,12.462993621826172,0
gun_c3gd_Qoar7WPiWXH6_10-ny_gravel_pit-sw_mp15-JON-Qoar7WPiWXH6-29_w0,c3gd_Qoar7WPiWXH6,gunshot,DANGEROUS_IMPULSE,data/processed\gunshot\gun_c3gd_Qoar7WPiWXH6_10-ny_gravel_pit-sw_mp15-JON-Qoar7WPiWXH6-29_w0.wav,1.0,16000,1,0.9440608620643616,0.0735996994015169,12.826964378356934,0
gun_c3gd_Qoar7WPiWXH6_10-ny_gravel_pit-sw_mp15-JON-Qoar7WPiWXH6-3_w0,c3gd_Qoar7WPiWXH6,gunshot,DANGEROUS_IMPULSE,data/processed\gunshot\gun_c3gd_Qoar7WPiWXH6_10-ny_gravel_pit-sw_mp15-JON-Qoar7WPiWXH6-3_w0.wav,1.0,16000,1,0.9250635504722596,0.0718948770850003,12.86688995361328,0
gun_c3gd_Qoar7WPiWXH6_10-ny_gravel_pit-sw_mp15-JON-Qoar7WPiWXH6-4_w0,c3gd_Qoar7WPiWXH6,gunshot,DANGEROUS_IMPULSE,data/processed\gunshot\gun_c3gd_Qoar7WPiWXH6_10-ny_gravel_pit-sw_mp15-JON-Qoar7WPiWXH6-4_w0.wav,1.0,16000,1,0.9440608620643616,0.068077227198906,13.867496490478516,0
gun_c3gd_Qoar7WPiWXH6_10-ny_gravel_pit-sw_mp15-JON-Qoar7WPiWXH6-5_w0,c3gd_Qoar7WPiWXH6,gunshot,DANGEROUS_IMPULSE,data/processed\gunshot\gun_c3gd_Qoar7WPiWXH6_10-ny_gravel_pit-sw_mp15-JON-Qoar7WPiWXH6-5_w0.wav,1.0,16000,1,0.9440608620643616,0.0657444117278055,14.35955810546875,0
gun_c3gd_Qoar7WPiWXH6_10-ny_gravel_pit-sw_mp15-JON-Qoar7WPiWXH6-6_w0,c3gd_Qoar7WPiWXH6,gunshot,DANGEROUS_IMPULSE,data/processed\gunshot\gun_c3gd_Qoar7WPiWXH6_10-ny_gravel_pit-sw_mp15-JON-Qoar7WPiWXH6-6_w0.wav,1.0,16000,1,0.9440608620643616,0.0703614779595838,13.417295455932615,0
gun_c3gd_Qoar7WPiWXH6_10-ny_gravel_pit-sw_mp15-JON-Qoar7WPiWXH6-7_w0,c3gd_Qoar7WPiWXH6,gunshot,DANGEROUS_IMPULSE,data/processed\gunshot\gun_c3gd_Qoar7WPiWXH6_10-ny_gravel_pit-sw_mp15-JON-Qoar7WPiWXH6-7_w0.wav,1.0,16000,1,0.8277778625488281,0.0753811731491348,10.981226921081545,0
gun_c3gd_Qoar7WPiWXH6_10-ny_gravel_pit-sw_mp15-JON-Qoar7WPiWXH6-8_w0,c3gd_Qoar7WPiWXH6,gunshot,DANGEROUS_IMPULSE,data/processed\gunshot\gun_c3gd_Qoar7WPiWXH6_10-ny_gravel_pit-sw_mp15-JON-Qoar7WPiWXH6-8_w0.wav,1.0,16000,1,0.9440608620643616,0.0708825132913832,13.318669319152832,0
gun_c3gd_Qoar7WPiWXH6_10-ny_gravel_pit-sw_mp15-JON-Qoar7WPiWXH6-9_w0,c3gd_Qoar7WPiWXH6,gunshot,DANGEROUS_IMPULSE,data/processed\gunshot\gun_c3gd_Qoar7WPiWXH6_10-ny_gravel_pit-sw_mp15-JON-Qoar7WPiWXH6-9_w0.wav,1.0,16000,1,0.9440608620643616,0.0755748182442445,12.49173641204834,0
gun_c3gd_1r0HioVaKJ1H_10-oh_farm-hk_MR556-ALICE-1r0HioVaKJ1H-0_w0,c3gd_1r0HioVaKJ1H,gunshot,DANGEROUS_IMPULSE,data/processed\gunshot\gun_c3gd_1r0HioVaKJ1H_10-oh_farm-hk_MR556-ALICE-1r0HioVaKJ1H-0_w0.wav,1.0,16000,1,0.9440608620643616,0.1491795738081937,6.328351974487305,0
gun_c3gd_1r0HioVaKJ1H_10-oh_farm-hk_MR556-ALICE-1r0HioVaKJ1H-1_w0,c3gd_1r0HioVaKJ1H,gunshot,DANGEROUS_IMPULSE,data/processed\gunshot\gun_c3gd_1r0HioVaKJ1H_10-oh_farm-hk_MR556-ALICE-1r0HioVaKJ1H-1_w0.wav,1.0,16000,1,0.9440608620643616,0.1154318628574138,8.178510665893555,0
gun_c3gd_1r0HioVaKJ1H_10-oh_farm-hk_MR556-ALICE-1r0HioVaKJ1H-10_w0,c3gd_1r0HioVaKJ1H,gunshot,DANGEROUS_IMPULSE,data/processed\gunshot\gun_c3gd_1r0HioVaKJ1H_10-oh_farm-hk_MR556-ALICE-1r0HioVaKJ1H-10_w0.wav,1.0,16000,1,0.9440608620643616,0.1162839147487443,8.118584632873535,0
gun_c3gd_1r0HioVaKJ1H_10-oh_farm-hk_MR556-ALICE-1r0HioVaKJ1H-11_w0,c3gd_1r0HioVaKJ1H,gunshot,DANGEROUS_IMPULSE,data/processed\gunshot\gun_c3gd_1r0HioVaKJ1H_10-oh_farm-hk_MR556-ALICE-1r0HioVaKJ1H-11_w0.wav,1.0,16000,1,0.9440609216690063,0.1217503168174902,7.754073143005371,0
gun_c3gd_1r0HioVaKJ1H_10-oh_farm-hk_MR556-ALICE-1r0HioVaKJ1H-12_w0,c3gd_1r0HioVaKJ1H,gunshot,DANGEROUS_IMPULSE,data/processed\gunshot\gun_c3gd_1r0HioVaKJ1H_10-oh_farm-hk_MR556-ALICE-1r0HioVaKJ1H-12_w0.wav,1.0,16000,1,0.9440608620643616,0.1238802248199828,7.620754241943359,0
gun_c3gd_1r0HioVaKJ1H_10-oh_farm-hk_MR556-ALICE-1r0HioVaKJ1H-13_w0,c3gd_1r0HioVaKJ1H,gunshot,DANGEROUS_IMPULSE,data/processed\gunshot\gun_c3gd_1r0HioVaKJ1H_10-oh_farm-hk_MR556-ALICE-1r0HioVaKJ1H-13_w0.wav,1.0,16000,1,0.9440608620643616,0.1105264948198713,8.541488647460938,0
gun_c3gd_1r0HioVaKJ1H_10-oh_farm-hk_MR556-ALICE-1r0HioVaKJ1H-14_w0,c3gd_1r0HioVaKJ1H,gunshot,DANGEROUS_IMPULSE,data/processed\gunshot\gun_c3gd_1r0HioVaKJ1H_10-oh_farm-hk_MR556-ALICE-1r0HioVaKJ1H-14_w0.wav,1.0,16000,1,0.9440608024597168,0.1193349730519782,7.911015033721924,0
gun_c3gd_1r0HioVaKJ1H_10-oh_farm-hk_MR556-ALICE-1r0HioVaKJ1H-15_w0,c3gd_1r0HioVaKJ1H,gunshot,DANGEROUS_IMPULSE,data/processed\gunshot\gun_c3gd_1r0HioVaKJ1H_10-oh_farm-hk_MR556-ALICE-1r0HioVaKJ1H-15_w0.wav,1.0,16000,1,0.9440609216690063,0.1185528726768789,7.963204860687256,0
gun_c3gd_1r0HioVaKJ1H_10-oh_farm-hk_MR556-ALICE-1r0HioVaKJ1H-16_w0,c3gd_1r0HioVaKJ1H,gunshot,DANGEROUS_IMPULSE,data/processed\gunshot\gun_c3gd_1r0HioVaKJ1H_10-oh_farm-hk_MR556-ALICE-1r0HioVaKJ1H-16_w0.wav,1.0,16000,1,0.9440608620643616,0.1129486240237398,8.358320236206055,0
gun_c3gd_1r0HioVaKJ1H_10-oh_farm-hk_MR556-ALICE-1r0HioVaKJ1H-17_w0,c3gd_1r0HioVaKJ1H,gunshot,DANGEROUS_IMPULSE,data/processed\gunshot\gun_c3gd_1r0HioVaKJ1H_10-oh_farm-hk_MR556-ALICE-1r0HioVaKJ1H-17_w0.wav,1.0,16000,1,0.9440608620643616,0.1196468106320202,7.890396595001221,0
gun_c3gd_1r0HioVaKJ1H_10-oh_farm-hk_MR556-ALICE-1r0HioVaKJ1H-18_w0,c3gd_1r0HioVaKJ1H,gunshot,DANGEROUS_IMPULSE,data/processed\gunshot\gun_c3gd_1r0HioVaKJ1H_10-oh_farm-hk_MR556-ALICE-1r0HioVaKJ1H-18_w0.wav,1.0,16000,1,0.9440608024597168,0.1170653302427949,8.06439208984375,0
gun_c3gd_1r0HioVaKJ1H_10-oh_farm-hk_MR556-ALICE-1r0HioVaKJ1H-19_w0,c3gd_1r0HioVaKJ1H,gunshot,DANGEROUS_IMPULSE,data/processed\gunshot\gun_c3gd_1r0HioVaKJ1H_10-oh_farm-hk_MR556-ALICE-1r0HioVaKJ1H-19_w0.wav,1.0,16000,1,0.9440608620643616,0.1091023051478715,8.652986526489258,0
gun_c3gd_1r0HioVaKJ1H_10-oh_farm-hk_MR556-ALICE-1r0HioVaKJ1H-2_w0,c3gd_1r0HioVaKJ1H,gunshot,DANGEROUS_IMPULSE,data/processed\gunshot\gun_c3gd_1r0HioVaKJ1H_10-oh_farm-hk_MR556-ALICE-1r0HioVaKJ1H-2_w0.wav,1.0,16000,1,0.9440608620643616,0.1060322964462327,8.903521537780762,0
gun_c3gd_1r0HioVaKJ1H_10-oh_farm-hk_MR556-ALICE-1r0HioVaKJ1H-3_w0,c3gd_1r0HioVaKJ1H,gunshot,DANGEROUS_IMPULSE,data/processed\gunshot\gun_c3gd_1r0HioVaKJ1H_10-oh_farm-hk_MR556-ALICE-1r0HioVaKJ1H-3_w0.wav,1.0,16000,1,0.9440609216690063,0.1168163262631503,8.081583023071289,0
gun_c3gd_1r0HioVaKJ1H_10-oh_farm-hk_MR556-ALICE-1r0HioVaKJ1H-4_w0,c3gd_1r0HioVaKJ1H,gunshot,DANGEROUS_IMPULSE,data/processed\gunshot\gun_c3gd_1r0HioVaKJ1H_10-oh_farm-hk_MR556-ALICE-1r0HioVaKJ1H-4_w0.wav,1.0,16000,1,0.9440609216690063,0.1171009936524076,8.06193733215332,0
gun_c3gd_1r0HioVaKJ1H_10-oh_farm-hk_MR556-ALICE-1r0HioVaKJ1H-5_w0,c3gd_1r0HioVaKJ1H,gunshot,DANGEROUS_IMPULSE,data/processed\gunshot\gun_c3gd_1r0HioVaKJ1H_10-oh_farm-hk_MR556-ALICE-1r0HioVaKJ1H-5_w0.wav,1.0,16000,1,0.9440608620643616,0.1116767327450489,8.453513145446777,0
gun_c3gd_1r0HioVaKJ1H_10-oh_farm-hk_MR556-ALICE-1r0HioVaKJ1H-6_w0,c3gd_1r0HioVaKJ1H,gunshot,DANGEROUS_IMPULSE,data/processed\gunshot\gun_c3gd_1r0HioVaKJ1H_10-oh_farm-hk_MR556-ALICE-1r0HioVaKJ1H-6_w0.wav,1.0,16000,1,0.9440608620643616,0.1156772290974156,8.161163330078125,0
gun_c3gd_1r0HioVaKJ1H_10-oh_farm-hk_MR556-ALICE-1r0HioVaKJ1H-7_w0,c3gd_1r0HioVaKJ1H,gunshot,DANGEROUS_IMPULSE,data/processed\gunshot\gun_c3gd_1r0HioVaKJ1H_10-oh_farm-hk_MR556-ALICE-1r0HioVaKJ1H-7_w0.wav,1.0,16000,1,0.9440608620643616,0.1168308154519924,8.080580711364746,0
gun_c3gd_1r0HioVaKJ1H_10-oh_farm-hk_MR556-ALICE-1r0HioVaKJ1H-8_w0,c3gd_1r0HioVaKJ1H,gunshot,DANGEROUS_IMPULSE,data/processed\gunshot\gun_c3gd_1r0HioVaKJ1H_10-oh_farm-hk_MR556-ALICE-1r0HioVaKJ1H-8_w0.wav,1.0,16000,1,0.9440608620643616,0.1414109558565903,6.676009178161621,0
gun_c3gd_1r0HioVaKJ1H_10-oh_farm-hk_MR556-ALICE-1r0HioVaKJ1H-9_w0,c3gd_1r0HioVaKJ1H,gunshot,DANGEROUS_IMPULSE,data/processed\gunshot\gun_c3gd_1r0HioVaKJ1H_10-oh_farm-hk_MR556-ALICE-1r0HioVaKJ1H-9_w0.wav,1.0,16000,1,0.9440608620643616,0.1416238043844893,6.665975570678711,0
gun_c3gd_epczwDkQOJGc_10-oh_farm-hk_MR556-ALICE-epczwDkQOJGc-0_w0,c3gd_epczwDkQOJGc,gunshot,DANGEROUS_IMPULSE,data/processed\gunshot\gun_c3gd_epczwDkQOJGc_10-oh_farm-hk_MR556-ALICE-epczwDkQOJGc-0_w0.wav,1.0,16000,1,0.9440608620643616,0.1485805951100787,6.35386323928833,0
gun_c3gd_epczwDkQOJGc_10-oh_farm-hk_MR556-ALICE-epczwDkQOJGc-1_w0,c3gd_epczwDkQOJGc,gunshot,DANGEROUS_IMPULSE,data/processed\gunshot\gun_c3gd_epczwDkQOJGc_10-oh_farm-hk_MR556-ALICE-epczwDkQOJGc-1_w0.wav,1.0,16000,1,0.9440608620643616,0.1103433926689176,8.555662155151367,0
gun_c3gd_epczwDkQOJGc_10-oh_farm-hk_MR556-ALICE-epczwDkQOJGc-10_w0,c3gd_epczwDkQOJGc,gunshot,DANGEROUS_IMPULSE,data/processed\gunshot\gun_c3gd_epczwDkQOJGc_10-oh_farm-hk_MR556-ALICE-epczwDkQOJGc-10_w0.wav,1.0,16000,1,0.9440608620643616,0.0984118838888622,9.592954635620115,0
gun_c3gd_epczwDkQOJGc_10-oh_farm-hk_MR556-ALICE-epczwDkQOJGc-11_w0,c3gd_epczwDkQOJGc,gunshot,DANGEROUS_IMPULSE,data/processed\gunshot\gun_c3gd_epczwDkQOJGc_10-oh_farm-hk_MR556-ALICE-epczwDkQOJGc-11_w0.wav,1.0,16000,1,0.9440608620643616,0.1188827639893846,7.941107273101807,0
gun_c3gd_epczwDkQOJGc_10-oh_farm-hk_MR556-ALICE-epczwDkQOJGc-12_w0,c3gd_epczwDkQOJGc,gunshot,DANGEROUS_IMPULSE,data/processed\gunshot\gun_c3gd_epczwDkQOJGc_10-oh_farm-hk_MR556-ALICE-epczwDkQOJGc-12_w0.wav,1.0,16000,1,0.9440608620643616,0.107173732778451,8.808695793151855,0
gun_c3gd_epczwDkQOJGc_10-oh_farm-hk_MR556-ALICE-epczwDkQOJGc-13_w0,c3gd_epczwDkQOJGc,gunshot,DANGEROUS_IMPULSE,data/processed\gunshot\gun_c3gd_epczwDkQOJGc_10-oh_farm-hk_MR556-ALICE-epczwDkQOJGc-13_w0.wav,1.0,16000,1,0.9440608620643616,0.1074227116292105,8.788278579711914,0
gun_c3gd_epczwDkQOJGc_10-oh_farm-hk_MR556-ALICE-epczwDkQOJGc-14_w0,c3gd_epczwDkQOJGc,gunshot,DANGEROUS_IMPULSE,data/processed\gunshot\gun_c3gd_epczwDkQOJGc_10-oh_farm-hk_MR556-ALICE-epczwDkQOJGc-14_w0.wav,1.0,16000,1,0.9440608620643616,0.1073322095317285,8.795689582824707,0
gun_c3gd_epczwDkQOJGc_10-oh_farm-hk_MR556-ALICE-epczwDkQOJGc-15_w0,c3gd_epczwDkQOJGc,gunshot,DANGEROUS_IMPULSE,data/processed\gunshot\gun_c3gd_epczwDkQOJGc_10-oh_farm-hk_MR556-ALICE-epczwDkQOJGc-15_w0.wav,1.0,16000,1,0.9440608620643616,0.0991740578521935,9.519230842590332,0
gun_c3gd_epczwDkQOJGc_10-oh_farm-hk_MR556-ALICE-epczwDkQOJGc-16_w0,c3gd_epczwDkQOJGc,gunshot,DANGEROUS_IMPULSE,data/processed\gunshot\gun_c3gd_epczwDkQOJGc_10-oh_farm-hk_MR556-ALICE-epczwDkQOJGc-16_w0.wav,1.0,16000,1,0.9440609216690063,0.1156774907560815,8.16114616394043,0
gun_c3gd_epczwDkQOJGc_10-oh_farm-hk_MR556-ALICE-epczwDkQOJGc-17_w0,c3gd_epczwDkQOJGc,gunshot,DANGEROUS_IMPULSE,data/processed\gunshot\gun_c3gd_epczwDkQOJGc_10-oh_farm-hk_MR556-ALICE-epczwDkQOJGc-17_w0.wav,1.0,16000,1,0.9440608024597168,0.1073544550781452,8.793866157531738,0
gun_c3gd_epczwDkQOJGc_10-oh_farm-hk_MR556-ALICE-epczwDkQOJGc-18_w0,c3gd_epczwDkQOJGc,gunshot,DANGEROUS_IMPULSE,data/processed\gunshot\gun_c3gd_epczwDkQOJGc_10-oh_farm-hk_MR556-ALICE-epczwDkQOJGc-18_w0.wav,1.0,16000,1,0.9440608620643616,0.1103232988942463,8.557220458984375,0
gun_c3gd_epczwDkQOJGc_10-oh_farm-hk_MR556-ALICE-epczwDkQOJGc-19_w0,c3gd_epczwDkQOJGc,gunshot,DANGEROUS_IMPULSE,data/processed\gunshot\gun_c3gd_epczwDkQOJGc_10-oh_farm-hk_MR556-ALICE-epczwDkQOJGc-19_w0.wav,1.0,16000,1,0.9440608620643616,0.1067540171995796,8.843327522277832,0
gun_c3gd_epczwDkQOJGc_10-oh_farm-hk_MR556-ALICE-epczwDkQOJGc-2_w0,c3gd_epczwDkQOJGc,gunshot,DANGEROUS_IMPULSE,data/processed\gunshot\gun_c3gd_epczwDkQOJGc_10-oh_farm-hk_MR556-ALICE-epczwDkQOJGc-2_w0.wav,1.0,16000,1,0.9440608620643616,0.1011453553279158,9.333703994750977,0
gun_c3gd_epczwDkQOJGc_10-oh_farm-hk_MR556-ALICE-epczwDkQOJGc-3_w0,c3gd_epczwDkQOJGc,gunshot,DANGEROUS_IMPULSE,data/processed\gunshot\gun_c3gd_epczwDkQOJGc_10-oh_farm-hk_MR556-ALICE-epczwDkQOJGc-3_w0.wav,1.0,16000,1,0.9440609216690063,0.1180792535713035,7.995145797729492,0
gun_c3gd_epczwDkQOJGc_10-oh_farm-hk_MR556-ALICE-epczwDkQOJGc-4_w0,c3gd_epczwDkQOJGc,gunshot,DANGEROUS_IMPULSE,data/processed\gunshot\gun_c3gd_epczwDkQOJGc_10-oh_farm-hk_MR556-ALICE-epczwDkQOJGc-4_w0.wav,1.0,16000,1,0.9440608024597168,0.1100698055794738,8.576927185058594,0
gun_c3gd_epczwDkQOJGc_10-oh_farm-hk_MR556-ALICE-epczwDkQOJGc-5_w0,c3gd_epczwDkQOJGc,gunshot,DANGEROUS_IMPULSE,data/processed\gunshot\gun_c3gd_epczwDkQOJGc_10-oh_farm-hk_MR556-ALICE-epczwDkQOJGc-5_w0.wav,1.0,16000,1,0.9440608620643616,0.1087339852519723,8.682296752929688,0
gun_c3gd_epczwDkQOJGc_10-oh_farm-hk_MR556-ALICE-epczwDkQOJGc-6_w0,c3gd_epczwDkQOJGc,gunshot,DANGEROUS_IMPULSE,data/processed\gunshot\gun_c3gd_epczwDkQOJGc_10-oh_farm-hk_MR556-ALICE-epczwDkQOJGc-6_w0.wav,1.0,16000,1,0.9440608620643616,0.1112129552649429,8.488765716552734,0
gun_c3gd_epczwDkQOJGc_10-oh_farm-hk_MR556-ALICE-epczwDkQOJGc-7_w0,c3gd_epczwDkQOJGc,gunshot,DANGEROUS_IMPULSE,data/processed\gunshot\gun_c3gd_epczwDkQOJGc_10-oh_farm-hk_MR556-ALICE-epczwDkQOJGc-7_w0.wav,1.0,16000,1,0.9440608620643616,0.110243938931441,8.563380241394043,0
gun_c3gd_epczwDkQOJGc_10-oh_farm-hk_MR556-ALICE-epczwDkQOJGc-8_w0,c3gd_epczwDkQOJGc,gunshot,DANGEROUS_IMPULSE,data/processed\gunshot\gun_c3gd_epczwDkQOJGc_10-oh_farm-hk_MR556-ALICE-epczwDkQOJGc-8_w0.wav,1.0,16000,1,0.9440608620643616,0.1463752848999482,6.449591159820557,0
gun_c3gd_epczwDkQOJGc_10-oh_farm-hk_MR556-ALICE-epczwDkQOJGc-9_w0,c3gd_epczwDkQOJGc,gunshot,DANGEROUS_IMPULSE,data/processed\gunshot\gun_c3gd_epczwDkQOJGc_10-oh_farm-hk_MR556-ALICE-epczwDkQOJGc-9_w0.wav,1.0,16000,1,0.9440608620643616,0.1449773322465939,6.511781692504883,0
gun_c3gd_6Quc5LjO0EL0_10-oh_farm-hk_MR556-BOB-6Quc5LjO0EL0-0_w0,c3gd_6Quc5LjO0EL0,gunshot,DANGEROUS_IMPULSE,data/processed\gunshot\gun_c3gd_6Quc5LjO0EL0_10-oh_farm-hk_MR556-BOB-6Quc5LjO0EL0-0_w0.wav,1.0,16000,1,0.9440608620643616,0.0949682760051084,9.940800666809082,0
gun_c3gd_6Quc5LjO0EL0_10-oh_farm-hk_MR556-BOB-6Quc5LjO0EL0-1_w0,c3gd_6Quc5LjO0EL0,gunshot,DANGEROUS_IMPULSE,data/processed\gunshot\gun_c3gd_6Quc5LjO0EL0_10-oh_farm-hk_MR556-BOB-6Quc5LjO0EL0-1_w0.wav,1.0,16000,1,0.9440608620643616,0.0577547524370546,16.346025466918945,0
gun_c3gd_6Quc5LjO0EL0_10-oh_farm-hk_MR556-BOB-6Quc5LjO0EL0-10_w0,c3gd_6Quc5LjO0EL0,gunshot,DANGEROUS_IMPULSE,data/processed\gunshot\gun_c3gd_6Quc5LjO0EL0_10-oh_farm-hk_MR556-BOB-6Quc5LjO0EL0-10_w0.wav,1.0,16000,1,0.9440608620643616,0.0653330744387786,14.449966430664062,0
gun_c3gd_6Quc5LjO0EL0_10-oh_farm-hk_MR556-BOB-6Quc5LjO0EL0-11_w0,c3gd_6Quc5LjO0EL0,gunshot,DANGEROUS_IMPULSE,data/processed\gunshot\gun_c3gd_6Quc5LjO0EL0_10-oh_farm-hk_MR556-BOB-6Quc5LjO0EL0-11_w0.wav,1.0,16000,1,0.9440608620643616,0.0544695641442568,17.331893920898438,0
gun_c3gd_6Quc5LjO0EL0_10-oh_farm-hk_MR556-BOB-6Quc5LjO0EL0-12_w0,c3gd_6Quc5LjO0EL0,gunshot,DANGEROUS_IMPULSE,data/processed\gunshot\gun_c3gd_6Quc5LjO0EL0_10-oh_farm-hk_MR556-BOB-6Quc5LjO0EL0-12_w0.wav,1.0,16000,1,0.9440608620643616,0.0557385728134548,16.93729591369629,0
gun_c3gd_6Quc5LjO0EL0_10-oh_farm-hk_MR556-BOB-6Quc5LjO0EL0-13_w0,c3gd_6Quc5LjO0EL0,gunshot,DANGEROUS_IMPULSE,data/processed\gunshot\gun_c3gd_6Quc5LjO0EL0_10-oh_farm-hk_MR556-BOB-6Quc5LjO0EL0-13_w0.wav,1.0,16000,1,0.9440608620643616,0.0569971595083071,16.56329345703125,0
gun_c3gd_6Quc5LjO0EL0_10-oh_farm-hk_MR556-BOB-6Quc5LjO0EL0-14_w0,c3gd_6Quc5LjO0EL0,gunshot,DANGEROUS_IMPULSE,data/processed\gunshot\gun_c3gd_6Quc5LjO0EL0_10-oh_farm-hk_MR556-BOB-6Quc5LjO0EL0-14_w0.wav,1.0,16000,1,0.9440608620643616,0.0622972070604032,15.154141426086426,0
gun_c3gd_6Quc5LjO0EL0_10-oh_farm-hk_MR556-BOB-6Quc5LjO0EL0-15_w0,c3gd_6Quc5LjO0EL0,gunshot,DANGEROUS_IMPULSE,data/processed\gunshot\gun_c3gd_6Quc5LjO0EL0_10-oh_farm-hk_MR556-BOB-6Quc5LjO0EL0-15_w0.wav,1.0,16000,1,0.9440608024597168,0.0659958802835309,14.304842948913574,0
gun_c3gd_6Quc5LjO0EL0_10-oh_farm-hk_MR556-BOB-6Quc5LjO0EL0-16_w0,c3gd_6Quc5LjO0EL0,gunshot,DANGEROUS_IMPULSE,data/processed\gunshot\gun_c3gd_6Quc5LjO0EL0_10-oh_farm-hk_MR556-BOB-6Quc5LjO0EL0-16_w0.wav,1.0,16000,1,0.9440608620643616,0.061029388155179,15.468953132629396,0
gun_c3gd_6Quc5LjO0EL0_10-oh_farm-hk_MR556-BOB-6Quc5LjO0EL0-17_w0,c3gd_6Quc5LjO0EL0,gunshot,DANGEROUS_IMPULSE,data/processed\gunshot\gun_c3gd_6Quc5LjO0EL0_10-oh_farm-hk_MR556-BOB-6Quc5LjO0EL0-17_w0.wav,1.0,16000,1,0.9440608620643616,0.0744898637790243,12.673680305480955,0
gun_c3gd_6Quc5LjO0EL0_10-oh_farm-hk_MR556-BOB-6Quc5LjO0EL0-18_w0,c3gd_6Quc5LjO0EL0,gunshot,DANGEROUS_IMPULSE,data/processed\gunshot\gun_c3gd_6Quc5LjO0EL0_10-oh_farm-hk_MR556-BOB-6Quc5LjO0EL0-18_w0.wav,1.0,16000,1,0.9440608620643616,0.0769804834491748,12.26363754272461,0
gun_c3gd_6Quc5LjO0EL0_10-oh_farm-hk_MR556-BOB-6Quc5LjO0EL0-19_w0,c3gd_6Quc5LjO0EL0,gunshot,DANGEROUS_IMPULSE,data/processed\gunshot\gun_c3gd_6Quc5LjO0EL0_10-oh_farm-hk_MR556-BOB-6Quc5LjO0EL0-19_w0.wav,1.0,16000,1,0.9440608620643616,0.062858229195262,15.018888473510742,0
gun_c3gd_6Quc5LjO0EL0_10-oh_farm-hk_MR556-BOB-6Quc5LjO0EL0-2_w0,c3gd_6Quc5LjO0EL0,gunshot,DANGEROUS_IMPULSE,data/processed\gunshot\gun_c3gd_6Quc5LjO0EL0_10-oh_farm-hk_MR556-BOB-6Quc5LjO0EL0-2_w0.wav,1.0,16000,1,0.9440608620643616,0.0547915558638618,17.230039596557617,0
gun_c3gd_6Quc5LjO0EL0_10-oh_farm-hk_MR556-BOB-6Quc5LjO0EL0-3_w0,c3gd_6Quc5LjO0EL0,gunshot,DANGEROUS_IMPULSE,data/processed\gunshot\gun_c3gd_6Quc5LjO0EL0_10-oh_farm-hk_MR556-BOB-6Quc5LjO0EL0-3_w0.wav,1.0,16000,1,0.9440608620643616,0.0550857924136332,17.13800811767578,0
gun_c3gd_6Quc5LjO0EL0_10-oh_farm-hk_MR556-BOB-6Quc5LjO0EL0-4_w0,c3gd_6Quc5LjO0EL0,gunshot,DANGEROUS_IMPULSE,data/processed\gunshot\gun_c3gd_6Quc5LjO0EL0_10-oh_farm-hk_MR556-BOB-6Quc5LjO0EL0-4_w0.wav,1.0,16000,1,0.9440608620643616,0.0808060549729391,11.683045387268066,0
gun_c3gd_6Quc5LjO0EL0_10-oh_farm-hk_MR556-BOB-6Quc5LjO0EL0-5_w0,c3gd_6Quc5LjO0EL0,gunshot,DANGEROUS_IMPULSE,data/processed\gunshot\gun_c3gd_6Quc5LjO0EL0_10-oh_farm-hk_MR556-BOB-6Quc5LjO0EL0-5_w0.wav,1.0,16000,1,0.9440608620643616,0.079097335608305,11.935430526733398,0
gun_c3gd_6Quc5LjO0EL0_10-oh_farm-hk_MR556-BOB-6Quc5LjO0EL0-6_w0,c3gd_6Quc5LjO0EL0,gunshot,DANGEROUS_IMPULSE,data/processed\gunshot\gun_c3gd_6Quc5LjO0EL0_10-oh_farm-hk_MR556-BOB-6Quc5LjO0EL0-6_w0.wav,1.0,16000,1,0.9440608024597168,0.0730324284654731,12.926595687866213,0
gun_c3gd_6Quc5LjO0EL0_10-oh_farm-hk_MR556-BOB-6Quc5LjO0EL0-7_w0,c3gd_6Quc5LjO0EL0,gunshot,DANGEROUS_IMPULSE,data/processed\gunshot\gun_c3gd_6Quc5LjO0EL0_10-oh_farm-hk_MR556-BOB-6Quc5LjO0EL0-7_w0.wav,1.0,16000,1,0.9440608620643616,0.0642840668052312,14.685765266418455,0
gun_c3gd_6Quc5LjO0EL0_10-oh_farm-hk_MR556-BOB-6Quc5LjO0EL0-8_w0,c3gd_6Quc5LjO0EL0,gunshot,DANGEROUS_IMPULSE,data/processed\gunshot\gun_c3gd_6Quc5LjO0EL0_10-oh_farm-hk_MR556-BOB-6Quc5LjO0EL0-8_w0.wav,1.0,16000,1,0.9440608620643616,0.0540559395560878,17.464513778686523,0
gun_c3gd_6Quc5LjO0EL0_10-oh_farm-hk_MR556-BOB-6Quc5LjO0EL0-9_w0,c3gd_6Quc5LjO0EL0,gunshot,DANGEROUS_IMPULSE,data/processed\gunshot\gun_c3gd_6Quc5LjO0EL0_10-oh_farm-hk_MR556-BOB-6Quc5LjO0EL0-9_w0.wav,1.0,16000,1,0.9440608620643616,0.078937711085485,11.959565162658691,0
gun_c3gd_ds0u7jQiB4nC_10-oh_farm-hk_MR556-DAVE-ds0u7jQiB4nC-0_w0,c3gd_ds0u7jQiB4nC,gunshot,DANGEROUS_IMPULSE,data/processed\gunshot\gun_c3gd_ds0u7jQiB4nC_10-oh_farm-hk_MR556-DAVE-ds0u7jQiB4nC-0_w0.wav,1.0,16000,1,0.9440608024597168,0.0419797934494445,22.48845100402832,0
gun_c3gd_ds0u7jQiB4nC_10-oh_farm-hk_MR556-DAVE-ds0u7jQiB4nC-1_w0,c3gd_ds0u7jQiB4nC,gunshot,DANGEROUS_IMPULSE,data/processed\gunshot\gun_c3gd_ds0u7jQiB4nC_10-oh_farm-hk_MR556-DAVE-ds0u7jQiB4nC-1_w0.wav,1.0,16000,1,0.9440608620643616,0.0484757415685067,19.474910736083984,0
gun_c3gd_ds0u7jQiB4nC_10-oh_farm-hk_MR556-DAVE-ds0u7jQiB4nC-10_w0,c3gd_ds0u7jQiB4nC,gunshot,DANGEROUS_IMPULSE,data/processed\gunshot\gun_c3gd_ds0u7jQiB4nC_10-oh_farm-hk_MR556-DAVE-ds0u7jQiB4nC-10_w0.wav,1.0,16000,1,0.9440608620643616,0.0790429604645562,11.94364070892334,0
gun_c3gd_ds0u7jQiB4nC_10-oh_farm-hk_MR556-DAVE-ds0u7jQiB4nC-11_w0,c3gd_ds0u7jQiB4nC,gunshot,DANGEROUS_IMPULSE,data/processed\gunshot\gun_c3gd_ds0u7jQiB4nC_10-oh_farm-hk_MR556-DAVE-ds0u7jQiB4nC-11_w0.wav,1.0,16000,1,0.9440608620643616,0.0848477393252179,11.126527786254885,0
gun_c3gd_ds0u7jQiB4nC_10-oh_farm-hk_MR556-DAVE-ds0u7jQiB4nC-12_w0,c3gd_ds0u7jQiB4nC,gunshot,DANGEROUS_IMPULSE,data/processed\gunshot\gun_c3gd_ds0u7jQiB4nC_10-oh_farm-hk_MR556-DAVE-ds0u7jQiB4nC-12_w0.wav,1.0,16000,1,0.9440608620643616,0.1068567496327387,8.834826469421387,0
gun_c3gd_ds0u7jQiB4nC_10-oh_farm-hk_MR556-DAVE-ds0u7jQiB4nC-13_w0,c3gd_ds0u7jQiB4nC,gunshot,DANGEROUS_IMPULSE,data/processed\gunshot\gun_c3gd_ds0u7jQiB4nC_10-oh_farm-hk_MR556-DAVE-ds0u7jQiB4nC-13_w0.wav,1.0,16000,1,0.9440608620643616,0.0890447341616751,10.602095603942873,0
gun_c3gd_ds0u7jQiB4nC_10-oh_farm-hk_MR556-DAVE-ds0u7jQiB4nC-14_w0,c3gd_ds0u7jQiB4nC,gunshot,DANGEROUS_IMPULSE,data/processed\gunshot\gun_c3gd_ds0u7jQiB4nC_10-oh_farm-hk_MR556-DAVE-ds0u7jQiB4nC-14_w0.wav,1.0,16000,1,0.9440608620643616,0.08745387492217,10.79495620727539,0
gun_c3gd_ds0u7jQiB4nC_10-oh_farm-hk_MR556-DAVE-ds0u7jQiB4nC-15_w0,c3gd_ds0u7jQiB4nC,gunshot,DANGEROUS_IMPULSE,data/processed\gunshot\gun_c3gd_ds0u7jQiB4nC_10-oh_farm-hk_MR556-DAVE-ds0u7jQiB4nC-15_w0.wav,1.0,16000,1,0.9440608620643616,0.1137955026084213,8.296116828918457,0
gun_c3gd_ds0u7jQiB4nC_10-oh_farm-hk_MR556-DAVE-ds0u7jQiB4nC-16_w0,c3gd_ds0u7jQiB4nC,gunshot,DANGEROUS_IMPULSE,data/processed\gunshot\gun_c3gd_ds0u7jQiB4nC_10-oh_farm-hk_MR556-DAVE-ds0u7jQiB4nC-16_w0.wav,1.0,16000,1,0.9440608620643616,0.084097051995636,11.225848197937012,0
gun_c3gd_ds0u7jQiB4nC_10-oh_farm-hk_MR556-DAVE-ds0u7jQiB4nC-17_w0,c3gd_ds0u7jQiB4nC,gunshot,DANGEROUS_IMPULSE,data/processed\gunshot\gun_c3gd_ds0u7jQiB4nC_10-oh_farm-hk_MR556-DAVE-ds0u7jQiB4nC-17_w0.wav,1.0,16000,1,0.9440609216690063,0.0608518001662194,15.514098167419434,0
gun_c3gd_ds0u7jQiB4nC_10-oh_farm-hk_MR556-DAVE-ds0u7jQiB4nC-18_w0,c3gd_ds0u7jQiB4nC,gunshot,DANGEROUS_IMPULSE,data/processed\gunshot\gun_c3gd_ds0u7jQiB4nC_10-oh_farm-hk_MR556-DAVE-ds0u7jQiB4nC-18_w0.wav,1.0,16000,1,0.9440608620643616,0.0982865023157122,9.60519313812256,0
gun_c3gd_ds0u7jQiB4nC_10-oh_farm-hk_MR556-DAVE-ds0u7jQiB4nC-19_w0,c3gd_ds0u7jQiB4nC,gunshot,DANGEROUS_IMPULSE,data/processed\gunshot\gun_c3gd_ds0u7jQiB4nC_10-oh_farm-hk_MR556-DAVE-ds0u7jQiB4nC-19_w0.wav,1.0,16000,1,0.9440608620643616,0.0965055573721148,9.78244972229004,0
gun_c3gd_ds0u7jQiB4nC_10-oh_farm-hk_MR556-DAVE-ds0u7jQiB4nC-2_w0,c3gd_ds0u7jQiB4nC,gunshot,DANGEROUS_IMPULSE,data/processed\gunshot\gun_c3gd_ds0u7jQiB4nC_10-oh_farm-hk_MR556-DAVE-ds0u7jQiB4nC-2_w0.wav,1.0,16000,1,0.9440608620643616,0.046208924324638,20.43026733398437,0
gun_c3gd_ds0u7jQiB4nC_10-oh_farm-hk_MR556-DAVE-ds0u7jQiB4nC-3_w0,c3gd_ds0u7jQiB4nC,gunshot,DANGEROUS_IMPULSE,data/processed\gunshot\gun_c3gd_ds0u7jQiB4nC_10-oh_farm-hk_MR556-DAVE-ds0u7jQiB4nC-3_w0.wav,1.0,16000,1,0.9440608620643616,0.0844967069179917,11.172752380371094,0
gun_c3gd_ds0u7jQiB4nC_10-oh_farm-hk_MR556-DAVE-ds0u7jQiB4nC-4_w0,c3gd_ds0u7jQiB4nC,gunshot,DANGEROUS_IMPULSE,data/processed\gunshot\gun_c3gd_ds0u7jQiB4nC_10-oh_farm-hk_MR556-DAVE-ds0u7jQiB4nC-4_w0.wav,1.0,16000,1,0.9440608620643616,0.1093259002968403,8.635289192199707,0
gun_c3gd_ds0u7jQiB4nC_10-oh_farm-hk_MR556-DAVE-ds0u7jQiB4nC-5_w0,c3gd_ds0u7jQiB4nC,gunshot,DANGEROUS_IMPULSE,data/processed\gunshot\gun_c3gd_ds0u7jQiB4nC_10-oh_farm-hk_MR556-DAVE-ds0u7jQiB4nC-5_w0.wav,1.0,16000,1,0.9440608620643616,0.0919083060988269,10.271767616271973,0
gun_c3gd_ds0u7jQiB4nC_10-oh_farm-hk_MR556-DAVE-ds0u7jQiB4nC-6_w0,c3gd_ds0u7jQiB4nC,gunshot,DANGEROUS_IMPULSE,data/processed\gunshot\gun_c3gd_ds0u7jQiB4nC_10-oh_farm-hk_MR556-DAVE-ds0u7jQiB4nC-6_w0.wav,1.0,16000,1,0.9440608620643616,0.1044849901305309,9.035372734069824,0
gun_c3gd_ds0u7jQiB4nC_10-oh_farm-hk_MR556-DAVE-ds0u7jQiB4nC-7_w0,c3gd_ds0u7jQiB4nC,gunshot,DANGEROUS_IMPULSE,data/processed\gunshot\gun_c3gd_ds0u7jQiB4nC_10-oh_farm-hk_MR556-DAVE-ds0u7jQiB4nC-7_w0.wav,1.0,16000,1,0.9440608620643616,0.0792323990778385,11.915084838867188,0
gun_c3gd_ds0u7jQiB4nC_10-oh_farm-hk_MR556-DAVE-ds0u7jQiB4nC-8_w0,c3gd_ds0u7jQiB4nC,gunshot,DANGEROUS_IMPULSE,data/processed\gunshot\gun_c3gd_ds0u7jQiB4nC_10-oh_farm-hk_MR556-DAVE-ds0u7jQiB4nC-8_w0.wav,1.0,16000,1,0.9440608620643616,0.0651643590031989,14.487377166748049,0
gun_c3gd_ds0u7jQiB4nC_10-oh_farm-hk_MR556-DAVE-ds0u7jQiB4nC-9_w0,c3gd_ds0u7jQiB4nC,gunshot,DANGEROUS_IMPULSE,data/processed\gunshot\gun_c3gd_ds0u7jQiB4nC_10-oh_farm-hk_MR556-DAVE-ds0u7jQiB4nC-9_w0.wav,1.0,16000,1,0.9440608620643616,0.0870619597777662,10.843550682067873,0
gun_c3gd_pUYD91DvHy1e_10-oh_farm-hk_MR556-ERIN-pUYD91DvHy1e-0_w0,c3gd_pUYD91DvHy1e,gunshot,DANGEROUS_IMPULSE,data/processed\gunshot\gun_c3gd_pUYD91DvHy1e_10-oh_farm-hk_MR556-ERIN-pUYD91DvHy1e-0_w0.wav,1.0,16000,1,0.6320539116859436,0.0477792841132352,13.228614807128906,0
gun_c3gd_pUYD91DvHy1e_10-oh_farm-hk_MR556-ERIN-pUYD91DvHy1e-1_w0,c3gd_pUYD91DvHy1e,gunshot,DANGEROUS_IMPULSE,data/processed\gunshot\gun_c3gd_pUYD91DvHy1e_10-oh_farm-hk_MR556-ERIN-pUYD91DvHy1e-1_w0.wav,1.0,16000,1,0.5695931315422058,0.0469974815053414,12.11964988708496,0
gun_c3gd_pUYD91DvHy1e_10-oh_farm-hk_MR556-ERIN-pUYD91DvHy1e-10_w0,c3gd_pUYD91DvHy1e,gunshot,DANGEROUS_IMPULSE,data/processed\gunshot\gun_c3gd_pUYD91DvHy1e_10-oh_farm-hk_MR556-ERIN-pUYD91DvHy1e-10_w0.wav,1.0,16000,1,0.5544508099555969,0.0460231461514932,12.047213554382324,0
gun_c3gd_pUYD91DvHy1e_10-oh_farm-hk_MR556-ERIN-pUYD91DvHy1e-11_w0,c3gd_pUYD91DvHy1e,gunshot,DANGEROUS_IMPULSE,data/processed\gunshot\gun_c3gd_pUYD91DvHy1e_10-oh_farm-hk_MR556-ERIN-pUYD91DvHy1e-11_w0.wav,1.0,16000,1,0.6333533525466919,0.046617011565536,13.586311340332031,0
gun_c3gd_pUYD91DvHy1e_10-oh_farm-hk_MR556-ERIN-pUYD91DvHy1e-12_w0,c3gd_pUYD91DvHy1e,gunshot,DANGEROUS_IMPULSE,data/processed\gunshot\gun_c3gd_pUYD91DvHy1e_10-oh_farm-hk_MR556-ERIN-pUYD91DvHy1e-12_w0.wav,1.0,16000,1,0.6107518076896667,0.0487031935805167,12.540279388427734,0
gun_c3gd_pUYD91DvHy1e_10-oh_farm-hk_MR556-ERIN-pUYD91DvHy1e-13_w0,c3gd_pUYD91DvHy1e,gunshot,DANGEROUS_IMPULSE,data/processed\gunshot\gun_c3gd_pUYD91DvHy1e_10-oh_farm-hk_MR556-ERIN-pUYD91DvHy1e-13_w0.wav,1.0,16000,1,0.541951060295105,0.0463110909579032,11.702400207519531,0
gun_c3gd_pUYD91DvHy1e_10-oh_farm-hk_MR556-ERIN-pUYD91DvHy1e-14_w0,c3gd_pUYD91DvHy1e,gunshot,DANGEROUS_IMPULSE,data/processed\gunshot\gun_c3gd_pUYD91DvHy1e_10-oh_farm-hk_MR556-ERIN-pUYD91DvHy1e-14_w0.wav,1.0,16000,1,0.6047317385673523,0.0468752831212076,12.90086269378662,0
gun_c3gd_pUYD91DvHy1e_10-oh_farm-hk_MR556-ERIN-pUYD91DvHy1e-15_w0,c3gd_pUYD91DvHy1e,gunshot,DANGEROUS_IMPULSE,data/processed\gunshot\gun_c3gd_pUYD91DvHy1e_10-oh_farm-hk_MR556-ERIN-pUYD91DvHy1e-15_w0.wav,1.0,16000,1,0.5856081247329712,0.0464695742629572,12.60196590423584,0
gun_c3gd_pUYD91DvHy1e_10-oh_farm-hk_MR556-ERIN-pUYD91DvHy1e-16_w0,c3gd_pUYD91DvHy1e,gunshot,DANGEROUS_IMPULSE,data/processed\gunshot\gun_c3gd_pUYD91DvHy1e_10-oh_farm-hk_MR556-ERIN-pUYD91DvHy1e-16_w0.wav,1.0,16000,1,0.5939163565635681,0.0460197362658029,12.905684471130373,0
gun_c3gd_pUYD91DvHy1e_10-oh_farm-hk_MR556-ERIN-pUYD91DvHy1e-17_w0,c3gd_pUYD91DvHy1e,gunshot,DANGEROUS_IMPULSE,data/processed\gunshot\gun_c3gd_pUYD91DvHy1e_10-oh_farm-hk_MR556-ERIN-pUYD91DvHy1e-17_w0.wav,1.0,16000,1,0.6039476990699768,0.0459032436654658,13.15696907043457,0
gun_c3gd_pUYD91DvHy1e_10-oh_farm-hk_MR556-ERIN-pUYD91DvHy1e-18_w0,c3gd_pUYD91DvHy1e,gunshot,DANGEROUS_IMPULSE,data/processed\gunshot\gun_c3gd_pUYD91DvHy1e_10-oh_farm-hk_MR556-ERIN-pUYD91DvHy1e-18_w0.wav,1.0,16000,1,0.5631024241447449,0.0472243103826602,11.923992156982422,0
gun_c3gd_pUYD91DvHy1e_10-oh_farm-hk_MR556-ERIN-pUYD91DvHy1e-19_w0,c3gd_pUYD91DvHy1e,gunshot,DANGEROUS_IMPULSE,data/processed\gunshot\gun_c3gd_pUYD91DvHy1e_10-oh_farm-hk_MR556-ERIN-pUYD91DvHy1e-19_w0.wav,1.0,16000,1,0.6331548094749451,0.0461291843735092,13.725686073303224,0
gun_c3gd_pUYD91DvHy1e_10-oh_farm-hk_MR556-ERIN-pUYD91DvHy1e-2_w0,c3gd_pUYD91DvHy1e,gunshot,DANGEROUS_IMPULSE,data/processed\gunshot\gun_c3gd_pUYD91DvHy1e_10-oh_farm-hk_MR556-ERIN-pUYD91DvHy1e-2_w0.wav,1.0,16000,1,0.5607765316963196,0.0462791249114442,12.117264747619627,0
gun_c3gd_pUYD91DvHy1e_10-oh_farm-hk_MR556-ERIN-pUYD91DvHy1e-3_w0,c3gd_pUYD91DvHy1e,gunshot,DANGEROUS_IMPULSE,data/processed\gunshot\gun_c3gd_pUYD91DvHy1e_10-oh_farm-hk_MR556-ERIN-pUYD91DvHy1e-3_w0.wav,1.0,16000,1,0.6023339033126831,0.0481692734178832,12.504522323608398,0
gun_c3gd_pUYD91DvHy1e_10-oh_farm-hk_MR556-ERIN-pUYD91DvHy1e-4_w0,c3gd_pUYD91DvHy1e,gunshot,DANGEROUS_IMPULSE,data/processed\gunshot\gun_c3gd_pUYD91DvHy1e_10-oh_farm-hk_MR556-ERIN-pUYD91DvHy1e-4_w0.wav,1.0,16000,1,0.6526620388031006,0.0479520987210995,13.610706329345703,0
gun_c3gd_pUYD91DvHy1e_10-oh_farm-hk_MR556-ERIN-pUYD91DvHy1e-5_w0,c3gd_pUYD91DvHy1e,gunshot,DANGEROUS_IMPULSE,data/processed\gunshot\gun_c3gd_pUYD91DvHy1e_10-oh_farm-hk_MR556-ERIN-pUYD91DvHy1e-5_w0.wav,1.0,16000,1,0.5222378373146057,0.0456170297178312,11.4483060836792,0
gun_c3gd_pUYD91DvHy1e_10-oh_farm-hk_MR556-ERIN-pUYD91DvHy1e-6_w0,c3gd_pUYD91DvHy1e,gunshot,DANGEROUS_IMPULSE,data/processed\gunshot\gun_c3gd_pUYD91DvHy1e_10-oh_farm-hk_MR556-ERIN-pUYD91DvHy1e-6_w0.wav,1.0,16000,1,0.5795465111732483,0.0468549138982819,12.368956565856934,0
gun_c3gd_pUYD91DvHy1e_10-oh_farm-hk_MR556-ERIN-pUYD91DvHy1e-7_w0,c3gd_pUYD91DvHy1e,gunshot,DANGEROUS_IMPULSE,data/processed\gunshot\gun_c3gd_pUYD91DvHy1e_10-oh_farm-hk_MR556-ERIN-pUYD91DvHy1e-7_w0.wav,1.0,16000,1,0.5382466912269592,0.0462062411650702,11.648785591125488,0
gun_c3gd_pUYD91DvHy1e_10-oh_farm-hk_MR556-ERIN-pUYD91DvHy1e-8_w0,c3gd_pUYD91DvHy1e,gunshot,DANGEROUS_IMPULSE,data/processed\gunshot\gun_c3gd_pUYD91DvHy1e_10-oh_farm-hk_MR556-ERIN-pUYD91DvHy1e-8_w0.wav,1.0,16000,1,0.5895916819572449,0.0465031943372877,12.67851734161377,0
gun_c3gd_pUYD91DvHy1e_10-oh_farm-hk_MR556-ERIN-pUYD91DvHy1e-9_w0,c3gd_pUYD91DvHy1e,gunshot,DANGEROUS_IMPULSE,data/processed\gunshot\gun_c3gd_pUYD91DvHy1e_10-oh_farm-hk_MR556-ERIN-pUYD91DvHy1e-9_w0.wav,1.0,16000,1,0.530624270439148,0.0444609851039242,11.93460178375244,0
gun_c3gd_0D30t3lA0dYO_10-oh_farm-spike_m4_556-ALICE-0D30t3lA0dYO-0_w0,c3gd_0D30t3lA0dYO,gunshot,DANGEROUS_IMPULSE,data/processed\gunshot\gun_c3gd_0D30t3lA0dYO_10-oh_farm-spike_m4_556-ALICE-0D30t3lA0dYO-0_w0.wav,1.0,16000,1,0.9440608620643616,0.1258632978731333,7.500683307647705,0
gun_c3gd_0D30t3lA0dYO_10-oh_farm-spike_m4_556-ALICE-0D30t3lA0dYO-1_w0,c3gd_0D30t3lA0dYO,gunshot,DANGEROUS_IMPULSE,data/processed\gunshot\gun_c3gd_0D30t3lA0dYO_10-oh_farm-spike_m4_556-ALICE-0D30t3lA0dYO-1_w0.wav,1.0,16000,1,0.9440608620643616,0.1218058429643883,7.750537872314453,0
gun_c3gd_0D30t3lA0dYO_10-oh_farm-spike_m4_556-ALICE-0D30t3lA0dYO-10_w0,c3gd_0D30t3lA0dYO,gunshot,DANGEROUS_IMPULSE,data/processed\gunshot\gun_c3gd_0D30t3lA0dYO_10-oh_farm-spike_m4_556-ALICE-0D30t3lA0dYO-10_w0.wav,1.0,16000,1,0.9440608620643616,0.118426193758265,7.971722602844238,0
gun_c3gd_0D30t3lA0dYO_10-oh_farm-spike_m4_556-ALICE-0D30t3lA0dYO-11_w0,c3gd_0D30t3lA0dYO,gunshot,DANGEROUS_IMPULSE,data/processed\gunshot\gun_c3gd_0D30t3lA0dYO_10-oh_farm-spike_m4_556-ALICE-0D30t3lA0dYO-11_w0.wav,1.0,16000,1,0.9440608620643616,0.1169430607292168,8.072824478149414,0
gun_c3gd_0D30t3lA0dYO_10-oh_farm-spike_m4_556-ALICE-0D30t3lA0dYO-12_w0,c3gd_0D30t3lA0dYO,gunshot,DANGEROUS_IMPULSE,data/processed\gunshot\gun_c3gd_0D30t3lA0dYO_10-oh_farm-spike_m4_556-ALICE-0D30t3lA0dYO-12_w0.wav,1.0,16000,1,0.9440608620643616,0.1143169861177082,8.258272171020508,0
gun_c3gd_0D30t3lA0dYO_10-oh_farm-spike_m4_556-ALICE-0D30t3lA0dYO-13_w0,c3gd_0D30t3lA0dYO,gunshot,DANGEROUS_IMPULSE,data/processed\gunshot\gun_c3gd_0D30t3lA0dYO_10-oh_farm-spike_m4_556-ALICE-0D30t3lA0dYO-13_w0.wav,1.0,16000,1,0.9440608620643616,0.1206427373717231,7.825260162353516,0
gun_c3gd_0D30t3lA0dYO_10-oh_farm-spike_m4_556-ALICE-0D30t3lA0dYO-14_w0,c3gd_0D30t3lA0dYO,gunshot,DANGEROUS_IMPULSE,data/processed\gunshot\gun_c3gd_0D30t3lA0dYO_10-oh_farm-spike_m4_556-ALICE-0D30t3lA0dYO-14_w0.wav,1.0,16000,1,0.9440608024597168,0.1157526830355565,8.155843734741211,0
gun_c3gd_0D30t3lA0dYO_10-oh_farm-spike_m4_556-ALICE-0D30t3lA0dYO-15_w0,c3gd_0D30t3lA0dYO,gunshot,DANGEROUS_IMPULSE,data/processed\gunshot\gun_c3gd_0D30t3lA0dYO_10-oh_farm-spike_m4_556-ALICE-0D30t3lA0dYO-15_w0.wav,1.0,16000,1,0.9440608620643616,0.2031448794687354,4.647229194641113,0
gun_c3gd_0D30t3lA0dYO_10-oh_farm-spike_m4_556-ALICE-0D30t3lA0dYO-16_w0,c3gd_0D30t3lA0dYO,gunshot,DANGEROUS_IMPULSE,data/processed\gunshot\gun_c3gd_0D30t3lA0dYO_10-oh_farm-spike_m4_556-ALICE-0D30t3lA0dYO-16_w0.wav,1.0,16000,1,0.9440609216690063,0.1668859333392809,5.656922817230225,0
gun_c3gd_0D30t3lA0dYO_10-oh_farm-spike_m4_556-ALICE-0D30t3lA0dYO-17_w0,c3gd_0D30t3lA0dYO,gunshot,DANGEROUS_IMPULSE,data/processed\gunshot\gun_c3gd_0D30t3lA0dYO_10-oh_farm-spike_m4_556-ALICE-0D30t3lA0dYO-17_w0.wav,1.0,16000,1,0.9440608620643616,0.1162711236076693,8.119478225708008,0
gun_c3gd_0D30t3lA0dYO_10-oh_farm-spike_m4_556-ALICE-0D30t3lA0dYO-18_w0,c3gd_0D30t3lA0dYO,gunshot,DANGEROUS_IMPULSE,data/processed\gunshot\gun_c3gd_0D30t3lA0dYO_10-oh_farm-spike_m4_556-ALICE-0D30t3lA0dYO-18_w0.wav,1.0,16000,1,0.9440608620643616,0.1955696796923132,4.827234745025635,0
gun_c3gd_0D30t3lA0dYO_10-oh_farm-spike_m4_556-ALICE-0D30t3lA0dYO-19_w0,c3gd_0D30t3lA0dYO,gunshot,DANGEROUS_IMPULSE,data/processed\gunshot\gun_c3gd_0D30t3lA0dYO_10-oh_farm-spike_m4_556-ALICE-0D30t3lA0dYO-19_w0.wav,1.0,16000,1,0.9440608620643616,0.1705872017700222,5.534183025360107,0
gun_c3gd_0D30t3lA0dYO_10-oh_farm-spike_m4_556-ALICE-0D30t3lA0dYO-2_w0,c3gd_0D30t3lA0dYO,gunshot,DANGEROUS_IMPULSE,data/processed\gunshot\gun_c3gd_0D30t3lA0dYO_10-oh_farm-spike_m4_556-ALICE-0D30t3lA0dYO-2_w0.wav,1.0,16000,1,0.9440608620643616,0.1164671493767775,8.10581111907959,0
gun_c3gd_0D30t3lA0dYO_10-oh_farm-spike_m4_556-ALICE-0D30t3lA0dYO-20_w0,c3gd_0D30t3lA0dYO,gunshot,DANGEROUS_IMPULSE,data/processed\gunshot\gun_c3gd_0D30t3lA0dYO_10-oh_farm-spike_m4_556-ALICE-0D30t3lA0dYO-20_w0.wav,1.0,16000,1,0.9440608620643616,0.1428649968836527,6.608062267303467,0
gun_c3gd_0D30t3lA0dYO_10-oh_farm-spike_m4_556-ALICE-0D30t3lA0dYO-21_w0,c3gd_0D30t3lA0dYO,gunshot,DANGEROUS_IMPULSE,data/processed\gunshot\gun_c3gd_0D30t3lA0dYO_10-oh_farm-spike_m4_556-ALICE-0D30t3lA0dYO-21_w0.wav,1.0,16000,1,0.9440608620643616,0.1344501216071988,7.021643161773682,0
gun_c3gd_0D30t3lA0dYO_10-oh_farm-spike_m4_556-ALICE-0D30t3lA0dYO-22_w0,c3gd_0D30t3lA0dYO,gunshot,DANGEROUS_IMPULSE,data/processed\gunshot\gun_c3gd_0D30t3lA0dYO_10-oh_farm-spike_m4_556-ALICE-0D30t3lA0dYO-22_w0.wav,1.0,16000,1,0.9440608620643616,0.1754195306318388,5.3817315101623535,0
gun_c3gd_0D30t3lA0dYO_10-oh_farm-spike_m4_556-ALICE-0D30t3lA0dYO-23_w0,c3gd_0D30t3lA0dYO,gunshot,DANGEROUS_IMPULSE,data/processed\gunshot\gun_c3gd_0D30t3lA0dYO_10-oh_farm-spike_m4_556-ALICE-0D30t3lA0dYO-23_w0.wav,1.0,16000,1,0.9440608620643616,0.1725682129092142,5.470653057098389,0
gun_c3gd_0D30t3lA0dYO_10-oh_farm-spike_m4_556-ALICE-0D30t3lA0dYO-24_w0,c3gd_0D30t3lA0dYO,gunshot,DANGEROUS_IMPULSE,data/processed\gunshot\gun_c3gd_0D30t3lA0dYO_10-oh_farm-spike_m4_556-ALICE-0D30t3lA0dYO-24_w0.wav,1.0,16000,1,0.9440608024597168,0.1575522928525514,5.99204683303833,0
gun_c3gd_0D30t3lA0dYO_10-oh_farm-spike_m4_556-ALICE-0D30t3lA0dYO-25_w0,c3gd_0D30t3lA0dYO,gunshot,DANGEROUS_IMPULSE,data/processed\gunshot\gun_c3gd_0D30t3lA0dYO_10-oh_farm-spike_m4_556-ALICE-0D30t3lA0dYO-25_w0.wav,1.0,16000,1,0.9440608620643616,0.1659613408367196,5.6884379386901855,0
gun_c3gd_0D30t3lA0dYO_10-oh_farm-spike_m4_556-ALICE-0D30t3lA0dYO-26_w0,c3gd_0D30t3lA0dYO,gunshot,DANGEROUS_IMPULSE,data/processed\gunshot\gun_c3gd_0D30t3lA0dYO_10-oh_farm-spike_m4_556-ALICE-0D30t3lA0dYO-26_w0.wav,1.0,16000,1,0.9440608620643616,0.1967879356392297,4.797351360321045,0
gun_c3gd_0D30t3lA0dYO_10-oh_farm-spike_m4_556-ALICE-0D30t3lA0dYO-27_w0,c3gd_0D30t3lA0dYO,gunshot,DANGEROUS_IMPULSE,data/processed\gunshot\gun_c3gd_0D30t3lA0dYO_10-oh_farm-spike_m4_556-ALICE-0D30t3lA0dYO-27_w0.wav,1.0,16000,1,0.9440608620643616,0.1554062712987888,6.074792385101318,0
gun_c3gd_0D30t3lA0dYO_10-oh_farm-spike_m4_556-ALICE-0D30t3lA0dYO-28_w0,c3gd_0D30t3lA0dYO,gunshot,DANGEROUS_IMPULSE,data/processed\gunshot\gun_c3gd_0D30t3lA0dYO_10-oh_farm-spike_m4_556-ALICE-0D30t3lA0dYO-28_w0.wav,1.0,16000,1,0.9440608024597168,0.1723348523866733,5.478060245513916,0
gun_c3gd_0D30t3lA0dYO_10-oh_farm-spike_m4_556-ALICE-0D30t3lA0dYO-29_w0,c3gd_0D30t3lA0dYO,gunshot,DANGEROUS_IMPULSE,data/processed\gunshot\gun_c3gd_0D30t3lA0dYO_10-oh_farm-spike_m4_556-ALICE-0D30t3lA0dYO-29_w0.wav,1.0,16000,1,0.9440609216690063,0.1924951680307708,4.904335498809815,0
gun_c3gd_0D30t3lA0dYO_10-oh_farm-spike_m4_556-ALICE-0D30t3lA0dYO-3_w0,c3gd_0D30t3lA0dYO,gunshot,DANGEROUS_IMPULSE,data/processed\gunshot\gun_c3gd_0D30t3lA0dYO_10-oh_farm-spike_m4_556-ALICE-0D30t3lA0dYO-3_w0.wav,1.0,16000,1,0.9440608620643616,0.1117193892267253,8.450285911560059,0
gun_c3gd_0D30t3lA0dYO_10-oh_farm-spike_m4_556-ALICE-0D30t3lA0dYO-30_w0,c3gd_0D30t3lA0dYO,gunshot,DANGEROUS_IMPULSE,data/processed\gunshot\gun_c3gd_0D30t3lA0dYO_10-oh_farm-spike_m4_556-ALICE-0D30t3lA0dYO-30_w0.wav,1.0,16000,1,0.9440608620643616,0.1591269692492389,5.932751655578613,0
gun_c3gd_0D30t3lA0dYO_10-oh_farm-spike_m4_556-ALICE-0D30t3lA0dYO-31_w0,c3gd_0D30t3lA0dYO,gunshot,DANGEROUS_IMPULSE,data/processed\gunshot\gun_c3gd_0D30t3lA0dYO_10-oh_farm-spike_m4_556-ALICE-0D30t3lA0dYO-31_w0.wav,1.0,16000,1,0.9440608620643616,0.1209983834703496,7.802259922027588,0
gun_c3gd_0D30t3lA0dYO_10-oh_farm-spike_m4_556-ALICE-0D30t3lA0dYO-32_w0,c3gd_0D30t3lA0dYO,gunshot,DANGEROUS_IMPULSE,data/processed\gunshot\gun_c3gd_0D30t3lA0dYO_10-oh_farm-spike_m4_556-ALICE-0D30t3lA0dYO-32_w0.wav,1.0,16000,1,0.9440608024597168,0.2216023717818737,4.260156631469727,0
gun_c3gd_0D30t3lA0dYO_10-oh_farm-spike_m4_556-ALICE-0D30t3lA0dYO-33_w0,c3gd_0D30t3lA0dYO,gunshot,DANGEROUS_IMPULSE,data/processed\gunshot\gun_c3gd_0D30t3lA0dYO_10-oh_farm-spike_m4_556-ALICE-0D30t3lA0dYO-33_w0.wav,1.0,16000,1,0.9440608620643616,0.2750967635795998,3.4317409992218018,0
gun_c3gd_0D30t3lA0dYO_10-oh_farm-spike_m4_556-ALICE-0D30t3lA0dYO-34_w0,c3gd_0D30t3lA0dYO,gunshot,DANGEROUS_IMPULSE,data/processed\gunshot\gun_c3gd_0D30t3lA0dYO_10-oh_farm-spike_m4_556-ALICE-0D30t3lA0dYO-34_w0.wav,1.0,16000,1,0.9440608620643616,0.2460243490543287,3.837265968322754,0
gun_c3gd_0D30t3lA0dYO_10-oh_farm-spike_m4_556-ALICE-0D30t3lA0dYO-35_w0,c3gd_0D30t3lA0dYO,gunshot,DANGEROUS_IMPULSE,data/processed\gunshot\gun_c3gd_0D30t3lA0dYO_10-oh_farm-spike_m4_556-ALICE-0D30t3lA0dYO-35_w0.wav,1.0,16000,1,0.9440608024597168,0.3158703610427167,2.988760232925415,0
gun_c3gd_0D30t3lA0dYO_10-oh_farm-spike_m4_556-ALICE-0D30t3lA0dYO-36_w0,c3gd_0D30t3lA0dYO,gunshot,DANGEROUS_IMPULSE,data/processed\gunshot\gun_c3gd_0D30t3lA0dYO_10-oh_farm-spike_m4_556-ALICE-0D30t3lA0dYO-36_w0.wav,1.0,16000,1,0.9440608620643616,0.1918004705709705,4.922098636627197,0
gun_c3gd_0D30t3lA0dYO_10-oh_farm-spike_m4_556-ALICE-0D30t3lA0dYO-37_w0,c3gd_0D30t3lA0dYO,gunshot,DANGEROUS_IMPULSE,data/processed\gunshot\gun_c3gd_0D30t3lA0dYO_10-oh_farm-spike_m4_556-ALICE-0D30t3lA0dYO-37_w0.wav,1.0,16000,1,0.9440608620643616,0.176153276734758,5.359314441680908,0
gun_c3gd_0D30t3lA0dYO_10-oh_farm-spike_m4_556-ALICE-0D30t3lA0dYO-38_w0,c3gd_0D30t3lA0dYO,gunshot,DANGEROUS_IMPULSE,data/processed\gunshot\gun_c3gd_0D30t3lA0dYO_10-oh_farm-spike_m4_556-ALICE-0D30t3lA0dYO-38_w0.wav,1.0,16000,1,0.9440608620643616,0.1484637864579281,6.358862400054932,0
gun_c3gd_0D30t3lA0dYO_10-oh_farm-spike_m4_556-ALICE-0D30t3lA0dYO-39_w0,c3gd_0D30t3lA0dYO,gunshot,DANGEROUS_IMPULSE,data/processed\gunshot\gun_c3gd_0D30t3lA0dYO_10-oh_farm-spike_m4_556-ALICE-0D30t3lA0dYO-39_w0.wav,1.0,16000,1,0.9440608620643616,0.1135890372097565,8.311196327209473,0
gun_c3gd_0D30t3lA0dYO_10-oh_farm-spike_m4_556-ALICE-0D30t3lA0dYO-4_w0,c3gd_0D30t3lA0dYO,gunshot,DANGEROUS_IMPULSE,data/processed\gunshot\gun_c3gd_0D30t3lA0dYO_10-oh_farm-spike_m4_556-ALICE-0D30t3lA0dYO-4_w0.wav,1.0,16000,1,0.9440608620643616,0.1210790671399173,7.797060012817383,0
gun_c3gd_0D30t3lA0dYO_10-oh_farm-spike_m4_556-ALICE-0D30t3lA0dYO-40_w0,c3gd_0D30t3lA0dYO,gunshot,DANGEROUS_IMPULSE,data/processed\gunshot\gun_c3gd_0D30t3lA0dYO_10-oh_farm-spike_m4_556-ALICE-0D30t3lA0dYO-40_w0.wav,1.0,16000,1,0.9440608620643616,0.1898645574053754,4.972285747528076,0
gun_c3gd_0D30t3lA0dYO_10-oh_farm-spike_m4_556-ALICE-0D30t3lA0dYO-41_w0,c3gd_0D30t3lA0dYO,gunshot,DANGEROUS_IMPULSE,data/processed\gunshot\gun_c3gd_0D30t3lA0dYO_10-oh_farm-spike_m4_556-ALICE-0D30t3lA0dYO-41_w0.wav,1.0,16000,1,0.9440608620643616,0.1904626377648991,4.956671714782715,0
gun_c3gd_0D30t3lA0dYO_10-oh_farm-spike_m4_556-ALICE-0D30t3lA0dYO-42_w0,c3gd_0D30t3lA0dYO,gunshot,DANGEROUS_IMPULSE,data/processed\gunshot\gun_c3gd_0D30t3lA0dYO_10-oh_farm-spike_m4_556-ALICE-0D30t3lA0dYO-42_w0.wav,1.0,16000,1,0.9440608620643616,0.1218192150140167,7.749686717987059,0
gun_c3gd_0D30t3lA0dYO_10-oh_farm-spike_m4_556-ALICE-0D30t3lA0dYO-43_w0,c3gd_0D30t3lA0dYO,gunshot,DANGEROUS_IMPULSE,data/processed\gunshot\gun_c3gd_0D30t3lA0dYO_10-oh_farm-spike_m4_556-ALICE-0D30t3lA0dYO-43_w0.wav,1.0,16000,1,0.9440608620643616,0.1912862732559081,4.935329914093018,0
gun_c3gd_0D30t3lA0dYO_10-oh_farm-spike_m4_556-ALICE-0D30t3lA0dYO-44_w0,c3gd_0D30t3lA0dYO,gunshot,DANGEROUS_IMPULSE,data/processed\gunshot\gun_c3gd_0D30t3lA0dYO_10-oh_farm-spike_m4_556-ALICE-0D30t3lA0dYO-44_w0.wav,1.0,16000,1,0.9440608620643616,0.1682684132666169,5.610445499420166,0
gun_c3gd_0D30t3lA0dYO_10-oh_farm-spike_m4_556-ALICE-0D30t3lA0dYO-45_w0,c3gd_0D30t3lA0dYO,gunshot,DANGEROUS_IMPULSE,data/processed\gunshot\gun_c3gd_0D30t3lA0dYO_10-oh_farm-spike_m4_556-ALICE-0D30t3lA0dYO-45_w0.wav,1.0,16000,1,0.9440608620643616,0.1604552385683388,5.883639812469482,0
gun_c3gd_0D30t3lA0dYO_10-oh_farm-spike_m4_556-ALICE-0D30t3lA0dYO-46_w0,c3gd_0D30t3lA0dYO,gunshot,DANGEROUS_IMPULSE,data/processed\gunshot\gun_c3gd_0D30t3lA0dYO_10-oh_farm-spike_m4_556-ALICE-0D30t3lA0dYO-46_w0.wav,1.0,16000,1,0.9440608620643616,0.1515549141666682,6.229166507720947,0
gun_c3gd_0D30t3lA0dYO_10-oh_farm-spike_m4_556-ALICE-0D30t3lA0dYO-47_w0,c3gd_0D30t3lA0dYO,gunshot,DANGEROUS_IMPULSE,data/processed\gunshot\gun_c3gd_0D30t3lA0dYO_10-oh_farm-spike_m4_556-ALICE-0D30t3lA0dYO-47_w0.wav,1.0,16000,1,0.9440608024597168,0.1527654484508548,6.179805755615234,0
gun_c3gd_0D30t3lA0dYO_10-oh_farm-spike_m4_556-ALICE-0D30t3lA0dYO-48_w0,c3gd_0D30t3lA0dYO,gunshot,DANGEROUS_IMPULSE,data/processed\gunshot\gun_c3gd_0D30t3lA0dYO_10-oh_farm-spike_m4_556-ALICE-0D30t3lA0dYO-48_w0.wav,1.0,16000,1,0.9440608620643616,0.1156537055776964,8.162823677062988,0
gun_c3gd_0D30t3lA0dYO_10-oh_farm-spike_m4_556-ALICE-0D30t3lA0dYO-49_w0,c3gd_0D30t3lA0dYO,gunshot,DANGEROUS_IMPULSE,data/processed\gunshot\gun_c3gd_0D30t3lA0dYO_10-oh_farm-spike_m4_556-ALICE-0D30t3lA0dYO-49_w0.wav,1.0,16000,1,0.9440608620643616,0.1886460130551298,5.004404067993164,0
gun_c3gd_0D30t3lA0dYO_10-oh_farm-spike_m4_556-ALICE-0D30t3lA0dYO-5_w0,c3gd_0D30t3lA0dYO,gunshot,DANGEROUS_IMPULSE,data/processed\gunshot\gun_c3gd_0D30t3lA0dYO_10-oh_farm-spike_m4_556-ALICE-0D30t3lA0dYO-5_w0.wav,1.0,16000,1,0.9440608620643616,0.113449662084652,8.321406364440918,0
gun_c3gd_0D30t3lA0dYO_10-oh_farm-spike_m4_556-ALICE-0D30t3lA0dYO-50_w0,c3gd_0D30t3lA0dYO,gunshot,DANGEROUS_IMPULSE,data/processed\gunshot\gun_c3gd_0D30t3lA0dYO_10-oh_farm-spike_m4_556-ALICE-0D30t3lA0dYO-50_w0.wav,1.0,16000,1,0.9440608620643616,0.2072144363695304,4.555960655212402,0
gun_c3gd_0D30t3lA0dYO_10-oh_farm-spike_m4_556-ALICE-0D30t3lA0dYO-51_w0,c3gd_0D30t3lA0dYO,gunshot,DANGEROUS_IMPULSE,data/processed\gunshot\gun_c3gd_0D30t3lA0dYO_10-oh_farm-spike_m4_556-ALICE-0D30t3lA0dYO-51_w0.wav,1.0,16000,1,0.9440608620643616,0.140230705563877,6.732197284698486,0
gun_c3gd_0D30t3lA0dYO_10-oh_farm-spike_m4_556-ALICE-0D30t3lA0dYO-52_w0,c3gd_0D30t3lA0dYO,gunshot,DANGEROUS_IMPULSE,data/processed\gunshot\gun_c3gd_0D30t3lA0dYO_10-oh_farm-spike_m4_556-ALICE-0D30t3lA0dYO-52_w0.wav,1.0,16000,1,0.9440608024597168,0.1098873790167727,8.591165542602539,0
gun_c3gd_0D30t3lA0dYO_10-oh_farm-spike_m4_556-ALICE-0D30t3lA0dYO-53_w0,c3gd_0D30t3lA0dYO,gunshot,DANGEROUS_IMPULSE,data/processed\gunshot\gun_c3gd_0D30t3lA0dYO_10-oh_farm-spike_m4_556-ALICE-0D30t3lA0dYO-53_w0.wav,1.0,16000,1,0.9440608620643616,0.1008400161685537,9.361966133117676,0
gun_c3gd_0D30t3lA0dYO_10-oh_farm-spike_m4_556-ALICE-0D30t3lA0dYO-54_w0,c3gd_0D30t3lA0dYO,gunshot,DANGEROUS_IMPULSE,data/processed\gunshot\gun_c3gd_0D30t3lA0dYO_10-oh_farm-spike_m4_556-ALICE-0D30t3lA0dYO-54_w0.wav,1.0,16000,1,0.9440609216690063,0.1082463529288477,8.721409797668457,0
gun_c3gd_0D30t3lA0dYO_10-oh_farm-spike_m4_556-ALICE-0D30t3lA0dYO-55_w0,c3gd_0D30t3lA0dYO,gunshot,DANGEROUS_IMPULSE,data/processed\gunshot\gun_c3gd_0D30t3lA0dYO_10-oh_farm-spike_m4_556-ALICE-0D30t3lA0dYO-55_w0.wav,1.0,16000,1,0.9440608620643616,0.2066282813093782,4.56888484954834,0
gun_c3gd_0D30t3lA0dYO_10-oh_farm-spike_m4_556-ALICE-0D30t3lA0dYO-56_w0,c3gd_0D30t3lA0dYO,gunshot,DANGEROUS_IMPULSE,data/processed\gunshot\gun_c3gd_0D30t3lA0dYO_10-oh_farm-spike_m4_556-ALICE-0D30t3lA0dYO-56_w0.wav,1.0,16000,1,0.9440608620643616,0.2087860860157442,4.521665096282959,0
gun_c3gd_0D30t3lA0dYO_10-oh_farm-spike_m4_556-ALICE-0D30t3lA0dYO-57_w0,c3gd_0D30t3lA0dYO,gunshot,DANGEROUS_IMPULSE,data/processed\gunshot\gun_c3gd_0D30t3lA0dYO_10-oh_farm-spike_m4_556-ALICE-0D30t3lA0dYO-57_w0.wav,1.0,16000,1,0.9440608620643616,0.1643758234213739,5.743307113647461,0
gun_c3gd_0D30t3lA0dYO_10-oh_farm-spike_m4_556-ALICE-0D30t3lA0dYO-58_w0,c3gd_0D30t3lA0dYO,gunshot,DANGEROUS_IMPULSE,data/processed\gunshot\gun_c3gd_0D30t3lA0dYO_10-oh_farm-spike_m4_556-ALICE-0D30t3lA0dYO-58_w0.wav,1.0,16000,1,0.9440608620643616,0.1910851665980201,4.940523624420166,0
gun_c3gd_0D30t3lA0dYO_10-oh_farm-spike_m4_556-ALICE-0D30t3lA0dYO-59_w0,c3gd_0D30t3lA0dYO,gunshot,DANGEROUS_IMPULSE,data/processed\gunshot\gun_c3gd_0D30t3lA0dYO_10-oh_farm-spike_m4_556-ALICE-0D30t3lA0dYO-59_w0.wav,1.0,16000,1,0.9440608620643616,0.2171250943193027,4.348004341125488,0
gun_c3gd_0D30t3lA0dYO_10-oh_farm-spike_m4_556-ALICE-0D30t3lA0dYO-6_w0,c3gd_0D30t3lA0dYO,gunshot,DANGEROUS_IMPULSE,data/processed\gunshot\gun_c3gd_0D30t3lA0dYO_10-oh_farm-spike_m4_556-ALICE-0D30t3lA0dYO-6_w0.wav,1.0,16000,1,0.9440608620643616,0.1175380034761904,8.031962394714355,0
gun_c3gd_0D30t3lA0dYO_10-oh_farm-spike_m4_556-ALICE-0D30t3lA0dYO-60_w0,c3gd_0D30t3lA0dYO,gunshot,DANGEROUS_IMPULSE,data/processed\gunshot\gun_c3gd_0D30t3lA0dYO_10-oh_farm-spike_m4_556-ALICE-0D30t3lA0dYO-60_w0.wav,1.0,16000,1,0.9440608024597168,0.222736921252385,4.238456726074219,0
gun_c3gd_0D30t3lA0dYO_10-oh_farm-spike_m4_556-ALICE-0D30t3lA0dYO-61_w0,c3gd_0D30t3lA0dYO,gunshot,DANGEROUS_IMPULSE,data/processed\gunshot\gun_c3gd_0D30t3lA0dYO_10-oh_farm-spike_m4_556-ALICE-0D30t3lA0dYO-61_w0.wav,1.0,16000,1,0.9440608620643616,0.2220376942751042,4.251804351806641,0
gun_c3gd_0D30t3lA0dYO_10-oh_farm-spike_m4_556-ALICE-0D30t3lA0dYO-62_w0,c3gd_0D30t3lA0dYO,gunshot,DANGEROUS_IMPULSE,data/processed\gunshot\gun_c3gd_0D30t3lA0dYO_10-oh_farm-spike_m4_556-ALICE-0D30t3lA0dYO-62_w0.wav,1.0,16000,1,0.9440608620643616,0.2133876178979561,4.424159526824951,0
gun_c3gd_0D30t3lA0dYO_10-oh_farm-spike_m4_556-ALICE-0D30t3lA0dYO-63_w0,c3gd_0D30t3lA0dYO,gunshot,DANGEROUS_IMPULSE,data/processed\gunshot\gun_c3gd_0D30t3lA0dYO_10-oh_farm-spike_m4_556-ALICE-0D30t3lA0dYO-63_w0.wav,1.0,16000,1,0.9440608620643616,0.2028562804021841,4.6538405418396,0
gun_c3gd_0D30t3lA0dYO_10-oh_farm-spike_m4_556-ALICE-0D30t3lA0dYO-64_w0,c3gd_0D30t3lA0dYO,gunshot,DANGEROUS_IMPULSE,data/processed\gunshot\gun_c3gd_0D30t3lA0dYO_10-oh_farm-spike_m4_556-ALICE-0D30t3lA0dYO-64_w0.wav,1.0,16000,1,0.9440608620643616,0.2121836270637607,4.449263095855713,0
gun_c3gd_0D30t3lA0dYO_10-oh_farm-spike_m4_556-ALICE-0D30t3lA0dYO-65_w0,c3gd_0D30t3lA0dYO,gunshot,DANGEROUS_IMPULSE,data/processed\gunshot\gun_c3gd_0D30t3lA0dYO_10-oh_farm-spike_m4_556-ALICE-0D30t3lA0dYO-65_w0.wav,1.0,16000,1,0.9440608620643616,0.2297621660773132,4.108860969543457,0
gun_c3gd_0D30t3lA0dYO_10-oh_farm-spike_m4_556-ALICE-0D30t3lA0dYO-66_w0,c3gd_0D30t3lA0dYO,gunshot,DANGEROUS_IMPULSE,data/processed\gunshot\gun_c3gd_0D30t3lA0dYO_10-oh_farm-spike_m4_556-ALICE-0D30t3lA0dYO-66_w0.wav,1.0,16000,1,0.9440608620643616,0.2042493422082093,4.622099876403809,0
gun_c3gd_0D30t3lA0dYO_10-oh_farm-spike_m4_556-ALICE-0D30t3lA0dYO-67_w0,c3gd_0D30t3lA0dYO,gunshot,DANGEROUS_IMPULSE,data/processed\gunshot\gun_c3gd_0D30t3lA0dYO_10-oh_farm-spike_m4_556-ALICE-0D30t3lA0dYO-67_w0.wav,1.0,16000,1,0.9440608620643616,0.1978105817041897,4.772549629211426,0
gun_c3gd_0D30t3lA0dYO_10-oh_farm-spike_m4_556-ALICE-0D30t3lA0dYO-68_w0,c3gd_0D30t3lA0dYO,gunshot,DANGEROUS_IMPULSE,data/processed\gunshot\gun_c3gd_0D30t3lA0dYO_10-oh_farm-spike_m4_556-ALICE-0D30t3lA0dYO-68_w0.wav,1.0,16000,1,0.9440608620643616,0.2301537251900494,4.101870536804199,0
gun_c3gd_0D30t3lA0dYO_10-oh_farm-spike_m4_556-ALICE-0D30t3lA0dYO-69_w0,c3gd_0D30t3lA0dYO,gunshot,DANGEROUS_IMPULSE,data/processed\gunshot\gun_c3gd_0D30t3lA0dYO_10-oh_farm-spike_m4_556-ALICE-0D30t3lA0dYO-69_w0.wav,1.0,16000,1,0.9440608024597168,0.2020805631936016,4.6717047691345215,0
gun_c3gd_0D30t3lA0dYO_10-oh_farm-spike_m4_556-ALICE-0D30t3lA0dYO-7_w0,c3gd_0D30t3lA0dYO,gunshot,DANGEROUS_IMPULSE,data/processed\gunshot\gun_c3gd_0D30t3lA0dYO_10-oh_farm-spike_m4_556-ALICE-0D30t3lA0dYO-7_w0.wav,1.0,16000,1,0.9440608620643616,0.2089175268908582,4.518820285797119,0
gun_c3gd_0D30t3lA0dYO_10-oh_farm-spike_m4_556-ALICE-0D30t3lA0dYO-70_w0,c3gd_0D30t3lA0dYO,gunshot,DANGEROUS_IMPULSE,data/processed\gunshot\gun_c3gd_0D30t3lA0dYO_10-oh_farm-spike_m4_556-ALICE-0D30t3lA0dYO-70_w0.wav,1.0,16000,1,0.9440608620643616,0.2087669221649173,4.522080421447754,0
gun_c3gd_0D30t3lA0dYO_10-oh_farm-spike_m4_556-ALICE-0D30t3lA0dYO-71_w0,c3gd_0D30t3lA0dYO,gunshot,DANGEROUS_IMPULSE,data/processed\gunshot\gun_c3gd_0D30t3lA0dYO_10-oh_farm-spike_m4_556-ALICE-0D30t3lA0dYO-71_w0.wav,1.0,16000,1,0.9440608620643616,0.2439725373517628,3.869537353515625,0
gun_c3gd_0D30t3lA0dYO_10-oh_farm-spike_m4_556-ALICE-0D30t3lA0dYO-72_w0,c3gd_0D30t3lA0dYO,gunshot,DANGEROUS_IMPULSE,data/processed\gunshot\gun_c3gd_0D30t3lA0dYO_10-oh_farm-spike_m4_556-ALICE-0D30t3lA0dYO-72_w0.wav,1.0,16000,1,0.9440608620643616,0.191307334253158,4.934786319732666,0
gun_c3gd_0D30t3lA0dYO_10-oh_farm-spike_m4_556-ALICE-0D30t3lA0dYO-73_w0,c3gd_0D30t3lA0dYO,gunshot,DANGEROUS_IMPULSE,data/processed\gunshot\gun_c3gd_0D30t3lA0dYO_10-oh_farm-spike_m4_556-ALICE-0D30t3lA0dYO-73_w0.wav,1.0,16000,1,0.9440608620643616,0.2039424330663906,4.629055500030518,0
gun_c3gd_0D30t3lA0dYO_10-oh_farm-spike_m4_556-ALICE-0D30t3lA0dYO-74_w0,c3gd_0D30t3lA0dYO,gunshot,DANGEROUS_IMPULSE,data/processed\gunshot\gun_c3gd_0D30t3lA0dYO_10-oh_farm-spike_m4_556-ALICE-0D30t3lA0dYO-74_w0.wav,1.0,16000,1,0.9440608620643616,0.1738244817116224,5.431115627288818,0
gun_c3gd_0D30t3lA0dYO_10-oh_farm-spike_m4_556-ALICE-0D30t3lA0dYO-75_w0,c3gd_0D30t3lA0dYO,gunshot,DANGEROUS_IMPULSE,data/processed\gunshot\gun_c3gd_0D30t3lA0dYO_10-oh_farm-spike_m4_556-ALICE-0D30t3lA0dYO-75_w0.wav,1.0,16000,1,0.9440608620643616,0.1581043594443958,5.971124172210693,0
gun_c3gd_0D30t3lA0dYO_10-oh_farm-spike_m4_556-ALICE-0D30t3lA0dYO-76_w0,c3gd_0D30t3lA0dYO,gunshot,DANGEROUS_IMPULSE,data/processed\gunshot\gun_c3gd_0D30t3lA0dYO_10-oh_farm-spike_m4_556-ALICE-0D30t3lA0dYO-76_w0.wav,1.0,16000,1,0.9440608024597168,0.1832260040279897,5.152438640594482,0
gun_c3gd_0D30t3lA0dYO_10-oh_farm-spike_m4_556-ALICE-0D30t3lA0dYO-8_w0,c3gd_0D30t3lA0dYO,gunshot,DANGEROUS_IMPULSE,data/processed\gunshot\gun_c3gd_0D30t3lA0dYO_10-oh_farm-spike_m4_556-ALICE-0D30t3lA0dYO-8_w0.wav,1.0,16000,1,0.9440609216690063,0.167510944629844,5.6358160972595215,0
gun_c3gd_0D30t3lA0dYO_10-oh_farm-spike_m4_556-ALICE-0D30t3lA0dYO-9_w0,c3gd_0D30t3lA0dYO,gunshot,DANGEROUS_IMPULSE,data/processed\gunshot\gun_c3gd_0D30t3lA0dYO_10-oh_farm-spike_m4_556-ALICE-0D30t3lA0dYO-9_w0.wav,1.0,16000,1,0.9440608620643616,0.1230978708708087,7.669188499450684,0
gun_c3gd_TcUw0m1Y2pBD_10-oh_farm-spike_m4_556-ALICE-TcUw0m1Y2pBD-0_w0,c3gd_TcUw0m1Y2pBD,gunshot,DANGEROUS_IMPULSE,data/processed\gunshot\gun_c3gd_TcUw0m1Y2pBD_10-oh_farm-spike_m4_556-ALICE-TcUw0m1Y2pBD-0_w0.wav,1.0,16000,1,0.9440608620643616,0.1213624764293314,7.778852462768555,0
gun_c3gd_TcUw0m1Y2pBD_10-oh_farm-spike_m4_556-ALICE-TcUw0m1Y2pBD-1_w0,c3gd_TcUw0m1Y2pBD,gunshot,DANGEROUS_IMPULSE,data/processed\gunshot\gun_c3gd_TcUw0m1Y2pBD_10-oh_farm-spike_m4_556-ALICE-TcUw0m1Y2pBD-1_w0.wav,1.0,16000,1,0.9440608620643616,0.1052086855706213,8.973220825195312,0
gun_c3gd_TcUw0m1Y2pBD_10-oh_farm-spike_m4_556-ALICE-TcUw0m1Y2pBD-10_w0,c3gd_TcUw0m1Y2pBD,gunshot,DANGEROUS_IMPULSE,data/processed\gunshot\gun_c3gd_TcUw0m1Y2pBD_10-oh_farm-spike_m4_556-ALICE-TcUw0m1Y2pBD-10_w0.wav,1.0,16000,1,0.9440608620643616,0.1062210985102532,8.8876953125,0
gun_c3gd_TcUw0m1Y2pBD_10-oh_farm-spike_m4_556-ALICE-TcUw0m1Y2pBD-11_w0,c3gd_TcUw0m1Y2pBD,gunshot,DANGEROUS_IMPULSE,data/processed\gunshot\gun_c3gd_TcUw0m1Y2pBD_10-oh_farm-spike_m4_556-ALICE-TcUw0m1Y2pBD-11_w0.wav,1.0,16000,1,0.9440608620643616,0.0995253975613301,9.48562717437744,0
gun_c3gd_TcUw0m1Y2pBD_10-oh_farm-spike_m4_556-ALICE-TcUw0m1Y2pBD-12_w0,c3gd_TcUw0m1Y2pBD,gunshot,DANGEROUS_IMPULSE,data/processed\gunshot\gun_c3gd_TcUw0m1Y2pBD_10-oh_farm-spike_m4_556-ALICE-TcUw0m1Y2pBD-12_w0.wav,1.0,16000,1,0.9440608024597168,0.1069965960794542,8.823278427124023,0
gun_c3gd_TcUw0m1Y2pBD_10-oh_farm-spike_m4_556-ALICE-TcUw0m1Y2pBD-13_w0,c3gd_TcUw0m1Y2pBD,gunshot,DANGEROUS_IMPULSE,data/processed\gunshot\gun_c3gd_TcUw0m1Y2pBD_10-oh_farm-spike_m4_556-ALICE-TcUw0m1Y2pBD-13_w0.wav,1.0,16000,1,0.9440608620643616,0.1025928583263256,9.202012062072754,0
gun_c3gd_TcUw0m1Y2pBD_10-oh_farm-spike_m4_556-ALICE-TcUw0m1Y2pBD-14_w0,c3gd_TcUw0m1Y2pBD,gunshot,DANGEROUS_IMPULSE,data/processed\gunshot\gun_c3gd_TcUw0m1Y2pBD_10-oh_farm-spike_m4_556-ALICE-TcUw0m1Y2pBD-14_w0.wav,1.0,16000,1,0.9440608620643616,0.1065252380232914,8.862319946289062,0
gun_c3gd_TcUw0m1Y2pBD_10-oh_farm-spike_m4_556-ALICE-TcUw0m1Y2pBD-15_w0,c3gd_TcUw0m1Y2pBD,gunshot,DANGEROUS_IMPULSE,data/processed\gunshot\gun_c3gd_TcUw0m1Y2pBD_10-oh_farm-spike_m4_556-ALICE-TcUw0m1Y2pBD-15_w0.wav,1.0,16000,1,0.9440608620643616,0.176039310280606,5.362783908843994,0
gun_c3gd_TcUw0m1Y2pBD_10-oh_farm-spike_m4_556-ALICE-TcUw0m1Y2pBD-16_w0,c3gd_TcUw0m1Y2pBD,gunshot,DANGEROUS_IMPULSE,data/processed\gunshot\gun_c3gd_TcUw0m1Y2pBD_10-oh_farm-spike_m4_556-ALICE-TcUw0m1Y2pBD-16_w0.wav,1.0,16000,1,0.9440608620643616,0.1638257725682722,5.762590408325195,0
gun_c3gd_TcUw0m1Y2pBD_10-oh_farm-spike_m4_556-ALICE-TcUw0m1Y2pBD-17_w0,c3gd_TcUw0m1Y2pBD,gunshot,DANGEROUS_IMPULSE,data/processed\gunshot\gun_c3gd_TcUw0m1Y2pBD_10-oh_farm-spike_m4_556-ALICE-TcUw0m1Y2pBD-17_w0.wav,1.0,16000,1,0.9440608620643616,0.1060235566170947,8.904254913330078,0
gun_c3gd_TcUw0m1Y2pBD_10-oh_farm-spike_m4_556-ALICE-TcUw0m1Y2pBD-18_w0,c3gd_TcUw0m1Y2pBD,gunshot,DANGEROUS_IMPULSE,data/processed\gunshot\gun_c3gd_TcUw0m1Y2pBD_10-oh_farm-spike_m4_556-ALICE-TcUw0m1Y2pBD-18_w0.wav,1.0,16000,1,0.9440608620643616,0.2016551222646272,4.681561470031738,0
gun_c3gd_TcUw0m1Y2pBD_10-oh_farm-spike_m4_556-ALICE-TcUw0m1Y2pBD-19_w0,c3gd_TcUw0m1Y2pBD,gunshot,DANGEROUS_IMPULSE,data/processed\gunshot\gun_c3gd_TcUw0m1Y2pBD_10-oh_farm-spike_m4_556-ALICE-TcUw0m1Y2pBD-19_w0.wav,1.0,16000,1,0.9440608620643616,0.1651412263928407,5.716687679290772,0
gun_c3gd_TcUw0m1Y2pBD_10-oh_farm-spike_m4_556-ALICE-TcUw0m1Y2pBD-2_w0,c3gd_TcUw0m1Y2pBD,gunshot,DANGEROUS_IMPULSE,data/processed\gunshot\gun_c3gd_TcUw0m1Y2pBD_10-oh_farm-spike_m4_556-ALICE-TcUw0m1Y2pBD-2_w0.wav,1.0,16000,1,0.9440608620643616,0.1077209859983366,8.763944625854492,0
gun_c3gd_TcUw0m1Y2pBD_10-oh_farm-spike_m4_556-ALICE-TcUw0m1Y2pBD-20_w0,c3gd_TcUw0m1Y2pBD,gunshot,DANGEROUS_IMPULSE,data/processed\gunshot\gun_c3gd_TcUw0m1Y2pBD_10-oh_farm-spike_m4_556-ALICE-TcUw0m1Y2pBD-20_w0.wav,1.0,16000,1,0.9440608620643616,0.1291136013194731,7.311861515045166,0
gun_c3gd_TcUw0m1Y2pBD_10-oh_farm-spike_m4_556-ALICE-TcUw0m1Y2pBD-21_w0,c3gd_TcUw0m1Y2pBD,gunshot,DANGEROUS_IMPULSE,data/processed\gunshot\gun_c3gd_TcUw0m1Y2pBD_10-oh_farm-spike_m4_556-ALICE-TcUw0m1Y2pBD-21_w0.wav,1.0,16000,1,0.9440608620643616,0.1323759533863118,7.1316633224487305,0
gun_c3gd_TcUw0m1Y2pBD_10-oh_farm-spike_m4_556-ALICE-TcUw0m1Y2pBD-22_w0,c3gd_TcUw0m1Y2pBD,gunshot,DANGEROUS_IMPULSE,data/processed\gunshot\gun_c3gd_TcUw0m1Y2pBD_10-oh_farm-spike_m4_556-ALICE-TcUw0m1Y2pBD-22_w0.wav,1.0,16000,1,0.9440608620643616,0.156582425071675,6.0291619300842285,0
gun_c3gd_TcUw0m1Y2pBD_10-oh_farm-spike_m4_556-ALICE-TcUw0m1Y2pBD-23_w0,c3gd_TcUw0m1Y2pBD,gunshot,DANGEROUS_IMPULSE,data/processed\gunshot\gun_c3gd_TcUw0m1Y2pBD_10-oh_farm-spike_m4_556-ALICE-TcUw0m1Y2pBD-23_w0.wav,1.0,16000,1,0.9440608620643616,0.1621262185411976,5.822999000549316,0
gun_c3gd_TcUw0m1Y2pBD_10-oh_farm-spike_m4_556-ALICE-TcUw0m1Y2pBD-24_w0,c3gd_TcUw0m1Y2pBD,gunshot,DANGEROUS_IMPULSE,data/processed\gunshot\gun_c3gd_TcUw0m1Y2pBD_10-oh_farm-spike_m4_556-ALICE-TcUw0m1Y2pBD-24_w0.wav,1.0,16000,1,0.9440608620643616,0.1523261488014381,6.197628021240234,0
gun_c3gd_TcUw0m1Y2pBD_10-oh_farm-spike_m4_556-ALICE-TcUw0m1Y2pBD-25_w0,c3gd_TcUw0m1Y2pBD,gunshot,DANGEROUS_IMPULSE,data/processed\gunshot\gun_c3gd_TcUw0m1Y2pBD_10-oh_farm-spike_m4_556-ALICE-TcUw0m1Y2pBD-25_w0.wav,1.0,16000,1,0.9440608620643616,0.1607443143071211,5.873058795928955,0
gun_c3gd_TcUw0m1Y2pBD_10-oh_farm-spike_m4_556-ALICE-TcUw0m1Y2pBD-26_w0,c3gd_TcUw0m1Y2pBD,gunshot,DANGEROUS_IMPULSE,data/processed\gunshot\gun_c3gd_TcUw0m1Y2pBD_10-oh_farm-spike_m4_556-ALICE-TcUw0m1Y2pBD-26_w0.wav,1.0,16000,1,0.9440608620643616,0.1881963000043799,5.016362190246582,0
gun_c3gd_TcUw0m1Y2pBD_10-oh_farm-spike_m4_556-ALICE-TcUw0m1Y2pBD-27_w0,c3gd_TcUw0m1Y2pBD,gunshot,DANGEROUS_IMPULSE,data/processed\gunshot\gun_c3gd_TcUw0m1Y2pBD_10-oh_farm-spike_m4_556-ALICE-TcUw0m1Y2pBD-27_w0.wav,1.0,16000,1,0.9440608620643616,0.1642437285872793,5.747925758361816,0
gun_c3gd_TcUw0m1Y2pBD_10-oh_farm-spike_m4_556-ALICE-TcUw0m1Y2pBD-28_w0,c3gd_TcUw0m1Y2pBD,gunshot,DANGEROUS_IMPULSE,data/processed\gunshot\gun_c3gd_TcUw0m1Y2pBD_10-oh_farm-spike_m4_556-ALICE-TcUw0m1Y2pBD-28_w0.wav,1.0,16000,1,0.9440608620643616,0.1836985025449718,5.139186382293701,0
gun_c3gd_TcUw0m1Y2pBD_10-oh_farm-spike_m4_556-ALICE-TcUw0m1Y2pBD-29_w0,c3gd_TcUw0m1Y2pBD,gunshot,DANGEROUS_IMPULSE,data/processed\gunshot\gun_c3gd_TcUw0m1Y2pBD_10-oh_farm-spike_m4_556-ALICE-TcUw0m1Y2pBD-29_w0.wav,1.0,16000,1,0.9440608620643616,0.187672347093839,5.030366897583008,0
gun_c3gd_TcUw0m1Y2pBD_10-oh_farm-spike_m4_556-ALICE-TcUw0m1Y2pBD-3_w0,c3gd_TcUw0m1Y2pBD,gunshot,DANGEROUS_IMPULSE,data/processed\gunshot\gun_c3gd_TcUw0m1Y2pBD_10-oh_farm-spike_m4_556-ALICE-TcUw0m1Y2pBD-3_w0.wav,1.0,16000,1,0.9440608620643616,0.1092178799972483,8.643830299377441,0
gun_c3gd_TcUw0m1Y2pBD_10-oh_farm-spike_m4_556-ALICE-TcUw0m1Y2pBD-30_w0,c3gd_TcUw0m1Y2pBD,gunshot,DANGEROUS_IMPULSE,data/processed\gunshot\gun_c3gd_TcUw0m1Y2pBD_10-oh_farm-spike_m4_556-ALICE-TcUw0m1Y2pBD-30_w0.wav,1.0,16000,1,0.9440608620643616,0.1570425793370829,6.011495590209961,0
gun_c3gd_TcUw0m1Y2pBD_10-oh_farm-spike_m4_556-ALICE-TcUw0m1Y2pBD-31_w0,c3gd_TcUw0m1Y2pBD,gunshot,DANGEROUS_IMPULSE,data/processed\gunshot\gun_c3gd_TcUw0m1Y2pBD_10-oh_farm-spike_m4_556-ALICE-TcUw0m1Y2pBD-31_w0.wav,1.0,16000,1,0.9440608620643616,0.1230081731997519,7.67478084564209,0
gun_c3gd_TcUw0m1Y2pBD_10-oh_farm-spike_m4_556-ALICE-TcUw0m1Y2pBD-32_w0,c3gd_TcUw0m1Y2pBD,gunshot,DANGEROUS_IMPULSE,data/processed\gunshot\gun_c3gd_TcUw0m1Y2pBD_10-oh_farm-spike_m4_556-ALICE-TcUw0m1Y2pBD-32_w0.wav,1.0,16000,1,0.9440608620643616,0.2015749032987495,4.683424472808838,0
gun_c3gd_TcUw0m1Y2pBD_10-oh_farm-spike_m4_556-ALICE-TcUw0m1Y2pBD-33_w0,c3gd_TcUw0m1Y2pBD,gunshot,DANGEROUS_IMPULSE,data/processed\gunshot\gun_c3gd_TcUw0m1Y2pBD_10-oh_farm-spike_m4_556-ALICE-TcUw0m1Y2pBD-33_w0.wav,1.0,16000,1,0.9440608620643616,0.2927967838397343,3.2242870330810547,0
gun_c3gd_TcUw0m1Y2pBD_10-oh_farm-spike_m4_556-ALICE-TcUw0m1Y2pBD-34_w0,c3gd_TcUw0m1Y2pBD,gunshot,DANGEROUS_IMPULSE,data/processed\gunshot\gun_c3gd_TcUw0m1Y2pBD_10-oh_farm-spike_m4_556-ALICE-TcUw0m1Y2pBD-34_w0.wav,1.0,16000,1,0.9440608620643616,0.2847261320339324,3.315680265426636,0
gun_c3gd_TcUw0m1Y2pBD_10-oh_farm-spike_m4_556-ALICE-TcUw0m1Y2pBD-35_w0,c3gd_TcUw0m1Y2pBD,gunshot,DANGEROUS_IMPULSE,data/processed\gunshot\gun_c3gd_TcUw0m1Y2pBD_10-oh_farm-spike_m4_556-ALICE-TcUw0m1Y2pBD-35_w0.wav,1.0,16000,1,0.9440608024597168,0.2772985743950283,3.404492139816284,0
gun_c3gd_TcUw0m1Y2pBD_10-oh_farm-spike_m4_556-ALICE-TcUw0m1Y2pBD-36_w0,c3gd_TcUw0m1Y2pBD,gunshot,DANGEROUS_IMPULSE,data/processed\gunshot\gun_c3gd_TcUw0m1Y2pBD_10-oh_farm-spike_m4_556-ALICE-TcUw0m1Y2pBD-36_w0.wav,1.0,16000,1,0.9440608620643616,0.1884654540904537,5.009198188781738,0
gun_c3gd_TcUw0m1Y2pBD_10-oh_farm-spike_m4_556-ALICE-TcUw0m1Y2pBD-37_w0,c3gd_TcUw0m1Y2pBD,gunshot,DANGEROUS_IMPULSE,data/processed\gunshot\gun_c3gd_TcUw0m1Y2pBD_10-oh_farm-spike_m4_556-ALICE-TcUw0m1Y2pBD-37_w0.wav,1.0,16000,1,0.9440609216690063,0.1757133034674923,5.372734069824219,0
gun_c3gd_TcUw0m1Y2pBD_10-oh_farm-spike_m4_556-ALICE-TcUw0m1Y2pBD-38_w0,c3gd_TcUw0m1Y2pBD,gunshot,DANGEROUS_IMPULSE,data/processed\gunshot\gun_c3gd_TcUw0m1Y2pBD_10-oh_farm-spike_m4_556-ALICE-TcUw0m1Y2pBD-38_w0.wav,1.0,16000,1,0.9440608620643616,0.1679965983082606,5.619523048400879,0
gun_c3gd_TcUw0m1Y2pBD_10-oh_farm-spike_m4_556-ALICE-TcUw0m1Y2pBD-39_w0,c3gd_TcUw0m1Y2pBD,gunshot,DANGEROUS_IMPULSE,data/processed\gunshot\gun_c3gd_TcUw0m1Y2pBD_10-oh_farm-spike_m4_556-ALICE-TcUw0m1Y2pBD-39_w0.wav,1.0,16000,1,0.9440608620643616,0.1101030784477668,8.574336051940918,0
gun_c3gd_TcUw0m1Y2pBD_10-oh_farm-spike_m4_556-ALICE-TcUw0m1Y2pBD-4_w0,c3gd_TcUw0m1Y2pBD,gunshot,DANGEROUS_IMPULSE,data/processed\gunshot\gun_c3gd_TcUw0m1Y2pBD_10-oh_farm-spike_m4_556-ALICE-TcUw0m1Y2pBD-4_w0.wav,1.0,16000,1,0.9440608620643616,0.1164054924985061,8.110105514526367,0
gun_c3gd_TcUw0m1Y2pBD_10-oh_farm-spike_m4_556-ALICE-TcUw0m1Y2pBD-40_w0,c3gd_TcUw0m1Y2pBD,gunshot,DANGEROUS_IMPULSE,data/processed\gunshot\gun_c3gd_TcUw0m1Y2pBD_10-oh_farm-spike_m4_556-ALICE-TcUw0m1Y2pBD-40_w0.wav,1.0,16000,1,0.9440608620643616,0.1871345057165827,5.044824600219727,0
gun_c3gd_TcUw0m1Y2pBD_10-oh_farm-spike_m4_556-ALICE-TcUw0m1Y2pBD-41_w0,c3gd_TcUw0m1Y2pBD,gunshot,DANGEROUS_IMPULSE,data/processed\gunshot\gun_c3gd_TcUw0m1Y2pBD_10-oh_farm-spike_m4_556-ALICE-TcUw0m1Y2pBD-41_w0.wav,1.0,16000,1,0.9440608620643616,0.1673549092469546,5.641069889068604,0
gun_c3gd_TcUw0m1Y2pBD_10-oh_farm-spike_m4_556-ALICE-TcUw0m1Y2pBD-42_w0,c3gd_TcUw0m1Y2pBD,gunshot,DANGEROUS_IMPULSE,data/processed\gunshot\gun_c3gd_TcUw0m1Y2pBD_10-oh_farm-spike_m4_556-ALICE-TcUw0m1Y2pBD-42_w0.wav,1.0,16000,1,0.9440609216690063,0.1106431998015355,8.532479286193848,0
gun_c3gd_TcUw0m1Y2pBD_10-oh_farm-spike_m4_556-ALICE-TcUw0m1Y2pBD-43_w0,c3gd_TcUw0m1Y2pBD,gunshot,DANGEROUS_IMPULSE,data/processed\gunshot\gun_c3gd_TcUw0m1Y2pBD_10-oh_farm-spike_m4_556-ALICE-TcUw0m1Y2pBD-43_w0.wav,1.0,16000,1,0.9440608024597168,0.1877205862441603,5.029074192047119,0
gun_c3gd_TcUw0m1Y2pBD_10-oh_farm-spike_m4_556-ALICE-TcUw0m1Y2pBD-44_w0,c3gd_TcUw0m1Y2pBD,gunshot,DANGEROUS_IMPULSE,data/processed\gunshot\gun_c3gd_TcUw0m1Y2pBD_10-oh_farm-spike_m4_556-ALICE-TcUw0m1Y2pBD-44_w0.wav,1.0,16000,1,0.9440609216690063,0.1543583083684995,6.116035461425781,0
gun_c3gd_TcUw0m1Y2pBD_10-oh_farm-spike_m4_556-ALICE-TcUw0m1Y2pBD-45_w0,c3gd_TcUw0m1Y2pBD,gunshot,DANGEROUS_IMPULSE,data/processed\gunshot\gun_c3gd_TcUw0m1Y2pBD_10-oh_farm-spike_m4_556-ALICE-TcUw0m1Y2pBD-45_w0.wav,1.0,16000,1,0.9440609216690063,0.1274431893527227,7.4076995849609375,0
gun_c3gd_TcUw0m1Y2pBD_10-oh_farm-spike_m4_556-ALICE-TcUw0m1Y2pBD-46_w0,c3gd_TcUw0m1Y2pBD,gunshot,DANGEROUS_IMPULSE,data/processed\gunshot\gun_c3gd_TcUw0m1Y2pBD_10-oh_farm-spike_m4_556-ALICE-TcUw0m1Y2pBD-46_w0.wav,1.0,16000,1,0.9440608620643616,0.1274449066616788,7.407598972320557,0
gun_c3gd_TcUw0m1Y2pBD_10-oh_farm-spike_m4_556-ALICE-TcUw0m1Y2pBD-47_w0,c3gd_TcUw0m1Y2pBD,gunshot,DANGEROUS_IMPULSE,data/processed\gunshot\gun_c3gd_TcUw0m1Y2pBD_10-oh_farm-spike_m4_556-ALICE-TcUw0m1Y2pBD-47_w0.wav,1.0,16000,1,0.9440608620643616,0.1593935179704473,5.922830581665039,0
gun_c3gd_TcUw0m1Y2pBD_10-oh_farm-spike_m4_556-ALICE-TcUw0m1Y2pBD-48_w0,c3gd_TcUw0m1Y2pBD,gunshot,DANGEROUS_IMPULSE,data/processed\gunshot\gun_c3gd_TcUw0m1Y2pBD_10-oh_farm-spike_m4_556-ALICE-TcUw0m1Y2pBD-48_w0.wav,1.0,16000,1,0.9440608620643616,0.1031387459017863,9.153308868408203,0
gun_c3gd_TcUw0m1Y2pBD_10-oh_farm-spike_m4_556-ALICE-TcUw0m1Y2pBD-49_w0,c3gd_TcUw0m1Y2pBD,gunshot,DANGEROUS_IMPULSE,data/processed\gunshot\gun_c3gd_TcUw0m1Y2pBD_10-oh_farm-spike_m4_556-ALICE-TcUw0m1Y2pBD-49_w0.wav,1.0,16000,1,0.9440609216690063,0.1829226891276398,5.160982608795166,0
gun_c3gd_TcUw0m1Y2pBD_10-oh_farm-spike_m4_556-ALICE-TcUw0m1Y2pBD-5_w0,c3gd_TcUw0m1Y2pBD,gunshot,DANGEROUS_IMPULSE,data/processed\gunshot\gun_c3gd_TcUw0m1Y2pBD_10-oh_farm-spike_m4_556-ALICE-TcUw0m1Y2pBD-5_w0.wav,1.0,16000,1,0.9440608620643616,0.1097641476433322,8.600811958312988,0
gun_c3gd_TcUw0m1Y2pBD_10-oh_farm-spike_m4_556-ALICE-TcUw0m1Y2pBD-50_w0,c3gd_TcUw0m1Y2pBD,gunshot,DANGEROUS_IMPULSE,data/processed\gunshot\gun_c3gd_TcUw0m1Y2pBD_10-oh_farm-spike_m4_556-ALICE-TcUw0m1Y2pBD-50_w0.wav,1.0,16000,1,0.9440608620643616,0.1811384313952849,5.211819648742676,0
gun_c3gd_TcUw0m1Y2pBD_10-oh_farm-spike_m4_556-ALICE-TcUw0m1Y2pBD-51_w0,c3gd_TcUw0m1Y2pBD,gunshot,DANGEROUS_IMPULSE,data/processed\gunshot\gun_c3gd_TcUw0m1Y2pBD_10-oh_farm-spike_m4_556-ALICE-TcUw0m1Y2pBD-51_w0.wav,1.0,16000,1,0.9440608024597168,0.1099947714714442,8.582777976989746,0
gun_c3gd_TcUw0m1Y2pBD_10-oh_farm-spike_m4_556-ALICE-TcUw0m1Y2pBD-52_w0,c3gd_TcUw0m1Y2pBD,gunshot,DANGEROUS_IMPULSE,data/processed\gunshot\gun_c3gd_TcUw0m1Y2pBD_10-oh_farm-spike_m4_556-ALICE-TcUw0m1Y2pBD-52_w0.wav,1.0,16000,1,0.9440608620643616,0.1097358133688084,8.603032112121582,0
gun_c3gd_TcUw0m1Y2pBD_10-oh_farm-spike_m4_556-ALICE-TcUw0m1Y2pBD-53_w0,c3gd_TcUw0m1Y2pBD,gunshot,DANGEROUS_IMPULSE,data/processed\gunshot\gun_c3gd_TcUw0m1Y2pBD_10-oh_farm-spike_m4_556-ALICE-TcUw0m1Y2pBD-53_w0.wav,1.0,16000,1,0.9440608620643616,0.09706887506998,9.725679397583008,0
gun_c3gd_TcUw0m1Y2pBD_10-oh_farm-spike_m4_556-ALICE-TcUw0m1Y2pBD-54_w0,c3gd_TcUw0m1Y2pBD,gunshot,DANGEROUS_IMPULSE,data/processed\gunshot\gun_c3gd_TcUw0m1Y2pBD_10-oh_farm-spike_m4_556-ALICE-TcUw0m1Y2pBD-54_w0.wav,1.0,16000,1,0.9440608620643616,0.1043184029581446,9.049800872802734,0
gun_c3gd_TcUw0m1Y2pBD_10-oh_farm-spike_m4_556-ALICE-TcUw0m1Y2pBD-55_w0,c3gd_TcUw0m1Y2pBD,gunshot,DANGEROUS_IMPULSE,data/processed\gunshot\gun_c3gd_TcUw0m1Y2pBD_10-oh_farm-spike_m4_556-ALICE-TcUw0m1Y2pBD-55_w0.wav,1.0,16000,1,0.9440608620643616,0.1755509192031023,5.377703666687012,0
gun_c3gd_TcUw0m1Y2pBD_10-oh_farm-spike_m4_556-ALICE-TcUw0m1Y2pBD-56_w0,c3gd_TcUw0m1Y2pBD,gunshot,DANGEROUS_IMPULSE,data/processed\gunshot\gun_c3gd_TcUw0m1Y2pBD_10-oh_farm-spike_m4_556-ALICE-TcUw0m1Y2pBD-56_w0.wav,1.0,16000,1,0.9440608620643616,0.1879549071176485,5.0228047370910645,0
gun_c3gd_TcUw0m1Y2pBD_10-oh_farm-spike_m4_556-ALICE-TcUw0m1Y2pBD-57_w0,c3gd_TcUw0m1Y2pBD,gunshot,DANGEROUS_IMPULSE,data/processed\gunshot\gun_c3gd_TcUw0m1Y2pBD_10-oh_farm-spike_m4_556-ALICE-TcUw0m1Y2pBD-57_w0.wav,1.0,16000,1,0.9440608620643616,0.1562897750773414,6.040451526641846,0
gun_c3gd_TcUw0m1Y2pBD_10-oh_farm-spike_m4_556-ALICE-TcUw0m1Y2pBD-58_w0,c3gd_TcUw0m1Y2pBD,gunshot,DANGEROUS_IMPULSE,data/processed\gunshot\gun_c3gd_TcUw0m1Y2pBD_10-oh_farm-spike_m4_556-ALICE-TcUw0m1Y2pBD-58_w0.wav,1.0,16000,1,0.9440608024597168,0.212382620410927,4.445094108581543,0
gun_c3gd_TcUw0m1Y2pBD_10-oh_farm-spike_m4_556-ALICE-TcUw0m1Y2pBD-59_w0,c3gd_TcUw0m1Y2pBD,gunshot,DANGEROUS_IMPULSE,data/processed\gunshot\gun_c3gd_TcUw0m1Y2pBD_10-oh_farm-spike_m4_556-ALICE-TcUw0m1Y2pBD-59_w0.wav,1.0,16000,1,0.9440608620643616,0.2164781048326831,4.36099910736084,0
gun_c3gd_TcUw0m1Y2pBD_10-oh_farm-spike_m4_556-ALICE-TcUw0m1Y2pBD-6_w0,c3gd_TcUw0m1Y2pBD,gunshot,DANGEROUS_IMPULSE,data/processed\gunshot\gun_c3gd_TcUw0m1Y2pBD_10-oh_farm-spike_m4_556-ALICE-TcUw0m1Y2pBD-6_w0.wav,1.0,16000,1,0.9440609216690063,0.1061803731612009,8.891104698181152,0
gun_c3gd_TcUw0m1Y2pBD_10-oh_farm-spike_m4_556-ALICE-TcUw0m1Y2pBD-60_w0,c3gd_TcUw0m1Y2pBD,gunshot,DANGEROUS_IMPULSE,data/processed\gunshot\gun_c3gd_TcUw0m1Y2pBD_10-oh_farm-spike_m4_556-ALICE-TcUw0m1Y2pBD-60_w0.wav,1.0,16000,1,0.9440608620643616,0.2141785032360307,4.407822608947754,0
gun_c3gd_TcUw0m1Y2pBD_10-oh_farm-spike_m4_556-ALICE-TcUw0m1Y2pBD-61_w0,c3gd_TcUw0m1Y2pBD,gunshot,DANGEROUS_IMPULSE,data/processed\gunshot\gun_c3gd_TcUw0m1Y2pBD_10-oh_farm-spike_m4_556-ALICE-TcUw0m1Y2pBD-61_w0.wav,1.0,16000,1,0.9440608620643616,0.212616604130155,4.440202713012695,0
gun_c3gd_TcUw0m1Y2pBD_10-oh_farm-spike_m4_556-ALICE-TcUw0m1Y2pBD-62_w0,c3gd_TcUw0m1Y2pBD,gunshot,DANGEROUS_IMPULSE,data/processed\gunshot\gun_c3gd_TcUw0m1Y2pBD_10-oh_farm-spike_m4_556-ALICE-TcUw0m1Y2pBD-62_w0.wav,1.0,16000,1,0.9440608620643616,0.2294364942784765,4.114693641662598,0
gun_c3gd_TcUw0m1Y2pBD_10-oh_farm-spike_m4_556-ALICE-TcUw0m1Y2pBD-63_w0,c3gd_TcUw0m1Y2pBD,gunshot,DANGEROUS_IMPULSE,data/processed\gunshot\gun_c3gd_TcUw0m1Y2pBD_10-oh_farm-spike_m4_556-ALICE-TcUw0m1Y2pBD-63_w0.wav,1.0,16000,1,0.9440608620643616,0.1666452808865353,5.6650919914245605,0
gun_c3gd_TcUw0m1Y2pBD_10-oh_farm-spike_m4_556-ALICE-TcUw0m1Y2pBD-64_w0,c3gd_TcUw0m1Y2pBD,gunshot,DANGEROUS_IMPULSE,data/processed\gunshot\gun_c3gd_TcUw0m1Y2pBD_10-oh_farm-spike_m4_556-ALICE-TcUw0m1Y2pBD-64_w0.wav,1.0,16000,1,0.9440608024597168,0.2059750425621597,4.583374500274658,0
gun_c3gd_TcUw0m1Y2pBD_10-oh_farm-spike_m4_556-ALICE-TcUw0m1Y2pBD-65_w0,c3gd_TcUw0m1Y2pBD,gunshot,DANGEROUS_IMPULSE,data/processed\gunshot\gun_c3gd_TcUw0m1Y2pBD_10-oh_farm-spike_m4_556-ALICE-TcUw0m1Y2pBD-65_w0.wav,1.0,16000,1,0.9440608620643616,0.2149657423288961,4.391680240631104,0
gun_c3gd_TcUw0m1Y2pBD_10-oh_farm-spike_m4_556-ALICE-TcUw0m1Y2pBD-66_w0,c3gd_TcUw0m1Y2pBD,gunshot,DANGEROUS_IMPULSE,data/processed\gunshot\gun_c3gd_TcUw0m1Y2pBD_10-oh_farm-spike_m4_556-ALICE-TcUw0m1Y2pBD-66_w0.wav,1.0,16000,1,0.9440608620643616,0.1932071992480808,4.886260986328125,0
gun_c3gd_TcUw0m1Y2pBD_10-oh_farm-spike_m4_556-ALICE-TcUw0m1Y2pBD-67_w0,c3gd_TcUw0m1Y2pBD,gunshot,DANGEROUS_IMPULSE,data/processed\gunshot\gun_c3gd_TcUw0m1Y2pBD_10-oh_farm-spike_m4_556-ALICE-TcUw0m1Y2pBD-67_w0.wav,1.0,16000,1,0.9440608620643616,0.2034346714204017,4.640609264373779,0
gun_c3gd_TcUw0m1Y2pBD_10-oh_farm-spike_m4_556-ALICE-TcUw0m1Y2pBD-68_w0,c3gd_TcUw0m1Y2pBD,gunshot,DANGEROUS_IMPULSE,data/processed\gunshot\gun_c3gd_TcUw0m1Y2pBD_10-oh_farm-spike_m4_556-ALICE-TcUw0m1Y2pBD-68_w0.wav,1.0,16000,1,0.9440608620643616,0.2399371952965151,3.9346165657043457,0
gun_c3gd_TcUw0m1Y2pBD_10-oh_farm-spike_m4_556-ALICE-TcUw0m1Y2pBD-69_w0,c3gd_TcUw0m1Y2pBD,gunshot,DANGEROUS_IMPULSE,data/processed\gunshot\gun_c3gd_TcUw0m1Y2pBD_10-oh_farm-spike_m4_556-ALICE-TcUw0m1Y2pBD-69_w0.wav,1.0,16000,1,0.9440608620643616,0.1699326007571021,5.555501461029053,0
gun_c3gd_TcUw0m1Y2pBD_10-oh_farm-spike_m4_556-ALICE-TcUw0m1Y2pBD-7_w0,c3gd_TcUw0m1Y2pBD,gunshot,DANGEROUS_IMPULSE,data/processed\gunshot\gun_c3gd_TcUw0m1Y2pBD_10-oh_farm-spike_m4_556-ALICE-TcUw0m1Y2pBD-7_w0.wav,1.0,16000,1,0.9440608620643616,0.2002153060977707,4.715228080749512,0
gun_c3gd_TcUw0m1Y2pBD_10-oh_farm-spike_m4_556-ALICE-TcUw0m1Y2pBD-70_w0,c3gd_TcUw0m1Y2pBD,gunshot,DANGEROUS_IMPULSE,data/processed\gunshot\gun_c3gd_TcUw0m1Y2pBD_10-oh_farm-spike_m4_556-ALICE-TcUw0m1Y2pBD-70_w0.wav,1.0,16000,1,0.9440608620643616,0.2131085986037872,4.4299516677856445,0
gun_c3gd_TcUw0m1Y2pBD_10-oh_farm-spike_m4_556-ALICE-TcUw0m1Y2pBD-71_w0,c3gd_TcUw0m1Y2pBD,gunshot,DANGEROUS_IMPULSE,data/processed\gunshot\gun_c3gd_TcUw0m1Y2pBD_10-oh_farm-spike_m4_556-ALICE-TcUw0m1Y2pBD-71_w0.wav,1.0,16000,1,0.9440608620643616,0.2336803872060775,4.039966106414795,0
gun_c3gd_TcUw0m1Y2pBD_10-oh_farm-spike_m4_556-ALICE-TcUw0m1Y2pBD-72_w0,c3gd_TcUw0m1Y2pBD,gunshot,DANGEROUS_IMPULSE,data/processed\gunshot\gun_c3gd_TcUw0m1Y2pBD_10-oh_farm-spike_m4_556-ALICE-TcUw0m1Y2pBD-72_w0.wav,1.0,16000,1,0.9440608620643616,0.1645500115170007,5.737227439880371,0
gun_c3gd_TcUw0m1Y2pBD_10-oh_farm-spike_m4_556-ALICE-TcUw0m1Y2pBD-73_w0,c3gd_TcUw0m1Y2pBD,gunshot,DANGEROUS_IMPULSE,data/processed\gunshot\gun_c3gd_TcUw0m1Y2pBD_10-oh_farm-spike_m4_556-ALICE-TcUw0m1Y2pBD-73_w0.wav,1.0,16000,1,0.9440608620643616,0.1973690007592354,4.783227443695068,0
gun_c3gd_TcUw0m1Y2pBD_10-oh_farm-spike_m4_556-ALICE-TcUw0m1Y2pBD-74_w0,c3gd_TcUw0m1Y2pBD,gunshot,DANGEROUS_IMPULSE,data/processed\gunshot\gun_c3gd_TcUw0m1Y2pBD_10-oh_farm-spike_m4_556-ALICE-TcUw0m1Y2pBD-74_w0.wav,1.0,16000,1,0.9440608620643616,0.1674091643307097,5.639241695404053,0
gun_c3gd_TcUw0m1Y2pBD_10-oh_farm-spike_m4_556-ALICE-TcUw0m1Y2pBD-75_w0,c3gd_TcUw0m1Y2pBD,gunshot,DANGEROUS_IMPULSE,data/processed\gunshot\gun_c3gd_TcUw0m1Y2pBD_10-oh_farm-spike_m4_556-ALICE-TcUw0m1Y2pBD-75_w0.wav,1.0,16000,1,0.9440608024597168,0.1173319681084057,8.046065330505371,0
gun_c3gd_TcUw0m1Y2pBD_10-oh_farm-spike_m4_556-ALICE-TcUw0m1Y2pBD-76_w0,c3gd_TcUw0m1Y2pBD,gunshot,DANGEROUS_IMPULSE,data/processed\gunshot\gun_c3gd_TcUw0m1Y2pBD_10-oh_farm-spike_m4_556-ALICE-TcUw0m1Y2pBD-76_w0.wav,1.0,16000,1,0.9440609216690063,0.1371386686913318,6.8839874267578125,0
gun_c3gd_TcUw0m1Y2pBD_10-oh_farm-spike_m4_556-ALICE-TcUw0m1Y2pBD-8_w0,c3gd_TcUw0m1Y2pBD,gunshot,DANGEROUS_IMPULSE,data/processed\gunshot\gun_c3gd_TcUw0m1Y2pBD_10-oh_farm-spike_m4_556-ALICE-TcUw0m1Y2pBD-8_w0.wav,1.0,16000,1,0.9440608620643616,0.1582842960045747,5.964336395263672,0
gun_c3gd_TcUw0m1Y2pBD_10-oh_farm-spike_m4_556-ALICE-TcUw0m1Y2pBD-9_w0,c3gd_TcUw0m1Y2pBD,gunshot,DANGEROUS_IMPULSE,data/processed\gunshot\gun_c3gd_TcUw0m1Y2pBD_10-oh_farm-spike_m4_556-ALICE-TcUw0m1Y2pBD-9_w0.wav,1.0,16000,1,0.9440608620643616,0.109719835518563,8.60428524017334,0
gun_c3gd_jQ17j9hZCGf9_10-oh_farm-spike_m4_556-BOB-jQ17j9hZCGf9-0_w0,c3gd_jQ17j9hZCGf9,gunshot,DANGEROUS_IMPULSE,data/processed\gunshot\gun_c3gd_jQ17j9hZCGf9_10-oh_farm-spike_m4_556-BOB-jQ17j9hZCGf9-0_w0.wav,1.0,16000,1,0.9440608620643616,0.1096756923058482,8.607748031616211,0
gun_c3gd_jQ17j9hZCGf9_10-oh_farm-spike_m4_556-BOB-jQ17j9hZCGf9-1_w0,c3gd_jQ17j9hZCGf9,gunshot,DANGEROUS_IMPULSE,data/processed\gunshot\gun_c3gd_jQ17j9hZCGf9_10-oh_farm-spike_m4_556-BOB-jQ17j9hZCGf9-1_w0.wav,1.0,16000,1,0.9440608620643616,0.1019393960982821,9.261000633239746,0
gun_c3gd_jQ17j9hZCGf9_10-oh_farm-spike_m4_556-BOB-jQ17j9hZCGf9-10_w0,c3gd_jQ17j9hZCGf9,gunshot,DANGEROUS_IMPULSE,data/processed\gunshot\gun_c3gd_jQ17j9hZCGf9_10-oh_farm-spike_m4_556-BOB-jQ17j9hZCGf9-10_w0.wav,1.0,16000,1,0.9440608620643616,0.0926448533252454,10.190104484558104,0
gun_c3gd_jQ17j9hZCGf9_10-oh_farm-spike_m4_556-BOB-jQ17j9hZCGf9-11_w0,c3gd_jQ17j9hZCGf9,gunshot,DANGEROUS_IMPULSE,data/processed\gunshot\gun_c3gd_jQ17j9hZCGf9_10-oh_farm-spike_m4_556-BOB-jQ17j9hZCGf9-11_w0.wav,1.0,16000,1,0.9440608024597168,0.118362111037958,7.976037979125977,0
gun_c3gd_jQ17j9hZCGf9_10-oh_farm-spike_m4_556-BOB-jQ17j9hZCGf9-12_w0,c3gd_jQ17j9hZCGf9,gunshot,DANGEROUS_IMPULSE,data/processed\gunshot\gun_c3gd_jQ17j9hZCGf9_10-oh_farm-spike_m4_556-BOB-jQ17j9hZCGf9-12_w0.wav,1.0,16000,1,0.9440608620643616,0.0881817499603794,10.705852508544922,0
gun_c3gd_jQ17j9hZCGf9_10-oh_farm-spike_m4_556-BOB-jQ17j9hZCGf9-13_w0,c3gd_jQ17j9hZCGf9,gunshot,DANGEROUS_IMPULSE,data/processed\gunshot\gun_c3gd_jQ17j9hZCGf9_10-oh_farm-spike_m4_556-BOB-jQ17j9hZCGf9-13_w0.wav,1.0,16000,1,0.9440608620643616,0.0528209205691743,17.872854232788086,0
gun_c3gd_jQ17j9hZCGf9_10-oh_farm-spike_m4_556-BOB-jQ17j9hZCGf9-14_w0,c3gd_jQ17j9hZCGf9,gunshot,DANGEROUS_IMPULSE,data/processed\gunshot\gun_c3gd_jQ17j9hZCGf9_10-oh_farm-spike_m4_556-BOB-jQ17j9hZCGf9-14_w0.wav,1.0,16000,1,0.9440608620643616,0.095123550468534,9.924574851989746,0
gun_c3gd_jQ17j9hZCGf9_10-oh_farm-spike_m4_556-BOB-jQ17j9hZCGf9-15_w0,c3gd_jQ17j9hZCGf9,gunshot,DANGEROUS_IMPULSE,data/processed\gunshot\gun_c3gd_jQ17j9hZCGf9_10-oh_farm-spike_m4_556-BOB-jQ17j9hZCGf9-15_w0.wav,1.0,16000,1,0.9440608620643616,0.0543088705890884,17.383176803588867,0
gun_c3gd_jQ17j9hZCGf9_10-oh_farm-spike_m4_556-BOB-jQ17j9hZCGf9-16_w0,c3gd_jQ17j9hZCGf9,gunshot,DANGEROUS_IMPULSE,data/processed\gunshot\gun_c3gd_jQ17j9hZCGf9_10-oh_farm-spike_m4_556-BOB-jQ17j9hZCGf9-16_w0.wav,1.0,16000,1,0.9440608620643616,0.0840104417491448,11.237421989440918,0
gun_c3gd_jQ17j9hZCGf9_10-oh_farm-spike_m4_556-BOB-jQ17j9hZCGf9-17_w0,c3gd_jQ17j9hZCGf9,gunshot,DANGEROUS_IMPULSE,data/processed\gunshot\gun_c3gd_jQ17j9hZCGf9_10-oh_farm-spike_m4_556-BOB-jQ17j9hZCGf9-17_w0.wav,1.0,16000,1,0.9440608620643616,0.0787560191862739,11.987156867980955,0
gun_c3gd_jQ17j9hZCGf9_10-oh_farm-spike_m4_556-BOB-jQ17j9hZCGf9-18_w0,c3gd_jQ17j9hZCGf9,gunshot,DANGEROUS_IMPULSE,data/processed\gunshot\gun_c3gd_jQ17j9hZCGf9_10-oh_farm-spike_m4_556-BOB-jQ17j9hZCGf9-18_w0.wav,1.0,16000,1,0.9440608620643616,0.0516821988209953,18.266651153564453,0
gun_c3gd_jQ17j9hZCGf9_10-oh_farm-spike_m4_556-BOB-jQ17j9hZCGf9-19_w0,c3gd_jQ17j9hZCGf9,gunshot,DANGEROUS_IMPULSE,data/processed\gunshot\gun_c3gd_jQ17j9hZCGf9_10-oh_farm-spike_m4_556-BOB-jQ17j9hZCGf9-19_w0.wav,1.0,16000,1,0.9440608620643616,0.1399213884388841,6.747079849243164,0
gun_c3gd_jQ17j9hZCGf9_10-oh_farm-spike_m4_556-BOB-jQ17j9hZCGf9-2_w0,c3gd_jQ17j9hZCGf9,gunshot,DANGEROUS_IMPULSE,data/processed\gunshot\gun_c3gd_jQ17j9hZCGf9_10-oh_farm-spike_m4_556-BOB-jQ17j9hZCGf9-2_w0.wav,1.0,16000,1,0.9440608024597168,0.0506493915155857,18.639131546020508,0
gun_c3gd_jQ17j9hZCGf9_10-oh_farm-spike_m4_556-BOB-jQ17j9hZCGf9-20_w0,c3gd_jQ17j9hZCGf9,gunshot,DANGEROUS_IMPULSE,data/processed\gunshot\gun_c3gd_jQ17j9hZCGf9_10-oh_farm-spike_m4_556-BOB-jQ17j9hZCGf9-20_w0.wav,1.0,16000,1,0.9440608620643616,0.1559053016342432,6.055347919464111,0
gun_c3gd_jQ17j9hZCGf9_10-oh_farm-spike_m4_556-BOB-jQ17j9hZCGf9-21_w0,c3gd_jQ17j9hZCGf9,gunshot,DANGEROUS_IMPULSE,data/processed\gunshot\gun_c3gd_jQ17j9hZCGf9_10-oh_farm-spike_m4_556-BOB-jQ17j9hZCGf9-21_w0.wav,1.0,16000,1,0.9440608620643616,0.0898923897728301,10.502120971679688,0
gun_c3gd_jQ17j9hZCGf9_10-oh_farm-spike_m4_556-BOB-jQ17j9hZCGf9-22_w0,c3gd_jQ17j9hZCGf9,gunshot,DANGEROUS_IMPULSE,data/processed\gunshot\gun_c3gd_jQ17j9hZCGf9_10-oh_farm-spike_m4_556-BOB-jQ17j9hZCGf9-22_w0.wav,1.0,16000,1,0.9440608620643616,0.1846175864900089,5.1136016845703125,0
gun_c3gd_jQ17j9hZCGf9_10-oh_farm-spike_m4_556-BOB-jQ17j9hZCGf9-23_w0,c3gd_jQ17j9hZCGf9,gunshot,DANGEROUS_IMPULSE,data/processed\gunshot\gun_c3gd_jQ17j9hZCGf9_10-oh_farm-spike_m4_556-BOB-jQ17j9hZCGf9-23_w0.wav,1.0,16000,1,0.9440608620643616,0.0937235566436492,10.07282257080078,0
gun_c3gd_jQ17j9hZCGf9_10-oh_farm-spike_m4_556-BOB-jQ17j9hZCGf9-24_w0,c3gd_jQ17j9hZCGf9,gunshot,DANGEROUS_IMPULSE,data/processed\gunshot\gun_c3gd_jQ17j9hZCGf9_10-oh_farm-spike_m4_556-BOB-jQ17j9hZCGf9-24_w0.wav,1.0,16000,1,0.9440608620643616,0.1734087632403248,5.4441351890563965,0
gun_c3gd_jQ17j9hZCGf9_10-oh_farm-spike_m4_556-BOB-jQ17j9hZCGf9-25_w0,c3gd_jQ17j9hZCGf9,gunshot,DANGEROUS_IMPULSE,data/processed\gunshot\gun_c3gd_jQ17j9hZCGf9_10-oh_farm-spike_m4_556-BOB-jQ17j9hZCGf9-25_w0.wav,1.0,16000,1,0.9440608620643616,0.1124320054874614,8.39672565460205,0
gun_c3gd_jQ17j9hZCGf9_10-oh_farm-spike_m4_556-BOB-jQ17j9hZCGf9-26_w0,c3gd_jQ17j9hZCGf9,gunshot,DANGEROUS_IMPULSE,data/processed\gunshot\gun_c3gd_jQ17j9hZCGf9_10-oh_farm-spike_m4_556-BOB-jQ17j9hZCGf9-26_w0.wav,1.0,16000,1,0.9440608620643616,0.1207464992033486,7.818535327911377,0
gun_c3gd_jQ17j9hZCGf9_10-oh_farm-spike_m4_556-BOB-jQ17j9hZCGf9-27_w0,c3gd_jQ17j9hZCGf9,gunshot,DANGEROUS_IMPULSE,data/processed\gunshot\gun_c3gd_jQ17j9hZCGf9_10-oh_farm-spike_m4_556-BOB-jQ17j9hZCGf9-27_w0.wav,1.0,16000,1,0.9440608620643616,0.0898959226053457,10.501708030700684,0
gun_c3gd_jQ17j9hZCGf9_10-oh_farm-spike_m4_556-BOB-jQ17j9hZCGf9-28_w0,c3gd_jQ17j9hZCGf9,gunshot,DANGEROUS_IMPULSE,data/processed\gunshot\gun_c3gd_jQ17j9hZCGf9_10-oh_farm-spike_m4_556-BOB-jQ17j9hZCGf9-28_w0.wav,1.0,16000,1,0.9440608620643616,0.0834896520170919,11.307518005371094,0
gun_c3gd_jQ17j9hZCGf9_10-oh_farm-spike_m4_556-BOB-jQ17j9hZCGf9-29_w0,c3gd_jQ17j9hZCGf9,gunshot,DANGEROUS_IMPULSE,data/processed\gunshot\gun_c3gd_jQ17j9hZCGf9_10-oh_farm-spike_m4_556-BOB-jQ17j9hZCGf9-29_w0.wav,1.0,16000,1,0.9440608620643616,0.0821694390863807,11.489194869995115,0
gun_c3gd_jQ17j9hZCGf9_10-oh_farm-spike_m4_556-BOB-jQ17j9hZCGf9-3_w0,c3gd_jQ17j9hZCGf9,gunshot,DANGEROUS_IMPULSE,data/processed\gunshot\gun_c3gd_jQ17j9hZCGf9_10-oh_farm-spike_m4_556-BOB-jQ17j9hZCGf9-3_w0.wav,1.0,16000,1,0.9440608620643616,0.0684399028306182,13.794010162353516,0
gun_c3gd_jQ17j9hZCGf9_10-oh_farm-spike_m4_556-BOB-jQ17j9hZCGf9-30_w0,c3gd_jQ17j9hZCGf9,gunshot,DANGEROUS_IMPULSE,data/processed\gunshot\gun_c3gd_jQ17j9hZCGf9_10-oh_farm-spike_m4_556-BOB-jQ17j9hZCGf9-30_w0.wav,1.0,16000,1,0.9440608620643616,0.1935034513744812,4.878780364990234,0
gun_c3gd_jQ17j9hZCGf9_10-oh_farm-spike_m4_556-BOB-jQ17j9hZCGf9-31_w0,c3gd_jQ17j9hZCGf9,gunshot,DANGEROUS_IMPULSE,data/processed\gunshot\gun_c3gd_jQ17j9hZCGf9_10-oh_farm-spike_m4_556-BOB-jQ17j9hZCGf9-31_w0.wav,1.0,16000,1,0.9440608620643616,0.0840820088757563,11.227856636047363,0
gun_c3gd_jQ17j9hZCGf9_10-oh_farm-spike_m4_556-BOB-jQ17j9hZCGf9-32_w0,c3gd_jQ17j9hZCGf9,gunshot,DANGEROUS_IMPULSE,data/processed\gunshot\gun_c3gd_jQ17j9hZCGf9_10-oh_farm-spike_m4_556-BOB-jQ17j9hZCGf9-32_w0.wav,1.0,16000,1,0.9440608620643616,0.0926298234542102,10.191758155822754,0
gun_c3gd_jQ17j9hZCGf9_10-oh_farm-spike_m4_556-BOB-jQ17j9hZCGf9-33_w0,c3gd_jQ17j9hZCGf9,gunshot,DANGEROUS_IMPULSE,data/processed\gunshot\gun_c3gd_jQ17j9hZCGf9_10-oh_farm-spike_m4_556-BOB-jQ17j9hZCGf9-33_w0.wav,1.0,16000,1,0.9440608620643616,0.0943047975595296,10.01073932647705,0
gun_c3gd_jQ17j9hZCGf9_10-oh_farm-spike_m4_556-BOB-jQ17j9hZCGf9-34_w0,c3gd_jQ17j9hZCGf9,gunshot,DANGEROUS_IMPULSE,data/processed\gunshot\gun_c3gd_jQ17j9hZCGf9_10-oh_farm-spike_m4_556-BOB-jQ17j9hZCGf9-34_w0.wav,1.0,16000,1,0.9440608620643616,0.1430940178274866,6.5974860191345215,0
gun_c3gd_jQ17j9hZCGf9_10-oh_farm-spike_m4_556-BOB-jQ17j9hZCGf9-35_w0,c3gd_jQ17j9hZCGf9,gunshot,DANGEROUS_IMPULSE,data/processed\gunshot\gun_c3gd_jQ17j9hZCGf9_10-oh_farm-spike_m4_556-BOB-jQ17j9hZCGf9-35_w0.wav,1.0,16000,1,0.9440608024597168,0.1853398121364183,5.093674659729004,0
gun_c3gd_jQ17j9hZCGf9_10-oh_farm-spike_m4_556-BOB-jQ17j9hZCGf9-36_w0,c3gd_jQ17j9hZCGf9,gunshot,DANGEROUS_IMPULSE,data/processed\gunshot\gun_c3gd_jQ17j9hZCGf9_10-oh_farm-spike_m4_556-BOB-jQ17j9hZCGf9-36_w0.wav,1.0,16000,1,0.9440608620643616,0.1523390671426019,6.197102546691895,0
gun_c3gd_jQ17j9hZCGf9_10-oh_farm-spike_m4_556-BOB-jQ17j9hZCGf9-37_w0,c3gd_jQ17j9hZCGf9,gunshot,DANGEROUS_IMPULSE,data/processed\gunshot\gun_c3gd_jQ17j9hZCGf9_10-oh_farm-spike_m4_556-BOB-jQ17j9hZCGf9-37_w0.wav,1.0,16000,1,0.9440608620643616,0.0945043168832222,9.989604949951172,0
gun_c3gd_jQ17j9hZCGf9_10-oh_farm-spike_m4_556-BOB-jQ17j9hZCGf9-38_w0,c3gd_jQ17j9hZCGf9,gunshot,DANGEROUS_IMPULSE,data/processed\gunshot\gun_c3gd_jQ17j9hZCGf9_10-oh_farm-spike_m4_556-BOB-jQ17j9hZCGf9-38_w0.wav,1.0,16000,1,0.9440608620643616,0.0480476492726346,19.648426055908203,0
gun_c3gd_jQ17j9hZCGf9_10-oh_farm-spike_m4_556-BOB-jQ17j9hZCGf9-39_w0,c3gd_jQ17j9hZCGf9,gunshot,DANGEROUS_IMPULSE,data/processed\gunshot\gun_c3gd_jQ17j9hZCGf9_10-oh_farm-spike_m4_556-BOB-jQ17j9hZCGf9-39_w0.wav,1.0,16000,1,0.9440608620643616,0.0819428910355816,11.520959854125977,0
gun_c3gd_jQ17j9hZCGf9_10-oh_farm-spike_m4_556-BOB-jQ17j9hZCGf9-4_w0,c3gd_jQ17j9hZCGf9,gunshot,DANGEROUS_IMPULSE,data/processed\gunshot\gun_c3gd_jQ17j9hZCGf9_10-oh_farm-spike_m4_556-BOB-jQ17j9hZCGf9-4_w0.wav,1.0,16000,1,0.9440608620643616,0.0510319267540223,18.499412536621094,0
gun_c3gd_jQ17j9hZCGf9_10-oh_farm-spike_m4_556-BOB-jQ17j9hZCGf9-40_w0,c3gd_jQ17j9hZCGf9,gunshot,DANGEROUS_IMPULSE,data/processed\gunshot\gun_c3gd_jQ17j9hZCGf9_10-oh_farm-spike_m4_556-BOB-jQ17j9hZCGf9-40_w0.wav,1.0,16000,1,0.9440608620643616,0.0876025299536633,10.77663803100586,0
gun_c3gd_jQ17j9hZCGf9_10-oh_farm-spike_m4_556-BOB-jQ17j9hZCGf9-41_w0,c3gd_jQ17j9hZCGf9,gunshot,DANGEROUS_IMPULSE,data/processed\gunshot\gun_c3gd_jQ17j9hZCGf9_10-oh_farm-spike_m4_556-BOB-jQ17j9hZCGf9-41_w0.wav,1.0,16000,1,0.9440608620643616,0.0543881915145879,17.357824325561523,0
gun_c3gd_jQ17j9hZCGf9_10-oh_farm-spike_m4_556-BOB-jQ17j9hZCGf9-42_w0,c3gd_jQ17j9hZCGf9,gunshot,DANGEROUS_IMPULSE,data/processed\gunshot\gun_c3gd_jQ17j9hZCGf9_10-oh_farm-spike_m4_556-BOB-jQ17j9hZCGf9-42_w0.wav,1.0,16000,1,0.9440608620643616,0.1018205445672666,9.271810531616213,0
gun_c3gd_jQ17j9hZCGf9_10-oh_farm-spike_m4_556-BOB-jQ17j9hZCGf9-43_w0,c3gd_jQ17j9hZCGf9,gunshot,DANGEROUS_IMPULSE,data/processed\gunshot\gun_c3gd_jQ17j9hZCGf9_10-oh_farm-spike_m4_556-BOB-jQ17j9hZCGf9-43_w0.wav,1.0,16000,1,0.9440608620643616,0.1043631166486173,9.045923233032228,0
gun_c3gd_jQ17j9hZCGf9_10-oh_farm-spike_m4_556-BOB-jQ17j9hZCGf9-44_w0,c3gd_jQ17j9hZCGf9,gunshot,DANGEROUS_IMPULSE,data/processed\gunshot\gun_c3gd_jQ17j9hZCGf9_10-oh_farm-spike_m4_556-BOB-jQ17j9hZCGf9-44_w0.wav,1.0,16000,1,0.9440608620643616,0.0803795439262955,11.745037078857422,0
gun_c3gd_jQ17j9hZCGf9_10-oh_farm-spike_m4_556-BOB-jQ17j9hZCGf9-45_w0,c3gd_jQ17j9hZCGf9,gunshot,DANGEROUS_IMPULSE,data/processed\gunshot\gun_c3gd_jQ17j9hZCGf9_10-oh_farm-spike_m4_556-BOB-jQ17j9hZCGf9-45_w0.wav,1.0,16000,1,0.9440608620643616,0.1229495920383158,7.67843770980835,0
gun_c3gd_jQ17j9hZCGf9_10-oh_farm-spike_m4_556-BOB-jQ17j9hZCGf9-46_w0,c3gd_jQ17j9hZCGf9,gunshot,DANGEROUS_IMPULSE,data/processed\gunshot\gun_c3gd_jQ17j9hZCGf9_10-oh_farm-spike_m4_556-BOB-jQ17j9hZCGf9-46_w0.wav,1.0,16000,1,0.9440608620643616,0.0925063353862668,10.205363273620604,0
gun_c3gd_jQ17j9hZCGf9_10-oh_farm-spike_m4_556-BOB-jQ17j9hZCGf9-47_w0,c3gd_jQ17j9hZCGf9,gunshot,DANGEROUS_IMPULSE,data/processed\gunshot\gun_c3gd_jQ17j9hZCGf9_10-oh_farm-spike_m4_556-BOB-jQ17j9hZCGf9-47_w0.wav,1.0,16000,1,0.9440608620643616,0.0473138019843711,19.95317649841309,0
gun_c3gd_jQ17j9hZCGf9_10-oh_farm-spike_m4_556-BOB-jQ17j9hZCGf9-48_w0,c3gd_jQ17j9hZCGf9,gunshot,DANGEROUS_IMPULSE,data/processed\gunshot\gun_c3gd_jQ17j9hZCGf9_10-oh_farm-spike_m4_556-BOB-jQ17j9hZCGf9-48_w0.wav,1.0,16000,1,0.9440608620643616,0.0493789691476517,19.11867904663086,0
gun_c3gd_jQ17j9hZCGf9_10-oh_farm-spike_m4_556-BOB-jQ17j9hZCGf9-49_w0,c3gd_jQ17j9hZCGf9,gunshot,DANGEROUS_IMPULSE,data/processed\gunshot\gun_c3gd_jQ17j9hZCGf9_10-oh_farm-spike_m4_556-BOB-jQ17j9hZCGf9-49_w0.wav,1.0,16000,1,0.9440608024597168,0.0489406861845905,19.289894104003903,0
gun_c3gd_jQ17j9hZCGf9_10-oh_farm-spike_m4_556-BOB-jQ17j9hZCGf9-5_w0,c3gd_jQ17j9hZCGf9,gunshot,DANGEROUS_IMPULSE,data/processed\gunshot\gun_c3gd_jQ17j9hZCGf9_10-oh_farm-spike_m4_556-BOB-jQ17j9hZCGf9-5_w0.wav,1.0,16000,1,0.9440608620643616,0.0739858197068142,12.760022163391112,0
gun_c3gd_jQ17j9hZCGf9_10-oh_farm-spike_m4_556-BOB-jQ17j9hZCGf9-50_w0,c3gd_jQ17j9hZCGf9,gunshot,DANGEROUS_IMPULSE,data/processed\gunshot\gun_c3gd_jQ17j9hZCGf9_10-oh_farm-spike_m4_556-BOB-jQ17j9hZCGf9-50_w0.wav,1.0,16000,1,0.9440608620643616,0.1240257916264624,7.611810207366943,0
gun_c3gd_jQ17j9hZCGf9_10-oh_farm-spike_m4_556-BOB-jQ17j9hZCGf9-51_w0,c3gd_jQ17j9hZCGf9,gunshot,DANGEROUS_IMPULSE,data/processed\gunshot\gun_c3gd_jQ17j9hZCGf9_10-oh_farm-spike_m4_556-BOB-jQ17j9hZCGf9-51_w0.wav,1.0,16000,1,0.9440608024597168,0.1194358630522313,7.904331684112549,0
gun_c3gd_jQ17j9hZCGf9_10-oh_farm-spike_m4_556-BOB-jQ17j9hZCGf9-52_w0,c3gd_jQ17j9hZCGf9,gunshot,DANGEROUS_IMPULSE,data/processed\gunshot\gun_c3gd_jQ17j9hZCGf9_10-oh_farm-spike_m4_556-BOB-jQ17j9hZCGf9-52_w0.wav,1.0,16000,1,0.9440608620643616,0.0740817336165234,12.743502616882324,0
gun_c3gd_jQ17j9hZCGf9_10-oh_farm-spike_m4_556-BOB-jQ17j9hZCGf9-53_w0,c3gd_jQ17j9hZCGf9,gunshot,DANGEROUS_IMPULSE,data/processed\gunshot\gun_c3gd_jQ17j9hZCGf9_10-oh_farm-spike_m4_556-BOB-jQ17j9hZCGf9-53_w0.wav,1.0,16000,1,0.9440608620643616,0.0572573733467128,16.488019943237305,0
gun_c3gd_jQ17j9hZCGf9_10-oh_farm-spike_m4_556-BOB-jQ17j9hZCGf9-54_w0,c3gd_jQ17j9hZCGf9,gunshot,DANGEROUS_IMPULSE,data/processed\gunshot\gun_c3gd_jQ17j9hZCGf9_10-oh_farm-spike_m4_556-BOB-jQ17j9hZCGf9-54_w0.wav,1.0,16000,1,0.9440608620643616,0.0818664649753483,11.531715393066406,0
gun_c3gd_jQ17j9hZCGf9_10-oh_farm-spike_m4_556-BOB-jQ17j9hZCGf9-55_w0,c3gd_jQ17j9hZCGf9,gunshot,DANGEROUS_IMPULSE,data/processed\gunshot\gun_c3gd_jQ17j9hZCGf9_10-oh_farm-spike_m4_556-BOB-jQ17j9hZCGf9-55_w0.wav,1.0,16000,1,0.9440608620643616,0.0475299228864474,19.862449645996094,0
gun_c3gd_jQ17j9hZCGf9_10-oh_farm-spike_m4_556-BOB-jQ17j9hZCGf9-56_w0,c3gd_jQ17j9hZCGf9,gunshot,DANGEROUS_IMPULSE,data/processed\gunshot\gun_c3gd_jQ17j9hZCGf9_10-oh_farm-spike_m4_556-BOB-jQ17j9hZCGf9-56_w0.wav,1.0,16000,1,0.9440608620643616,0.1416435508299592,6.665046215057373,0
gun_c3gd_jQ17j9hZCGf9_10-oh_farm-spike_m4_556-BOB-jQ17j9hZCGf9-57_w0,c3gd_jQ17j9hZCGf9,gunshot,DANGEROUS_IMPULSE,data/processed\gunshot\gun_c3gd_jQ17j9hZCGf9_10-oh_farm-spike_m4_556-BOB-jQ17j9hZCGf9-57_w0.wav,1.0,16000,1,0.9440608620643616,0.0490366179958633,19.25215721130371,0
gun_c3gd_jQ17j9hZCGf9_10-oh_farm-spike_m4_556-BOB-jQ17j9hZCGf9-58_w0,c3gd_jQ17j9hZCGf9,gunshot,DANGEROUS_IMPULSE,data/processed\gunshot\gun_c3gd_jQ17j9hZCGf9_10-oh_farm-spike_m4_556-BOB-jQ17j9hZCGf9-58_w0.wav,1.0,16000,1,0.9440608620643616,0.0477815841355313,19.757835388183597,0
gun_c3gd_jQ17j9hZCGf9_10-oh_farm-spike_m4_556-BOB-jQ17j9hZCGf9-59_w0,c3gd_jQ17j9hZCGf9,gunshot,DANGEROUS_IMPULSE,data/processed\gunshot\gun_c3gd_jQ17j9hZCGf9_10-oh_farm-spike_m4_556-BOB-jQ17j9hZCGf9-59_w0.wav,1.0,16000,1,0.9440608620643616,0.0474479866607441,19.896747589111328,0
gun_c3gd_jQ17j9hZCGf9_10-oh_farm-spike_m4_556-BOB-jQ17j9hZCGf9-6_w0,c3gd_jQ17j9hZCGf9,gunshot,DANGEROUS_IMPULSE,data/processed\gunshot\gun_c3gd_jQ17j9hZCGf9_10-oh_farm-spike_m4_556-BOB-jQ17j9hZCGf9-6_w0.wav,1.0,16000,1,0.9440608620643616,0.072374487406887,13.044109344482422,0
gun_c3gd_jQ17j9hZCGf9_10-oh_farm-spike_m4_556-BOB-jQ17j9hZCGf9-60_w0,c3gd_jQ17j9hZCGf9,gunshot,DANGEROUS_IMPULSE,data/processed\gunshot\gun_c3gd_jQ17j9hZCGf9_10-oh_farm-spike_m4_556-BOB-jQ17j9hZCGf9-60_w0.wav,1.0,16000,1,0.9440608620643616,0.0456834970002701,20.665245056152344,0
gun_c3gd_jQ17j9hZCGf9_10-oh_farm-spike_m4_556-BOB-jQ17j9hZCGf9-61_w0,c3gd_jQ17j9hZCGf9,gunshot,DANGEROUS_IMPULSE,data/processed\gunshot\gun_c3gd_jQ17j9hZCGf9_10-oh_farm-spike_m4_556-BOB-jQ17j9hZCGf9-61_w0.wav,1.0,16000,1,0.9440608620643616,0.0495595086275537,19.04903221130371,0
gun_c3gd_jQ17j9hZCGf9_10-oh_farm-spike_m4_556-BOB-jQ17j9hZCGf9-62_w0,c3gd_jQ17j9hZCGf9,gunshot,DANGEROUS_IMPULSE,data/processed\gunshot\gun_c3gd_jQ17j9hZCGf9_10-oh_farm-spike_m4_556-BOB-jQ17j9hZCGf9-62_w0.wav,1.0,16000,1,0.9440609216690063,0.0524648072511933,17.994171142578125,0
gun_c3gd_jQ17j9hZCGf9_10-oh_farm-spike_m4_556-BOB-jQ17j9hZCGf9-63_w0,c3gd_jQ17j9hZCGf9,gunshot,DANGEROUS_IMPULSE,data/processed\gunshot\gun_c3gd_jQ17j9hZCGf9_10-oh_farm-spike_m4_556-BOB-jQ17j9hZCGf9-63_w0.wav,1.0,16000,1,0.9440608620643616,0.050627137587153,18.64732551574707,0
gun_c3gd_jQ17j9hZCGf9_10-oh_farm-spike_m4_556-BOB-jQ17j9hZCGf9-64_w0,c3gd_jQ17j9hZCGf9,gunshot,DANGEROUS_IMPULSE,data/processed\gunshot\gun_c3gd_jQ17j9hZCGf9_10-oh_farm-spike_m4_556-BOB-jQ17j9hZCGf9-64_w0.wav,1.0,16000,1,0.9440608620643616,0.0493906071938021,19.11417388916016,0
gun_c3gd_jQ17j9hZCGf9_10-oh_farm-spike_m4_556-BOB-jQ17j9hZCGf9-65_w0,c3gd_jQ17j9hZCGf9,gunshot,DANGEROUS_IMPULSE,data/processed\gunshot\gun_c3gd_jQ17j9hZCGf9_10-oh_farm-spike_m4_556-BOB-jQ17j9hZCGf9-65_w0.wav,1.0,16000,1,0.9440608620643616,0.0518508538205915,18.20723533630371,0
gun_c3gd_jQ17j9hZCGf9_10-oh_farm-spike_m4_556-BOB-jQ17j9hZCGf9-66_w0,c3gd_jQ17j9hZCGf9,gunshot,DANGEROUS_IMPULSE,data/processed\gunshot\gun_c3gd_jQ17j9hZCGf9_10-oh_farm-spike_m4_556-BOB-jQ17j9hZCGf9-66_w0.wav,1.0,16000,1,0.9440608620643616,0.0617125590303691,15.297707557678224,0
gun_c3gd_jQ17j9hZCGf9_10-oh_farm-spike_m4_556-BOB-jQ17j9hZCGf9-67_w0,c3gd_jQ17j9hZCGf9,gunshot,DANGEROUS_IMPULSE,data/processed\gunshot\gun_c3gd_jQ17j9hZCGf9_10-oh_farm-spike_m4_556-BOB-jQ17j9hZCGf9-67_w0.wav,1.0,16000,1,0.9440608620643616,0.0521016776542231,18.11958312988281,0
gun_c3gd_jQ17j9hZCGf9_10-oh_farm-spike_m4_556-BOB-jQ17j9hZCGf9-68_w0,c3gd_jQ17j9hZCGf9,gunshot,DANGEROUS_IMPULSE,data/processed\gunshot\gun_c3gd_jQ17j9hZCGf9_10-oh_farm-spike_m4_556-BOB-jQ17j9hZCGf9-68_w0.wav,1.0,16000,1,0.9440608620643616,0.0507556502298684,18.6001091003418,0
gun_c3gd_jQ17j9hZCGf9_10-oh_farm-spike_m4_556-BOB-jQ17j9hZCGf9-69_w0,c3gd_jQ17j9hZCGf9,gunshot,DANGEROUS_IMPULSE,data/processed\gunshot\gun_c3gd_jQ17j9hZCGf9_10-oh_farm-spike_m4_556-BOB-jQ17j9hZCGf9-69_w0.wav,1.0,16000,1,0.9440608620643616,0.0520692264804209,18.13087654113769,0
gun_c3gd_jQ17j9hZCGf9_10-oh_farm-spike_m4_556-BOB-jQ17j9hZCGf9-7_w0,c3gd_jQ17j9hZCGf9,gunshot,DANGEROUS_IMPULSE,data/processed\gunshot\gun_c3gd_jQ17j9hZCGf9_10-oh_farm-spike_m4_556-BOB-jQ17j9hZCGf9-7_w0.wav,1.0,16000,1,0.9440608620643616,0.0581227485223245,16.242534637451172,0
gun_c3gd_jQ17j9hZCGf9_10-oh_farm-spike_m4_556-BOB-jQ17j9hZCGf9-70_w0,c3gd_jQ17j9hZCGf9,gunshot,DANGEROUS_IMPULSE,data/processed\gunshot\gun_c3gd_jQ17j9hZCGf9_10-oh_farm-spike_m4_556-BOB-jQ17j9hZCGf9-70_w0.wav,1.0,16000,1,0.9440608620643616,0.0486297679239201,19.413225173950195,0
gun_c3gd_jQ17j9hZCGf9_10-oh_farm-spike_m4_556-BOB-jQ17j9hZCGf9-71_w0,c3gd_jQ17j9hZCGf9,gunshot,DANGEROUS_IMPULSE,data/processed\gunshot\gun_c3gd_jQ17j9hZCGf9_10-oh_farm-spike_m4_556-BOB-jQ17j9hZCGf9-71_w0.wav,1.0,16000,1,0.9440608620643616,0.0528657301573235,17.85770606994629,0
gun_c3gd_jQ17j9hZCGf9_10-oh_farm-spike_m4_556-BOB-jQ17j9hZCGf9-72_w0,c3gd_jQ17j9hZCGf9,gunshot,DANGEROUS_IMPULSE,data/processed\gunshot\gun_c3gd_jQ17j9hZCGf9_10-oh_farm-spike_m4_556-BOB-jQ17j9hZCGf9-72_w0.wav,1.0,16000,1,0.9440608620643616,0.0512508585395659,18.420387268066406,0
gun_c3gd_jQ17j9hZCGf9_10-oh_farm-spike_m4_556-BOB-jQ17j9hZCGf9-73_w0,c3gd_jQ17j9hZCGf9,gunshot,DANGEROUS_IMPULSE,data/processed\gunshot\gun_c3gd_jQ17j9hZCGf9_10-oh_farm-spike_m4_556-BOB-jQ17j9hZCGf9-73_w0.wav,1.0,16000,1,0.9440609216690063,0.0485619825835138,19.440324783325195,0
gun_c3gd_jQ17j9hZCGf9_10-oh_farm-spike_m4_556-BOB-jQ17j9hZCGf9-74_w0,c3gd_jQ17j9hZCGf9,gunshot,DANGEROUS_IMPULSE,data/processed\gunshot\gun_c3gd_jQ17j9hZCGf9_10-oh_farm-spike_m4_556-BOB-jQ17j9hZCGf9-74_w0.wav,1.0,16000,1,0.9440608620643616,0.0473895884729711,19.92126846313477,0
gun_c3gd_jQ17j9hZCGf9_10-oh_farm-spike_m4_556-BOB-jQ17j9hZCGf9-75_w0,c3gd_jQ17j9hZCGf9,gunshot,DANGEROUS_IMPULSE,data/processed\gunshot\gun_c3gd_jQ17j9hZCGf9_10-oh_farm-spike_m4_556-BOB-jQ17j9hZCGf9-75_w0.wav,1.0,16000,1,0.9440609216690063,0.050570714070137,18.668132781982425,0
gun_c3gd_jQ17j9hZCGf9_10-oh_farm-spike_m4_556-BOB-jQ17j9hZCGf9-76_w0,c3gd_jQ17j9hZCGf9,gunshot,DANGEROUS_IMPULSE,data/processed\gunshot\gun_c3gd_jQ17j9hZCGf9_10-oh_farm-spike_m4_556-BOB-jQ17j9hZCGf9-76_w0.wav,1.0,16000,1,0.9440608620643616,0.0462369105948094,20.41790008544922,0
gun_c3gd_jQ17j9hZCGf9_10-oh_farm-spike_m4_556-BOB-jQ17j9hZCGf9-8_w0,c3gd_jQ17j9hZCGf9,gunshot,DANGEROUS_IMPULSE,data/processed\gunshot\gun_c3gd_jQ17j9hZCGf9_10-oh_farm-spike_m4_556-BOB-jQ17j9hZCGf9-8_w0.wav,1.0,16000,1,0.9440608620643616,0.113385354087887,8.326126098632812,0
gun_c3gd_jQ17j9hZCGf9_10-oh_farm-spike_m4_556-BOB-jQ17j9hZCGf9-9_w0,c3gd_jQ17j9hZCGf9,gunshot,DANGEROUS_IMPULSE,data/processed\gunshot\gun_c3gd_jQ17j9hZCGf9_10-oh_farm-spike_m4_556-BOB-jQ17j9hZCGf9-9_w0.wav,1.0,16000,1,0.9440608620643616,0.0795913971123322,11.86134147644043,0
gun_c3gd_LJiS5z5Ad53b_10-oh_farm-spike_m4_556-DAVE-LJiS5z5Ad53b-0_w0,c3gd_LJiS5z5Ad53b,gunshot,DANGEROUS_IMPULSE,data/processed\gunshot\gun_c3gd_LJiS5z5Ad53b_10-oh_farm-spike_m4_556-DAVE-LJiS5z5Ad53b-0_w0.wav,1.0,16000,1,0.9440608620643616,0.0687186744155225,13.738051414489746,0
gun_c3gd_LJiS5z5Ad53b_10-oh_farm-spike_m4_556-DAVE-LJiS5z5Ad53b-1_w0,c3gd_LJiS5z5Ad53b,gunshot,DANGEROUS_IMPULSE,data/processed\gunshot\gun_c3gd_LJiS5z5Ad53b_10-oh_farm-spike_m4_556-DAVE-LJiS5z5Ad53b-1_w0.wav,1.0,16000,1,0.9440608620643616,0.0822957209023995,11.471565246582031,0
gun_c3gd_LJiS5z5Ad53b_10-oh_farm-spike_m4_556-DAVE-LJiS5z5Ad53b-10_w0,c3gd_LJiS5z5Ad53b,gunshot,DANGEROUS_IMPULSE,data/processed\gunshot\gun_c3gd_LJiS5z5Ad53b_10-oh_farm-spike_m4_556-DAVE-LJiS5z5Ad53b-10_w0.wav,1.0,16000,1,0.9440608620643616,0.1202520489545388,7.850683689117432,0
gun_c3gd_LJiS5z5Ad53b_10-oh_farm-spike_m4_556-DAVE-LJiS5z5Ad53b-11_w0,c3gd_LJiS5z5Ad53b,gunshot,DANGEROUS_IMPULSE,data/processed\gunshot\gun_c3gd_LJiS5z5Ad53b_10-oh_farm-spike_m4_556-DAVE-LJiS5z5Ad53b-11_w0.wav,1.0,16000,1,0.9440608620643616,0.0753798295479624,12.524049758911133,0
gun_c3gd_LJiS5z5Ad53b_10-oh_farm-spike_m4_556-DAVE-LJiS5z5Ad53b-12_w0,c3gd_LJiS5z5Ad53b,gunshot,DANGEROUS_IMPULSE,data/processed\gunshot\gun_c3gd_LJiS5z5Ad53b_10-oh_farm-spike_m4_556-DAVE-LJiS5z5Ad53b-12_w0.wav,1.0,16000,1,0.9440609216690063,0.1260557591097509,7.489232540130615,0
gun_c3gd_LJiS5z5Ad53b_10-oh_farm-spike_m4_556-DAVE-LJiS5z5Ad53b-13_w0,c3gd_LJiS5z5Ad53b,gunshot,DANGEROUS_IMPULSE,data/processed\gunshot\gun_c3gd_LJiS5z5Ad53b_10-oh_farm-spike_m4_556-DAVE-LJiS5z5Ad53b-13_w0.wav,1.0,16000,1,0.9440608620643616,0.1209683384130754,7.804197311401367,0
gun_c3gd_LJiS5z5Ad53b_10-oh_farm-spike_m4_556-DAVE-LJiS5z5Ad53b-14_w0,c3gd_LJiS5z5Ad53b,gunshot,DANGEROUS_IMPULSE,data/processed\gunshot\gun_c3gd_LJiS5z5Ad53b_10-oh_farm-spike_m4_556-DAVE-LJiS5z5Ad53b-14_w0.wav,1.0,16000,1,0.9440608620643616,0.1124450469906079,8.395752906799316,0
gun_c3gd_LJiS5z5Ad53b_10-oh_farm-spike_m4_556-DAVE-LJiS5z5Ad53b-15_w0,c3gd_LJiS5z5Ad53b,gunshot,DANGEROUS_IMPULSE,data/processed\gunshot\gun_c3gd_LJiS5z5Ad53b_10-oh_farm-spike_m4_556-DAVE-LJiS5z5Ad53b-15_w0.wav,1.0,16000,1,0.9440608620643616,0.1149122739252381,8.21549129486084,0
gun_c3gd_LJiS5z5Ad53b_10-oh_farm-spike_m4_556-DAVE-LJiS5z5Ad53b-16_w0,c3gd_LJiS5z5Ad53b,gunshot,DANGEROUS_IMPULSE,data/processed\gunshot\gun_c3gd_LJiS5z5Ad53b_10-oh_farm-spike_m4_556-DAVE-LJiS5z5Ad53b-16_w0.wav,1.0,16000,1,0.9440608620643616,0.1020468067691138,9.25125217437744,0
gun_c3gd_LJiS5z5Ad53b_10-oh_farm-spike_m4_556-DAVE-LJiS5z5Ad53b-17_w0,c3gd_LJiS5z5Ad53b,gunshot,DANGEROUS_IMPULSE,data/processed\gunshot\gun_c3gd_LJiS5z5Ad53b_10-oh_farm-spike_m4_556-DAVE-LJiS5z5Ad53b-17_w0.wav,1.0,16000,1,0.9440608620643616,0.1130501263829081,8.350815773010254,0
gun_c3gd_LJiS5z5Ad53b_10-oh_farm-spike_m4_556-DAVE-LJiS5z5Ad53b-18_w0,c3gd_LJiS5z5Ad53b,gunshot,DANGEROUS_IMPULSE,data/processed\gunshot\gun_c3gd_LJiS5z5Ad53b_10-oh_farm-spike_m4_556-DAVE-LJiS5z5Ad53b-18_w0.wav,1.0,16000,1,0.9440608024597168,0.1262380414671824,7.47841739654541,0
gun_c3gd_LJiS5z5Ad53b_10-oh_farm-spike_m4_556-DAVE-LJiS5z5Ad53b-19_w0,c3gd_LJiS5z5Ad53b,gunshot,DANGEROUS_IMPULSE,data/processed\gunshot\gun_c3gd_LJiS5z5Ad53b_10-oh_farm-spike_m4_556-DAVE-LJiS5z5Ad53b-19_w0.wav,1.0,16000,1,0.9440608620643616,0.0266160217135667,35.46963119506836,0
gun_c3gd_LJiS5z5Ad53b_10-oh_farm-spike_m4_556-DAVE-LJiS5z5Ad53b-2_w0,c3gd_LJiS5z5Ad53b,gunshot,DANGEROUS_IMPULSE,data/processed\gunshot\gun_c3gd_LJiS5z5Ad53b_10-oh_farm-spike_m4_556-DAVE-LJiS5z5Ad53b-2_w0.wav,1.0,16000,1,0.9440608620643616,0.083688491984208,11.280651092529297,0
gun_c3gd_LJiS5z5Ad53b_10-oh_farm-spike_m4_556-DAVE-LJiS5z5Ad53b-20_w0,c3gd_LJiS5z5Ad53b,gunshot,DANGEROUS_IMPULSE,data/processed\gunshot\gun_c3gd_LJiS5z5Ad53b_10-oh_farm-spike_m4_556-DAVE-LJiS5z5Ad53b-20_w0.wav,1.0,16000,1,0.9440608620643616,0.0918561054445328,10.277605056762695,0
gun_c3gd_LJiS5z5Ad53b_10-oh_farm-spike_m4_556-DAVE-LJiS5z5Ad53b-21_w0,c3gd_LJiS5z5Ad53b,gunshot,DANGEROUS_IMPULSE,data/processed\gunshot\gun_c3gd_LJiS5z5Ad53b_10-oh_farm-spike_m4_556-DAVE-LJiS5z5Ad53b-21_w0.wav,1.0,16000,1,0.9440608620643616,0.0902454270369309,10.461036682128906,0
gun_c3gd_LJiS5z5Ad53b_10-oh_farm-spike_m4_556-DAVE-LJiS5z5Ad53b-22_w0,c3gd_LJiS5z5Ad53b,gunshot,DANGEROUS_IMPULSE,data/processed\gunshot\gun_c3gd_LJiS5z5Ad53b_10-oh_farm-spike_m4_556-DAVE-LJiS5z5Ad53b-22_w0.wav,1.0,16000,1,0.9440608620643616,0.1078319352364937,8.754927635192871,0
gun_c3gd_LJiS5z5Ad53b_10-oh_farm-spike_m4_556-DAVE-LJiS5z5Ad53b-23_w0,c3gd_LJiS5z5Ad53b,gunshot,DANGEROUS_IMPULSE,data/processed\gunshot\gun_c3gd_LJiS5z5Ad53b_10-oh_farm-spike_m4_556-DAVE-LJiS5z5Ad53b-23_w0.wav,1.0,16000,1,0.9440608620643616,0.048292367914318,19.548858642578125,0
gun_c3gd_LJiS5z5Ad53b_10-oh_farm-spike_m4_556-DAVE-LJiS5z5Ad53b-24_w0,c3gd_LJiS5z5Ad53b,gunshot,DANGEROUS_IMPULSE,data/processed\gunshot\gun_c3gd_LJiS5z5Ad53b_10-oh_farm-spike_m4_556-DAVE-LJiS5z5Ad53b-24_w0.wav,1.0,16000,1,0.9440608620643616,0.0383931418703181,24.589303970336918,0
gun_c3gd_LJiS5z5Ad53b_10-oh_farm-spike_m4_556-DAVE-LJiS5z5Ad53b-25_w0,c3gd_LJiS5z5Ad53b,gunshot,DANGEROUS_IMPULSE,data/processed\gunshot\gun_c3gd_LJiS5z5Ad53b_10-oh_farm-spike_m4_556-DAVE-LJiS5z5Ad53b-25_w0.wav,1.0,16000,1,0.9440608024597168,0.0660488207437741,14.293376922607422,0
gun_c3gd_LJiS5z5Ad53b_10-oh_farm-spike_m4_556-DAVE-LJiS5z5Ad53b-26_w0,c3gd_LJiS5z5Ad53b,gunshot,DANGEROUS_IMPULSE,data/processed\gunshot\gun_c3gd_LJiS5z5Ad53b_10-oh_farm-spike_m4_556-DAVE-LJiS5z5Ad53b-26_w0.wav,1.0,16000,1,0.9440609216690063,0.1107448599423949,8.524646759033203,0
gun_c3gd_LJiS5z5Ad53b_10-oh_farm-spike_m4_556-DAVE-LJiS5z5Ad53b-27_w0,c3gd_LJiS5z5Ad53b,gunshot,DANGEROUS_IMPULSE,data/processed\gunshot\gun_c3gd_LJiS5z5Ad53b_10-oh_farm-spike_m4_556-DAVE-LJiS5z5Ad53b-27_w0.wav,1.0,16000,1,0.9440608620643616,0.0495337592393387,19.058935165405277,0
gun_c3gd_LJiS5z5Ad53b_10-oh_farm-spike_m4_556-DAVE-LJiS5z5Ad53b-28_w0,c3gd_LJiS5z5Ad53b,gunshot,DANGEROUS_IMPULSE,data/processed\gunshot\gun_c3gd_LJiS5z5Ad53b_10-oh_farm-spike_m4_556-DAVE-LJiS5z5Ad53b-28_w0.wav,1.0,16000,1,0.9440609216690063,0.0686836521283161,13.745058059692385,0
gun_c3gd_LJiS5z5Ad53b_10-oh_farm-spike_m4_556-DAVE-LJiS5z5Ad53b-29_w0,c3gd_LJiS5z5Ad53b,gunshot,DANGEROUS_IMPULSE,data/processed\gunshot\gun_c3gd_LJiS5z5Ad53b_10-oh_farm-spike_m4_556-DAVE-LJiS5z5Ad53b-29_w0.wav,1.0,16000,1,0.9440609216690063,0.0538308322665846,17.537546157836914,0
gun_c3gd_LJiS5z5Ad53b_10-oh_farm-spike_m4_556-DAVE-LJiS5z5Ad53b-3_w0,c3gd_LJiS5z5Ad53b,gunshot,DANGEROUS_IMPULSE,data/processed\gunshot\gun_c3gd_LJiS5z5Ad53b_10-oh_farm-spike_m4_556-DAVE-LJiS5z5Ad53b-3_w0.wav,1.0,16000,1,0.9440608620643616,0.0909821442594772,10.376330375671388,0
gun_c3gd_LJiS5z5Ad53b_10-oh_farm-spike_m4_556-DAVE-LJiS5z5Ad53b-30_w0,c3gd_LJiS5z5Ad53b,gunshot,DANGEROUS_IMPULSE,data/processed\gunshot\gun_c3gd_LJiS5z5Ad53b_10-oh_farm-spike_m4_556-DAVE-LJiS5z5Ad53b-30_w0.wav,1.0,16000,1,0.9440608620643616,0.1444507258573426,6.535521030426025,0
gun_c3gd_LJiS5z5Ad53b_10-oh_farm-spike_m4_556-DAVE-LJiS5z5Ad53b-31_w0,c3gd_LJiS5z5Ad53b,gunshot,DANGEROUS_IMPULSE,data/processed\gunshot\gun_c3gd_LJiS5z5Ad53b_10-oh_farm-spike_m4_556-DAVE-LJiS5z5Ad53b-31_w0.wav,1.0,16000,1,0.9440608620643616,0.1036554148412945,9.107684135437012,0
gun_c3gd_LJiS5z5Ad53b_10-oh_farm-spike_m4_556-DAVE-LJiS5z5Ad53b-32_w0,c3gd_LJiS5z5Ad53b,gunshot,DANGEROUS_IMPULSE,data/processed\gunshot\gun_c3gd_LJiS5z5Ad53b_10-oh_farm-spike_m4_556-DAVE-LJiS5z5Ad53b-32_w0.wav,1.0,16000,1,0.9440608620643616,0.0999838577593351,9.442131996154783,0
gun_c3gd_LJiS5z5Ad53b_10-oh_farm-spike_m4_556-DAVE-LJiS5z5Ad53b-33_w0,c3gd_LJiS5z5Ad53b,gunshot,DANGEROUS_IMPULSE,data/processed\gunshot\gun_c3gd_LJiS5z5Ad53b_10-oh_farm-spike_m4_556-DAVE-LJiS5z5Ad53b-33_w0.wav,1.0,16000,1,0.9440608620643616,0.0921304657662375,10.24699878692627,0
gun_c3gd_LJiS5z5Ad53b_10-oh_farm-spike_m4_556-DAVE-LJiS5z5Ad53b-34_w0,c3gd_LJiS5z5Ad53b,gunshot,DANGEROUS_IMPULSE,data/processed\gunshot\gun_c3gd_LJiS5z5Ad53b_10-oh_farm-spike_m4_556-DAVE-LJiS5z5Ad53b-34_w0.wav,1.0,16000,1,0.9440608620643616,0.1401505546518361,6.736047744750977,0
gun_c3gd_LJiS5z5Ad53b_10-oh_farm-spike_m4_556-DAVE-LJiS5z5Ad53b-35_w0,c3gd_LJiS5z5Ad53b,gunshot,DANGEROUS_IMPULSE,data/processed\gunshot\gun_c3gd_LJiS5z5Ad53b_10-oh_farm-spike_m4_556-DAVE-LJiS5z5Ad53b-35_w0.wav,1.0,16000,1,0.9440608620643616,0.1817415121325279,5.194524765014648,0
gun_c3gd_LJiS5z5Ad53b_10-oh_farm-spike_m4_556-DAVE-LJiS5z5Ad53b-36_w0,c3gd_LJiS5z5Ad53b,gunshot,DANGEROUS_IMPULSE,data/processed\gunshot\gun_c3gd_LJiS5z5Ad53b_10-oh_farm-spike_m4_556-DAVE-LJiS5z5Ad53b-36_w0.wav,1.0,16000,1,0.9440608620643616,0.0977535240173488,9.657562255859377,0
gun_c3gd_LJiS5z5Ad53b_10-oh_farm-spike_m4_556-DAVE-LJiS5z5Ad53b-37_w0,c3gd_LJiS5z5Ad53b,gunshot,DANGEROUS_IMPULSE,data/processed\gunshot\gun_c3gd_LJiS5z5Ad53b_10-oh_farm-spike_m4_556-DAVE-LJiS5z5Ad53b-37_w0.wav,1.0,16000,1,0.9440608620643616,0.069377634781344,13.607565879821776,0
gun_c3gd_LJiS5z5Ad53b_10-oh_farm-spike_m4_556-DAVE-LJiS5z5Ad53b-38_w0,c3gd_LJiS5z5Ad53b,gunshot,DANGEROUS_IMPULSE,data/processed\gunshot\gun_c3gd_LJiS5z5Ad53b_10-oh_farm-spike_m4_556-DAVE-LJiS5z5Ad53b-38_w0.wav,1.0,16000,1,0.9440608024597168,0.0971834994608925,9.714207649230955,0
gun_c3gd_LJiS5z5Ad53b_10-oh_farm-spike_m4_556-DAVE-LJiS5z5Ad53b-39_w0,c3gd_LJiS5z5Ad53b,gunshot,DANGEROUS_IMPULSE,data/processed\gunshot\gun_c3gd_LJiS5z5Ad53b_10-oh_farm-spike_m4_556-DAVE-LJiS5z5Ad53b-39_w0.wav,1.0,16000,1,0.9440608620643616,0.0830583502690506,11.366235733032228,0
gun_c3gd_LJiS5z5Ad53b_10-oh_farm-spike_m4_556-DAVE-LJiS5z5Ad53b-4_w0,c3gd_LJiS5z5Ad53b,gunshot,DANGEROUS_IMPULSE,data/processed\gunshot\gun_c3gd_LJiS5z5Ad53b_10-oh_farm-spike_m4_556-DAVE-LJiS5z5Ad53b-4_w0.wav,1.0,16000,1,0.9440608620643616,0.0835649139812422,11.297334671020508,0
gun_c3gd_LJiS5z5Ad53b_10-oh_farm-spike_m4_556-DAVE-LJiS5z5Ad53b-40_w0,c3gd_LJiS5z5Ad53b,gunshot,DANGEROUS_IMPULSE,data/processed\gunshot\gun_c3gd_LJiS5z5Ad53b_10-oh_farm-spike_m4_556-DAVE-LJiS5z5Ad53b-40_w0.wav,1.0,16000,1,0.9440609216690063,0.0734742747208725,12.84886074066162,0
gun_c3gd_LJiS5z5Ad53b_10-oh_farm-spike_m4_556-DAVE-LJiS5z5Ad53b-41_w0,c3gd_LJiS5z5Ad53b,gunshot,DANGEROUS_IMPULSE,data/processed\gunshot\gun_c3gd_LJiS5z5Ad53b_10-oh_farm-spike_m4_556-DAVE-LJiS5z5Ad53b-41_w0.wav,1.0,16000,1,0.9440608620643616,0.0655029015357959,14.41250228881836,0
gun_c3gd_LJiS5z5Ad53b_10-oh_farm-spike_m4_556-DAVE-LJiS5z5Ad53b-42_w0,c3gd_LJiS5z5Ad53b,gunshot,DANGEROUS_IMPULSE,data/processed\gunshot\gun_c3gd_LJiS5z5Ad53b_10-oh_farm-spike_m4_556-DAVE-LJiS5z5Ad53b-42_w0.wav,1.0,16000,1,0.9440608620643616,0.0738629073754346,12.781255722045898,0
gun_c3gd_LJiS5z5Ad53b_10-oh_farm-spike_m4_556-DAVE-LJiS5z5Ad53b-43_w0,c3gd_LJiS5z5Ad53b,gunshot,DANGEROUS_IMPULSE,data/processed\gunshot\gun_c3gd_LJiS5z5Ad53b_10-oh_farm-spike_m4_556-DAVE-LJiS5z5Ad53b-43_w0.wav,1.0,16000,1,0.9440609216690063,0.0748412167572368,12.61418342590332,0
gun_c3gd_LJiS5z5Ad53b_10-oh_farm-spike_m4_556-DAVE-LJiS5z5Ad53b-44_w0,c3gd_LJiS5z5Ad53b,gunshot,DANGEROUS_IMPULSE,data/processed\gunshot\gun_c3gd_LJiS5z5Ad53b_10-oh_farm-spike_m4_556-DAVE-LJiS5z5Ad53b-44_w0.wav,1.0,16000,1,0.9440608620643616,0.0662646326288934,14.246826171875,0
gun_c3gd_LJiS5z5Ad53b_10-oh_farm-spike_m4_556-DAVE-LJiS5z5Ad53b-45_w0,c3gd_LJiS5z5Ad53b,gunshot,DANGEROUS_IMPULSE,data/processed\gunshot\gun_c3gd_LJiS5z5Ad53b_10-oh_farm-spike_m4_556-DAVE-LJiS5z5Ad53b-45_w0.wav,1.0,16000,1,0.9440609216690063,0.0605037789634987,15.6033353805542,0
gun_c3gd_LJiS5z5Ad53b_10-oh_farm-spike_m4_556-DAVE-LJiS5z5Ad53b-46_w0,c3gd_LJiS5z5Ad53b,gunshot,DANGEROUS_IMPULSE,data/processed\gunshot\gun_c3gd_LJiS5z5Ad53b_10-oh_farm-spike_m4_556-DAVE-LJiS5z5Ad53b-46_w0.wav,1.0,16000,1,0.9440608620643616,0.0657774664092006,14.352343559265137,0
gun_c3gd_LJiS5z5Ad53b_10-oh_farm-spike_m4_556-DAVE-LJiS5z5Ad53b-47_w0,c3gd_LJiS5z5Ad53b,gunshot,DANGEROUS_IMPULSE,data/processed\gunshot\gun_c3gd_LJiS5z5Ad53b_10-oh_farm-spike_m4_556-DAVE-LJiS5z5Ad53b-47_w0.wav,1.0,16000,1,0.9440608024597168,0.0846765983478062,11.149015426635742,0
gun_c3gd_LJiS5z5Ad53b_10-oh_farm-spike_m4_556-DAVE-LJiS5z5Ad53b-48_w0,c3gd_LJiS5z5Ad53b,gunshot,DANGEROUS_IMPULSE,data/processed\gunshot\gun_c3gd_LJiS5z5Ad53b_10-oh_farm-spike_m4_556-DAVE-LJiS5z5Ad53b-48_w0.wav,1.0,16000,1,0.9440608620643616,0.0705453507257673,13.38232421875,0
gun_c3gd_LJiS5z5Ad53b_10-oh_farm-spike_m4_556-DAVE-LJiS5z5Ad53b-49_w0,c3gd_LJiS5z5Ad53b,gunshot,DANGEROUS_IMPULSE,data/processed\gunshot\gun_c3gd_LJiS5z5Ad53b_10-oh_farm-spike_m4_556-DAVE-LJiS5z5Ad53b-49_w0.wav,1.0,16000,1,0.9440608620643616,0.0635221501021612,14.861913681030272,0
gun_c3gd_LJiS5z5Ad53b_10-oh_farm-spike_m4_556-DAVE-LJiS5z5Ad53b-5_w0,c3gd_LJiS5z5Ad53b,gunshot,DANGEROUS_IMPULSE,data/processed\gunshot\gun_c3gd_LJiS5z5Ad53b_10-oh_farm-spike_m4_556-DAVE-LJiS5z5Ad53b-5_w0.wav,1.0,16000,1,0.9440608620643616,0.0734005582755816,12.861763954162598,0
gun_c3gd_LJiS5z5Ad53b_10-oh_farm-spike_m4_556-DAVE-LJiS5z5Ad53b-50_w0,c3gd_LJiS5z5Ad53b,gunshot,DANGEROUS_IMPULSE,data/processed\gunshot\gun_c3gd_LJiS5z5Ad53b_10-oh_farm-spike_m4_556-DAVE-LJiS5z5Ad53b-50_w0.wav,1.0,16000,1,0.9440608620643616,0.0945263102714666,9.987279891967772,0
gun_c3gd_LJiS5z5Ad53b_10-oh_farm-spike_m4_556-DAVE-LJiS5z5Ad53b-51_w0,c3gd_LJiS5z5Ad53b,gunshot,DANGEROUS_IMPULSE,data/processed\gunshot\gun_c3gd_LJiS5z5Ad53b_10-oh_farm-spike_m4_556-DAVE-LJiS5z5Ad53b-51_w0.wav,1.0,16000,1,0.9440608620643616,0.0666425022585312,14.166045188903809,0
gun_c3gd_LJiS5z5Ad53b_10-oh_farm-spike_m4_556-DAVE-LJiS5z5Ad53b-52_w0,c3gd_LJiS5z5Ad53b,gunshot,DANGEROUS_IMPULSE,data/processed\gunshot\gun_c3gd_LJiS5z5Ad53b_10-oh_farm-spike_m4_556-DAVE-LJiS5z5Ad53b-52_w0.wav,1.0,16000,1,0.9440608620643616,0.0678222672728173,13.919628143310549,0
gun_c3gd_LJiS5z5Ad53b_10-oh_farm-spike_m4_556-DAVE-LJiS5z5Ad53b-53_w0,c3gd_LJiS5z5Ad53b,gunshot,DANGEROUS_IMPULSE,data/processed\gunshot\gun_c3gd_LJiS5z5Ad53b_10-oh_farm-spike_m4_556-DAVE-LJiS5z5Ad53b-53_w0.wav,1.0,16000,1,0.9440608024597168,0.0719840906343335,13.11485195159912,0
gun_c3gd_LJiS5z5Ad53b_10-oh_farm-spike_m4_556-DAVE-LJiS5z5Ad53b-54_w0,c3gd_LJiS5z5Ad53b,gunshot,DANGEROUS_IMPULSE,data/processed\gunshot\gun_c3gd_LJiS5z5Ad53b_10-oh_farm-spike_m4_556-DAVE-LJiS5z5Ad53b-54_w0.wav,1.0,16000,1,0.9440608024597168,0.0608814095982009,15.506549835205078,0
gun_c3gd_LJiS5z5Ad53b_10-oh_farm-spike_m4_556-DAVE-LJiS5z5Ad53b-55_w0,c3gd_LJiS5z5Ad53b,gunshot,DANGEROUS_IMPULSE,data/processed\gunshot\gun_c3gd_LJiS5z5Ad53b_10-oh_farm-spike_m4_556-DAVE-LJiS5z5Ad53b-55_w0.wav,1.0,16000,1,0.9440608620643616,0.0674083115525954,14.005107879638672,0
gun_c3gd_LJiS5z5Ad53b_10-oh_farm-spike_m4_556-DAVE-LJiS5z5Ad53b-56_w0,c3gd_LJiS5z5Ad53b,gunshot,DANGEROUS_IMPULSE,data/processed\gunshot\gun_c3gd_LJiS5z5Ad53b_10-oh_farm-spike_m4_556-DAVE-LJiS5z5Ad53b-56_w0.wav,1.0,16000,1,0.9440608620643616,0.0712254482086726,13.254542350769045,0
gun_c3gd_LJiS5z5Ad53b_10-oh_farm-spike_m4_556-DAVE-LJiS5z5Ad53b-57_w0,c3gd_LJiS5z5Ad53b,gunshot,DANGEROUS_IMPULSE,data/processed\gunshot\gun_c3gd_LJiS5z5Ad53b_10-oh_farm-spike_m4_556-DAVE-LJiS5z5Ad53b-57_w0.wav,1.0,16000,1,0.9440608620643616,0.0888498677154392,10.625348091125488,0
gun_c3gd_LJiS5z5Ad53b_10-oh_farm-spike_m4_556-DAVE-LJiS5z5Ad53b-58_w0,c3gd_LJiS5z5Ad53b,gunshot,DANGEROUS_IMPULSE,data/processed\gunshot\gun_c3gd_LJiS5z5Ad53b_10-oh_farm-spike_m4_556-DAVE-LJiS5z5Ad53b-58_w0.wav,1.0,16000,1,0.9440608620643616,0.066078552044237,14.286947250366213,0
gun_c3gd_LJiS5z5Ad53b_10-oh_farm-spike_m4_556-DAVE-LJiS5z5Ad53b-59_w0,c3gd_LJiS5z5Ad53b,gunshot,DANGEROUS_IMPULSE,data/processed\gunshot\gun_c3gd_LJiS5z5Ad53b_10-oh_farm-spike_m4_556-DAVE-LJiS5z5Ad53b-59_w0.wav,1.0,16000,1,0.9440608620643616,0.0599555841814709,15.746001243591309,0
gun_c3gd_LJiS5z5Ad53b_10-oh_farm-spike_m4_556-DAVE-LJiS5z5Ad53b-6_w0,c3gd_LJiS5z5Ad53b,gunshot,DANGEROUS_IMPULSE,data/processed\gunshot\gun_c3gd_LJiS5z5Ad53b_10-oh_farm-spike_m4_556-DAVE-LJiS5z5Ad53b-6_w0.wav,1.0,16000,1,0.9440608620643616,0.0849076630194316,11.118675231933594,0
gun_c3gd_LJiS5z5Ad53b_10-oh_farm-spike_m4_556-DAVE-LJiS5z5Ad53b-60_w0,c3gd_LJiS5z5Ad53b,gunshot,DANGEROUS_IMPULSE,data/processed\gunshot\gun_c3gd_LJiS5z5Ad53b_10-oh_farm-spike_m4_556-DAVE-LJiS5z5Ad53b-60_w0.wav,1.0,16000,1,0.9440608620643616,0.1034922978370431,9.12203884124756,0
gun_c3gd_LJiS5z5Ad53b_10-oh_farm-spike_m4_556-DAVE-LJiS5z5Ad53b-61_w0,c3gd_LJiS5z5Ad53b,gunshot,DANGEROUS_IMPULSE,data/processed\gunshot\gun_c3gd_LJiS5z5Ad53b_10-oh_farm-spike_m4_556-DAVE-LJiS5z5Ad53b-61_w0.wav,1.0,16000,1,0.9440608620643616,0.0742863391251071,12.708402633666992,0
gun_c3gd_LJiS5z5Ad53b_10-oh_farm-spike_m4_556-DAVE-LJiS5z5Ad53b-62_w0,c3gd_LJiS5z5Ad53b,gunshot,DANGEROUS_IMPULSE,data/processed\gunshot\gun_c3gd_LJiS5z5Ad53b_10-oh_farm-spike_m4_556-DAVE-LJiS5z5Ad53b-62_w0.wav,1.0,16000,1,0.9440608024597168,0.0848857969390502,11.121539115905762,0
gun_c3gd_LJiS5z5Ad53b_10-oh_farm-spike_m4_556-DAVE-LJiS5z5Ad53b-63_w0,c3gd_LJiS5z5Ad53b,gunshot,DANGEROUS_IMPULSE,data/processed\gunshot\gun_c3gd_LJiS5z5Ad53b_10-oh_farm-spike_m4_556-DAVE-LJiS5z5Ad53b-63_w0.wav,1.0,16000,1,0.9440608620643616,0.0773164603466784,12.210346221923828,0
gun_c3gd_LJiS5z5Ad53b_10-oh_farm-spike_m4_556-DAVE-LJiS5z5Ad53b-64_w0,c3gd_LJiS5z5Ad53b,gunshot,DANGEROUS_IMPULSE,data/processed\gunshot\gun_c3gd_LJiS5z5Ad53b_10-oh_farm-spike_m4_556-DAVE-LJiS5z5Ad53b-64_w0.wav,1.0,16000,1,0.9440608620643616,0.0860782413654991,10.967473030090332,0
gun_c3gd_LJiS5z5Ad53b_10-oh_farm-spike_m4_556-DAVE-LJiS5z5Ad53b-65_w0,c3gd_LJiS5z5Ad53b,gunshot,DANGEROUS_IMPULSE,data/processed\gunshot\gun_c3gd_LJiS5z5Ad53b_10-oh_farm-spike_m4_556-DAVE-LJiS5z5Ad53b-65_w0.wav,1.0,16000,1,0.9440608620643616,0.0978206728531094,9.650933265686035,0
gun_c3gd_LJiS5z5Ad53b_10-oh_farm-spike_m4_556-DAVE-LJiS5z5Ad53b-66_w0,c3gd_LJiS5z5Ad53b,gunshot,DANGEROUS_IMPULSE,data/processed\gunshot\gun_c3gd_LJiS5z5Ad53b_10-oh_farm-spike_m4_556-DAVE-LJiS5z5Ad53b-66_w0.wav,1.0,16000,1,0.9440609216690063,0.089766827078092,10.51681137084961,0
gun_c3gd_LJiS5z5Ad53b_10-oh_farm-spike_m4_556-DAVE-LJiS5z5Ad53b-67_w0,c3gd_LJiS5z5Ad53b,gunshot,DANGEROUS_IMPULSE,data/processed\gunshot\gun_c3gd_LJiS5z5Ad53b_10-oh_farm-spike_m4_556-DAVE-LJiS5z5Ad53b-67_w0.wav,1.0,16000,1,0.9440608620643616,0.0741104509103422,12.738563537597656,0
gun_c3gd_LJiS5z5Ad53b_10-oh_farm-spike_m4_556-DAVE-LJiS5z5Ad53b-68_w0,c3gd_LJiS5z5Ad53b,gunshot,DANGEROUS_IMPULSE,data/processed\gunshot\gun_c3gd_LJiS5z5Ad53b_10-oh_farm-spike_m4_556-DAVE-LJiS5z5Ad53b-68_w0.wav,1.0,16000,1,0.9440608024597168,0.1014553522731783,9.305184364318848,0
gun_c3gd_LJiS5z5Ad53b_10-oh_farm-spike_m4_556-DAVE-LJiS5z5Ad53b-69_w0,c3gd_LJiS5z5Ad53b,gunshot,DANGEROUS_IMPULSE,data/processed\gunshot\gun_c3gd_LJiS5z5Ad53b_10-oh_farm-spike_m4_556-DAVE-LJiS5z5Ad53b-69_w0.wav,1.0,16000,1,0.9440609216690063,0.0636636105539044,14.828890800476074,0
gun_c3gd_LJiS5z5Ad53b_10-oh_farm-spike_m4_556-DAVE-LJiS5z5Ad53b-7_w0,c3gd_LJiS5z5Ad53b,gunshot,DANGEROUS_IMPULSE,data/processed\gunshot\gun_c3gd_LJiS5z5Ad53b_10-oh_farm-spike_m4_556-DAVE-LJiS5z5Ad53b-7_w0.wav,1.0,16000,1,0.9440608620643616,0.082794091027409,11.40251350402832,0
gun_c3gd_LJiS5z5Ad53b_10-oh_farm-spike_m4_556-DAVE-LJiS5z5Ad53b-70_w0,c3gd_LJiS5z5Ad53b,gunshot,DANGEROUS_IMPULSE,data/processed\gunshot\gun_c3gd_LJiS5z5Ad53b_10-oh_farm-spike_m4_556-DAVE-LJiS5z5Ad53b-70_w0.wav,1.0,16000,1,0.9440608620643616,0.0668477326301687,14.122554779052734,0
gun_c3gd_LJiS5z5Ad53b_10-oh_farm-spike_m4_556-DAVE-LJiS5z5Ad53b-71_w0,c3gd_LJiS5z5Ad53b,gunshot,DANGEROUS_IMPULSE,data/processed\gunshot\gun_c3gd_LJiS5z5Ad53b_10-oh_farm-spike_m4_556-DAVE-LJiS5z5Ad53b-71_w0.wav,1.0,16000,1,0.9440608620643616,0.0621247744063238,15.196203231811523,0
gun_c3gd_LJiS5z5Ad53b_10-oh_farm-spike_m4_556-DAVE-LJiS5z5Ad53b-72_w0,c3gd_LJiS5z5Ad53b,gunshot,DANGEROUS_IMPULSE,data/processed\gunshot\gun_c3gd_LJiS5z5Ad53b_10-oh_farm-spike_m4_556-DAVE-LJiS5z5Ad53b-72_w0.wav,1.0,16000,1,0.9440608620643616,0.0814976080630496,11.583907127380373,0
gun_c3gd_LJiS5z5Ad53b_10-oh_farm-spike_m4_556-DAVE-LJiS5z5Ad53b-73_w0,c3gd_LJiS5z5Ad53b,gunshot,DANGEROUS_IMPULSE,data/processed\gunshot\gun_c3gd_LJiS5z5Ad53b_10-oh_farm-spike_m4_556-DAVE-LJiS5z5Ad53b-73_w0.wav,1.0,16000,1,0.9440608620643616,0.0698400059438947,13.517477989196776,0
gun_c3gd_LJiS5z5Ad53b_10-oh_farm-spike_m4_556-DAVE-LJiS5z5Ad53b-74_w0,c3gd_LJiS5z5Ad53b,gunshot,DANGEROUS_IMPULSE,data/processed\gunshot\gun_c3gd_LJiS5z5Ad53b_10-oh_farm-spike_m4_556-DAVE-LJiS5z5Ad53b-74_w0.wav,1.0,16000,1,0.9440608620643616,0.0888682669270112,10.62314796447754,0
gun_c3gd_LJiS5z5Ad53b_10-oh_farm-spike_m4_556-DAVE-LJiS5z5Ad53b-75_w0,c3gd_LJiS5z5Ad53b,gunshot,DANGEROUS_IMPULSE,data/processed\gunshot\gun_c3gd_LJiS5z5Ad53b_10-oh_farm-spike_m4_556-DAVE-LJiS5z5Ad53b-75_w0.wav,1.0,16000,1,0.9440608620643616,0.0774073902480437,12.196002960205078,0
gun_c3gd_LJiS5z5Ad53b_10-oh_farm-spike_m4_556-DAVE-LJiS5z5Ad53b-76_w0,c3gd_LJiS5z5Ad53b,gunshot,DANGEROUS_IMPULSE,data/processed\gunshot\gun_c3gd_LJiS5z5Ad53b_10-oh_farm-spike_m4_556-DAVE-LJiS5z5Ad53b-76_w0.wav,1.0,16000,1,0.9440608620643616,0.0908659440943463,10.389599800109863,0
gun_c3gd_LJiS5z5Ad53b_10-oh_farm-spike_m4_556-DAVE-LJiS5z5Ad53b-8_w0,c3gd_LJiS5z5Ad53b,gunshot,DANGEROUS_IMPULSE,data/processed\gunshot\gun_c3gd_LJiS5z5Ad53b_10-oh_farm-spike_m4_556-DAVE-LJiS5z5Ad53b-8_w0.wav,1.0,16000,1,0.9440608024597168,0.0296194703671431,31.872970581054688,0
gun_c3gd_LJiS5z5Ad53b_10-oh_farm-spike_m4_556-DAVE-LJiS5z5Ad53b-9_w0,c3gd_LJiS5z5Ad53b,gunshot,DANGEROUS_IMPULSE,data/processed\gunshot\gun_c3gd_LJiS5z5Ad53b_10-oh_farm-spike_m4_556-DAVE-LJiS5z5Ad53b-9_w0.wav,1.0,16000,1,0.9440608620643616,0.129963347914563,7.264054298400879,0
speech_speaker_session_01_0040,speaker_session_01,speech,NORMAL_SPEECH,data/processed\speech\speech_speaker_session_01_0040.wav,1.0,16000,1,0.1306797235710989,0.0260767703100453,5.0113442693980925,1
speech_speaker_session_01_0041,speaker_session_01,speech,NORMAL_SPEECH,data/processed\speech\speech_speaker_session_01_0041.wav,1.0,16000,1,0.1596274927750462,0.0379802513057717,4.20290664905952,1
speech_speaker_session_01_0042,speaker_session_01,speech,NORMAL_SPEECH,data/processed\speech\speech_speaker_session_01_0042.wav,1.0,16000,1,0.2262521527279807,0.047272648513898,4.786110192247024,1
speech_speaker_session_01_0043,speaker_session_01,speech,NORMAL_SPEECH,data/processed\speech\speech_speaker_session_01_0043.wav,1.0,16000,1,0.1992130198517923,0.0498229564315228,3.998417479328383,1
speech_speaker_session_01_0044,speaker_session_01,speech,NORMAL_SPEECH,data/processed\speech\speech_speaker_session_01_0044.wav,1.0,16000,1,0.1446531041586459,0.0279650310108207,5.172640515802352,1
speech_speaker_session_01_0045,speaker_session_01,speech,NORMAL_SPEECH,data/processed\speech\speech_speaker_session_01_0045.wav,1.0,16000,1,0.1316167569582237,0.0295422082930134,4.455209004712761,1
speech_speaker_session_01_0046,speaker_session_01,speech,NORMAL_SPEECH,data/processed\speech\speech_speaker_session_01_0046.wav,1.0,16000,1,0.3095625788800002,0.0635098738924656,4.874242557334049,1
speech_speaker_session_01_0047,speaker_session_01,speech,NORMAL_SPEECH,data/processed\speech\speech_speaker_session_01_0047.wav,1.0,16000,1,0.17969068719492,0.0321508008170818,5.5889939515755405,1
speech_speaker_session_01_0048,speaker_session_01,speech,NORMAL_SPEECH,data/processed\speech\speech_speaker_session_01_0048.wav,1.0,16000,1,0.1997970956354932,0.0426379320812957,4.68589912839953,1
speech_speaker_session_01_0049,speaker_session_01,speech,NORMAL_SPEECH,data/processed\speech\speech_speaker_session_01_0049.wav,1.0,16000,1,0.1015873276560323,0.0212873205462976,4.772196656367545,1
speech_speaker_session_01_0050,speaker_session_01,speech,NORMAL_SPEECH,data/processed\speech\speech_speaker_session_01_0050.wav,1.0,16000,1,0.2218218337356231,0.0436973686920559,5.076319000708152,1
speech_speaker_session_01_0051,speaker_session_01,speech,NORMAL_SPEECH,data/processed\speech\speech_speaker_session_01_0051.wav,1.0,16000,1,0.1796768695499182,0.0445549025772435,4.032706140729545,1
speech_speaker_session_01_0052,speaker_session_01,speech,NORMAL_SPEECH,data/processed\speech\speech_speaker_session_01_0052.wav,1.0,16000,1,0.169924002477111,0.0336227002802477,5.053846077867668,1
speech_speaker_session_01_0053,speaker_session_01,speech,NORMAL_SPEECH,data/processed\speech\speech_speaker_session_01_0053.wav,1.0,16000,1,0.1318220604645879,0.0270888922145691,4.866275474009074,1
speech_speaker_session_01_0054,speaker_session_01,speech,NORMAL_SPEECH,data/processed\speech\speech_speaker_session_01_0054.wav,1.0,16000,1,0.2254886600200235,0.0455543412608934,4.949881927384542,1
speech_speaker_session_01_0055,speaker_session_01,speech,NORMAL_SPEECH,data/processed\speech\speech_speaker_session_01_0055.wav,1.0,16000,1,0.1770930973640308,0.0289051664805091,6.126691441702336,1
speech_speaker_session_01_0056,speaker_session_01,speech,NORMAL_SPEECH,data/processed\speech\speech_speaker_session_01_0056.wav,1.0,16000,1,0.1439412453107554,0.0329063609125169,4.374266785402432,1
speech_speaker_session_01_0057,speaker_session_01,speech,NORMAL_SPEECH,data/processed\speech\speech_speaker_session_01_0057.wav,1.0,16000,1,0.1425922096994483,0.0310092447392678,4.598375900949338,1
speech_speaker_session_01_0058,speaker_session_01,speech,NORMAL_SPEECH,data/processed\speech\speech_speaker_session_01_0058.wav,1.0,16000,1,0.2822953546900475,0.0631475338909393,4.470409097424175,1
speech_speaker_session_01_0059,speaker_session_01,speech,NORMAL_SPEECH,data/processed\speech\speech_speaker_session_01_0059.wav,1.0,16000,1,0.2053380680760189,0.0430338007063686,4.771552058847318,1
speech_speaker_session_01_0060,speaker_session_01,speech,NORMAL_SPEECH,data/processed\speech\speech_speaker_session_01_0060.wav,1.0,16000,1,0.1644348454426872,0.0351155208835379,4.682681460463807,1
speech_speaker_session_01_0061,speaker_session_01,speech,NORMAL_SPEECH,data/processed\speech\speech_speaker_session_01_0061.wav,1.0,16000,1,0.0895617457170052,0.0203376641989834,4.403735886450676,1
speech_speaker_session_01_0062,speaker_session_01,speech,NORMAL_SPEECH,data/processed\speech\speech_speaker_session_01_0062.wav,1.0,16000,1,0.242041810816246,0.0449792758951858,5.381183938319307,1
speech_speaker_session_01_0063,speaker_session_01,speech,NORMAL_SPEECH,data/processed\speech\speech_speaker_session_01_0063.wav,1.0,16000,1,0.2232397662494684,0.0522595064674244,4.271753382728356,1
speech_speaker_session_01_0064,speaker_session_01,speech,NORMAL_SPEECH,data/processed\speech\speech_speaker_session_01_0064.wav,1.0,16000,1,0.151402205306002,0.036756807223991,4.119023809471243,1
speech_speaker_session_01_0065,speaker_session_01,speech,NORMAL_SPEECH,data/processed\speech\speech_speaker_session_01_0065.wav,1.0,16000,1,0.1312438042908447,0.0250726470994584,5.234539114471413,1
speech_speaker_session_01_0066,speaker_session_01,speech,NORMAL_SPEECH,data/processed\speech\speech_speaker_session_01_0066.wav,1.0,16000,1,0.2002830858674892,0.0375778929198957,5.329810082654952,1
speech_speaker_session_01_0067,speaker_session_01,speech,NORMAL_SPEECH,data/processed\speech\speech_speaker_session_01_0067.wav,1.0,16000,1,0.2243691495265551,0.0551263907572287,4.070085230389966,1
speech_speaker_session_01_0068,speaker_session_01,speech,NORMAL_SPEECH,data/processed\speech\speech_speaker_session_01_0068.wav,1.0,16000,1,0.1206946626193019,0.026883310562236,4.48957420791411,1
speech_speaker_session_01_0069,speaker_session_01,speech,NORMAL_SPEECH,data/processed\speech\speech_speaker_session_01_0069.wav,1.0,16000,1,0.1570464825374191,0.0364884431825253,4.304004934159011,1
speech_speaker_session_01_0070,speaker_session_01,speech,NORMAL_SPEECH,data/processed\speech\speech_speaker_session_01_0070.wav,1.0,16000,1,0.1798804431301746,0.029409524899141,6.116398771591187,1
speech_speaker_session_01_0071,speaker_session_01,speech,NORMAL_SPEECH,data/processed\speech\speech_speaker_session_01_0071.wav,1.0,16000,1,0.2172242575415404,0.0471833578682758,4.603831124305842,1
speech_speaker_session_01_0072,speaker_session_01,speech,NORMAL_SPEECH,data/processed\speech\speech_speaker_session_01_0072.wav,1.0,16000,1,0.1424795843648967,0.028381267242423,5.020196348032037,1
speech_speaker_session_01_0073,speaker_session_01,speech,NORMAL_SPEECH,data/processed\speech\speech_speaker_session_01_0073.wav,1.0,16000,1,0.144647359286502,0.0310130940718708,4.6640722886458335,1
speech_speaker_session_01_0074,speaker_session_01,speech,NORMAL_SPEECH,data/processed\speech\speech_speaker_session_01_0074.wav,1.0,16000,1,0.193122184720786,0.0299719254281936,6.443433897803013,1
speech_speaker_session_01_0075,speaker_session_01,speech,NORMAL_SPEECH,data/processed\speech\speech_speaker_session_01_0075.wav,1.0,16000,1,0.2013208297036713,0.0422532254726066,4.764625180814623,1
speech_speaker_session_01_0076,speaker_session_01,speech,NORMAL_SPEECH,data/processed\speech\speech_speaker_session_01_0076.wav,1.0,16000,1,0.1915291957992544,0.043934527023299,4.359422194381702,1
speech_speaker_session_01_0077,speaker_session_01,speech,NORMAL_SPEECH,data/processed\speech\speech_speaker_session_01_0077.wav,1.0,16000,1,0.1917347971193155,0.0423667361842526,4.525596473362913,1
speech_speaker_session_01_0078,speaker_session_01,speech,NORMAL_SPEECH,data/processed\speech\speech_speaker_session_01_0078.wav,1.0,16000,1,0.1831448982621145,0.0324794352466553,5.638793916314635,1
speech_speaker_session_01_0079,speaker_session_01,speech,NORMAL_SPEECH,data/processed\speech\speech_speaker_session_01_0079.wav,1.0,16000,1,0.2072114637889914,0.0535698916449155,3.868057573868224,1
speech_speaker_session_02_0080,speaker_session_02,speech,NORMAL_SPEECH,data/processed\speech\speech_speaker_session_02_0080.wav,1.0,16000,1,0.1460228279259438,0.0289851301481913,5.037851367265351,1
speech_speaker_session_02_0081,speaker_session_02,speech,NORMAL_SPEECH,data/processed\speech\speech_speaker_session_02_0081.wav,1.0,16000,1,0.0957701380991266,0.0225098360954442,4.254588756095925,1
speech_speaker_session_02_0082,speaker_session_02,speech,NORMAL_SPEECH,data/processed\speech\speech_speaker_session_02_0082.wav,1.0,16000,1,0.2367061200291371,0.0444520284309806,5.324977849928381,1
speech_speaker_session_02_0083,speaker_session_02,speech,NORMAL_SPEECH,data/processed\speech\speech_speaker_session_02_0083.wav,1.0,16000,1,0.1640849263041125,0.0283977104126405,5.778102041989042,1
speech_speaker_session_02_0084,speaker_session_02,speech,NORMAL_SPEECH,data/processed\speech\speech_speaker_session_02_0084.wav,1.0,16000,1,0.1474600180461471,0.0354592699220999,4.158573393766035,1
speech_speaker_session_02_0085,speaker_session_02,speech,NORMAL_SPEECH,data/processed\speech\speech_speaker_session_02_0085.wav,1.0,16000,1,0.1381998717044111,0.0247063456393311,5.593697173386621,1
speech_speaker_session_02_0086,speaker_session_02,speech,NORMAL_SPEECH,data/processed\speech\speech_speaker_session_02_0086.wav,1.0,16000,1,0.2076559973174052,0.0341504746489909,6.080616408573892,1
speech_speaker_session_02_0087,speaker_session_02,speech,NORMAL_SPEECH,data/processed\speech\speech_speaker_session_02_0087.wav,1.0,16000,1,0.1807529192505825,0.0272417607629422,6.635138399169913,1
speech_speaker_session_02_0088,speaker_session_02,speech,NORMAL_SPEECH,data/processed\speech\speech_speaker_session_02_0088.wav,1.0,16000,1,0.1824298191597137,0.0391364609766719,4.661376322572736,1
speech_speaker_session_02_0089,speaker_session_02,speech,NORMAL_SPEECH,data/processed\speech\speech_speaker_session_02_0089.wav,1.0,16000,1,0.0907505498318672,0.0209494738339827,4.331875217119105,1
speech_speaker_session_02_0090,speaker_session_02,speech,NORMAL_SPEECH,data/processed\speech\speech_speaker_session_02_0090.wav,1.0,16000,1,0.1694596388420841,0.035714298161934,4.744866905267457,1
speech_speaker_session_02_0091,speaker_session_02,speech,NORMAL_SPEECH,data/processed\speech\speech_speaker_session_02_0091.wav,1.0,16000,1,0.2008251669590859,0.0489636683453375,4.101513075522623,1
speech_speaker_session_02_0092,speaker_session_02,speech,NORMAL_SPEECH,data/processed\speech\speech_speaker_session_02_0092.wav,1.0,16000,1,0.1669916650484106,0.0387323202220963,4.31142831042847,1
speech_speaker_session_02_0093,speaker_session_02,speech,NORMAL_SPEECH,data/processed\speech\speech_speaker_session_02_0093.wav,1.0,16000,1,0.0936542038346098,0.0203439862743915,4.603530327642604,1
speech_speaker_session_02_0094,speaker_session_02,speech,NORMAL_SPEECH,data/processed\speech\speech_speaker_session_02_0094.wav,1.0,16000,1,0.2275242420614199,0.040764048897014,5.581491348450732,1
speech_speaker_session_02_0095,speaker_session_02,speech,NORMAL_SPEECH,data/processed\speech\speech_speaker_session_02_0095.wav,1.0,16000,1,0.1815888607781208,0.0308742027075908,5.881570568226175,1
speech_speaker_session_02_0096,speaker_session_02,speech,NORMAL_SPEECH,data/processed\speech\speech_speaker_session_02_0096.wav,1.0,16000,1,0.1046104269219882,0.0258096423641185,4.053151334475976,1
speech_speaker_session_02_0097,speaker_session_02,speech,NORMAL_SPEECH,data/processed\speech\speech_speaker_session_02_0097.wav,1.0,16000,1,0.0930124912074394,0.0185005525620099,5.027549345901318,1
speech_speaker_session_02_0098,speaker_session_02,speech,NORMAL_SPEECH,data/processed\speech\speech_speaker_session_02_0098.wav,1.0,16000,1,0.2348540914645002,0.0389737274624561,6.0259576513732656,1
speech_speaker_session_02_0099,speaker_session_02,speech,NORMAL_SPEECH,data/processed\speech\speech_speaker_session_02_0099.wav,1.0,16000,1,0.199800736146941,0.0314724890632694,6.348422975413546,1
speech_speaker_session_02_0100,speaker_session_02,speech,NORMAL_SPEECH,data/processed\speech\speech_speaker_session_02_0100.wav,1.0,16000,1,0.1466266459702901,0.0343476487598338,4.268897830723634,1
speech_speaker_session_02_0101,speaker_session_02,speech,NORMAL_SPEECH,data/processed\speech\speech_speaker_session_02_0101.wav,1.0,16000,1,0.1397667879853694,0.0302665142223296,4.617867151136372,1
speech_speaker_session_02_0102,speaker_session_02,speech,NORMAL_SPEECH,data/processed\speech\speech_speaker_session_02_0102.wav,1.0,16000,1,0.2242009842862797,0.0347590603876304,6.450143280185804,1
speech_speaker_session_02_0103,speaker_session_02,speech,NORMAL_SPEECH,data/processed\speech\speech_speaker_session_02_0103.wav,1.0,16000,1,0.2225332992382919,0.0510873027058601,4.355940593695884,1
speech_speaker_session_02_0104,speaker_session_02,speech,NORMAL_SPEECH,data/processed\speech\speech_speaker_session_02_0104.wav,1.0,16000,1,0.1473508233399167,0.0314753313041864,4.6814686428934165,1
speech_speaker_session_02_0105,speaker_session_02,speech,NORMAL_SPEECH,data/processed\speech\speech_speaker_session_02_0105.wav,1.0,16000,1,0.1422573818602085,0.0354397981356218,4.014056208087094,1
speech_speaker_session_02_0106,speaker_session_02,speech,NORMAL_SPEECH,data/processed\speech\speech_speaker_session_02_0106.wav,1.0,16000,1,0.2197032633481367,0.0378945333129886,5.797754614259504,1
speech_speaker_session_02_0107,speaker_session_02,speech,NORMAL_SPEECH,data/processed\speech\speech_speaker_session_02_0107.wav,1.0,16000,1,0.1971243808856604,0.0312291256071809,6.312194591781552,1
speech_speaker_session_02_0108,speaker_session_02,speech,NORMAL_SPEECH,data/processed\speech\speech_speaker_session_02_0108.wav,1.0,16000,1,0.1404916111448655,0.0333181260628459,4.21667079094295,1
speech_speaker_session_02_0109,speaker_session_02,speech,NORMAL_SPEECH,data/processed\speech\speech_speaker_session_02_0109.wav,1.0,16000,1,0.1088380834593967,0.0225242692592518,4.832034011241064,1
speech_speaker_session_02_0110,speaker_session_02,speech,NORMAL_SPEECH,data/processed\speech\speech_speaker_session_02_0110.wav,1.0,16000,1,0.2172101160690478,0.0294947388930318,7.364365665793604,1
speech_speaker_session_02_0111,speaker_session_02,speech,NORMAL_SPEECH,data/processed\speech\speech_speaker_session_02_0111.wav,1.0,16000,1,0.1995638287468904,0.0451070251898519,4.424228458087344,1
speech_speaker_session_02_0112,speaker_session_02,speech,NORMAL_SPEECH,data/processed\speech\speech_speaker_session_02_0112.wav,1.0,16000,1,0.1576924598173822,0.0361491685124251,4.362269526074577,1
speech_speaker_session_02_0113,speaker_session_02,speech,NORMAL_SPEECH,data/processed\speech\speech_speaker_session_02_0113.wav,1.0,16000,1,0.1107783430912139,0.0247495164227523,4.475978295462443,1
speech_speaker_session_02_0114,speaker_session_02,speech,NORMAL_SPEECH,data/processed\speech\speech_speaker_session_02_0114.wav,1.0,16000,1,0.210776791094196,0.0344345203910603,6.121088009636866,1
speech_speaker_session_02_0115,speaker_session_02,speech,NORMAL_SPEECH,data/processed\speech\speech_speaker_session_02_0115.wav,1.0,16000,1,0.1932362690073027,0.0272132684843757,7.100808126380189,1
speech_speaker_session_02_0116,speaker_session_02,speech,NORMAL_SPEECH,data/processed\speech\speech_speaker_session_02_0116.wav,1.0,16000,1,0.1414674307229242,0.029691150832028,4.7646311817597296,1
speech_speaker_session_02_0117,speaker_session_02,speech,NORMAL_SPEECH,data/processed\speech\speech_speaker_session_02_0117.wav,1.0,16000,1,0.1238173986160454,0.0205876472544489,6.014156787523191,1
speech_speaker_session_02_0118,speaker_session_02,speech,NORMAL_SPEECH,data/processed\speech\speech_speaker_session_02_0118.wav,1.0,16000,1,0.2017581264389591,0.0305208166869227,6.610506606146637,1
speech_speaker_session_02_0119,speaker_session_02,speech,NORMAL_SPEECH,data/processed\speech\speech_speaker_session_02_0119.wav,1.0,16000,1,0.1868495307275395,0.0354292043958453,5.273882978038899,1
speech_speaker_session_05_0200,speaker_session_05,speech,NORMAL_SPEECH,data/processed\speech\speech_speaker_session_05_0200.wav,1.0,16000,1,0.1314449622309384,0.0256952921800634,5.1155250601771325,1
speech_speaker_session_05_0201,speaker_session_05,speech,NORMAL_SPEECH,data/processed\speech\speech_speaker_session_05_0201.wav,1.0,16000,1,0.1206296227356933,0.0269603515550574,4.474332530346368,1
speech_speaker_session_05_0202,speaker_session_05,speech,NORMAL_SPEECH,data/processed\speech\speech_speaker_session_05_0202.wav,1.0,16000,1,0.212112653310711,0.0356598048531295,5.948226433152547,1
speech_speaker_session_05_0203,speaker_session_05,speech,NORMAL_SPEECH,data/processed\speech\speech_speaker_session_05_0203.wav,1.0,16000,1,0.2162070935673966,0.0411737863734525,5.251084733755564,1
speech_speaker_session_05_0204,speaker_session_05,speech,NORMAL_SPEECH,data/processed\speech\speech_speaker_session_05_0204.wav,1.0,16000,1,0.1600403119968713,0.0331611955357286,4.826130697342718,1
speech_speaker_session_05_0205,speaker_session_05,speech,NORMAL_SPEECH,data/processed\speech\speech_speaker_session_05_0205.wav,1.0,16000,1,0.1107363505444959,0.0265352200935074,4.1731822243211205,1
speech_speaker_session_05_0206,speaker_session_05,speech,NORMAL_SPEECH,data/processed\speech\speech_speaker_session_05_0206.wav,1.0,16000,1,0.2420758842156325,0.044930432778084,5.387792090348845,1
speech_speaker_session_05_0207,speaker_session_05,speech,NORMAL_SPEECH,data/processed\speech\speech_speaker_session_05_0207.wav,1.0,16000,1,0.1997142512653884,0.0330666091808803,6.039754175439451,1
speech_speaker_session_05_0208,speaker_session_05,speech,NORMAL_SPEECH,data/processed\speech\speech_speaker_session_05_0208.wav,1.0,16000,1,0.1490252077906586,0.0314212504373981,4.742814442073946,1
speech_speaker_session_05_0209,speaker_session_05,speech,NORMAL_SPEECH,data/processed\speech\speech_speaker_session_05_0209.wav,1.0,16000,1,0.1018466463191575,0.0208929852755521,4.874679047974173,1
speech_speaker_session_05_0210,speaker_session_05,speech,NORMAL_SPEECH,data/processed\speech\speech_speaker_session_05_0210.wav,1.0,16000,1,0.2063618192529623,0.0281690030817496,7.325844844264766,1
speech_speaker_session_05_0211,speaker_session_05,speech,NORMAL_SPEECH,data/processed\speech\speech_speaker_session_05_0211.wav,1.0,16000,1,0.1811455993500933,0.0330540272929563,5.4802866513584645,1
speech_speaker_session_05_0212,speaker_session_05,speech,NORMAL_SPEECH,data/processed\speech\speech_speaker_session_05_0212.wav,1.0,16000,1,0.169313926384759,0.0355576363886015,4.761674170848231,1
speech_speaker_session_05_0213,speaker_session_05,speech,NORMAL_SPEECH,data/processed\speech\speech_speaker_session_05_0213.wav,1.0,16000,1,0.1294903723904071,0.0252302904484547,5.132335726835859,1
speech_speaker_session_05_0214,speaker_session_05,speech,NORMAL_SPEECH,data/processed\speech\speech_speaker_session_05_0214.wav,1.0,16000,1,0.198290591909034,0.0285719944045775,6.940030846322624,1
speech_speaker_session_05_0215,speaker_session_05,speech,NORMAL_SPEECH,data/processed\speech\speech_speaker_session_05_0215.wav,1.0,16000,1,0.1704076712599878,0.0340725889751936,5.001311211511988,1
speech_speaker_session_05_0216,speaker_session_05,speech,NORMAL_SPEECH,data/processed\speech\speech_speaker_session_05_0216.wav,1.0,16000,1,0.1446101230401334,0.0275338641335658,5.252080485972833,1
speech_speaker_session_05_0217,speaker_session_05,speech,NORMAL_SPEECH,data/processed\speech\speech_speaker_session_05_0217.wav,1.0,16000,1,0.1269363409148311,0.0277052674788888,4.581666471723853,1
speech_speaker_session_05_0218,speaker_session_05,speech,NORMAL_SPEECH,data/processed\speech\speech_speaker_session_05_0218.wav,1.0,16000,1,0.258264110365078,0.0446159486583812,5.788603856807693,1
speech_speaker_session_05_0219,speaker_session_05,speech,NORMAL_SPEECH,data/processed\speech\speech_speaker_session_05_0219.wav,1.0,16000,1,0.182292681465201,0.0316871248864845,5.752892526201675,1
speech_speaker_session_05_0220,speaker_session_05,speech,NORMAL_SPEECH,data/processed\speech\speech_speaker_session_05_0220.wav,1.0,16000,1,0.1580402468346937,0.0377883157606935,4.182250566895529,1
speech_speaker_session_05_0221,speaker_session_05,speech,NORMAL_SPEECH,data/processed\speech\speech_speaker_session_05_0221.wav,1.0,16000,1,0.0961318071960475,0.0191874432088792,5.010138977254225,1
speech_speaker_session_05_0222,speaker_session_05,speech,NORMAL_SPEECH,data/processed\speech\speech_speaker_session_05_0222.wav,1.0,16000,1,0.1690067229730498,0.0293895574135199,5.75056858085302,1
speech_speaker_session_05_0223,speaker_session_05,speech,NORMAL_SPEECH,data/processed\speech\speech_speaker_session_05_0223.wav,1.0,16000,1,0.1856523181378305,0.0312443404004397,5.941948408542279,1
speech_speaker_session_05_0224,speaker_session_05,speech,NORMAL_SPEECH,data/processed\speech\speech_speaker_session_05_0224.wav,1.0,16000,1,0.1329637551597461,0.0297389344756504,4.471031420385947,1
speech_speaker_session_05_0225,speaker_session_05,speech,NORMAL_SPEECH,data/processed\speech\speech_speaker_session_05_0225.wav,1.0,16000,1,0.1191896797405418,0.0279693339932607,4.261439945436716,1
speech_speaker_session_05_0226,speaker_session_05,speech,NORMAL_SPEECH,data/processed\speech\speech_speaker_session_05_0226.wav,1.0,16000,1,0.2197556711965363,0.0291731111998114,7.532813156720312,1
speech_speaker_session_05_0227,speaker_session_05,speech,NORMAL_SPEECH,data/processed\speech\speech_speaker_session_05_0227.wav,1.0,16000,1,0.1668259999657798,0.0320642613711247,5.202862651543474,1
speech_speaker_session_05_0228,speaker_session_05,speech,NORMAL_SPEECH,data/processed\speech\speech_speaker_session_05_0228.wav,1.0,16000,1,0.182573508642775,0.0412379583500077,4.427315795317077,1
speech_speaker_session_05_0229,speaker_session_05,speech,NORMAL_SPEECH,data/processed\speech\speech_speaker_session_05_0229.wav,1.0,16000,1,0.1327058921643222,0.0291001281838077,4.560318281861768,1
speech_speaker_session_05_0230,speaker_session_05,speech,NORMAL_SPEECH,data/processed\speech\speech_speaker_session_05_0230.wav,1.0,16000,1,0.1923906381375571,0.029858902199574,6.4433237504312615,1
speech_speaker_session_05_0231,speaker_session_05,speech,NORMAL_SPEECH,data/processed\speech\speech_speaker_session_05_0231.wav,1.0,16000,1,0.1737986281784467,0.0325417534914388,5.340787023548067,1
speech_speaker_session_05_0232,speaker_session_05,speech,NORMAL_SPEECH,data/processed\speech\speech_speaker_session_05_0232.wav,1.0,16000,1,0.1680000145333485,0.0359648051553725,4.671232531227181,1
speech_speaker_session_05_0233,speaker_session_05,speech,NORMAL_SPEECH,data/processed\speech\speech_speaker_session_05_0233.wav,1.0,16000,1,0.0981481574733053,0.0206712976968495,4.748038146046448,1
speech_speaker_session_05_0234,speaker_session_05,speech,NORMAL_SPEECH,data/processed\speech\speech_speaker_session_05_0234.wav,1.0,16000,1,0.1749815173461726,0.024600810559311,7.112832554682605,1
speech_speaker_session_05_0235,speaker_session_05,speech,NORMAL_SPEECH,data/processed\speech\speech_speaker_session_05_0235.wav,1.0,16000,1,0.2042672245702215,0.0484783905916213,4.213571860403444,1
speech_speaker_session_05_0236,speaker_session_05,speech,NORMAL_SPEECH,data/processed\speech\speech_speaker_session_05_0236.wav,1.0,16000,1,0.1635270528008024,0.0291706364571634,5.605876888636619,1
speech_speaker_session_05_0237,speaker_session_05,speech,NORMAL_SPEECH,data/processed\speech\speech_speaker_session_05_0237.wav,1.0,16000,1,0.1229082038127538,0.0263465697761433,4.665053485388132,1
speech_speaker_session_05_0238,speaker_session_05,speech,NORMAL_SPEECH,data/processed\speech\speech_speaker_session_05_0238.wav,1.0,16000,1,0.2276683588192807,0.0340356311602985,6.689116204599323,1
speech_speaker_session_05_0239,speaker_session_05,speech,NORMAL_SPEECH,data/processed\speech\speech_speaker_session_05_0239.wav,1.0,16000,1,0.1809938825517595,0.0311622101879328,5.808118980618937,1
speech_speaker_session_06_0240,speaker_session_06,speech,NORMAL_SPEECH,data/processed\speech\speech_speaker_session_06_0240.wav,1.0,16000,1,0.1489216331247055,0.026405051132466,5.639889730897101,1
speech_speaker_session_06_0241,speaker_session_06,speech,NORMAL_SPEECH,data/processed\speech\speech_speaker_session_06_0241.wav,1.0,16000,1,0.0948669998391594,0.0189506685703248,5.005994877023184,1
speech_speaker_session_06_0242,speaker_session_06,speech,NORMAL_SPEECH,data/processed\speech\speech_speaker_session_06_0242.wav,1.0,16000,1,0.2158256764101134,0.0336802691147564,6.408072678814379,1
speech_speaker_session_06_0243,speaker_session_06,speech,NORMAL_SPEECH,data/processed\speech\speech_speaker_session_06_0243.wav,1.0,16000,1,0.1766713703564283,0.033783545398599,5.229507915077358,1
speech_speaker_session_06_0244,speaker_session_06,speech,NORMAL_SPEECH,data/processed\speech\speech_speaker_session_06_0244.wav,1.0,16000,1,0.1635905543711191,0.0298321274080627,5.483702093933949,1
speech_speaker_session_06_0245,speaker_session_06,speech,NORMAL_SPEECH,data/processed\speech\speech_speaker_session_06_0245.wav,1.0,16000,1,0.0783573013174603,0.017861740300072,4.386876985798205,1
speech_speaker_session_06_0246,speaker_session_06,speech,NORMAL_SPEECH,data/processed\speech\speech_speaker_session_06_0246.wav,1.0,16000,1,0.1925034881653464,0.0263785527129822,7.297724681208873,1
speech_speaker_session_06_0247,speaker_session_06,speech,NORMAL_SPEECH,data/processed\speech\speech_speaker_session_06_0247.wav,1.0,16000,1,0.2096852073573245,0.0352028395111739,5.956483928687853,1
speech_speaker_session_06_0248,speaker_session_06,speech,NORMAL_SPEECH,data/processed\speech\speech_speaker_session_06_0248.wav,1.0,16000,1,0.1440656097048389,0.0253084649163464,5.692386055699816,1
speech_speaker_session_06_0249,speaker_session_06,speech,NORMAL_SPEECH,data/processed\speech\speech_speaker_session_06_0249.wav,1.0,16000,1,0.1174972595743808,0.0259727264732333,4.523869084625328,1
speech_speaker_session_06_0250,speaker_session_06,speech,NORMAL_SPEECH,data/processed\speech\speech_speaker_session_06_0250.wav,1.0,16000,1,0.1694963654736475,0.0235618826675471,7.193665121270261,1
speech_speaker_session_06_0251,speaker_session_06,speech,NORMAL_SPEECH,data/processed\speech\speech_speaker_session_06_0251.wav,1.0,16000,1,0.1700134886021366,0.029713549139189,5.721747697935875,1
speech_speaker_session_06_0252,speaker_session_06,speech,NORMAL_SPEECH,data/processed\speech\speech_speaker_session_06_0252.wav,1.0,16000,1,0.1489314935670327,0.0267733981868508,5.562664735383852,1
speech_speaker_session_06_0253,speaker_session_06,speech,NORMAL_SPEECH,data/processed\speech\speech_speaker_session_06_0253.wav,1.0,16000,1,0.1418417373437719,0.0260938134197571,5.435835717213262,1
speech_speaker_session_06_0254,speaker_session_06,speech,NORMAL_SPEECH,data/processed\speech\speech_speaker_session_06_0254.wav,1.0,16000,1,0.1879325705467225,0.0225206550610815,8.344894346459292,1
speech_speaker_session_06_0255,speaker_session_06,speech,NORMAL_SPEECH,data/processed\speech\speech_speaker_session_06_0255.wav,1.0,16000,1,0.1993104858755922,0.0456569972885644,4.365386557552864,1
speech_speaker_session_06_0256,speaker_session_06,speech,NORMAL_SPEECH,data/processed\speech\speech_speaker_session_06_0256.wav,1.0,16000,1,0.1156117511648737,0.0249280908767978,4.637808220379949,1
speech_speaker_session_06_0257,speaker_session_06,speech,NORMAL_SPEECH,data/processed\speech\speech_speaker_session_06_0257.wav,1.0,16000,1,0.1095271053336748,0.0238628973970608,4.589847477980202,1
speech_speaker_session_06_0258,speaker_session_06,speech,NORMAL_SPEECH,data/processed\speech\speech_speaker_session_06_0258.wav,1.0,16000,1,0.2343194698124051,0.0340656575921958,6.878464048245615,1
speech_speaker_session_06_0259,speaker_session_06,speech,NORMAL_SPEECH,data/processed\speech\speech_speaker_session_06_0259.wav,1.0,16000,1,0.1873940684612842,0.0277996759050824,6.74086999044203,1
speech_speaker_session_06_0260,speaker_session_06,speech,NORMAL_SPEECH,data/processed\speech\speech_speaker_session_06_0260.wav,1.0,16000,1,0.1118796518157323,0.024348268652977,4.594971718957755,1
speech_speaker_session_06_0261,speaker_session_06,speech,NORMAL_SPEECH,data/processed\speech\speech_speaker_session_06_0261.wav,1.0,16000,1,0.1386419707594369,0.0256545118866389,5.404192343636802,1
speech_speaker_session_06_0262,speaker_session_06,speech,NORMAL_SPEECH,data/processed\speech\speech_speaker_session_06_0262.wav,1.0,16000,1,0.1758646258795136,0.0253298194485085,6.942984998656153,1
speech_speaker_session_06_0263,speaker_session_06,speech,NORMAL_SPEECH,data/processed\speech\speech_speaker_session_06_0263.wav,1.0,16000,1,0.1706005802545876,0.0300412927114442,5.678867587509688,1
speech_speaker_session_06_0264,speaker_session_06,speech,NORMAL_SPEECH,data/processed\speech\speech_speaker_session_06_0264.wav,1.0,16000,1,0.1242177616836458,0.0246917774286019,5.030731859442353,1
speech_speaker_session_06_0265,speaker_session_06,speech,NORMAL_SPEECH,data/processed\speech\speech_speaker_session_06_0265.wav,1.0,16000,1,0.0832608188261865,0.0176708548916951,4.7117568572049455,1
speech_speaker_session_06_0266,speaker_session_06,speech,NORMAL_SPEECH,data/processed\speech\speech_speaker_session_06_0266.wav,1.0,16000,1,0.1863551947030518,0.0290864717380454,6.406934890970227,1
speech_speaker_session_06_0267,speaker_session_06,speech,NORMAL_SPEECH,data/processed\speech\speech_speaker_session_06_0267.wav,1.0,16000,1,0.1813804894690152,0.0264163552301988,6.866216751942221,1
speech_speaker_session_06_0268,speaker_session_06,speech,NORMAL_SPEECH,data/processed\speech\speech_speaker_session_06_0268.wav,1.0,16000,1,0.1387745729307471,0.028653998268782,4.843112057098797,1
speech_speaker_session_06_0269,speaker_session_06,speech,NORMAL_SPEECH,data/processed\speech\speech_speaker_session_06_0269.wav,1.0,16000,1,0.1048829140236172,0.0191718608944143,5.47066661366756,1
speech_speaker_session_06_0270,speaker_session_06,speech,NORMAL_SPEECH,data/processed\speech\speech_speaker_session_06_0270.wav,1.0,16000,1,0.1940701748705036,0.0279288525588688,6.948731781018279,1
speech_speaker_session_06_0271,speaker_session_06,speech,NORMAL_SPEECH,data/processed\speech\speech_speaker_session_06_0271.wav,1.0,16000,1,0.1824216771936873,0.0346401655287207,5.266188014620149,1
speech_speaker_session_06_0272,speaker_session_06,speech,NORMAL_SPEECH,data/processed\speech\speech_speaker_session_06_0272.wav,1.0,16000,1,0.1220253997439829,0.02428566644438,5.02458311274343,1
speech_speaker_session_06_0273,speaker_session_06,speech,NORMAL_SPEECH,data/processed\speech\speech_speaker_session_06_0273.wav,1.0,16000,1,0.1023179314454033,0.0203211500836342,5.035043817592156,1
speech_speaker_session_06_0274,speaker_session_06,speech,NORMAL_SPEECH,data/processed\speech\speech_speaker_session_06_0274.wav,1.0,16000,1,0.169523293039287,0.0228488551709716,7.419330972054478,1
speech_speaker_session_06_0275,speaker_session_06,speech,NORMAL_SPEECH,data/processed\speech\speech_speaker_session_06_0275.wav,1.0,16000,1,0.19507637255888,0.0395586222206225,4.931322485340728,1
speech_speaker_session_06_0276,speaker_session_06,speech,NORMAL_SPEECH,data/processed\speech\speech_speaker_session_06_0276.wav,1.0,16000,1,0.1541312849176992,0.0303733760468382,5.074550617439107,1
speech_speaker_session_06_0277,speaker_session_06,speech,NORMAL_SPEECH,data/processed\speech\speech_speaker_session_06_0277.wav,1.0,16000,1,0.1054284382024457,0.0227489930981818,4.634420143486277,1
speech_speaker_session_06_0278,speaker_session_06,speech,NORMAL_SPEECH,data/processed\speech\speech_speaker_session_06_0278.wav,1.0,16000,1,0.1808255681894116,0.0226484853280935,7.983999182723322,1
speech_speaker_session_06_0279,speaker_session_06,speech,NORMAL_SPEECH,data/processed\speech\speech_speaker_session_06_0279.wav,1.0,16000,1,0.2090771073530831,0.0480088282024834,4.354971192414066,1
speech_speaker_session_09_0360,speaker_session_09,speech,NORMAL_SPEECH,data/processed\speech\speech_speaker_session_09_0360.wav,1.0,16000,1,0.1327425509036722,0.0269084969023263,4.933107265501825,1
speech_speaker_session_09_0361,speaker_session_09,speech,NORMAL_SPEECH,data/processed\speech\speech_speaker_session_09_0361.wav,1.0,16000,1,0.1072230188990203,0.0256050088112281,4.187578212283982,1
speech_speaker_session_09_0362,speaker_session_09,speech,NORMAL_SPEECH,data/processed\speech\speech_speaker_session_09_0362.wav,1.0,16000,1,0.2005096881426353,0.027722909136347,7.232632579436786,1
speech_speaker_session_09_0363,speaker_session_09,speech,NORMAL_SPEECH,data/processed\speech\speech_speaker_session_09_0363.wav,1.0,16000,1,0.1942326955884356,0.0332018136430967,5.850061059185824,1
speech_speaker_session_09_0364,speaker_session_09,speech,NORMAL_SPEECH,data/processed\speech\speech_speaker_session_09_0364.wav,1.0,16000,1,0.134355648154112,0.0284641905001576,4.720162372147712,1
speech_speaker_session_09_0365,speaker_session_09,speech,NORMAL_SPEECH,data/processed\speech\speech_speaker_session_09_0365.wav,1.0,16000,1,0.0970085511313224,0.0217934071414469,4.451277672597314,1
speech_speaker_session_09_0366,speaker_session_09,speech,NORMAL_SPEECH,data/processed\speech\speech_speaker_session_09_0366.wav,1.0,16000,1,0.1568423811226697,0.023592084568746,6.648090557014346,1
speech_speaker_session_09_0367,speaker_session_09,speech,NORMAL_SPEECH,data/processed\speech\speech_speaker_session_09_0367.wav,1.0,16000,1,0.2203671182271578,0.0469861468940745,4.690043467993199,1
speech_speaker_session_09_0368,speaker_session_09,speech,NORMAL_SPEECH,data/processed\speech\speech_speaker_session_09_0368.wav,1.0,16000,1,0.107357061791857,0.0244542207855243,4.390122213756447,1
speech_speaker_session_09_0369,speaker_session_09,speech,NORMAL_SPEECH,data/processed\speech\speech_speaker_session_09_0369.wav,1.0,16000,1,0.1079847056051624,0.0268342480210272,4.024136069666844,1
speech_speaker_session_09_0370,speaker_session_09,speech,NORMAL_SPEECH,data/processed\speech\speech_speaker_session_09_0370.wav,1.0,16000,1,0.1707545930746765,0.0262746838340491,6.498823322287275,1
speech_speaker_session_09_0371,speaker_session_09,speech,NORMAL_SPEECH,data/processed\speech\speech_speaker_session_09_0371.wav,1.0,16000,1,0.1826278431886731,0.0396097418431192,4.610678802331308,1
speech_speaker_session_09_0372,speaker_session_09,speech,NORMAL_SPEECH,data/processed\speech\speech_speaker_session_09_0372.wav,1.0,16000,1,0.1437937880617824,0.0326515471551775,4.403887611803562,1
speech_speaker_session_09_0373,speaker_session_09,speech,NORMAL_SPEECH,data/processed\speech\speech_speaker_session_09_0373.wav,1.0,16000,1,0.0895494018976736,0.0200154134179239,4.474019860977885,1
speech_speaker_session_09_0374,speaker_session_09,speech,NORMAL_SPEECH,data/processed\speech\speech_speaker_session_09_0374.wav,1.0,16000,1,0.1701757126541044,0.0257731472977319,6.602827534408439,1
speech_speaker_session_09_0375,speaker_session_09,speech,NORMAL_SPEECH,data/processed\speech\speech_speaker_session_09_0375.wav,1.0,16000,1,0.1874089550955864,0.0400374050410427,4.680845526702247,1
speech_speaker_session_09_0376,speaker_session_09,speech,NORMAL_SPEECH,data/processed\speech\speech_speaker_session_09_0376.wav,1.0,16000,1,0.1380511121746721,0.0306131010469025,4.509542070492709,1
speech_speaker_session_09_0377,speaker_session_09,speech,NORMAL_SPEECH,data/processed\speech\speech_speaker_session_09_0377.wav,1.0,16000,1,0.108336652194571,0.0255834690108026,4.23463330178142,1
speech_speaker_session_09_0378,speaker_session_09,speech,NORMAL_SPEECH,data/processed\speech\speech_speaker_session_09_0378.wav,1.0,16000,1,0.1990828527298615,0.0276771556881542,7.193036128517602,1
speech_speaker_session_09_0379,speaker_session_09,speech,NORMAL_SPEECH,data/processed\speech\speech_speaker_session_09_0379.wav,1.0,16000,1,0.168950806028598,0.0252127898105527,6.7009934357977885,1
speech_speaker_session_09_0380,speaker_session_09,speech,NORMAL_SPEECH,data/processed\speech\speech_speaker_session_09_0380.wav,1.0,16000,1,0.1575195633171308,0.0309930100248832,5.082420596336333,1
speech_speaker_session_09_0381,speaker_session_09,speech,NORMAL_SPEECH,data/processed\speech\speech_speaker_session_09_0381.wav,1.0,16000,1,0.0689513078984045,0.0171104948188765,4.029764675460461,1
speech_speaker_session_09_0382,speaker_session_09,speech,NORMAL_SPEECH,data/processed\speech\speech_speaker_session_09_0382.wav,1.0,16000,1,0.2471866084203434,0.0340958019341463,7.249764542864287,1
speech_speaker_session_09_0383,speaker_session_09,speech,NORMAL_SPEECH,data/processed\speech\speech_speaker_session_09_0383.wav,1.0,16000,1,0.1783587091565738,0.0380253219933226,4.690523390772605,1
speech_speaker_session_09_0384,speaker_session_09,speech,NORMAL_SPEECH,data/processed\speech\speech_speaker_session_09_0384.wav,1.0,16000,1,0.1065686302857192,0.0218986562463714,4.86644387775796,1
speech_speaker_session_09_0385,speaker_session_09,speech,NORMAL_SPEECH,data/processed\speech\speech_speaker_session_09_0385.wav,1.0,16000,1,0.1533097230687256,0.0300199210731316,5.106931214973387,1
speech_speaker_session_09_0386,speaker_session_09,speech,NORMAL_SPEECH,data/processed\speech\speech_speaker_session_09_0386.wav,1.0,16000,1,0.1775752028431126,0.0277190153651824,6.406257092508129,1
speech_speaker_session_09_0387,speaker_session_09,speech,NORMAL_SPEECH,data/processed\speech\speech_speaker_session_09_0387.wav,1.0,16000,1,0.1638818907901223,0.0285695714943032,5.736237012180258,1
speech_speaker_session_09_0388,speaker_session_09,speech,NORMAL_SPEECH,data/processed\speech\speech_speaker_session_09_0388.wav,1.0,16000,1,0.131349516767921,0.0266880726941733,4.92165429315752,1
speech_speaker_session_09_0389,speaker_session_09,speech,NORMAL_SPEECH,data/processed\speech\speech_speaker_session_09_0389.wav,1.0,16000,1,0.0911124805541372,0.0186337850760393,4.889636286238668,1
speech_speaker_session_09_0390,speaker_session_09,speech,NORMAL_SPEECH,data/processed\speech\speech_speaker_session_09_0390.wav,1.0,16000,1,0.2043706850380286,0.0310836170721783,6.5748660722079,1
speech_speaker_session_09_0391,speaker_session_09,speech,NORMAL_SPEECH,data/processed\speech\speech_speaker_session_09_0391.wav,1.0,16000,1,0.1669242558446008,0.0306349506755194,5.448815737439188,1
speech_speaker_session_09_0392,speaker_session_09,speech,NORMAL_SPEECH,data/processed\speech\speech_speaker_session_09_0392.wav,1.0,16000,1,0.1609633551885055,0.0344752918518269,4.668946942954046,1
speech_speaker_session_09_0393,speaker_session_09,speech,NORMAL_SPEECH,data/processed\speech\speech_speaker_session_09_0393.wav,1.0,16000,1,0.0983029404854416,0.0206512050694133,4.7601528604987005,1
speech_speaker_session_09_0394,speaker_session_09,speech,NORMAL_SPEECH,data/processed\speech\speech_speaker_session_09_0394.wav,1.0,16000,1,0.2015897404805997,0.0360291189528538,5.595187736689153,1
speech_speaker_session_09_0395,speaker_session_09,speech,NORMAL_SPEECH,data/processed\speech\speech_speaker_session_09_0395.wav,1.0,16000,1,0.1753877479716004,0.0362349957387932,4.8402848128661935,1
speech_speaker_session_09_0396,speaker_session_09,speech,NORMAL_SPEECH,data/processed\speech\speech_speaker_session_09_0396.wav,1.0,16000,1,0.1217330277968305,0.0219260020978952,5.551991271979469,1
speech_speaker_session_09_0397,speaker_session_09,speech,NORMAL_SPEECH,data/processed\speech\speech_speaker_session_09_0397.wav,1.0,16000,1,0.0969929567167711,0.0198530781276027,4.885534990494353,1
speech_speaker_session_09_0398,speaker_session_09,speech,NORMAL_SPEECH,data/processed\speech\speech_speaker_session_09_0398.wav,1.0,16000,1,0.2256087338161185,0.0355142863183759,6.352617317645778,1
speech_speaker_session_09_0399,speaker_session_09,speech,NORMAL_SPEECH,data/processed\speech\speech_speaker_session_09_0399.wav,1.0,16000,1,0.1605512167412151,0.0266608484145444,6.021982272469848,1
speech_speaker_session_10_0400,speaker_session_10,speech,NORMAL_SPEECH,data/processed\speech\speech_speaker_session_10_0400.wav,1.0,16000,1,0.1121960159202737,0.0223885466739657,5.011310802841509,1
speech_speaker_session_10_0401,speaker_session_10,speech,NORMAL_SPEECH,data/processed\speech\speech_speaker_session_10_0401.wav,1.0,16000,1,0.134513873620774,0.0306390311100008,4.390276873804243,1
speech_speaker_session_10_0402,speaker_session_10,speech,NORMAL_SPEECH,data/processed\speech\speech_speaker_session_10_0402.wav,1.0,16000,1,0.1824081386152665,0.0290234523015507,6.284851087718788,1
speech_speaker_session_10_0403,speaker_session_10,speech,NORMAL_SPEECH,data/processed\speech\speech_speaker_session_10_0403.wav,1.0,16000,1,0.2070915479734325,0.0459232694751306,4.509511305384471,1
speech_speaker_session_10_0404,speaker_session_10,speech,NORMAL_SPEECH,data/processed\speech\speech_speaker_session_10_0404.wav,1.0,16000,1,0.1428491242131077,0.0298864373271544,4.779729174545179,1
speech_speaker_session_10_0405,speaker_session_10,speech,NORMAL_SPEECH,data/processed\speech\speech_speaker_session_10_0405.wav,1.0,16000,1,0.0910102177060101,0.0195685325563032,4.650842925279314,1
speech_speaker_session_10_0406,speaker_session_10,speech,NORMAL_SPEECH,data/processed\speech\speech_speaker_session_10_0406.wav,1.0,16000,1,0.2583732061732506,0.042849129254733,6.0298342199420345,1
speech_speaker_session_10_0407,speaker_session_10,speech,NORMAL_SPEECH,data/processed\speech\speech_speaker_session_10_0407.wav,1.0,16000,1,0.1810811902740018,0.0301858342631328,5.998877775141894,1
speech_speaker_session_10_0408,speaker_session_10,speech,NORMAL_SPEECH,data/processed\speech\speech_speaker_session_10_0408.wav,1.0,16000,1,0.1825461728604617,0.0443203114736184,4.11879171429571,1
speech_speaker_session_10_0409,speaker_session_10,speech,NORMAL_SPEECH,data/processed\speech\speech_speaker_session_10_0409.wav,1.0,16000,1,0.1091353839433674,0.0249084821643865,4.381452848414733,1
speech_speaker_session_10_0410,speaker_session_10,speech,NORMAL_SPEECH,data/processed\speech\speech_speaker_session_10_0410.wav,1.0,16000,1,0.2178211506302438,0.0415662061200298,5.2403410981949055,1
speech_speaker_session_10_0411,speaker_session_10,speech,NORMAL_SPEECH,data/processed\speech\speech_speaker_session_10_0411.wav,1.0,16000,1,0.1888761718110465,0.0289573963910084,6.522551407424874,1
speech_speaker_session_10_0412,speaker_session_10,speech,NORMAL_SPEECH,data/processed\speech\speech_speaker_session_10_0412.wav,1.0,16000,1,0.1359869415069562,0.027249293785275,4.990473979758738,1
speech_speaker_session_10_0413,speaker_session_10,speech,NORMAL_SPEECH,data/processed\speech\speech_speaker_session_10_0413.wav,1.0,16000,1,0.0917385744213384,0.0205098290021356,4.472905633817298,1
speech_speaker_session_10_0414,speaker_session_10,speech,NORMAL_SPEECH,data/processed\speech\speech_speaker_session_10_0414.wav,1.0,16000,1,0.175080276328775,0.0286825420387956,6.104068985631529,1
speech_speaker_session_10_0415,speaker_session_10,speech,NORMAL_SPEECH,data/processed\speech\speech_speaker_session_10_0415.wav,1.0,16000,1,0.1813035057203597,0.0342432315360356,5.294577779079884,1
speech_speaker_session_10_0416,speaker_session_10,speech,NORMAL_SPEECH,data/processed\speech\speech_speaker_session_10_0416.wav,1.0,16000,1,0.1597716385800892,0.0335961463468165,4.755652311256986,1
speech_speaker_session_10_0417,speaker_session_10,speech,NORMAL_SPEECH,data/processed\speech\speech_speaker_session_10_0417.wav,1.0,16000,1,0.0908120733078491,0.0182706553266982,4.970375828358516,1
speech_speaker_session_10_0418,speaker_session_10,speech,NORMAL_SPEECH,data/processed\speech\speech_speaker_session_10_0418.wav,1.0,16000,1,0.1876387692703956,0.0305206859883873,6.147919082244696,1
speech_speaker_session_10_0419,speaker_session_10,speech,NORMAL_SPEECH,data/processed\speech\speech_speaker_session_10_0419.wav,1.0,16000,1,0.2056667272862941,0.0393732409912553,5.223513987503134,1
speech_speaker_session_10_0420,speaker_session_10,speech,NORMAL_SPEECH,data/processed\speech\speech_speaker_session_10_0420.wav,1.0,16000,1,0.1887326369303294,0.0374281810709003,5.042526275790686,1
speech_speaker_session_10_0421,speaker_session_10,speech,NORMAL_SPEECH,data/processed\speech\speech_speaker_session_10_0421.wav,1.0,16000,1,0.1107504204753016,0.0258424748616682,4.285594867062346,1
speech_speaker_session_10_0422,speaker_session_10,speech,NORMAL_SPEECH,data/processed\speech\speech_speaker_session_10_0422.wav,1.0,16000,1,0.219903436340879,0.0391014409645243,5.62392010824333,1
speech_speaker_session_10_0423,speaker_session_10,speech,NORMAL_SPEECH,data/processed\speech\speech_speaker_session_10_0423.wav,1.0,16000,1,0.1972199659726682,0.0351041606545376,5.618134890965592,1
speech_speaker_session_10_0424,speaker_session_10,speech,NORMAL_SPEECH,data/processed\speech\speech_speaker_session_10_0424.wav,1.0,16000,1,0.1580143452005912,0.0315133540297034,5.014201119615548,1
speech_speaker_session_10_0425,speaker_session_10,speech,NORMAL_SPEECH,data/processed\speech\speech_speaker_session_10_0425.wav,1.0,16000,1,0.1095671554724269,0.0240241936563611,4.5606987453012096,1
speech_speaker_session_10_0426,speaker_session_10,speech,NORMAL_SPEECH,data/processed\speech\speech_speaker_session_10_0426.wav,1.0,16000,1,0.1786039629097983,0.0343866724816072,5.1939864511596845,1
speech_speaker_session_10_0427,speaker_session_10,speech,NORMAL_SPEECH,data/processed\speech\speech_speaker_session_10_0427.wav,1.0,16000,1,0.1978248353134755,0.0342429416270785,5.777096480113013,1
speech_speaker_session_10_0428,speaker_session_10,speech,NORMAL_SPEECH,data/processed\speech\speech_speaker_session_10_0428.wav,1.0,16000,1,0.1246543440391534,0.0297262654397037,4.193406075779664,1
speech_speaker_session_10_0429,speaker_session_10,speech,NORMAL_SPEECH,data/processed\speech\speech_speaker_session_10_0429.wav,1.0,16000,1,0.1209692824160352,0.0259316665851314,4.664923304087316,1
speech_speaker_session_10_0430,speaker_session_10,speech,NORMAL_SPEECH,data/processed\speech\speech_speaker_session_10_0430.wav,1.0,16000,1,0.2374058795978709,0.037978623719543,6.251037921769854,1
speech_speaker_session_10_0431,speaker_session_10,speech,NORMAL_SPEECH,data/processed\speech\speech_speaker_session_10_0431.wav,1.0,16000,1,0.1896385673819975,0.0450433873384987,4.210130198592123,1
speech_speaker_session_10_0432,speaker_session_10,speech,NORMAL_SPEECH,data/processed\speech\speech_speaker_session_10_0432.wav,1.0,16000,1,0.1824231599049752,0.04731517451808,3.855488713887776,1
speech_speaker_session_10_0433,speaker_session_10,speech,NORMAL_SPEECH,data/processed\speech\speech_speaker_session_10_0433.wav,1.0,16000,1,0.1232512125801785,0.02684340057495,4.591488560518272,1
speech_speaker_session_10_0434,speaker_session_10,speech,NORMAL_SPEECH,data/processed\speech\speech_speaker_session_10_0434.wav,1.0,16000,1,0.1764164792920623,0.0318441856905503,5.539988543168427,1
speech_speaker_session_10_0435,speaker_session_10,speech,NORMAL_SPEECH,data/processed\speech\speech_speaker_session_10_0435.wav,1.0,16000,1,0.1991141851694539,0.0365871190668831,5.442192110932317,1
speech_speaker_session_10_0436,speaker_session_10,speech,NORMAL_SPEECH,data/processed\speech\speech_speaker_session_10_0436.wav,1.0,16000,1,0.1499239808357271,0.027868822786447,5.379628992163498,1
speech_speaker_session_10_0437,speaker_session_10,speech,NORMAL_SPEECH,data/processed\speech\speech_speaker_session_10_0437.wav,1.0,16000,1,0.1480657918869468,0.0263876395286935,5.611177749118659,1
speech_speaker_session_10_0438,speaker_session_10,speech,NORMAL_SPEECH,data/processed\speech\speech_speaker_session_10_0438.wav,1.0,16000,1,0.2073230885988909,0.0436114865470638,4.753863201533476,1
speech_speaker_session_10_0439,speaker_session_10,speech,NORMAL_SPEECH,data/processed\speech\speech_speaker_session_10_0439.wav,1.0,16000,1,0.1800961938468064,0.0311629769369571,5.779169827691485,1
speech_speaker_session_11_0440,speaker_session_11,speech,NORMAL_SPEECH,data/processed\speech\speech_speaker_session_11_0440.wav,1.0,16000,1,0.1283222648034656,0.0272191243528532,4.7144138803229145,1
speech_speaker_session_11_0441,speaker_session_11,speech,NORMAL_SPEECH,data/processed\speech\speech_speaker_session_11_0441.wav,1.0,16000,1,0.0962471501364114,0.0193759262891887,4.9673548003001375,1
speech_speaker_session_11_0442,speaker_session_11,speech,NORMAL_SPEECH,data/processed\speech\speech_speaker_session_11_0442.wav,1.0,16000,1,0.175750653843497,0.0266454849145901,6.595886261705806,1
speech_speaker_session_11_0443,speaker_session_11,speech,NORMAL_SPEECH,data/processed\speech\speech_speaker_session_11_0443.wav,1.0,16000,1,0.2035147402231021,0.0429414102279842,4.7393574581977775,1
speech_speaker_session_11_0444,speaker_session_11,speech,NORMAL_SPEECH,data/processed\speech\speech_speaker_session_11_0444.wav,1.0,16000,1,0.1640101318648528,0.0311214085039717,5.27000823705775,1
speech_speaker_session_11_0445,speaker_session_11,speech,NORMAL_SPEECH,data/processed\speech\speech_speaker_session_11_0445.wav,1.0,16000,1,0.095586906724575,0.0219371190671761,4.357311589491377,1
speech_speaker_session_11_0446,speaker_session_11,speech,NORMAL_SPEECH,data/processed\speech\speech_speaker_session_11_0446.wav,1.0,16000,1,0.2607571837425834,0.0487042961969291,5.353883549603351,1
speech_speaker_session_11_0447,speaker_session_11,speech,NORMAL_SPEECH,data/processed\speech\speech_speaker_session_11_0447.wav,1.0,16000,1,0.2025903566330039,0.0418661151379515,4.839004229922301,1
speech_speaker_session_11_0448,speaker_session_11,speech,NORMAL_SPEECH,data/processed\speech\speech_speaker_session_11_0448.wav,1.0,16000,1,0.1143750303633091,0.0227537646391705,5.026639851060705,1
speech_speaker_session_11_0449,speaker_session_11,speech,NORMAL_SPEECH,data/processed\speech\speech_speaker_session_11_0449.wav,1.0,16000,1,0.1069529038492228,0.0225424238402139,4.744514483543796,1
speech_speaker_session_11_0450,speaker_session_11,speech,NORMAL_SPEECH,data/processed\speech\speech_speaker_session_11_0450.wav,1.0,16000,1,0.1871243813933337,0.0254586004418822,7.350141195667658,1
speech_speaker_session_11_0451,speaker_session_11,speech,NORMAL_SPEECH,data/processed\speech\speech_speaker_session_11_0451.wav,1.0,16000,1,0.1974571425720792,0.0313675430348565,6.2949488712957375,1
speech_speaker_session_11_0452,speaker_session_11,speech,NORMAL_SPEECH,data/processed\speech\speech_speaker_session_11_0452.wav,1.0,16000,1,0.1873967160804122,0.0386915735568275,4.843345731899989,1
speech_speaker_session_11_0453,speaker_session_11,speech,NORMAL_SPEECH,data/processed\speech\speech_speaker_session_11_0453.wav,1.0,16000,1,0.120835808007006,0.0290658083551874,4.157316560998883,1
speech_speaker_session_11_0454,speaker_session_11,speech,NORMAL_SPEECH,data/processed\speech\speech_speaker_session_11_0454.wav,1.0,16000,1,0.1677732178630389,0.0247598596150781,6.776013786472809,1
speech_speaker_session_11_0455,speaker_session_11,speech,NORMAL_SPEECH,data/processed\speech\speech_speaker_session_11_0455.wav,1.0,16000,1,0.1773721475105142,0.0273526804109902,6.484632584414682,1
speech_speaker_session_11_0456,speaker_session_11,speech,NORMAL_SPEECH,data/processed\speech\speech_speaker_session_11_0456.wav,1.0,16000,1,0.2035952081226847,0.0354480613192353,5.743477728002855,1
speech_speaker_session_11_0457,speaker_session_11,speech,NORMAL_SPEECH,data/processed\speech\speech_speaker_session_11_0457.wav,1.0,16000,1,0.1456575789875146,0.0283877178020418,5.131005200671177,1
speech_speaker_session_11_0458,speaker_session_11,speech,NORMAL_SPEECH,data/processed\speech\speech_speaker_session_11_0458.wav,1.0,16000,1,0.2052513089383403,0.0291719517803228,7.035910388336896,1
speech_speaker_session_11_0459,speaker_session_11,speech,NORMAL_SPEECH,data/processed\speech\speech_speaker_session_11_0459.wav,1.0,16000,1,0.2295065178921368,0.0569092046780871,4.032853364615275,1
speech_speaker_session_11_0460,speaker_session_11,speech,NORMAL_SPEECH,data/processed\speech\speech_speaker_session_11_0460.wav,1.0,16000,1,0.1440481926962429,0.0289146949605404,4.981831662914205,1
speech_speaker_session_11_0461,speaker_session_11,speech,NORMAL_SPEECH,data/processed\speech\speech_speaker_session_11_0461.wav,1.0,16000,1,0.0829839236085641,0.0192470130661918,4.311519933403551,1
speech_speaker_session_11_0462,speaker_session_11,speech,NORMAL_SPEECH,data/processed\speech\speech_speaker_session_11_0462.wav,1.0,16000,1,0.2618504578950727,0.0417818726665617,6.267081356404097,1
speech_speaker_session_11_0463,speaker_session_11,speech,NORMAL_SPEECH,data/processed\speech\speech_speaker_session_11_0463.wav,1.0,16000,1,0.2080224424328647,0.053247615611351,3.906698938112271,1
speech_speaker_session_11_0464,speaker_session_11,speech,NORMAL_SPEECH,data/processed\speech\speech_speaker_session_11_0464.wav,1.0,16000,1,0.1986703713773011,0.0415900581672028,4.776870539826835,1
speech_speaker_session_11_0465,speaker_session_11,speech,NORMAL_SPEECH,data/processed\speech\speech_speaker_session_11_0465.wav,1.0,16000,1,0.1037174326330572,0.0238245417102122,4.353384436971352,1
speech_speaker_session_11_0466,speaker_session_11,speech,NORMAL_SPEECH,data/processed\speech\speech_speaker_session_11_0466.wav,1.0,16000,1,0.2091978300637799,0.0334202358717267,6.259613734342978,1
speech_speaker_session_11_0467,speaker_session_11,speech,NORMAL_SPEECH,data/processed\speech\speech_speaker_session_11_0467.wav,1.0,16000,1,0.1689872246828954,0.0293130735026759,5.764907832622541,1
speech_speaker_session_11_0468,speaker_session_11,speech,NORMAL_SPEECH,data/processed\speech\speech_speaker_session_11_0468.wav,1.0,16000,1,0.1601207691658138,0.0373330394576873,4.288981786695248,1
speech_speaker_session_11_0469,speaker_session_11,speech,NORMAL_SPEECH,data/processed\speech\speech_speaker_session_11_0469.wav,1.0,16000,1,0.0892155493858379,0.0203839833343036,4.376745416007355,1
speech_speaker_session_11_0470,speaker_session_11,speech,NORMAL_SPEECH,data/processed\speech\speech_speaker_session_11_0470.wav,1.0,16000,1,0.1929835125549456,0.0306337836817452,6.299693552808158,1
speech_speaker_session_11_0471,speaker_session_11,speech,NORMAL_SPEECH,data/processed\speech\speech_speaker_session_11_0471.wav,1.0,16000,1,0.1605154193459544,0.0340256243005128,4.717484997584164,1
speech_speaker_session_11_0472,speaker_session_11,speech,NORMAL_SPEECH,data/processed\speech\speech_speaker_session_11_0472.wav,1.0,16000,1,0.1308418298643723,0.024881848100375,5.258523271716593,1
speech_speaker_session_11_0473,speaker_session_11,speech,NORMAL_SPEECH,data/processed\speech\speech_speaker_session_11_0473.wav,1.0,16000,1,0.0896912625941594,0.0194002119610131,4.62320806300071,1
speech_speaker_session_11_0474,speaker_session_11,speech,NORMAL_SPEECH,data/processed\speech\speech_speaker_session_11_0474.wav,1.0,16000,1,0.1823615751127268,0.0319717258415873,5.703837164684664,1
speech_speaker_session_11_0475,speaker_session_11,speech,NORMAL_SPEECH,data/processed\speech\speech_speaker_session_11_0475.wav,1.0,16000,1,0.1882861364873804,0.0332623065148564,5.660644122705138,1
speech_speaker_session_11_0476,speaker_session_11,speech,NORMAL_SPEECH,data/processed\speech\speech_speaker_session_11_0476.wav,1.0,16000,1,0.1159677607693538,0.0218546540731164,5.306316325951049,1
speech_speaker_session_11_0477,speaker_session_11,speech,NORMAL_SPEECH,data/processed\speech\speech_speaker_session_11_0477.wav,1.0,16000,1,0.1398021117572281,0.025180609917428,5.551972597007751,1
speech_speaker_session_11_0478,speaker_session_11,speech,NORMAL_SPEECH,data/processed\speech\speech_speaker_session_11_0478.wav,1.0,16000,1,0.2147721710940661,0.0257520284334216,8.34000662313899,1
speech_speaker_session_11_0479,speaker_session_11,speech,NORMAL_SPEECH,data/processed\speech\speech_speaker_session_11_0479.wav,1.0,16000,1,0.1950126972448869,0.0451751365255194,4.316813828920823,1
speech_speaker_session_12_0480,speaker_session_12,speech,NORMAL_SPEECH,data/processed\speech\speech_speaker_session_12_0480.wav,1.0,16000,1,0.1163282244937796,0.021597606228066,5.386160364430003,1
speech_speaker_session_12_0481,speaker_session_12,speech,NORMAL_SPEECH,data/processed\speech\speech_speaker_session_12_0481.wav,1.0,16000,1,0.0816863347999252,0.0170597557816192,4.78824480040264,1
speech_speaker_session_12_0482,speaker_session_12,speech,NORMAL_SPEECH,data/processed\speech\speech_speaker_session_12_0482.wav,1.0,16000,1,0.142657965217753,0.0230374683211446,6.192429710799384,1
speech_speaker_session_12_0483,speaker_session_12,speech,NORMAL_SPEECH,data/processed\speech\speech_speaker_session_12_0483.wav,1.0,16000,1,0.1752915884286789,0.02952382208872,5.937291199256331,1
speech_speaker_session_12_0484,speaker_session_12,speech,NORMAL_SPEECH,data/processed\speech\speech_speaker_session_12_0484.wav,1.0,16000,1,0.11814065781342,0.0261306318675913,4.521154069312956,1
speech_speaker_session_12_0485,speaker_session_12,speech,NORMAL_SPEECH,data/processed\speech\speech_speaker_session_12_0485.wav,1.0,16000,1,0.0782924688124254,0.0181126792257065,4.322520407478102,1
speech_speaker_session_12_0486,speaker_session_12,speech,NORMAL_SPEECH,data/processed\speech\speech_speaker_session_12_0486.wav,1.0,16000,1,0.2360128424535679,0.04251215656857,5.551654067615933,1
speech_speaker_session_12_0487,speaker_session_12,speech,NORMAL_SPEECH,data/processed\speech\speech_speaker_session_12_0487.wav,1.0,16000,1,0.1916408422854164,0.0399394163652873,4.798287299688849,1
speech_speaker_session_12_0488,speaker_session_12,speech,NORMAL_SPEECH,data/processed\speech\speech_speaker_session_12_0488.wav,1.0,16000,1,0.1218481383531387,0.0279441190982029,4.36041996245196,1
speech_speaker_session_12_0489,speaker_session_12,speech,NORMAL_SPEECH,data/processed\speech\speech_speaker_session_12_0489.wav,1.0,16000,1,0.1020892669896892,0.0215265672057187,4.74247559256975,1
speech_speaker_session_12_0490,speaker_session_12,speech,NORMAL_SPEECH,data/processed\speech\speech_speaker_session_12_0490.wav,1.0,16000,1,0.2086825292502154,0.0338089841464104,6.172396858259433,1
speech_speaker_session_12_0491,speaker_session_12,speech,NORMAL_SPEECH,data/processed\speech\speech_speaker_session_12_0491.wav,1.0,16000,1,0.1809921824277454,0.0307764374631256,5.880866615440223,1
speech_speaker_session_12_0492,speaker_session_12,speech,NORMAL_SPEECH,data/processed\speech\speech_speaker_session_12_0492.wav,1.0,16000,1,0.137490366191523,0.02596048068896,5.296138961271328,1
speech_speaker_session_12_0493,speaker_session_12,speech,NORMAL_SPEECH,data/processed\speech\speech_speaker_session_12_0493.wav,1.0,16000,1,0.0902287559712172,0.0194599062337702,4.636646678603705,1
speech_speaker_session_12_0494,speaker_session_12,speech,NORMAL_SPEECH,data/processed\speech\speech_speaker_session_12_0494.wav,1.0,16000,1,0.1879862155893563,0.0300489661725613,6.255994031537496,1
speech_speaker_session_12_0495,speaker_session_12,speech,NORMAL_SPEECH,data/processed\speech\speech_speaker_session_12_0495.wav,1.0,16000,1,0.1878557655544567,0.0322148414075092,5.83134043296155,1
speech_speaker_session_12_0496,speaker_session_12,speech,NORMAL_SPEECH,data/processed\speech\speech_speaker_session_12_0496.wav,1.0,16000,1,0.1414602276717429,0.0253741742186265,5.574966527116989,1
speech_speaker_session_12_0497,speaker_session_12,speech,NORMAL_SPEECH,data/processed\speech\speech_speaker_session_12_0497.wav,1.0,16000,1,0.0799048913843638,0.0187470209861338,4.262269126426749,1
speech_speaker_session_12_0498,speaker_session_12,speech,NORMAL_SPEECH,data/processed\speech\speech_speaker_session_12_0498.wav,1.0,16000,1,0.1839433317713325,0.0277831178323712,6.620684786865971,1
speech_speaker_session_12_0499,speaker_session_12,speech,NORMAL_SPEECH,data/processed\speech\speech_speaker_session_12_0499.wav,1.0,16000,1,0.1916309601863165,0.0246425142428825,7.7764338708793295,1
speech_speaker_session_12_0500,speaker_session_12,speech,NORMAL_SPEECH,data/processed\speech\speech_speaker_session_12_0500.wav,1.0,16000,1,0.1670110680952595,0.0346860662372484,4.81493112547307,1
speech_speaker_session_12_0501,speaker_session_12,speech,NORMAL_SPEECH,data/processed\speech\speech_speaker_session_12_0501.wav,1.0,16000,1,0.088199911351199,0.0188519650251961,4.678550190805881,1
speech_speaker_session_12_0502,speaker_session_12,speech,NORMAL_SPEECH,data/processed\speech\speech_speaker_session_12_0502.wav,1.0,16000,1,0.1743410648145949,0.0247175179736948,7.053337413034749,1
speech_speaker_session_12_0503,speaker_session_12,speech,NORMAL_SPEECH,data/processed\speech\speech_speaker_session_12_0503.wav,1.0,16000,1,0.2324225406976214,0.0414712042855979,5.604430559882035,1
speech_speaker_session_12_0504,speaker_session_12,speech,NORMAL_SPEECH,data/processed\speech\speech_speaker_session_12_0504.wav,1.0,16000,1,0.1589814654680925,0.0323119452528602,4.920205670748425,1
speech_speaker_session_12_0505,speaker_session_12,speech,NORMAL_SPEECH,data/processed\speech\speech_speaker_session_12_0505.wav,1.0,16000,1,0.132599040826539,0.0225467932947284,5.881057243158796,1
speech_speaker_session_12_0506,speaker_session_12,speech,NORMAL_SPEECH,data/processed\speech\speech_speaker_session_12_0506.wav,1.0,16000,1,0.20973280511263,0.0366916512344442,5.716089107345838,1
speech_speaker_session_12_0507,speaker_session_12,speech,NORMAL_SPEECH,data/processed\speech\speech_speaker_session_12_0507.wav,1.0,16000,1,0.2065105757552209,0.0454513041927942,4.543555657802312,1
speech_speaker_session_12_0508,speaker_session_12,speech,NORMAL_SPEECH,data/processed\speech\speech_speaker_session_12_0508.wav,1.0,16000,1,0.1440280669367898,0.0317265984302354,4.539661629874406,1
speech_speaker_session_12_0509,speaker_session_12,speech,NORMAL_SPEECH,data/processed\speech\speech_speaker_session_12_0509.wav,1.0,16000,1,0.1139168243437896,0.0260374030660416,4.375120679418086,1
speech_speaker_session_12_0510,speaker_session_12,speech,NORMAL_SPEECH,data/processed\speech\speech_speaker_session_12_0510.wav,1.0,16000,1,0.1826699102604507,0.0293282870585322,6.228452674762717,1
speech_speaker_session_12_0511,speaker_session_12,speech,NORMAL_SPEECH,data/processed\speech\speech_speaker_session_12_0511.wav,1.0,16000,1,0.1661480544580291,0.0260745007099824,6.372048791482048,1
speech_speaker_session_12_0512,speaker_session_12,speech,NORMAL_SPEECH,data/processed\speech\speech_speaker_session_12_0512.wav,1.0,16000,1,0.0958991222916533,0.0204009504550367,4.700716052217872,1
speech_speaker_session_12_0513,speaker_session_12,speech,NORMAL_SPEECH,data/processed\speech\speech_speaker_session_12_0513.wav,1.0,16000,1,0.0883707177023965,0.0192237428748658,4.59695452171242,1
speech_speaker_session_12_0514,speaker_session_12,speech,NORMAL_SPEECH,data/processed\speech\speech_speaker_session_12_0514.wav,1.0,16000,1,0.2204528565931947,0.0277383117696082,7.947591726141698,1
speech_speaker_session_12_0515,speaker_session_12,speech,NORMAL_SPEECH,data/processed\speech\speech_speaker_session_12_0515.wav,1.0,16000,1,0.1639944312757902,0.0270397363701279,6.06493970139315,1
speech_speaker_session_12_0516,speaker_session_12,speech,NORMAL_SPEECH,data/processed\speech\speech_speaker_session_12_0516.wav,1.0,16000,1,0.1600944866432186,0.033823057137056,4.7332929918653495,1
speech_speaker_session_12_0517,speaker_session_12,speech,NORMAL_SPEECH,data/processed\speech\speech_speaker_session_12_0517.wav,1.0,16000,1,0.0885810804437847,0.0198774641454305,4.456354957158776,1
speech_speaker_session_12_0518,speaker_session_12,speech,NORMAL_SPEECH,data/processed\speech\speech_speaker_session_12_0518.wav,1.0,16000,1,0.1628357242823666,0.0212470130069061,7.663931282487823,1
speech_speaker_session_12_0519,speaker_session_12,speech,NORMAL_SPEECH,data/processed\speech\speech_speaker_session_12_0519.wav,1.0,16000,1,0.1902743371583542,0.0326631050057868,5.825357964929059,1
speech_speaker_session_13_0520,speaker_session_13,speech,NORMAL_SPEECH,data/processed\speech\speech_speaker_session_13_0520.wav,1.0,16000,1,0.1348962754654201,0.0337994599903369,3.991076650136407,1
speech_speaker_session_13_0521,speaker_session_13,speech,NORMAL_SPEECH,data/processed\speech\speech_speaker_session_13_0521.wav,1.0,16000,1,0.1673099157325654,0.0377129174374625,4.436407542480154,1
speech_speaker_session_13_0522,speaker_session_13,speech,NORMAL_SPEECH,data/processed\speech\speech_speaker_session_13_0522.wav,1.0,16000,1,0.232515521715271,0.0501581332858043,4.635648500591072,1
speech_speaker_session_13_0523,speaker_session_13,speech,NORMAL_SPEECH,data/processed\speech\speech_speaker_session_13_0523.wav,1.0,16000,1,0.2097741530353502,0.036400142936276,5.763001968771709,1
speech_speaker_session_13_0524,speaker_session_13,speech,NORMAL_SPEECH,data/processed\speech\speech_speaker_session_13_0524.wav,1.0,16000,1,0.1716013698313344,0.0349433185203118,4.910847852733495,1
speech_speaker_session_13_0525,speaker_session_13,speech,NORMAL_SPEECH,data/processed\speech\speech_speaker_session_13_0525.wav,1.0,16000,1,0.1221287964494934,0.0265093716188776,4.607002841685445,1
speech_speaker_session_13_0526,speaker_session_13,speech,NORMAL_SPEECH,data/processed\speech\speech_speaker_session_13_0526.wav,1.0,16000,1,0.1689786721480342,0.0270037507079448,6.257597746313841,1
speech_speaker_session_13_0527,speaker_session_13,speech,NORMAL_SPEECH,data/processed\speech\speech_speaker_session_13_0527.wav,1.0,16000,1,0.2127143331941123,0.0424973071864276,5.005359097398429,1
speech_speaker_session_13_0528,speaker_session_13,speech,NORMAL_SPEECH,data/processed\speech\speech_speaker_session_13_0528.wav,1.0,16000,1,0.208927066860134,0.0455015379443922,4.591647455938539,1
speech_speaker_session_13_0529,speaker_session_13,speech,NORMAL_SPEECH,data/processed\speech\speech_speaker_session_13_0529.wav,1.0,16000,1,0.1261877472716155,0.0292272747076911,4.317463922278392,1
speech_speaker_session_13_0530,speaker_session_13,speech,NORMAL_SPEECH,data/processed\speech\speech_speaker_session_13_0530.wav,1.0,16000,1,0.2281405681656698,0.0328280690874456,6.949555822561584,1
speech_speaker_session_13_0531,speaker_session_13,speech,NORMAL_SPEECH,data/processed\speech\speech_speaker_session_13_0531.wav,1.0,16000,1,0.1976648199700617,0.0473599057155453,4.173673389903871,1
speech_speaker_session_13_0532,speaker_session_13,speech,NORMAL_SPEECH,data/processed\speech\speech_speaker_session_13_0532.wav,1.0,16000,1,0.1732123030107341,0.0428661045015633,4.040774514434171,1
speech_speaker_session_13_0533,speaker_session_13,speech,NORMAL_SPEECH,data/processed\speech\speech_speaker_session_13_0533.wav,1.0,16000,1,0.0935177210177564,0.0193714230752369,4.827609844586184,1
speech_speaker_session_13_0534,speaker_session_13,speech,NORMAL_SPEECH,data/processed\speech\speech_speaker_session_13_0534.wav,1.0,16000,1,0.2108582002980568,0.0373161682207904,5.650584018825882,1
speech_speaker_session_13_0535,speaker_session_13,speech,NORMAL_SPEECH,data/processed\speech\speech_speaker_session_13_0535.wav,1.0,16000,1,0.2154332775056452,0.0448309191366422,4.805460909565725,1
speech_speaker_session_13_0536,speaker_session_13,speech,NORMAL_SPEECH,data/processed\speech\speech_speaker_session_13_0536.wav,1.0,16000,1,0.1600215084589493,0.0348142848274141,4.596431128426651,1
speech_speaker_session_13_0537,speaker_session_13,speech,NORMAL_SPEECH,data/processed\speech\speech_speaker_session_13_0537.wav,1.0,16000,1,0.1921409209797238,0.0446369124369631,4.304528862872836,1
speech_speaker_session_13_0538,speaker_session_13,speech,NORMAL_SPEECH,data/processed\speech\speech_speaker_session_13_0538.wav,1.0,16000,1,0.2576266025423374,0.0463617440167985,5.556877818923547,1
speech_speaker_session_13_0539,speaker_session_13,speech,NORMAL_SPEECH,data/processed\speech\speech_speaker_session_13_0539.wav,1.0,16000,1,0.212804610121169,0.0568962366559892,3.740222292831471,1
speech_speaker_session_13_0540,speaker_session_13,speech,NORMAL_SPEECH,data/processed\speech\speech_speaker_session_13_0540.wav,1.0,16000,1,0.1905796905928901,0.0375241806375181,5.078848800068226,1
speech_speaker_session_13_0541,speaker_session_13,speech,NORMAL_SPEECH,data/processed\speech\speech_speaker_session_13_0541.wav,1.0,16000,1,0.1287776747321927,0.0253695230431542,5.07607587861938,1
speech_speaker_session_13_0542,speaker_session_13,speech,NORMAL_SPEECH,data/processed\speech\speech_speaker_session_13_0542.wav,1.0,16000,1,0.1739389176337776,0.0265958833999772,6.540066732028879,1
speech_speaker_session_13_0543,speaker_session_13,speech,NORMAL_SPEECH,data/processed\speech\speech_speaker_session_13_0543.wav,1.0,16000,1,0.2151094923424826,0.0328459239125862,6.549044789378169,1
speech_speaker_session_13_0544,speaker_session_13,speech,NORMAL_SPEECH,data/processed\speech\speech_speaker_session_13_0544.wav,1.0,16000,1,0.2112395900601733,0.042912209335403,4.922597650080014,1
speech_speaker_session_13_0545,speaker_session_13,speech,NORMAL_SPEECH,data/processed\speech\speech_speaker_session_13_0545.wav,1.0,16000,1,0.0834373024185501,0.0207836586948037,4.014560838309103,1
speech_speaker_session_13_0546,speaker_session_13,speech,NORMAL_SPEECH,data/processed\speech\speech_speaker_session_13_0546.wav,1.0,16000,1,0.1870262354691995,0.0270561715348931,6.912514067367575,1
speech_speaker_session_13_0547,speaker_session_13,speech,NORMAL_SPEECH,data/processed\speech\speech_speaker_session_13_0547.wav,1.0,16000,1,0.2159052245238107,0.0528422481472211,4.0858440213188505,1
speech_speaker_session_13_0548,speaker_session_13,speech,NORMAL_SPEECH,data/processed\speech\speech_speaker_session_13_0548.wav,1.0,16000,1,0.199622557933369,0.0361389728106404,5.523745894546705,1
speech_speaker_session_13_0549,speaker_session_13,speech,NORMAL_SPEECH,data/processed\speech\speech_speaker_session_13_0549.wav,1.0,16000,1,0.0872082437875389,0.019343131329666,4.508484030656911,1
speech_speaker_session_13_0550,speaker_session_13,speech,NORMAL_SPEECH,data/processed\speech\speech_speaker_session_13_0550.wav,1.0,16000,1,0.2256633085077916,0.0383021208277085,5.891664605368174,1
speech_speaker_session_13_0551,speaker_session_13,speech,NORMAL_SPEECH,data/processed\speech\speech_speaker_session_13_0551.wav,1.0,16000,1,0.1766120295009621,0.0315809963095405,5.592349647440085,1
speech_speaker_session_13_0552,speaker_session_13,speech,NORMAL_SPEECH,data/processed\speech\speech_speaker_session_13_0552.wav,1.0,16000,1,0.1835973102811811,0.0409606785850438,4.482280855703648,1
speech_speaker_session_13_0553,speaker_session_13,speech,NORMAL_SPEECH,data/processed\speech\speech_speaker_session_13_0553.wav,1.0,16000,1,0.1443857487687039,0.0322336617338822,4.479345386425015,1
speech_speaker_session_13_0554,speaker_session_13,speech,NORMAL_SPEECH,data/processed\speech\speech_speaker_session_13_0554.wav,1.0,16000,1,0.2171210366568293,0.0401017505118155,5.41425199008051,1
speech_speaker_session_13_0555,speaker_session_13,speech,NORMAL_SPEECH,data/processed\speech\speech_speaker_session_13_0555.wav,1.0,16000,1,0.2124850699473998,0.046523331714451,4.567278749054212,1
speech_speaker_session_13_0556,speaker_session_13,speech,NORMAL_SPEECH,data/processed\speech\speech_speaker_session_13_0556.wav,1.0,16000,1,0.2063996696524025,0.0445861107665981,4.629235872142246,1
speech_speaker_session_13_0557,speaker_session_13,speech,NORMAL_SPEECH,data/processed\speech\speech_speaker_session_13_0557.wav,1.0,16000,1,0.1151786023464486,0.0246211594598967,4.678031339415175,1
speech_speaker_session_13_0558,speaker_session_13,speech,NORMAL_SPEECH,data/processed\speech\speech_speaker_session_13_0558.wav,1.0,16000,1,0.2473877733479905,0.046214588712949,5.353022210245311,1
speech_speaker_session_13_0559,speaker_session_13,speech,NORMAL_SPEECH,data/processed\speech\speech_speaker_session_13_0559.wav,1.0,16000,1,0.1799098090901144,0.0316379309791618,5.686520788714131,1
speech_speaker_session_14_0560,speaker_session_14,speech,NORMAL_SPEECH,data/processed\speech\speech_speaker_session_14_0560.wav,1.0,16000,1,0.1806194165612443,0.0367799557336216,4.910809810682743,1
speech_speaker_session_14_0561,speaker_session_14,speech,NORMAL_SPEECH,data/processed\speech\speech_speaker_session_14_0561.wav,1.0,16000,1,0.1237251440986855,0.027308077458158,4.530714363950225,1
speech_speaker_session_14_0562,speaker_session_14,speech,NORMAL_SPEECH,data/processed\speech\speech_speaker_session_14_0562.wav,1.0,16000,1,0.2210029551336362,0.0381285448390127,5.7962583703148525,1
speech_speaker_session_14_0563,speaker_session_14,speech,NORMAL_SPEECH,data/processed\speech\speech_speaker_session_14_0563.wav,1.0,16000,1,0.1576573007772665,0.0280915314109411,5.612269489628705,1
speech_speaker_session_14_0564,speaker_session_14,speech,NORMAL_SPEECH,data/processed\speech\speech_speaker_session_14_0564.wav,1.0,16000,1,0.1273482759323183,0.0287946230171919,4.422639311162066,1
speech_speaker_session_14_0565,speaker_session_14,speech,NORMAL_SPEECH,data/processed\speech\speech_speaker_session_14_0565.wav,1.0,16000,1,0.1195102158623902,0.0221476687830654,5.396060554832051,1
speech_speaker_session_14_0566,speaker_session_14,speech,NORMAL_SPEECH,data/processed\speech\speech_speaker_session_14_0566.wav,1.0,16000,1,0.1703306076063541,0.0236530888970723,7.201196272317493,1
speech_speaker_session_14_0567,speaker_session_14,speech,NORMAL_SPEECH,data/processed\speech\speech_speaker_session_14_0567.wav,1.0,16000,1,0.1910906294805897,0.0354011264814702,5.397867087702421,1
speech_speaker_session_14_0568,speaker_session_14,speech,NORMAL_SPEECH,data/processed\speech\speech_speaker_session_14_0568.wav,1.0,16000,1,0.1321319171702868,0.0314717434378584,4.198428836549693,1
speech_speaker_session_14_0569,speaker_session_14,speech,NORMAL_SPEECH,data/processed\speech\speech_speaker_session_14_0569.wav,1.0,16000,1,0.0990601665889127,0.0209027235651006,4.739101050127929,1
speech_speaker_session_14_0570,speaker_session_14,speech,NORMAL_SPEECH,data/processed\speech\speech_speaker_session_14_0570.wav,1.0,16000,1,0.1696534792123557,0.0281628439388463,6.024015874980086,1
speech_speaker_session_14_0571,speaker_session_14,speech,NORMAL_SPEECH,data/processed\speech\speech_speaker_session_14_0571.wav,1.0,16000,1,0.189063277152288,0.0430762256240233,4.389038977371748,1
speech_speaker_session_14_0572,speaker_session_14,speech,NORMAL_SPEECH,data/processed\speech\speech_speaker_session_14_0572.wav,1.0,16000,1,0.1890604367167524,0.038326109602688,4.932939694304255,1
speech_speaker_session_14_0573,speaker_session_14,speech,NORMAL_SPEECH,data/processed\speech\speech_speaker_session_14_0573.wav,1.0,16000,1,0.1244202072255897,0.0278728201308445,4.463852670917122,1
speech_speaker_session_14_0574,speaker_session_14,speech,NORMAL_SPEECH,data/processed\speech\speech_speaker_session_14_0574.wav,1.0,16000,1,0.2008514865808957,0.0299447141108201,6.70740815101785,1
speech_speaker_session_14_0575,speaker_session_14,speech,NORMAL_SPEECH,data/processed\speech\speech_speaker_session_14_0575.wav,1.0,16000,1,0.1999879623189402,0.0510798200251163,3.9152041465409098,1
speech_speaker_session_14_0576,speaker_session_14,speech,NORMAL_SPEECH,data/processed\speech\speech_speaker_session_14_0576.wav,1.0,16000,1,0.1473696776447944,0.0361146301399435,4.0806076725045495,1
speech_speaker_session_14_0577,speaker_session_14,speech,NORMAL_SPEECH,data/processed\speech\speech_speaker_session_14_0577.wav,1.0,16000,1,0.0984230478044637,0.0199679315203095,4.92905328795946,1
speech_speaker_session_14_0578,speaker_session_14,speech,NORMAL_SPEECH,data/processed\speech\speech_speaker_session_14_0578.wav,1.0,16000,1,0.1763810572623205,0.0280250124321557,6.293699057308945,1
speech_speaker_session_14_0579,speaker_session_14,speech,NORMAL_SPEECH,data/processed\speech\speech_speaker_session_14_0579.wav,1.0,16000,1,0.1718088654262303,0.027405190521132,6.269206652720865,1
speech_speaker_session_14_0580,speaker_session_14,speech,NORMAL_SPEECH,data/processed\speech\speech_speaker_session_14_0580.wav,1.0,16000,1,0.1374611512262821,0.0286334528628901,4.800716975257501,1
speech_speaker_session_14_0581,speaker_session_14,speech,NORMAL_SPEECH,data/processed\speech\speech_speaker_session_14_0581.wav,1.0,16000,1,0.1312036249004204,0.0304854199072101,4.303814159740267,1
speech_speaker_session_14_0582,speaker_session_14,speech,NORMAL_SPEECH,data/processed\speech\speech_speaker_session_14_0582.wav,1.0,16000,1,0.2042151807801794,0.0365488813640471,5.587452126689249,1
speech_speaker_session_14_0583,speaker_session_14,speech,NORMAL_SPEECH,data/processed\speech\speech_speaker_session_14_0583.wav,1.0,16000,1,0.1817781522937595,0.0365303935817959,4.976078402384374,1
speech_speaker_session_14_0584,speaker_session_14,speech,NORMAL_SPEECH,data/processed\speech\speech_speaker_session_14_0584.wav,1.0,16000,1,0.1791106214667273,0.0331520763969188,5.402695303164199,1
speech_speaker_session_14_0585,speaker_session_14,speech,NORMAL_SPEECH,data/processed\speech\speech_speaker_session_14_0585.wav,1.0,16000,1,0.1008814274755911,0.0212824108375,4.740129341763411,1
speech_speaker_session_14_0586,speaker_session_14,speech,NORMAL_SPEECH,data/processed\speech\speech_speaker_session_14_0586.wav,1.0,16000,1,0.2391574486794109,0.0403312984098972,5.929821225951645,1
speech_speaker_session_14_0587,speaker_session_14,speech,NORMAL_SPEECH,data/processed\speech\speech_speaker_session_14_0587.wav,1.0,16000,1,0.1944732007640515,0.0409487413304984,4.749185126414552,1
speech_speaker_session_14_0588,speaker_session_14,speech,NORMAL_SPEECH,data/processed\speech\speech_speaker_session_14_0588.wav,1.0,16000,1,0.1522684663393652,0.0290464751551434,5.2422338030252895,1
speech_speaker_session_14_0589,speaker_session_14,speech,NORMAL_SPEECH,data/processed\speech\speech_speaker_session_14_0589.wav,1.0,16000,1,0.080611814432998,0.0173298999932144,4.651600294782927,1
speech_speaker_session_14_0590,speaker_session_14,speech,NORMAL_SPEECH,data/processed\speech\speech_speaker_session_14_0590.wav,1.0,16000,1,0.1855834373514527,0.0215167516511016,8.625063583485451,1
speech_speaker_session_14_0591,speaker_session_14,speech,NORMAL_SPEECH,data/processed\speech\speech_speaker_session_14_0591.wav,1.0,16000,1,0.2020981323124301,0.0323765532925661,6.242111940238969,1
speech_speaker_session_14_0592,speaker_session_14,speech,NORMAL_SPEECH,data/processed\speech\speech_speaker_session_14_0592.wav,1.0,16000,1,0.1527440188910111,0.0295043300684565,5.177001706752687,1
speech_speaker_session_14_0593,speaker_session_14,speech,NORMAL_SPEECH,data/processed\speech\speech_speaker_session_14_0593.wav,1.0,16000,1,0.0950654999238656,0.0211353554596875,4.497934994556326,1
speech_speaker_session_14_0594,speaker_session_14,speech,NORMAL_SPEECH,data/processed\speech\speech_speaker_session_14_0594.wav,1.0,16000,1,0.1874776913922506,0.0326829055691327,5.736259697996879,1
speech_speaker_session_14_0595,speaker_session_14,speech,NORMAL_SPEECH,data/processed\speech\speech_speaker_session_14_0595.wav,1.0,16000,1,0.1753794676813569,0.0282485727532959,6.208434214664959,1
speech_speaker_session_14_0596,speaker_session_14,speech,NORMAL_SPEECH,data/processed\speech\speech_speaker_session_14_0596.wav,1.0,16000,1,0.136635293956216,0.0278603086439977,4.9042976034178665,1
speech_speaker_session_14_0597,speaker_session_14,speech,NORMAL_SPEECH,data/processed\speech\speech_speaker_session_14_0597.wav,1.0,16000,1,0.1051328446687018,0.0209145134948923,5.026786514853039,1
speech_speaker_session_14_0598,speaker_session_14,speech,NORMAL_SPEECH,data/processed\speech\speech_speaker_session_14_0598.wav,1.0,16000,1,0.1703180142244328,0.0275808982519334,6.175214125245252,1
speech_speaker_session_14_0599,speaker_session_14,speech,NORMAL_SPEECH,data/processed\speech\speech_speaker_session_14_0599.wav,1.0,16000,1,0.2026582556314773,0.0490995623803948,4.127495328501018,1
speech_speaker_session_15_0600,speaker_session_15,speech,NORMAL_SPEECH,data/processed\speech\speech_speaker_session_15_0600.wav,1.0,16000,1,0.172898531836848,0.0386903217461902,4.4687787370516165,1
speech_speaker_session_15_0601,speaker_session_15,speech,NORMAL_SPEECH,data/processed\speech\speech_speaker_session_15_0601.wav,1.0,16000,1,0.102009564211429,0.0214951296858199,4.745703712673397,1
speech_speaker_session_15_0602,speaker_session_15,speech,NORMAL_SPEECH,data/processed\speech\speech_speaker_session_15_0602.wav,1.0,16000,1,0.1780548648330403,0.0285924263191408,6.227341484497544,1
speech_speaker_session_15_0603,speaker_session_15,speech,NORMAL_SPEECH,data/processed\speech\speech_speaker_session_15_0603.wav,1.0,16000,1,0.1847715903687494,0.0309421346535161,5.971518536862392,1
speech_speaker_session_15_0604,speaker_session_15,speech,NORMAL_SPEECH,data/processed\speech\speech_speaker_session_15_0604.wav,1.0,16000,1,0.1180654957325003,0.0238329438800865,4.95387589497032,1
speech_speaker_session_15_0605,speaker_session_15,speech,NORMAL_SPEECH,data/processed\speech\speech_speaker_session_15_0605.wav,1.0,16000,1,0.0854412162782979,0.0172843747194722,4.943260501604184,1
speech_speaker_session_15_0606,speaker_session_15,speech,NORMAL_SPEECH,data/processed\speech\speech_speaker_session_15_0606.wav,1.0,16000,1,0.1625414018859343,0.0274067748378775,5.9306993814646125,1
speech_speaker_session_15_0607,speaker_session_15,speech,NORMAL_SPEECH,data/processed\speech\speech_speaker_session_15_0607.wav,1.0,16000,1,0.1902396497862788,0.0315254211610026,6.034482092083418,1
speech_speaker_session_15_0608,speaker_session_15,speech,NORMAL_SPEECH,data/processed\speech\speech_speaker_session_15_0608.wav,1.0,16000,1,0.1056916305037502,0.0198421399935433,5.326621890175328,1
speech_speaker_session_15_0609,speaker_session_15,speech,NORMAL_SPEECH,data/processed\speech\speech_speaker_session_15_0609.wav,1.0,16000,1,0.0809560532305664,0.0179050935641909,4.521395418928121,1
speech_speaker_session_15_0610,speaker_session_15,speech,NORMAL_SPEECH,data/processed\speech\speech_speaker_session_15_0610.wav,1.0,16000,1,0.2033283939205365,0.0287674401416041,7.068001957757052,1
speech_speaker_session_15_0611,speaker_session_15,speech,NORMAL_SPEECH,data/processed\speech\speech_speaker_session_15_0611.wav,1.0,16000,1,0.1752132765751192,0.0321621943476413,5.447800613454174,1
speech_speaker_session_15_0612,speaker_session_15,speech,NORMAL_SPEECH,data/processed\speech\speech_speaker_session_15_0612.wav,1.0,16000,1,0.116124246438889,0.0207299404198047,5.60176189943741,1
speech_speaker_session_15_0613,speaker_session_15,speech,NORMAL_SPEECH,data/processed\speech\speech_speaker_session_15_0613.wav,1.0,16000,1,0.1368934279618701,0.0254355796440019,5.381964007040487,1
speech_speaker_session_15_0614,speaker_session_15,speech,NORMAL_SPEECH,data/processed\speech\speech_speaker_session_15_0614.wav,1.0,16000,1,0.1911400629451873,0.0251717510818783,7.593432272118346,1
speech_speaker_session_15_0615,speaker_session_15,speech,NORMAL_SPEECH,data/processed\speech\speech_speaker_session_15_0615.wav,1.0,16000,1,0.1703559565319554,0.0327906566443482,5.195257491397112,1
speech_speaker_session_15_0616,speaker_session_15,speech,NORMAL_SPEECH,data/processed\speech\speech_speaker_session_15_0616.wav,1.0,16000,1,0.1844664627725617,0.0328548578244737,5.614585447674564,1
speech_speaker_session_15_0617,speaker_session_15,speech,NORMAL_SPEECH,data/processed\speech\speech_speaker_session_15_0617.wav,1.0,16000,1,0.120894764797879,0.022666517597595,5.3336252885380775,1
speech_speaker_session_15_0618,speaker_session_15,speech,NORMAL_SPEECH,data/processed\speech\speech_speaker_session_15_0618.wav,1.0,16000,1,0.1573156946381928,0.0225243836180319,6.984236615020494,1
speech_speaker_session_15_0619,speaker_session_15,speech,NORMAL_SPEECH,data/processed\speech\speech_speaker_session_15_0619.wav,1.0,16000,1,0.1922299178193355,0.0373728306903845,5.143572558796506,1
speech_speaker_session_15_0620,speaker_session_15,speech,NORMAL_SPEECH,data/processed\speech\speech_speaker_session_15_0620.wav,1.0,16000,1,0.1317214934382587,0.0264614790846978,4.97785642435485,1
speech_speaker_session_15_0621,speaker_session_15,speech,NORMAL_SPEECH,data/processed\speech\speech_speaker_session_15_0621.wav,1.0,16000,1,0.1505591692929171,0.0319518590069761,4.712061421510125,1
speech_speaker_session_15_0622,speaker_session_15,speech,NORMAL_SPEECH,data/processed\speech\speech_speaker_session_15_0622.wav,1.0,16000,1,0.2047883020851153,0.0265425588513878,7.715466548536717,1
speech_speaker_session_15_0623,speaker_session_15,speech,NORMAL_SPEECH,data/processed\speech\speech_speaker_session_15_0623.wav,1.0,16000,1,0.1908212666966729,0.0341529887067181,5.5872477944121774,1
speech_speaker_session_15_0624,speaker_session_15,speech,NORMAL_SPEECH,data/processed\speech\speech_speaker_session_15_0624.wav,1.0,16000,1,0.1854307733290796,0.0391649468455622,4.734609412702329,1
speech_speaker_session_15_0625,speaker_session_15,speech,NORMAL_SPEECH,data/processed\speech\speech_speaker_session_15_0625.wav,1.0,16000,1,0.0926073312911109,0.0209954028704549,4.410836398527291,1
speech_speaker_session_15_0626,speaker_session_15,speech,NORMAL_SPEECH,data/processed\speech\speech_speaker_session_15_0626.wav,1.0,16000,1,0.2245495428549628,0.0425102226828364,5.282246854076267,1
speech_speaker_session_15_0627,speaker_session_15,speech,NORMAL_SPEECH,data/processed\speech\speech_speaker_session_15_0627.wav,1.0,16000,1,0.2037405927734901,0.040650186267614,5.012044503603296,1
speech_speaker_session_15_0628,speaker_session_15,speech,NORMAL_SPEECH,data/processed\speech\speech_speaker_session_15_0628.wav,1.0,16000,1,0.1469999578669303,0.0286445467315496,5.131863594349908,1
speech_speaker_session_15_0629,speaker_session_15,speech,NORMAL_SPEECH,data/processed\speech\speech_speaker_session_15_0629.wav,1.0,16000,1,0.1440069837867573,0.0337097451932372,4.271967653317382,1
speech_speaker_session_15_0630,speaker_session_15,speech,NORMAL_SPEECH,data/processed\speech\speech_speaker_session_15_0630.wav,1.0,16000,1,0.1585255292273754,0.0236522406560681,6.702344378660824,1
speech_speaker_session_15_0631,speaker_session_15,speech,NORMAL_SPEECH,data/processed\speech\speech_speaker_session_15_0631.wav,1.0,16000,1,0.1787419838789328,0.0374371956385623,4.7744477941168535,1
speech_speaker_session_15_0632,speaker_session_15,speech,NORMAL_SPEECH,data/processed\speech\speech_speaker_session_15_0632.wav,1.0,16000,1,0.1098898490523546,0.0223081209942851,4.925999810585031,1
speech_speaker_session_15_0633,speaker_session_15,speech,NORMAL_SPEECH,data/processed\speech\speech_speaker_session_15_0633.wav,1.0,16000,1,0.0804720357507054,0.0177372866087119,4.5368827914385,1
speech_speaker_session_15_0634,speaker_session_15,speech,NORMAL_SPEECH,data/processed\speech\speech_speaker_session_15_0634.wav,1.0,16000,1,0.1867609878382898,0.0335975782544792,5.558761730862955,1
speech_speaker_session_15_0635,speaker_session_15,speech,NORMAL_SPEECH,data/processed\speech\speech_speaker_session_15_0635.wav,1.0,16000,1,0.1612753387737288,0.0281372809673389,5.731729431981668,1
speech_speaker_session_15_0636,speaker_session_15,speech,NORMAL_SPEECH,data/processed\speech\speech_speaker_session_15_0636.wav,1.0,16000,1,0.1750806095470319,0.0359750918203653,4.866716164453477,1
speech_speaker_session_15_0637,speaker_session_15,speech,NORMAL_SPEECH,data/processed\speech\speech_speaker_session_15_0637.wav,1.0,16000,1,0.1054549651199905,0.0205428160959707,5.133420524874835,1
speech_speaker_session_15_0638,speaker_session_15,speech,NORMAL_SPEECH,data/processed\speech\speech_speaker_session_15_0638.wav,1.0,16000,1,0.1906177835928685,0.0264312143156562,7.211840863533455,1
speech_speaker_session_15_0639,speaker_session_15,speech,NORMAL_SPEECH,data/processed\speech\speech_speaker_session_15_0639.wav,1.0,16000,1,0.2105719284444383,0.0351032537117442,5.998642467366616,1
speech_speaker_session_16_0640,speaker_session_16,speech,NORMAL_SPEECH,data/processed\speech\speech_speaker_session_16_0640.wav,1.0,16000,1,0.1573586681693055,0.0283231730364084,5.555825698228427,1
speech_speaker_session_16_0641,speaker_session_16,speech,NORMAL_SPEECH,data/processed\speech\speech_speaker_session_16_0641.wav,1.0,16000,1,0.1393676197080889,0.0327868917767315,4.250710257929776,1
speech_speaker_session_16_0642,speaker_session_16,speech,NORMAL_SPEECH,data/processed\speech\speech_speaker_session_16_0642.wav,1.0,16000,1,0.1923375760749138,0.0329822199329007,5.831551610252146,1
speech_speaker_session_16_0643,speaker_session_16,speech,NORMAL_SPEECH,data/processed\speech\speech_speaker_session_16_0643.wav,1.0,16000,1,0.185380016265055,0.039486642449186,4.694751384752454,1
speech_speaker_session_16_0644,speaker_session_16,speech,NORMAL_SPEECH,data/processed\speech\speech_speaker_session_16_0644.wav,1.0,16000,1,0.2065677460365262,0.034537536691228,5.980961759770593,1
speech_speaker_session_16_0645,speaker_session_16,speech,NORMAL_SPEECH,data/processed\speech\speech_speaker_session_16_0645.wav,1.0,16000,1,0.1151854404002413,0.0255303318590977,4.511707717662024,1
speech_speaker_session_16_0646,speaker_session_16,speech,NORMAL_SPEECH,data/processed\speech\speech_speaker_session_16_0646.wav,1.0,16000,1,0.1937816079714666,0.0291225681476712,6.653999072089787,1
speech_speaker_session_16_0647,speaker_session_16,speech,NORMAL_SPEECH,data/processed\speech\speech_speaker_session_16_0647.wav,1.0,16000,1,0.1816348114178944,0.0427998429009228,4.243818590647024,1
speech_speaker_session_16_0648,speaker_session_16,speech,NORMAL_SPEECH,data/processed\speech\speech_speaker_session_16_0648.wav,1.0,16000,1,0.1107467847668569,0.0262128502597515,4.224902725968544,1
speech_speaker_session_16_0649,speaker_session_16,speech,NORMAL_SPEECH,data/processed\speech\speech_speaker_session_16_0649.wav,1.0,16000,1,0.1272997252915149,0.0285019908852254,4.466343461434075,1
speech_speaker_session_16_0650,speaker_session_16,speech,NORMAL_SPEECH,data/processed\speech\speech_speaker_session_16_0650.wav,1.0,16000,1,0.2032875570453063,0.0269793771320912,7.534921236350146,1
speech_speaker_session_16_0651,speaker_session_16,speech,NORMAL_SPEECH,data/processed\speech\speech_speaker_session_16_0651.wav,1.0,16000,1,0.1722475841059779,0.0331733832557196,5.192341427908633,1
speech_speaker_session_16_0652,speaker_session_16,speech,NORMAL_SPEECH,data/processed\speech\speech_speaker_session_16_0652.wav,1.0,16000,1,0.1295127965243337,0.0250314006506348,5.174011098773174,1
speech_speaker_session_16_0653,speaker_session_16,speech,NORMAL_SPEECH,data/processed\speech\speech_speaker_session_16_0653.wav,1.0,16000,1,0.0995798320713685,0.0197443565309023,5.043455403621792,1
speech_speaker_session_16_0654,speaker_session_16,speech,NORMAL_SPEECH,data/processed\speech\speech_speaker_session_16_0654.wav,1.0,16000,1,0.2524819203909823,0.0374668508695847,6.738806361969466,1
speech_speaker_session_16_0655,speaker_session_16,speech,NORMAL_SPEECH,data/processed\speech\speech_speaker_session_16_0655.wav,1.0,16000,1,0.1795013484913317,0.0289359196778281,6.2034069922720585,1
speech_speaker_session_16_0656,speaker_session_16,speech,NORMAL_SPEECH,data/processed\speech\speech_speaker_session_16_0656.wav,1.0,16000,1,0.1140794335228477,0.0231092726498027,4.936519893395364,1
speech_speaker_session_16_0657,speaker_session_16,speech,NORMAL_SPEECH,data/processed\speech\speech_speaker_session_16_0657.wav,1.0,16000,1,0.1242910216297915,0.0283588006639434,4.382800925703849,1
speech_speaker_session_16_0658,speaker_session_16,speech,NORMAL_SPEECH,data/processed\speech\speech_speaker_session_16_0658.wav,1.0,16000,1,0.2181164755298513,0.035056756770334,6.221808102235683,1
speech_speaker_session_16_0659,speaker_session_16,speech,NORMAL_SPEECH,data/processed\speech\speech_speaker_session_16_0659.wav,1.0,16000,1,0.2003124667241337,0.0354103242987357,5.656892844733333,1
speech_speaker_session_16_0660,speaker_session_16,speech,NORMAL_SPEECH,data/processed\speech\speech_speaker_session_16_0660.wav,1.0,16000,1,0.1554155753884421,0.0388589541450242,3.999478082030723,1
speech_speaker_session_16_0661,speaker_session_16,speech,NORMAL_SPEECH,data/processed\speech\speech_speaker_session_16_0661.wav,1.0,16000,1,0.1303572135928526,0.0227320865540138,5.7345002597147126,1
speech_speaker_session_16_0662,speaker_session_16,speech,NORMAL_SPEECH,data/processed\speech\speech_speaker_session_16_0662.wav,1.0,16000,1,0.2514087146667293,0.0440528613692041,5.7069767952170425,1
speech_speaker_session_16_0663,speaker_session_16,speech,NORMAL_SPEECH,data/processed\speech\speech_speaker_session_16_0663.wav,1.0,16000,1,0.2209870698462691,0.0458125617501789,4.823721118546588,1
speech_speaker_session_16_0664,speaker_session_16,speech,NORMAL_SPEECH,data/processed\speech\speech_speaker_session_16_0664.wav,1.0,16000,1,0.2383356460344497,0.042859561659381,5.560849929359545,1
speech_speaker_session_16_0665,speaker_session_16,speech,NORMAL_SPEECH,data/processed\speech\speech_speaker_session_16_0665.wav,1.0,16000,1,0.1023765764340288,0.022825748038515,4.485133692440075,1
speech_speaker_session_16_0666,speaker_session_16,speech,NORMAL_SPEECH,data/processed\speech\speech_speaker_session_16_0666.wav,1.0,16000,1,0.1888828338312137,0.0329378333134991,5.734523418350297,1
speech_speaker_session_16_0667,speaker_session_16,speech,NORMAL_SPEECH,data/processed\speech\speech_speaker_session_16_0667.wav,1.0,16000,1,0.1844056598444902,0.0411373180934327,4.482684422908092,1
speech_speaker_session_16_0668,speaker_session_16,speech,NORMAL_SPEECH,data/processed\speech\speech_speaker_session_16_0668.wav,1.0,16000,1,0.1669436868503157,0.0358915486717714,4.6513356629902045,1
speech_speaker_session_16_0669,speaker_session_16,speech,NORMAL_SPEECH,data/processed\speech\speech_speaker_session_16_0669.wav,1.0,16000,1,0.1333423318895463,0.023710582983021,5.623745133031127,1
speech_speaker_session_16_0670,speaker_session_16,speech,NORMAL_SPEECH,data/processed\speech\speech_speaker_session_16_0670.wav,1.0,16000,1,0.1948564990393711,0.0302478197813489,6.441999325172125,1
speech_speaker_session_16_0671,speaker_session_16,speech,NORMAL_SPEECH,data/processed\speech\speech_speaker_session_16_0671.wav,1.0,16000,1,0.2221229693417516,0.0493804003683043,4.498200150323678,1
speech_speaker_session_16_0672,speaker_session_16,speech,NORMAL_SPEECH,data/processed\speech\speech_speaker_session_16_0672.wav,1.0,16000,1,0.139748839235126,0.0350814937624116,3.983547574857987,1
speech_speaker_session_16_0673,speaker_session_16,speech,NORMAL_SPEECH,data/processed\speech\speech_speaker_session_16_0673.wav,1.0,16000,1,0.085199086031437,0.018931432956142,4.500401064452171,1
speech_speaker_session_16_0674,speaker_session_16,speech,NORMAL_SPEECH,data/processed\speech\speech_speaker_session_16_0674.wav,1.0,16000,1,0.1650859686910607,0.0272800536851825,6.051524314465911,1
speech_speaker_session_16_0675,speaker_session_16,speech,NORMAL_SPEECH,data/processed\speech\speech_speaker_session_16_0675.wav,1.0,16000,1,0.1878541597060307,0.0338287922497572,5.553083384954275,1
speech_speaker_session_16_0676,speaker_session_16,speech,NORMAL_SPEECH,data/processed\speech\speech_speaker_session_16_0676.wav,1.0,16000,1,0.1471952631508634,0.0337350555463326,4.363271888376845,1
speech_speaker_session_16_0677,speaker_session_16,speech,NORMAL_SPEECH,data/processed\speech\speech_speaker_session_16_0677.wav,1.0,16000,1,0.108252292055987,0.0246429666614126,4.392825328828664,1
speech_speaker_session_16_0678,speaker_session_16,speech,NORMAL_SPEECH,data/processed\speech\speech_speaker_session_16_0678.wav,1.0,16000,1,0.1997431125269099,0.0317492533459858,6.29126762250261,1
speech_speaker_session_16_0679,speaker_session_16,speech,NORMAL_SPEECH,data/processed\speech\speech_speaker_session_16_0679.wav,1.0,16000,1,0.1680340358879135,0.0302080524099325,5.562555903375748,1
speech_speaker_session_17_0680,speaker_session_17,speech,NORMAL_SPEECH,data/processed\speech\speech_speaker_session_17_0680.wav,1.0,16000,1,0.1499982812197805,0.0297343308874937,5.044614299248504,1
speech_speaker_session_17_0681,speaker_session_17,speech,NORMAL_SPEECH,data/processed\speech\speech_speaker_session_17_0681.wav,1.0,16000,1,0.1374575989837936,0.0302663442840068,4.541597501104648,1
speech_speaker_session_17_0682,speaker_session_17,speech,NORMAL_SPEECH,data/processed\speech\speech_speaker_session_17_0682.wav,1.0,16000,1,0.2320076970880427,0.0465184159127936,4.987436538007093,1
speech_speaker_session_17_0683,speaker_session_17,speech,NORMAL_SPEECH,data/processed\speech\speech_speaker_session_17_0683.wav,1.0,16000,1,0.2010859382250742,0.0345203629361184,5.825138059695743,1
speech_speaker_session_17_0684,speaker_session_17,speech,NORMAL_SPEECH,data/processed\speech\speech_speaker_session_17_0684.wav,1.0,16000,1,0.125302276068969,0.0218041799300354,5.746706319796081,1
speech_speaker_session_17_0685,speaker_session_17,speech,NORMAL_SPEECH,data/processed\speech\speech_speaker_session_17_0685.wav,1.0,16000,1,0.1418424384863961,0.0280317656870335,5.060058986987655,1
speech_speaker_session_17_0686,speaker_session_17,speech,NORMAL_SPEECH,data/processed\speech\speech_speaker_session_17_0686.wav,1.0,16000,1,0.2037749204628144,0.0370301456182844,5.502945290410716,1
speech_speaker_session_17_0687,speaker_session_17,speech,NORMAL_SPEECH,data/processed\speech\speech_speaker_session_17_0687.wav,1.0,16000,1,0.1909381304417162,0.0294698677308131,6.479094761973687,1
speech_speaker_session_17_0688,speaker_session_17,speech,NORMAL_SPEECH,data/processed\speech\speech_speaker_session_17_0688.wav,1.0,16000,1,0.1618114720744793,0.0374220996991926,4.323953763568021,1
speech_speaker_session_17_0689,speaker_session_17,speech,NORMAL_SPEECH,data/processed\speech\speech_speaker_session_17_0689.wav,1.0,16000,1,0.0984558839362697,0.0208530479901401,4.721412273577433,1
speech_speaker_session_17_0690,speaker_session_17,speech,NORMAL_SPEECH,data/processed\speech\speech_speaker_session_17_0690.wav,1.0,16000,1,0.2143451214317374,0.0424592617296221,5.048252424032926,1
speech_speaker_session_17_0691,speaker_session_17,speech,NORMAL_SPEECH,data/processed\speech\speech_speaker_session_17_0691.wav,1.0,16000,1,0.1725094893597437,0.0332368322242198,5.1903092416533925,1
speech_speaker_session_17_0692,speaker_session_17,speech,NORMAL_SPEECH,data/processed\speech\speech_speaker_session_17_0692.wav,1.0,16000,1,0.1805871555810607,0.0388460811617531,4.648785764032343,1
speech_speaker_session_17_0693,speaker_session_17,speech,NORMAL_SPEECH,data/processed\speech\speech_speaker_session_17_0693.wav,1.0,16000,1,0.1124299833307713,0.0280159188862612,4.013073554948439,1
speech_speaker_session_17_0694,speaker_session_17,speech,NORMAL_SPEECH,data/processed\speech\speech_speaker_session_17_0694.wav,1.0,16000,1,0.2853083637755175,0.0337400390249485,8.456074369202913,1
speech_speaker_session_17_0695,speaker_session_17,speech,NORMAL_SPEECH,data/processed\speech\speech_speaker_session_17_0695.wav,1.0,16000,1,0.1983334690994379,0.0388775322137085,5.101491961842794,1
speech_speaker_session_17_0696,speaker_session_17,speech,NORMAL_SPEECH,data/processed\speech\speech_speaker_session_17_0696.wav,1.0,16000,1,0.1572690849891437,0.0348831129812064,4.508457716755285,1
speech_speaker_session_17_0697,speaker_session_17,speech,NORMAL_SPEECH,data/processed\speech\speech_speaker_session_17_0697.wav,1.0,16000,1,0.1289060112123627,0.0286012823628012,4.50699952915476,1
speech_speaker_session_17_0698,speaker_session_17,speech,NORMAL_SPEECH,data/processed\speech\speech_speaker_session_17_0698.wav,1.0,16000,1,0.210407367987262,0.0391666406701148,5.372105206529904,1
speech_speaker_session_17_0699,speaker_session_17,speech,NORMAL_SPEECH,data/processed\speech\speech_speaker_session_17_0699.wav,1.0,16000,1,0.1919110771536032,0.0441596126526046,4.345849570847356,1
speech_speaker_session_17_0700,speaker_session_17,speech,NORMAL_SPEECH,data/processed\speech\speech_speaker_session_17_0700.wav,1.0,16000,1,0.1412556381428837,0.0333619498528536,4.234032975457861,1
speech_speaker_session_17_0701,speaker_session_17,speech,NORMAL_SPEECH,data/processed\speech\speech_speaker_session_17_0701.wav,1.0,16000,1,0.1264602970913717,0.0253498444367613,4.988600522612238,1
speech_speaker_session_17_0702,speaker_session_17,speech,NORMAL_SPEECH,data/processed\speech\speech_speaker_session_17_0702.wav,1.0,16000,1,0.3024914411251314,0.0494858683457588,6.112682066823533,1
speech_speaker_session_17_0703,speaker_session_17,speech,NORMAL_SPEECH,data/processed\speech\speech_speaker_session_17_0703.wav,1.0,16000,1,0.1832814255208072,0.0302682786664573,6.055229205076119,1
speech_speaker_session_17_0704,speaker_session_17,speech,NORMAL_SPEECH,data/processed\speech\speech_speaker_session_17_0704.wav,1.0,16000,1,0.1321771459954719,0.0268206897897906,4.928176633399612,1
speech_speaker_session_17_0705,speaker_session_17,speech,NORMAL_SPEECH,data/processed\speech\speech_speaker_session_17_0705.wav,1.0,16000,1,0.0977724658304713,0.0238669053677257,4.096569008774591,1
speech_speaker_session_17_0706,speaker_session_17,speech,NORMAL_SPEECH,data/processed\speech\speech_speaker_session_17_0706.wav,1.0,16000,1,0.1650085915734229,0.0337471435302166,4.889555838410987,1
speech_speaker_session_17_0707,speaker_session_17,speech,NORMAL_SPEECH,data/processed\speech\speech_speaker_session_17_0707.wav,1.0,16000,1,0.2012061964111322,0.051539875148212,3.903892991467255,1
speech_speaker_session_17_0708,speaker_session_17,speech,NORMAL_SPEECH,data/processed\speech\speech_speaker_session_17_0708.wav,1.0,16000,1,0.1465701385834975,0.0317975366859022,4.60947946806478,1
speech_speaker_session_17_0709,speaker_session_17,speech,NORMAL_SPEECH,data/processed\speech\speech_speaker_session_17_0709.wav,1.0,16000,1,0.1104450396504573,0.0259143364540066,4.261926491045316,1
speech_speaker_session_17_0710,speaker_session_17,speech,NORMAL_SPEECH,data/processed\speech\speech_speaker_session_17_0710.wav,1.0,16000,1,0.2280479473594908,0.044554604979229,5.118391158038386,1
speech_speaker_session_17_0711,speaker_session_17,speech,NORMAL_SPEECH,data/processed\speech\speech_speaker_session_17_0711.wav,1.0,16000,1,0.1921115056485662,0.0331580793703725,5.793805050185485,1
speech_speaker_session_17_0712,speaker_session_17,speech,NORMAL_SPEECH,data/processed\speech\speech_speaker_session_17_0712.wav,1.0,16000,1,0.1388650302802737,0.031357028749469,4.428512251738861,1
speech_speaker_session_17_0713,speaker_session_17,speech,NORMAL_SPEECH,data/processed\speech\speech_speaker_session_17_0713.wav,1.0,16000,1,0.0904206446147131,0.0197663151932112,4.574479258581054,1
speech_speaker_session_17_0714,speaker_session_17,speech,NORMAL_SPEECH,data/processed\speech\speech_speaker_session_17_0714.wav,1.0,16000,1,0.2195659821184697,0.0369287022935957,5.945671226574219,1
speech_speaker_session_17_0715,speaker_session_17,speech,NORMAL_SPEECH,data/processed\speech\speech_speaker_session_17_0715.wav,1.0,16000,1,0.199860563168732,0.0373755416593556,5.347360889553694,1
speech_speaker_session_17_0716,speaker_session_17,speech,NORMAL_SPEECH,data/processed\speech\speech_speaker_session_17_0716.wav,1.0,16000,1,0.1670211279463026,0.0402346899911834,4.151171202541627,1
speech_speaker_session_17_0717,speaker_session_17,speech,NORMAL_SPEECH,data/processed\speech\speech_speaker_session_17_0717.wav,1.0,16000,1,0.1022186790569877,0.0257952186630024,3.962697148081409,1
speech_speaker_session_17_0718,speaker_session_17,speech,NORMAL_SPEECH,data/processed\speech\speech_speaker_session_17_0718.wav,1.0,16000,1,0.2003973446804783,0.0272011237249204,7.367242362287395,1
speech_speaker_session_17_0719,speaker_session_17,speech,NORMAL_SPEECH,data/processed\speech\speech_speaker_session_17_0719.wav,1.0,16000,1,0.1929110345268472,0.0415267900425959,4.645458699658284,1
speech_speaker_session_18_0720,speaker_session_18,speech,NORMAL_SPEECH,data/processed\speech\speech_speaker_session_18_0720.wav,1.0,16000,1,0.1361258020110938,0.0261211409540744,5.211324809171961,1
speech_speaker_session_18_0721,speaker_session_18,speech,NORMAL_SPEECH,data/processed\speech\speech_speaker_session_18_0721.wav,1.0,16000,1,0.0872851642845816,0.0207604000456728,4.204404638085399,1
speech_speaker_session_18_0722,speaker_session_18,speech,NORMAL_SPEECH,data/processed\speech\speech_speaker_session_18_0722.wav,1.0,16000,1,0.2486128208144197,0.0369507556912718,6.728218378249854,1
speech_speaker_session_18_0723,speaker_session_18,speech,NORMAL_SPEECH,data/processed\speech\speech_speaker_session_18_0723.wav,1.0,16000,1,0.1870913326144715,0.0268678817762217,6.963379716306892,1
speech_speaker_session_18_0724,speaker_session_18,speech,NORMAL_SPEECH,data/processed\speech\speech_speaker_session_18_0724.wav,1.0,16000,1,0.1141086314311727,0.021325127747773,5.350897742411494,1
speech_speaker_session_18_0725,speaker_session_18,speech,NORMAL_SPEECH,data/processed\speech\speech_speaker_session_18_0725.wav,1.0,16000,1,0.1028264671076408,0.0236789017359992,4.342533485240923,1
speech_speaker_session_18_0726,speaker_session_18,speech,NORMAL_SPEECH,data/processed\speech\speech_speaker_session_18_0726.wav,1.0,16000,1,0.2617052769177246,0.0417140541384821,6.273789963234384,1
speech_speaker_session_18_0727,speaker_session_18,speech,NORMAL_SPEECH,data/processed\speech\speech_speaker_session_18_0727.wav,1.0,16000,1,0.1904157049184297,0.0376231414635923,5.061131178835288,1
speech_speaker_session_18_0728,speaker_session_18,speech,NORMAL_SPEECH,data/processed\speech\speech_speaker_session_18_0728.wav,1.0,16000,1,0.155853673406165,0.0358498219133538,4.347403184005186,1
speech_speaker_session_18_0729,speaker_session_18,speech,NORMAL_SPEECH,data/processed\speech\speech_speaker_session_18_0729.wav,1.0,16000,1,0.1125863617738515,0.0224819112148987,5.007862126090934,1
speech_speaker_session_18_0730,speaker_session_18,speech,NORMAL_SPEECH,data/processed\speech\speech_speaker_session_18_0730.wav,1.0,16000,1,0.153575300247361,0.0258094025641902,5.950360158930619,1
speech_speaker_session_18_0731,speaker_session_18,speech,NORMAL_SPEECH,data/processed\speech\speech_speaker_session_18_0731.wav,1.0,16000,1,0.1761482439898867,0.0321335738951274,5.481749081110019,1
speech_speaker_session_18_0732,speaker_session_18,speech,NORMAL_SPEECH,data/processed\speech\speech_speaker_session_18_0732.wav,1.0,16000,1,0.098948245526765,0.0200593112437276,4.9327813401316,1
speech_speaker_session_18_0733,speaker_session_18,speech,NORMAL_SPEECH,data/processed\speech\speech_speaker_session_18_0733.wav,1.0,16000,1,0.0832393179398688,0.0194396779092066,4.281926660995755,1
speech_speaker_session_18_0734,speaker_session_18,speech,NORMAL_SPEECH,data/processed\speech\speech_speaker_session_18_0734.wav,1.0,16000,1,0.1709621326347237,0.0254968312686247,6.705227947004628,1
speech_speaker_session_18_0735,speaker_session_18,speech,NORMAL_SPEECH,data/processed\speech\speech_speaker_session_18_0735.wav,1.0,16000,1,0.1733018345231673,0.0279987894841985,6.189616616275716,1
speech_speaker_session_18_0736,speaker_session_18,speech,NORMAL_SPEECH,data/processed\speech\speech_speaker_session_18_0736.wav,1.0,16000,1,0.1336437734860932,0.0315233031307136,4.239521808254418,1
speech_speaker_session_18_0737,speaker_session_18,speech,NORMAL_SPEECH,data/processed\speech\speech_speaker_session_18_0737.wav,1.0,16000,1,0.0789605389113141,0.0181782702547276,4.343674858394733,1
speech_speaker_session_18_0738,speaker_session_18,speech,NORMAL_SPEECH,data/processed\speech\speech_speaker_session_18_0738.wav,1.0,16000,1,0.1748903848936671,0.0241867860046807,7.230820686618504,1
speech_speaker_session_18_0739,speaker_session_18,speech,NORMAL_SPEECH,data/processed\speech\speech_speaker_session_18_0739.wav,1.0,16000,1,0.1688782020205884,0.0312320020265506,5.4072149394993625,1
speech_speaker_session_18_0740,speaker_session_18,speech,NORMAL_SPEECH,data/processed\speech\speech_speaker_session_18_0740.wav,1.0,16000,1,0.1465283038405394,0.0286444043779427,5.115423269165237,1
speech_speaker_session_18_0741,speaker_session_18,speech,NORMAL_SPEECH,data/processed\speech\speech_speaker_session_18_0741.wav,1.0,16000,1,0.1433849510103226,0.0264783511860787,5.415174678020046,1
speech_speaker_session_18_0742,speaker_session_18,speech,NORMAL_SPEECH,data/processed\speech\speech_speaker_session_18_0742.wav,1.0,16000,1,0.1854294262002581,0.0286763482532038,6.466282244173781,1
speech_speaker_session_18_0743,speaker_session_18,speech,NORMAL_SPEECH,data/processed\speech\speech_speaker_session_18_0743.wav,1.0,16000,1,0.190157699788393,0.0399839992432183,4.755843733220559,1
speech_speaker_session_18_0744,speaker_session_18,speech,NORMAL_SPEECH,data/processed\speech\speech_speaker_session_18_0744.wav,1.0,16000,1,0.1000422713509554,0.0213218393835412,4.69200722467254,1
speech_speaker_session_18_0745,speaker_session_18,speech,NORMAL_SPEECH,data/processed\speech\speech_speaker_session_18_0745.wav,1.0,16000,1,0.1252158345404559,0.0244976120009023,5.111346502768468,1
speech_speaker_session_18_0746,speaker_session_18,speech,NORMAL_SPEECH,data/processed\speech\speech_speaker_session_18_0746.wav,1.0,16000,1,0.2056640647756608,0.0353004335111511,5.826104272902205,1
speech_speaker_session_18_0747,speaker_session_18,speech,NORMAL_SPEECH,data/processed\speech\speech_speaker_session_18_0747.wav,1.0,16000,1,0.1636398639913083,0.0258383314752385,6.333218567767905,1
speech_speaker_session_18_0748,speaker_session_18,speech,NORMAL_SPEECH,data/processed\speech\speech_speaker_session_18_0748.wav,1.0,16000,1,0.1593337020656337,0.0321640072163038,4.953787364125276,1
speech_speaker_session_18_0749,speaker_session_18,speech,NORMAL_SPEECH,data/processed\speech\speech_speaker_session_18_0749.wav,1.0,16000,1,0.1370419645588819,0.0261842655977733,5.233750463982121,1
speech_speaker_session_18_0750,speaker_session_18,speech,NORMAL_SPEECH,data/processed\speech\speech_speaker_session_18_0750.wav,1.0,16000,1,0.1732989145488291,0.0222643582314039,7.783688840736583,1
speech_speaker_session_18_0751,speaker_session_18,speech,NORMAL_SPEECH,data/processed\speech\speech_speaker_session_18_0751.wav,1.0,16000,1,0.2054071126877137,0.0341465705091722,6.015451902498371,1
speech_speaker_session_18_0752,speaker_session_18,speech,NORMAL_SPEECH,data/processed\speech\speech_speaker_session_18_0752.wav,1.0,16000,1,0.166937438703812,0.0343047143430896,4.866310454333678,1
speech_speaker_session_18_0753,speaker_session_18,speech,NORMAL_SPEECH,data/processed\speech\speech_speaker_session_18_0753.wav,1.0,16000,1,0.1076724580291509,0.0224921456198868,4.787111553414218,1
speech_speaker_session_18_0754,speaker_session_18,speech,NORMAL_SPEECH,data/processed\speech\speech_speaker_session_18_0754.wav,1.0,16000,1,0.1830425330027968,0.0289504420649264,6.32261398171924,1
speech_speaker_session_18_0755,speaker_session_18,speech,NORMAL_SPEECH,data/processed\speech\speech_speaker_session_18_0755.wav,1.0,16000,1,0.1828107489824013,0.0274535099208304,6.658918401341055,1
speech_speaker_session_18_0756,speaker_session_18,speech,NORMAL_SPEECH,data/processed\speech\speech_speaker_session_18_0756.wav,1.0,16000,1,0.1175250803443605,0.0263976806679222,4.45209703465363,1
speech_speaker_session_18_0757,speaker_session_18,speech,NORMAL_SPEECH,data/processed\speech\speech_speaker_session_18_0757.wav,1.0,16000,1,0.0946260240010675,0.0203765733088679,4.643861169791199,1
speech_speaker_session_18_0758,speaker_session_18,speech,NORMAL_SPEECH,data/processed\speech\speech_speaker_session_18_0758.wav,1.0,16000,1,0.1609031968367405,0.0246910578149462,6.516656065370363,1
speech_speaker_session_18_0759,speaker_session_18,speech,NORMAL_SPEECH,data/processed\speech\speech_speaker_session_18_0759.wav,1.0,16000,1,0.2017892895218201,0.0436738672814386,4.620365813217602,1
speech_speaker_session_19_0760,speaker_session_19,speech,NORMAL_SPEECH,data/processed\speech\speech_speaker_session_19_0760.wav,1.0,16000,1,0.1700479539623293,0.0370722129034205,4.586937082390052,1
speech_speaker_session_19_0761,speaker_session_19,speech,NORMAL_SPEECH,data/processed\speech\speech_speaker_session_19_0761.wav,1.0,16000,1,0.1243711118825975,0.0276979196665014,4.49026744526018,1
speech_speaker_session_19_0762,speaker_session_19,speech,NORMAL_SPEECH,data/processed\speech\speech_speaker_session_19_0762.wav,1.0,16000,1,0.2478452750392155,0.05527731479091,4.483669858783974,1
speech_speaker_session_19_0763,speaker_session_19,speech,NORMAL_SPEECH,data/processed\speech\speech_speaker_session_19_0763.wav,1.0,16000,1,0.1911189445702763,0.0377983269932787,5.056279185093806,1
speech_speaker_session_19_0764,speaker_session_19,speech,NORMAL_SPEECH,data/processed\speech\speech_speaker_session_19_0764.wav,1.0,16000,1,0.1328610357479184,0.0339046555894931,3.918665276235352,1
speech_speaker_session_19_0765,speaker_session_19,speech,NORMAL_SPEECH,data/processed\speech\speech_speaker_session_19_0765.wav,1.0,16000,1,0.1200112479885418,0.0226072675878026,5.3085227764572585,1
speech_speaker_session_19_0766,speaker_session_19,speech,NORMAL_SPEECH,data/processed\speech\speech_speaker_session_19_0766.wav,1.0,16000,1,0.2287710871944021,0.0446468137716149,5.124017071508852,1
speech_speaker_session_19_0767,speaker_session_19,speech,NORMAL_SPEECH,data/processed\speech\speech_speaker_session_19_0767.wav,1.0,16000,1,0.1984957909592998,0.0436855338385923,4.54374086981026,1
speech_speaker_session_19_0768,speaker_session_19,speech,NORMAL_SPEECH,data/processed\speech\speech_speaker_session_19_0768.wav,1.0,16000,1,0.1836396847530589,0.0416915761476995,4.404718115124815,1
speech_speaker_session_19_0769,speaker_session_19,speech,NORMAL_SPEECH,data/processed\speech\speech_speaker_session_19_0769.wav,1.0,16000,1,0.1826674630514928,0.0387631580718195,4.712397673818879,1
speech_speaker_session_19_0770,speaker_session_19,speech,NORMAL_SPEECH,data/processed\speech\speech_speaker_session_19_0770.wav,1.0,16000,1,0.2059408783079398,0.0355840354270769,5.787449848274788,1
speech_speaker_session_19_0771,speaker_session_19,speech,NORMAL_SPEECH,data/processed\speech\speech_speaker_session_19_0771.wav,1.0,16000,1,0.2268185394981743,0.0474036676337841,4.784830013621616,1
speech_speaker_session_19_0772,speaker_session_19,speech,NORMAL_SPEECH,data/processed\speech\speech_speaker_session_19_0772.wav,1.0,16000,1,0.173056491515692,0.0401854823432082,4.306441987513446,1
speech_speaker_session_19_0773,speaker_session_19,speech,NORMAL_SPEECH,data/processed\speech\speech_speaker_session_19_0773.wav,1.0,16000,1,0.1412378433797315,0.028806687967679,4.902951512811338,1
speech_speaker_session_19_0774,speaker_session_19,speech,NORMAL_SPEECH,data/processed\speech\speech_speaker_session_19_0774.wav,1.0,16000,1,0.1994456313871515,0.0299312808353647,6.663449046824941,1
speech_speaker_session_19_0775,speaker_session_19,speech,NORMAL_SPEECH,data/processed\speech\speech_speaker_session_19_0775.wav,1.0,16000,1,0.1889921598074383,0.043578721951066,4.336798051390178,1
speech_speaker_session_19_0776,speaker_session_19,speech,NORMAL_SPEECH,data/processed\speech\speech_speaker_session_19_0776.wav,1.0,16000,1,0.1927529030122274,0.0442716700123845,4.3538646592654,1
speech_speaker_session_19_0777,speaker_session_19,speech,NORMAL_SPEECH,data/processed\speech\speech_speaker_session_19_0777.wav,1.0,16000,1,0.1353546170435947,0.0296706793836514,4.561896600831089,1
speech_speaker_session_19_0778,speaker_session_19,speech,NORMAL_SPEECH,data/processed\speech\speech_speaker_session_19_0778.wav,1.0,16000,1,0.1946235381165047,0.0260673316144442,7.466182819680449,1
speech_speaker_session_19_0779,speaker_session_19,speech,NORMAL_SPEECH,data/processed\speech\speech_speaker_session_19_0779.wav,1.0,16000,1,0.1799373784361362,0.0304349856713009,5.912186759593022,1
speech_speaker_session_19_0780,speaker_session_19,speech,NORMAL_SPEECH,data/processed\speech\speech_speaker_session_19_0780.wav,1.0,16000,1,0.1177037843469047,0.0275752392403992,4.26845767814357,1
speech_speaker_session_19_0781,speaker_session_19,speech,NORMAL_SPEECH,data/processed\speech\speech_speaker_session_19_0781.wav,1.0,16000,1,0.1182179762285342,0.024116751603879,4.901900933893184,1
speech_speaker_session_19_0782,speaker_session_19,speech,NORMAL_SPEECH,data/processed\speech\speech_speaker_session_19_0782.wav,1.0,16000,1,0.1975643267560556,0.0295753721588075,6.680026168223863,1
speech_speaker_session_19_0783,speaker_session_19,speech,NORMAL_SPEECH,data/processed\speech\speech_speaker_session_19_0783.wav,1.0,16000,1,0.193952379927807,0.0353178866431583,5.491617518660432,1
speech_speaker_session_19_0784,speaker_session_19,speech,NORMAL_SPEECH,data/processed\speech\speech_speaker_session_19_0784.wav,1.0,16000,1,0.1328552658944981,0.0263359766932557,5.044628380242927,1
speech_speaker_session_19_0785,speaker_session_19,speech,NORMAL_SPEECH,data/processed\speech\speech_speaker_session_19_0785.wav,1.0,16000,1,0.0959572338827323,0.0200706974068658,4.78095923265301,1
speech_speaker_session_19_0786,speaker_session_19,speech,NORMAL_SPEECH,data/processed\speech\speech_speaker_session_19_0786.wav,1.0,16000,1,0.1993621031402815,0.0347983824288879,5.729060718758403,1
speech_speaker_session_19_0787,speaker_session_19,speech,NORMAL_SPEECH,data/processed\speech\speech_speaker_session_19_0787.wav,1.0,16000,1,0.1908290715039023,0.0318763545131959,5.986538126858994,1
speech_speaker_session_19_0788,speaker_session_19,speech,NORMAL_SPEECH,data/processed\speech\speech_speaker_session_19_0788.wav,1.0,16000,1,0.1397995524646871,0.031843100363492,4.390260589146672,1
speech_speaker_session_19_0789,speaker_session_19,speech,NORMAL_SPEECH,data/processed\speech\speech_speaker_session_19_0789.wav,1.0,16000,1,0.1168807777311118,0.0251062612321102,4.655441528952507,1
speech_speaker_session_19_0790,speaker_session_19,speech,NORMAL_SPEECH,data/processed\speech\speech_speaker_session_19_0790.wav,1.0,16000,1,0.2022987475309189,0.0461344342851239,4.384982861842989,1
speech_speaker_session_19_0791,speaker_session_19,speech,NORMAL_SPEECH,data/processed\speech\speech_speaker_session_19_0791.wav,1.0,16000,1,0.178977515540541,0.0364775960052614,4.906503883909638,1
speech_speaker_session_19_0792,speaker_session_19,speech,NORMAL_SPEECH,data/processed\speech\speech_speaker_session_19_0792.wav,1.0,16000,1,0.1708695700756684,0.0417832573773314,4.08942576301177,1
speech_speaker_session_19_0793,speaker_session_19,speech,NORMAL_SPEECH,data/processed\speech\speech_speaker_session_19_0793.wav,1.0,16000,1,0.1268275492156638,0.0247504320164768,5.124253907515363,1
speech_speaker_session_19_0794,speaker_session_19,speech,NORMAL_SPEECH,data/processed\speech\speech_speaker_session_19_0794.wav,1.0,16000,1,0.2062424473033518,0.0321638109479433,6.412249578094349,1
speech_speaker_session_19_0795,speaker_session_19,speech,NORMAL_SPEECH,data/processed\speech\speech_speaker_session_19_0795.wav,1.0,16000,1,0.177790991064443,0.0328464396977042,5.412791723328003,1
speech_speaker_session_19_0796,speaker_session_19,speech,NORMAL_SPEECH,data/processed\speech\speech_speaker_session_19_0796.wav,1.0,16000,1,0.1593926375083046,0.0404144033004937,3.943955249904798,1
speech_speaker_session_19_0797,speaker_session_19,speech,NORMAL_SPEECH,data/processed\speech\speech_speaker_session_19_0797.wav,1.0,16000,1,0.0761364688147533,0.0188055128148332,4.048622820244006,1
speech_speaker_session_19_0798,speaker_session_19,speech,NORMAL_SPEECH,data/processed\speech\speech_speaker_session_19_0798.wav,1.0,16000,1,0.1744983093158795,0.0258096216962805,6.760976342836639,1
speech_speaker_session_19_0799,speaker_session_19,speech,NORMAL_SPEECH,data/processed\speech\speech_speaker_session_19_0799.wav,1.0,16000,1,0.2141584550682511,0.0378340206397032,5.660471576705658,1
speech_speaker_session_21_0840,speaker_session_21,speech,NORMAL_SPEECH,data/processed\speech\speech_speaker_session_21_0840.wav,1.0,16000,1,0.1320749463879001,0.0238633196247256,5.534640323245274,1
speech_speaker_session_21_0841,speaker_session_21,speech,NORMAL_SPEECH,data/processed\speech\speech_speaker_session_21_0841.wav,1.0,16000,1,0.1261461095871983,0.0238686002554709,5.285021131814076,1
speech_speaker_session_21_0842,speaker_session_21,speech,NORMAL_SPEECH,data/processed\speech\speech_speaker_session_21_0842.wav,1.0,16000,1,0.1593976240157083,0.0291598471060474,5.4663376242214445,1
speech_speaker_session_21_0843,speaker_session_21,speech,NORMAL_SPEECH,data/processed\speech\speech_speaker_session_21_0843.wav,1.0,16000,1,0.1727560630704715,0.0271227532811777,6.36941233750908,1
speech_speaker_session_21_0844,speaker_session_21,speech,NORMAL_SPEECH,data/processed\speech\speech_speaker_session_21_0844.wav,1.0,16000,1,0.1475453965455569,0.026310391981412,5.607873138912724,1
speech_speaker_session_21_0845,speaker_session_21,speech,NORMAL_SPEECH,data/processed\speech\speech_speaker_session_21_0845.wav,1.0,16000,1,0.105462958181079,0.0188659615285887,5.590115410768242,1
speech_speaker_session_21_0846,speaker_session_21,speech,NORMAL_SPEECH,data/processed\speech\speech_speaker_session_21_0846.wav,1.0,16000,1,0.247035478862378,0.0347326258099025,7.1124886753324486,1
speech_speaker_session_21_0847,speaker_session_21,speech,NORMAL_SPEECH,data/processed\speech\speech_speaker_session_21_0847.wav,1.0,16000,1,0.18466285606742,0.0332807799702703,5.548631995586009,1
speech_speaker_session_21_0848,speaker_session_21,speech,NORMAL_SPEECH,data/processed\speech\speech_speaker_session_21_0848.wav,1.0,16000,1,0.1240865666771779,0.0242928763279912,5.107938389939295,1
speech_speaker_session_21_0849,speaker_session_21,speech,NORMAL_SPEECH,data/processed\speech\speech_speaker_session_21_0849.wav,1.0,16000,1,0.0772837222796194,0.0173448804113456,4.455705423717549,1
speech_speaker_session_21_0850,speaker_session_21,speech,NORMAL_SPEECH,data/processed\speech\speech_speaker_session_21_0850.wav,1.0,16000,1,0.1645692768440751,0.024316854948278,6.767701230981621,1
speech_speaker_session_21_0851,speaker_session_21,speech,NORMAL_SPEECH,data/processed\speech\speech_speaker_session_21_0851.wav,1.0,16000,1,0.171440095856152,0.0377285599007893,4.5440390745519625,1
speech_speaker_session_21_0852,speaker_session_21,speech,NORMAL_SPEECH,data/processed\speech\speech_speaker_session_21_0852.wav,1.0,16000,1,0.1371835537796043,0.0292670480647804,4.687302477616948,1
speech_speaker_session_21_0853,speaker_session_21,speech,NORMAL_SPEECH,data/processed\speech\speech_speaker_session_21_0853.wav,1.0,16000,1,0.086788861340817,0.0200263096095108,4.333739949880725,1
speech_speaker_session_21_0854,speaker_session_21,speech,NORMAL_SPEECH,data/processed\speech\speech_speaker_session_21_0854.wav,1.0,16000,1,0.1844097309648791,0.0342601690658089,5.382626010525342,1
speech_speaker_session_21_0855,speaker_session_21,speech,NORMAL_SPEECH,data/processed\speech\speech_speaker_session_21_0855.wav,1.0,16000,1,0.1693893546006346,0.0278698768324718,6.077863021792944,1
speech_speaker_session_21_0856,speaker_session_21,speech,NORMAL_SPEECH,data/processed\speech\speech_speaker_session_21_0856.wav,1.0,16000,1,0.1538702790210368,0.0350067533867896,4.3954443123154405,1
speech_speaker_session_21_0857,speaker_session_21,speech,NORMAL_SPEECH,data/processed\speech\speech_speaker_session_21_0857.wav,1.0,16000,1,0.0884059270778285,0.0178674926650812,4.94786141829444,1
speech_speaker_session_21_0858,speaker_session_21,speech,NORMAL_SPEECH,data/processed\speech\speech_speaker_session_21_0858.wav,1.0,16000,1,0.1597584668743263,0.0241006550390904,6.628799106381652,1
speech_speaker_session_21_0859,speaker_session_21,speech,NORMAL_SPEECH,data/processed\speech\speech_speaker_session_21_0859.wav,1.0,16000,1,0.1921498758512396,0.0365887375492957,5.251611184349982,1
speech_speaker_session_21_0860,speaker_session_21,speech,NORMAL_SPEECH,data/processed\speech\speech_speaker_session_21_0860.wav,1.0,16000,1,0.2001525001099523,0.0411259323239495,4.866818577270485,1
speech_speaker_session_21_0861,speaker_session_21,speech,NORMAL_SPEECH,data/processed\speech\speech_speaker_session_21_0861.wav,1.0,16000,1,0.0976327637598098,0.0200154592757594,4.877865335790641,1
speech_speaker_session_21_0862,speaker_session_21,speech,NORMAL_SPEECH,data/processed\speech\speech_speaker_session_21_0862.wav,1.0,16000,1,0.1740528295162905,0.0223814033665417,7.776668375040333,1
speech_speaker_session_21_0863,speaker_session_21,speech,NORMAL_SPEECH,data/processed\speech\speech_speaker_session_21_0863.wav,1.0,16000,1,0.1831627961262937,0.0343521285252683,5.331918302307882,1
speech_speaker_session_21_0864,speaker_session_21,speech,NORMAL_SPEECH,data/processed\speech\speech_speaker_session_21_0864.wav,1.0,16000,1,0.1289721723093281,0.0253868545694019,5.080271805789458,1
speech_speaker_session_21_0865,speaker_session_21,speech,NORMAL_SPEECH,data/processed\speech\speech_speaker_session_21_0865.wav,1.0,16000,1,0.111001152854319,0.0236444752672319,4.694589524778187,1
speech_speaker_session_21_0866,speaker_session_21,speech,NORMAL_SPEECH,data/processed\speech\speech_speaker_session_21_0866.wav,1.0,16000,1,0.1462325450407322,0.0203536124132579,7.184595551182042,1
speech_speaker_session_21_0867,speaker_session_21,speech,NORMAL_SPEECH,data/processed\speech\speech_speaker_session_21_0867.wav,1.0,16000,1,0.1892942622152582,0.0340336362973857,5.561974187579155,1
speech_speaker_session_21_0868,speaker_session_21,speech,NORMAL_SPEECH,data/processed\speech\speech_speaker_session_21_0868.wav,1.0,16000,1,0.1377477677200716,0.0272020929836637,5.063864650567508,1
speech_speaker_session_21_0869,speaker_session_21,speech,NORMAL_SPEECH,data/processed\speech\speech_speaker_session_21_0869.wav,1.0,16000,1,0.0811386271354358,0.0188654173530582,4.300916465710615,1
speech_speaker_session_21_0870,speaker_session_21,speech,NORMAL_SPEECH,data/processed\speech\speech_speaker_session_21_0870.wav,1.0,16000,1,0.1849709670205537,0.0266795450785126,6.933060408099784,1
speech_speaker_session_21_0871,speaker_session_21,speech,NORMAL_SPEECH,data/processed\speech\speech_speaker_session_21_0871.wav,1.0,16000,1,0.1742509915652248,0.0264239166763503,6.594439717439153,1
speech_speaker_session_21_0872,speaker_session_21,speech,NORMAL_SPEECH,data/processed\speech\speech_speaker_session_21_0872.wav,1.0,16000,1,0.145298689803239,0.0289308969808643,5.022265285334592,1
speech_speaker_session_21_0873,speaker_session_21,speech,NORMAL_SPEECH,data/processed\speech\speech_speaker_session_21_0873.wav,1.0,16000,1,0.1135947457490692,0.0237742092631218,4.778064191797685,1
speech_speaker_session_21_0874,speaker_session_21,speech,NORMAL_SPEECH,data/processed\speech\speech_speaker_session_21_0874.wav,1.0,16000,1,0.1801792450047064,0.0264137656917004,6.821411944575619,1
speech_speaker_session_21_0875,speaker_session_21,speech,NORMAL_SPEECH,data/processed\speech\speech_speaker_session_21_0875.wav,1.0,16000,1,0.1960307908801709,0.0363547200709958,5.392167415281302,1
speech_speaker_session_21_0876,speaker_session_21,speech,NORMAL_SPEECH,data/processed\speech\speech_speaker_session_21_0876.wav,1.0,16000,1,0.1461607460518054,0.0307760337811114,4.749172671164137,1
speech_speaker_session_21_0877,speaker_session_21,speech,NORMAL_SPEECH,data/processed\speech\speech_speaker_session_21_0877.wav,1.0,16000,1,0.0941608784809965,0.0211580766122433,4.450349419900257,1
speech_speaker_session_21_0878,speaker_session_21,speech,NORMAL_SPEECH,data/processed\speech\speech_speaker_session_21_0878.wav,1.0,16000,1,0.1839295637978673,0.0262158232306494,7.015972453731964,1
speech_speaker_session_21_0879,speaker_session_21,speech,NORMAL_SPEECH,data/processed\speech\speech_speaker_session_21_0879.wav,1.0,16000,1,0.2086139727438145,0.0516333192255924,4.04029675933454,1
speech_speaker_session_22_0880,speaker_session_22,speech,NORMAL_SPEECH,data/processed\speech\speech_speaker_session_22_0880.wav,1.0,16000,1,0.1345491884758276,0.0314564602304056,4.277313617526388,1
speech_speaker_session_22_0881,speaker_session_22,speech,NORMAL_SPEECH,data/processed\speech\speech_speaker_session_22_0881.wav,1.0,16000,1,0.1780501569428531,0.0438945222670959,4.056317444264519,1
speech_speaker_session_22_0882,speaker_session_22,speech,NORMAL_SPEECH,data/processed\speech\speech_speaker_session_22_0882.wav,1.0,16000,1,0.1766315060757681,0.0306867893510962,5.755944243479997,1
speech_speaker_session_22_0883,speaker_session_22,speech,NORMAL_SPEECH,data/processed\speech\speech_speaker_session_22_0883.wav,1.0,16000,1,0.2125335705285363,0.0425944299167688,4.989702199250298,1
speech_speaker_session_22_0884,speaker_session_22,speech,NORMAL_SPEECH,data/processed\speech\speech_speaker_session_22_0884.wav,1.0,16000,1,0.1655441416759355,0.0399658128778697,4.142142704825983,1
speech_speaker_session_22_0885,speaker_session_22,speech,NORMAL_SPEECH,data/processed\speech\speech_speaker_session_22_0885.wav,1.0,16000,1,0.1900676703857386,0.042420979003938,4.480510116539108,1
speech_speaker_session_22_0886,speaker_session_22,speech,NORMAL_SPEECH,data/processed\speech\speech_speaker_session_22_0886.wav,1.0,16000,1,0.258600972300944,0.0424630121050121,6.090027498782753,1
speech_speaker_session_22_0887,speaker_session_22,speech,NORMAL_SPEECH,data/processed\speech\speech_speaker_session_22_0887.wav,1.0,16000,1,0.1787207914950647,0.0342298285181969,5.221198791225813,1
speech_speaker_session_22_0888,speaker_session_22,speech,NORMAL_SPEECH,data/processed\speech\speech_speaker_session_22_0888.wav,1.0,16000,1,0.1554185099479226,0.0350579945733406,4.433181860729987,1
speech_speaker_session_22_0889,speaker_session_22,speech,NORMAL_SPEECH,data/processed\speech\speech_speaker_session_22_0889.wav,1.0,16000,1,0.1014078060153903,0.0217929307391465,4.653241030166796,1
speech_speaker_session_22_0890,speaker_session_22,speech,NORMAL_SPEECH,data/processed\speech\speech_speaker_session_22_0890.wav,1.0,16000,1,0.2725541593873605,0.0361494691816585,7.539642770998725,1
speech_speaker_session_22_0891,speaker_session_22,speech,NORMAL_SPEECH,data/processed\speech\speech_speaker_session_22_0891.wav,1.0,16000,1,0.2107104274333285,0.0474107295990914,4.4443606915882485,1
speech_speaker_session_22_0892,speaker_session_22,speech,NORMAL_SPEECH,data/processed\speech\speech_speaker_session_22_0892.wav,1.0,16000,1,0.1427656983472322,0.0314579878489492,4.53829576290091,1
speech_speaker_session_22_0893,speaker_session_22,speech,NORMAL_SPEECH,data/processed\speech\speech_speaker_session_22_0893.wav,1.0,16000,1,0.0924906745763428,0.0204259130070178,4.52810257556367,1
speech_speaker_session_22_0894,speaker_session_22,speech,NORMAL_SPEECH,data/processed\speech\speech_speaker_session_22_0894.wav,1.0,16000,1,0.2408961639303584,0.0474120843631992,5.080901132208562,1
speech_speaker_session_22_0895,speaker_session_22,speech,NORMAL_SPEECH,data/processed\speech\speech_speaker_session_22_0895.wav,1.0,16000,1,0.2209641530200015,0.0667119708137422,3.3122109450913526,1
speech_speaker_session_22_0896,speaker_session_22,speech,NORMAL_SPEECH,data/processed\speech\speech_speaker_session_22_0896.wav,1.0,16000,1,0.1513414183669579,0.0288544303632267,5.244995794818245,1
speech_speaker_session_22_0897,speaker_session_22,speech,NORMAL_SPEECH,data/processed\speech\speech_speaker_session_22_0897.wav,1.0,16000,1,0.1110184499263158,0.0224658873507339,4.94164324678929,1
speech_speaker_session_22_0898,speaker_session_22,speech,NORMAL_SPEECH,data/processed\speech\speech_speaker_session_22_0898.wav,1.0,16000,1,0.1993425813898937,0.0305051263395426,6.53472186359297,1
speech_speaker_session_22_0899,speaker_session_22,speech,NORMAL_SPEECH,data/processed\speech\speech_speaker_session_22_0899.wav,1.0,16000,1,0.2109458391780628,0.0363957649517577,5.795888106728591,1
speech_speaker_session_22_0900,speaker_session_22,speech,NORMAL_SPEECH,data/processed\speech\speech_speaker_session_22_0900.wav,1.0,16000,1,0.1153622750689554,0.0272877646422385,4.227617553334198,1
speech_speaker_session_22_0901,speaker_session_22,speech,NORMAL_SPEECH,data/processed\speech\speech_speaker_session_22_0901.wav,1.0,16000,1,0.1072822296966465,0.0211983833234481,5.060866078844696,1
speech_speaker_session_22_0902,speaker_session_22,speech,NORMAL_SPEECH,data/processed\speech\speech_speaker_session_22_0902.wav,1.0,16000,1,0.1810490824817431,0.034222353737209,5.290373390687014,1
speech_speaker_session_22_0903,speaker_session_22,speech,NORMAL_SPEECH,data/processed\speech\speech_speaker_session_22_0903.wav,1.0,16000,1,0.2021016208479107,0.0379054282686673,5.33173154246228,1
speech_speaker_session_22_0904,speaker_session_22,speech,NORMAL_SPEECH,data/processed\speech\speech_speaker_session_22_0904.wav,1.0,16000,1,0.1716465729811299,0.0267239324884266,6.422950994429993,1
speech_speaker_session_22_0905,speaker_session_22,speech,NORMAL_SPEECH,data/processed\speech\speech_speaker_session_22_0905.wav,1.0,16000,1,0.1290553492009388,0.0274313672396055,4.704661675339007,1
speech_speaker_session_22_0906,speaker_session_22,speech,NORMAL_SPEECH,data/processed\speech\speech_speaker_session_22_0906.wav,1.0,16000,1,0.1864874143397689,0.0245538756600268,7.595026584462996,1
speech_speaker_session_22_0907,speaker_session_22,speech,NORMAL_SPEECH,data/processed\speech\speech_speaker_session_22_0907.wav,1.0,16000,1,0.2232253094977082,0.0538334947198136,4.146586975147265,1
speech_speaker_session_22_0908,speaker_session_22,speech,NORMAL_SPEECH,data/processed\speech\speech_speaker_session_22_0908.wav,1.0,16000,1,0.1490915012187066,0.0285216299674322,5.227311661915245,1
speech_speaker_session_22_0909,speaker_session_22,speech,NORMAL_SPEECH,data/processed\speech\speech_speaker_session_22_0909.wav,1.0,16000,1,0.1072920208938303,0.0248372884535138,4.319794324436726,1
speech_speaker_session_22_0910,speaker_session_22,speech,NORMAL_SPEECH,data/processed\speech\speech_speaker_session_22_0910.wav,1.0,16000,1,0.2373426576655162,0.0375429681091799,6.321892125214268,1
speech_speaker_session_22_0911,speaker_session_22,speech,NORMAL_SPEECH,data/processed\speech\speech_speaker_session_22_0911.wav,1.0,16000,1,0.1806847431845754,0.0312589650526211,5.780251683889572,1
speech_speaker_session_22_0912,speaker_session_22,speech,NORMAL_SPEECH,data/processed\speech\speech_speaker_session_22_0912.wav,1.0,16000,1,0.1608128279521421,0.0453601968877864,3.545240178246238,1
speech_speaker_session_22_0913,speaker_session_22,speech,NORMAL_SPEECH,data/processed\speech\speech_speaker_session_22_0913.wav,1.0,16000,1,0.1135040027353481,0.0247371447399707,4.588401694878276,1
speech_speaker_session_22_0914,speaker_session_22,speech,NORMAL_SPEECH,data/processed\speech\speech_speaker_session_22_0914.wav,1.0,16000,1,0.1961139379057361,0.0379411692504181,5.168894108729496,1
speech_speaker_session_22_0915,speaker_session_22,speech,NORMAL_SPEECH,data/processed\speech\speech_speaker_session_22_0915.wav,1.0,16000,1,0.1843779373842386,0.0311687395494244,5.915474314805917,1
speech_speaker_session_22_0916,speaker_session_22,speech,NORMAL_SPEECH,data/processed\speech\speech_speaker_session_22_0916.wav,1.0,16000,1,0.191302885251204,0.0389757881172771,4.908248053717296,1
speech_speaker_session_22_0917,speaker_session_22,speech,NORMAL_SPEECH,data/processed\speech\speech_speaker_session_22_0917.wav,1.0,16000,1,0.0872894615061546,0.0186882051686596,4.6708292214304095,1
speech_speaker_session_22_0918,speaker_session_22,speech,NORMAL_SPEECH,data/processed\speech\speech_speaker_session_22_0918.wav,1.0,16000,1,0.2074747211141349,0.0381290634962666,5.4413785096154905,1
speech_speaker_session_22_0919,speaker_session_22,speech,NORMAL_SPEECH,data/processed\speech\speech_speaker_session_22_0919.wav,1.0,16000,1,0.2031077713410002,0.0445342479423544,4.560708558429437,1
speech_speaker_session_25_1000,speaker_session_25,speech,NORMAL_SPEECH,data/processed\speech\speech_speaker_session_25_1000.wav,1.0,16000,1,0.1576841274267165,0.0365716200719239,4.311651603076088,1
speech_speaker_session_25_1001,speaker_session_25,speech,NORMAL_SPEECH,data/processed\speech\speech_speaker_session_25_1001.wav,1.0,16000,1,0.0997019497337017,0.0234737427481903,4.247380076088936,1
speech_speaker_session_25_1002,speaker_session_25,speech,NORMAL_SPEECH,data/processed\speech\speech_speaker_session_25_1002.wav,1.0,16000,1,0.226071914893912,0.0438881104404083,5.151095846104282,1
speech_speaker_session_25_1003,speaker_session_25,speech,NORMAL_SPEECH,data/processed\speech\speech_speaker_session_25_1003.wav,1.0,16000,1,0.1636774483327315,0.0363544617644232,4.502264519021499,1
speech_speaker_session_25_1004,speaker_session_25,speech,NORMAL_SPEECH,data/processed\speech\speech_speaker_session_25_1004.wav,1.0,16000,1,0.1555200976267156,0.0351792698555191,4.420786845706759,1
speech_speaker_session_25_1005,speaker_session_25,speech,NORMAL_SPEECH,data/processed\speech\speech_speaker_session_25_1005.wav,1.0,16000,1,0.1309437470606529,0.0285704559288791,4.58318556605317,1
speech_speaker_session_25_1006,speaker_session_25,speech,NORMAL_SPEECH,data/processed\speech\speech_speaker_session_25_1006.wav,1.0,16000,1,0.2093917635016354,0.0398998617853898,5.247930735915513,1
speech_speaker_session_25_1007,speaker_session_25,speech,NORMAL_SPEECH,data/processed\speech\speech_speaker_session_25_1007.wav,1.0,16000,1,0.1902856592749261,0.0350499380231696,5.428985490909668,1
speech_speaker_session_25_1008,speaker_session_25,speech,NORMAL_SPEECH,data/processed\speech\speech_speaker_session_25_1008.wav,1.0,16000,1,0.1964542099312662,0.0441531191161131,4.449383630651277,1
speech_speaker_session_25_1009,speaker_session_25,speech,NORMAL_SPEECH,data/processed\speech\speech_speaker_session_25_1009.wav,1.0,16000,1,0.1032017835696314,0.0225418579397032,4.578226784296826,1
speech_speaker_session_25_1010,speaker_session_25,speech,NORMAL_SPEECH,data/processed\speech\speech_speaker_session_25_1010.wav,1.0,16000,1,0.1686513580839367,0.0310282626822681,5.43540917700896,1
speech_speaker_session_25_1011,speaker_session_25,speech,NORMAL_SPEECH,data/processed\speech\speech_speaker_session_25_1011.wav,1.0,16000,1,0.1918731587637991,0.0310696442158015,6.175580758997166,1
speech_speaker_session_25_1012,speaker_session_25,speech,NORMAL_SPEECH,data/processed\speech\speech_speaker_session_25_1012.wav,1.0,16000,1,0.1260051688991477,0.0253723665722813,4.966234382505781,1
speech_speaker_session_25_1013,speaker_session_25,speech,NORMAL_SPEECH,data/processed\speech\speech_speaker_session_25_1013.wav,1.0,16000,1,0.1369785455272621,0.029689684808005,4.613673074548728,1
speech_speaker_session_25_1014,speaker_session_25,speech,NORMAL_SPEECH,data/processed\speech\speech_speaker_session_25_1014.wav,1.0,16000,1,0.222408110848986,0.0318963247514322,6.9728422585920775,1
speech_speaker_session_25_1015,speaker_session_25,speech,NORMAL_SPEECH,data/processed\speech\speech_speaker_session_25_1015.wav,1.0,16000,1,0.2032755219011056,0.0395454524736955,5.140299523271933,1
speech_speaker_session_25_1016,speaker_session_25,speech,NORMAL_SPEECH,data/processed\speech\speech_speaker_session_25_1016.wav,1.0,16000,1,0.1913595868998055,0.0359073486439019,5.3292582391688565,1
speech_speaker_session_25_1017,speaker_session_25,speech,NORMAL_SPEECH,data/processed\speech\speech_speaker_session_25_1017.wav,1.0,16000,1,0.1303838524896645,0.0307313689701891,4.2426944985496,1
speech_speaker_session_25_1018,speaker_session_25,speech,NORMAL_SPEECH,data/processed\speech\speech_speaker_session_25_1018.wav,1.0,16000,1,0.1988077882938815,0.0376653480227948,5.278266256584214,1
speech_speaker_session_25_1019,speaker_session_25,speech,NORMAL_SPEECH,data/processed\speech\speech_speaker_session_25_1019.wav,1.0,16000,1,0.1894986397241105,0.0350504601845422,5.406450718817515,1
speech_speaker_session_25_1020,speaker_session_25,speech,NORMAL_SPEECH,data/processed\speech\speech_speaker_session_25_1020.wav,1.0,16000,1,0.169864504696789,0.0379118898040213,4.480506267817562,1
speech_speaker_session_25_1021,speaker_session_25,speech,NORMAL_SPEECH,data/processed\speech\speech_speaker_session_25_1021.wav,1.0,16000,1,0.104890021980104,0.0263350314765209,3.982907035617117,1
speech_speaker_session_25_1022,speaker_session_25,speech,NORMAL_SPEECH,data/processed\speech\speech_speaker_session_25_1022.wav,1.0,16000,1,0.1772302542005255,0.027311061841295,6.489318882481528,1
speech_speaker_session_25_1023,speaker_session_25,speech,NORMAL_SPEECH,data/processed\speech\speech_speaker_session_25_1023.wav,1.0,16000,1,0.1837656553280917,0.0340995549562125,5.389090903771537,1
speech_speaker_session_25_1024,speaker_session_25,speech,NORMAL_SPEECH,data/processed\speech\speech_speaker_session_25_1024.wav,1.0,16000,1,0.1860391490513126,0.0357302171974454,5.206772070696876,1
speech_speaker_session_25_1025,speaker_session_25,speech,NORMAL_SPEECH,data/processed\speech\speech_speaker_session_25_1025.wav,1.0,16000,1,0.1220646279926533,0.0285571277584577,4.274399942497795,1
speech_speaker_session_25_1026,speaker_session_25,speech,NORMAL_SPEECH,data/processed\speech\speech_speaker_session_25_1026.wav,1.0,16000,1,0.2284406417675614,0.0297195429206504,7.686543683126231,1
speech_speaker_session_25_1027,speaker_session_25,speech,NORMAL_SPEECH,data/processed\speech\speech_speaker_session_25_1027.wav,1.0,16000,1,0.1787403979677065,0.0334818237428978,5.338429171479321,1
speech_speaker_session_25_1028,speaker_session_25,speech,NORMAL_SPEECH,data/processed\speech\speech_speaker_session_25_1028.wav,1.0,16000,1,0.1321696118148713,0.0261288291913396,5.058380544462865,1
speech_speaker_session_25_1029,speaker_session_25,speech,NORMAL_SPEECH,data/processed\speech\speech_speaker_session_25_1029.wav,1.0,16000,1,0.0905473219903685,0.0205599295425713,4.404065576305868,1
speech_speaker_session_25_1030,speaker_session_25,speech,NORMAL_SPEECH,data/processed\speech\speech_speaker_session_25_1030.wav,1.0,16000,1,0.2177123786444947,0.0410917268716652,5.298203366882216,1
speech_speaker_session_25_1031,speaker_session_25,speech,NORMAL_SPEECH,data/processed\speech\speech_speaker_session_25_1031.wav,1.0,16000,1,0.2081057724236582,0.0505468123119184,4.117089124603366,1
speech_speaker_session_25_1032,speaker_session_25,speech,NORMAL_SPEECH,data/processed\speech\speech_speaker_session_25_1032.wav,1.0,16000,1,0.1590483841088923,0.0338992399947851,4.691796548105327,1
speech_speaker_session_25_1033,speaker_session_25,speech,NORMAL_SPEECH,data/processed\speech\speech_speaker_session_25_1033.wav,1.0,16000,1,0.1305798437819411,0.0301341116218858,4.3332885365108265,1
speech_speaker_session_25_1034,speaker_session_25,speech,NORMAL_SPEECH,data/processed\speech\speech_speaker_session_25_1034.wav,1.0,16000,1,0.2291005776955052,0.0434638951434249,5.271053692472053,1
speech_speaker_session_25_1035,speaker_session_25,speech,NORMAL_SPEECH,data/processed\speech\speech_speaker_session_25_1035.wav,1.0,16000,1,0.1891277143606604,0.0304604915382542,6.208949452888737,1
speech_speaker_session_25_1036,speaker_session_25,speech,NORMAL_SPEECH,data/processed\speech\speech_speaker_session_25_1036.wav,1.0,16000,1,0.2145031226402564,0.0446522174571679,4.80386164040788,1
speech_speaker_session_25_1037,speaker_session_25,speech,NORMAL_SPEECH,data/processed\speech\speech_speaker_session_25_1037.wav,1.0,16000,1,0.1284566665110323,0.0262717150470828,4.889540609945441,1
speech_speaker_session_25_1038,speaker_session_25,speech,NORMAL_SPEECH,data/processed\speech\speech_speaker_session_25_1038.wav,1.0,16000,1,0.1842219988615041,0.0250585943034349,7.351646429735564,1
speech_speaker_session_25_1039,speaker_session_25,speech,NORMAL_SPEECH,data/processed\speech\speech_speaker_session_25_1039.wav,1.0,16000,1,0.2144943865102972,0.0459709056301821,4.6658715313791,1
speech_speaker_session_26_1040,speaker_session_26,speech,NORMAL_SPEECH,data/processed\speech\speech_speaker_session_26_1040.wav,1.0,16000,1,0.1892804097042932,0.0364228568605614,5.196746605063248,1
speech_speaker_session_26_1041,speaker_session_26,speech,NORMAL_SPEECH,data/processed\speech\speech_speaker_session_26_1041.wav,1.0,16000,1,0.1126539803840712,0.0216231541179329,5.209874917919298,1
speech_speaker_session_26_1042,speaker_session_26,speech,NORMAL_SPEECH,data/processed\speech\speech_speaker_session_26_1042.wav,1.0,16000,1,0.2237545486917951,0.039669353638611,5.640487473663682,1
speech_speaker_session_26_1043,speaker_session_26,speech,NORMAL_SPEECH,data/processed\speech\speech_speaker_session_26_1043.wav,1.0,16000,1,0.1621654981136714,0.0316638709889282,5.121466258996327,1
speech_speaker_session_26_1044,speaker_session_26,speech,NORMAL_SPEECH,data/processed\speech\speech_speaker_session_26_1044.wav,1.0,16000,1,0.2156647035741555,0.0391912955132071,5.502871127920923,1
speech_speaker_session_26_1045,speaker_session_26,speech,NORMAL_SPEECH,data/processed\speech\speech_speaker_session_26_1045.wav,1.0,16000,1,0.0836980539632,0.018958854508675,4.414718715084542,1
speech_speaker_session_26_1046,speaker_session_26,speech,NORMAL_SPEECH,data/processed\speech\speech_speaker_session_26_1046.wav,1.0,16000,1,0.1548670161685733,0.0261318182968401,5.926375085944507,1
speech_speaker_session_26_1047,speaker_session_26,speech,NORMAL_SPEECH,data/processed\speech\speech_speaker_session_26_1047.wav,1.0,16000,1,0.186558107908006,0.0339898993887484,5.488632104731695,1
speech_speaker_session_26_1048,speaker_session_26,speech,NORMAL_SPEECH,data/processed\speech\speech_speaker_session_26_1048.wav,1.0,16000,1,0.15243453085365,0.0333771027709266,4.567037655408863,1
speech_speaker_session_26_1049,speaker_session_26,speech,NORMAL_SPEECH,data/processed\speech\speech_speaker_session_26_1049.wav,1.0,16000,1,0.0972873524194164,0.0211395030709076,4.602156733368856,1
speech_speaker_session_26_1050,speaker_session_26,speech,NORMAL_SPEECH,data/processed\speech\speech_speaker_session_26_1050.wav,1.0,16000,1,0.225153816350302,0.039608967959556,5.684413684700526,1
speech_speaker_session_26_1051,speaker_session_26,speech,NORMAL_SPEECH,data/processed\speech\speech_speaker_session_26_1051.wav,1.0,16000,1,0.1815847031045684,0.0354958884954282,5.1156530980038655,1
speech_speaker_session_26_1052,speaker_session_26,speech,NORMAL_SPEECH,data/processed\speech\speech_speaker_session_26_1052.wav,1.0,16000,1,0.1643198815540045,0.0364565943397675,4.507273360474804,1
speech_speaker_session_26_1053,speaker_session_26,speech,NORMAL_SPEECH,data/processed\speech\speech_speaker_session_26_1053.wav,1.0,16000,1,0.1466954459444766,0.0292861332050833,5.009039425820129,1
speech_speaker_session_26_1054,speaker_session_26,speech,NORMAL_SPEECH,data/processed\speech\speech_speaker_session_26_1054.wav,1.0,16000,1,0.2059027615714552,0.0262621240362747,7.840290560053137,1
speech_speaker_session_26_1055,speaker_session_26,speech,NORMAL_SPEECH,data/processed\speech\speech_speaker_session_26_1055.wav,1.0,16000,1,0.1743452138209689,0.0287907945856997,6.055586717002181,1
speech_speaker_session_26_1056,speaker_session_26,speech,NORMAL_SPEECH,data/processed\speech\speech_speaker_session_26_1056.wav,1.0,16000,1,0.1559757646458597,0.0314103042616196,4.9657498917942045,1
speech_speaker_session_26_1057,speaker_session_26,speech,NORMAL_SPEECH,data/processed\speech\speech_speaker_session_26_1057.wav,1.0,16000,1,0.126617277962428,0.0285146804607567,4.440422670436658,1
speech_speaker_session_26_1058,speaker_session_26,speech,NORMAL_SPEECH,data/processed\speech\speech_speaker_session_26_1058.wav,1.0,16000,1,0.1966226846885572,0.0286394743322264,6.865440816171,1
speech_speaker_session_26_1059,speaker_session_26,speech,NORMAL_SPEECH,data/processed\speech\speech_speaker_session_26_1059.wav,1.0,16000,1,0.1999017475456912,0.0368161792448631,5.429724032983208,1
speech_speaker_session_26_1060,speaker_session_26,speech,NORMAL_SPEECH,data/processed\speech\speech_speaker_session_26_1060.wav,1.0,16000,1,0.1671983053626152,0.0369926857524257,4.519765374267201,1
speech_speaker_session_26_1061,speaker_session_26,speech,NORMAL_SPEECH,data/processed\speech\speech_speaker_session_26_1061.wav,1.0,16000,1,0.1181653200638739,0.0275143329901648,4.294680781805791,1
speech_speaker_session_26_1062,speaker_session_26,speech,NORMAL_SPEECH,data/processed\speech\speech_speaker_session_26_1062.wav,1.0,16000,1,0.2008880654537887,0.0292975327430731,6.856823018076665,1
speech_speaker_session_26_1063,speaker_session_26,speech,NORMAL_SPEECH,data/processed\speech\speech_speaker_session_26_1063.wav,1.0,16000,1,0.1809663714492679,0.0294893167788426,6.136673543158114,1
speech_speaker_session_26_1064,speaker_session_26,speech,NORMAL_SPEECH,data/processed\speech\speech_speaker_session_26_1064.wav,1.0,16000,1,0.1702048021180662,0.0326195085149308,5.217882110680422,1
speech_speaker_session_26_1065,speaker_session_26,speech,NORMAL_SPEECH,data/processed\speech\speech_speaker_session_26_1065.wav,1.0,16000,1,0.1268073779884297,0.0255160180192174,4.969714639477759,1
speech_speaker_session_26_1066,speaker_session_26,speech,NORMAL_SPEECH,data/processed\speech\speech_speaker_session_26_1066.wav,1.0,16000,1,0.1923344463980726,0.0345568739271739,5.565734653720605,1
speech_speaker_session_26_1067,speaker_session_26,speech,NORMAL_SPEECH,data/processed\speech\speech_speaker_session_26_1067.wav,1.0,16000,1,0.1849313308836049,0.0395435152068688,4.676652623056524,1
speech_speaker_session_26_1068,speaker_session_26,speech,NORMAL_SPEECH,data/processed\speech\speech_speaker_session_26_1068.wav,1.0,16000,1,0.1722506990884056,0.0390171972437878,4.414736759915864,1
speech_speaker_session_26_1069,speaker_session_26,speech,NORMAL_SPEECH,data/processed\speech\speech_speaker_session_26_1069.wav,1.0,16000,1,0.1554089986696409,0.0339643723954291,4.575646242004261,1
speech_speaker_session_26_1070,speaker_session_26,speech,NORMAL_SPEECH,data/processed\speech\speech_speaker_session_26_1070.wav,1.0,16000,1,0.2169529401581482,0.0348609303084416,6.22338176304477,1
speech_speaker_session_26_1071,speaker_session_26,speech,NORMAL_SPEECH,data/processed\speech\speech_speaker_session_26_1071.wav,1.0,16000,1,0.1945110804461596,0.0354776804511342,5.482630858231103,1
speech_speaker_session_26_1072,speaker_session_26,speech,NORMAL_SPEECH,data/processed\speech\speech_speaker_session_26_1072.wav,1.0,16000,1,0.1415135987586764,0.0310922413721788,4.551410480532191,1
speech_speaker_session_26_1073,speaker_session_26,speech,NORMAL_SPEECH,data/processed\speech\speech_speaker_session_26_1073.wav,1.0,16000,1,0.1065613139630835,0.0204681737365768,5.206192954612642,1
speech_speaker_session_26_1074,speaker_session_26,speech,NORMAL_SPEECH,data/processed\speech\speech_speaker_session_26_1074.wav,1.0,16000,1,0.2279737989158446,0.0407715804431074,5.591486533593991,1
speech_speaker_session_26_1075,speaker_session_26,speech,NORMAL_SPEECH,data/processed\speech\speech_speaker_session_26_1075.wav,1.0,16000,1,0.1936953191885747,0.0335378144806414,5.775428853483877,1
speech_speaker_session_26_1076,speaker_session_26,speech,NORMAL_SPEECH,data/processed\speech\speech_speaker_session_26_1076.wav,1.0,16000,1,0.156914117899928,0.0436834444335807,3.5920720999414266,1
speech_speaker_session_26_1077,speaker_session_26,speech,NORMAL_SPEECH,data/processed\speech\speech_speaker_session_26_1077.wav,1.0,16000,1,0.0904392381621008,0.020013936491938,4.51881083016442,1
speech_speaker_session_26_1078,speaker_session_26,speech,NORMAL_SPEECH,data/processed\speech\speech_speaker_session_26_1078.wav,1.0,16000,1,0.1627900020523277,0.0255963381365685,6.359891699541145,1
speech_speaker_session_26_1079,speaker_session_26,speech,NORMAL_SPEECH,data/processed\speech\speech_speaker_session_26_1079.wav,1.0,16000,1,0.1891096588542718,0.032998859114884,5.730792112781054,1
speech_speaker_session_27_1080,speaker_session_27,speech,NORMAL_SPEECH,data/processed\speech\speech_speaker_session_27_1080.wav,1.0,16000,1,0.142644960772288,0.0349938140496702,4.076289592409733,1
speech_speaker_session_27_1081,speaker_session_27,speech,NORMAL_SPEECH,data/processed\speech\speech_speaker_session_27_1081.wav,1.0,16000,1,0.1022020336900663,0.0193633194087662,5.278122968036524,1
speech_speaker_session_27_1082,speaker_session_27,speech,NORMAL_SPEECH,data/processed\speech\speech_speaker_session_27_1082.wav,1.0,16000,1,0.241106387646387,0.036925440751258,6.529544873278832,1
speech_speaker_session_27_1083,speaker_session_27,speech,NORMAL_SPEECH,data/processed\speech\speech_speaker_session_27_1083.wav,1.0,16000,1,0.1828550376826571,0.0335258376341103,5.4541510681034735,1
speech_speaker_session_27_1084,speaker_session_27,speech,NORMAL_SPEECH,data/processed\speech\speech_speaker_session_27_1084.wav,1.0,16000,1,0.1424932457796879,0.0331822830733887,4.294255537570536,1
speech_speaker_session_27_1085,speaker_session_27,speech,NORMAL_SPEECH,data/processed\speech\speech_speaker_session_27_1085.wav,1.0,16000,1,0.1103172565157642,0.0238819208989332,4.619277100441312,1
speech_speaker_session_27_1086,speaker_session_27,speech,NORMAL_SPEECH,data/processed\speech\speech_speaker_session_27_1086.wav,1.0,16000,1,0.225718106522088,0.0275527216438484,8.192222442397378,1
speech_speaker_session_27_1087,speaker_session_27,speech,NORMAL_SPEECH,data/processed\speech\speech_speaker_session_27_1087.wav,1.0,16000,1,0.191162761881955,0.0390313333461078,4.89767313891382,1
speech_speaker_session_27_1088,speaker_session_27,speech,NORMAL_SPEECH,data/processed\speech\speech_speaker_session_27_1088.wav,1.0,16000,1,0.1292593704209586,0.0283248174813529,4.563465408785054,1
speech_speaker_session_27_1089,speaker_session_27,speech,NORMAL_SPEECH,data/processed\speech\speech_speaker_session_27_1089.wav,1.0,16000,1,0.0750509099778937,0.0167036831751749,4.493072830709946,1
speech_speaker_session_27_1090,speaker_session_27,speech,NORMAL_SPEECH,data/processed\speech\speech_speaker_session_27_1090.wav,1.0,16000,1,0.1761965338104821,0.0284017987109307,6.203708207592824,1
speech_speaker_session_27_1091,speaker_session_27,speech,NORMAL_SPEECH,data/processed\speech\speech_speaker_session_27_1091.wav,1.0,16000,1,0.1786054826623589,0.0302840461572432,5.897673737460713,1
speech_speaker_session_27_1092,speaker_session_27,speech,NORMAL_SPEECH,data/processed\speech\speech_speaker_session_27_1092.wav,1.0,16000,1,0.1152669431941273,0.0245385018580807,4.69738930627813,1
speech_speaker_session_27_1093,speaker_session_27,speech,NORMAL_SPEECH,data/processed\speech\speech_speaker_session_27_1093.wav,1.0,16000,1,0.1139518411804194,0.0240516545950676,4.737794373025965,1
speech_speaker_session_27_1094,speaker_session_27,speech,NORMAL_SPEECH,data/processed\speech\speech_speaker_session_27_1094.wav,1.0,16000,1,0.1650349554726244,0.0242656643204038,6.801169145085514,1
speech_speaker_session_27_1095,speaker_session_27,speech,NORMAL_SPEECH,data/processed\speech\speech_speaker_session_27_1095.wav,1.0,16000,1,0.1659591000159928,0.0255836229554593,6.4869246797327245,1
speech_speaker_session_27_1096,speaker_session_27,speech,NORMAL_SPEECH,data/processed\speech\speech_speaker_session_27_1096.wav,1.0,16000,1,0.1456926587254517,0.0294619065368128,4.945118167835687,1
speech_speaker_session_27_1097,speaker_session_27,speech,NORMAL_SPEECH,data/processed\speech\speech_speaker_session_27_1097.wav,1.0,16000,1,0.0962053680273737,0.0199750222548489,4.816280985179383,1
speech_speaker_session_27_1098,speaker_session_27,speech,NORMAL_SPEECH,data/processed\speech\speech_speaker_session_27_1098.wav,1.0,16000,1,0.165666610328071,0.0230326150783349,7.1926933975016585,1
speech_speaker_session_27_1099,speaker_session_27,speech,NORMAL_SPEECH,data/processed\speech\speech_speaker_session_27_1099.wav,1.0,16000,1,0.1783139235102635,0.032202891243724,5.537200582044289,1
speech_speaker_session_27_1100,speaker_session_27,speech,NORMAL_SPEECH,data/processed\speech\speech_speaker_session_27_1100.wav,1.0,16000,1,0.1036672873340709,0.0228707269218829,4.532748012805866,1
speech_speaker_session_27_1101,speaker_session_27,speech,NORMAL_SPEECH,data/processed\speech\speech_speaker_session_27_1101.wav,1.0,16000,1,0.1076215948297279,0.0206022404854836,5.223778582129084,1
speech_speaker_session_27_1102,speaker_session_27,speech,NORMAL_SPEECH,data/processed\speech\speech_speaker_session_27_1102.wav,1.0,16000,1,0.1665863715058203,0.0248858255901726,6.694023630518755,1
speech_speaker_session_27_1103,speaker_session_27,speech,NORMAL_SPEECH,data/processed\speech\speech_speaker_session_27_1103.wav,1.0,16000,1,0.1821339957259236,0.0308372662050929,5.906293231431484,1
speech_speaker_session_27_1104,speaker_session_27,speech,NORMAL_SPEECH,data/processed\speech\speech_speaker_session_27_1104.wav,1.0,16000,1,0.1383346427153982,0.0294886997493289,4.691105304074762,1
speech_speaker_session_27_1105,speaker_session_27,speech,NORMAL_SPEECH,data/processed\speech\speech_speaker_session_27_1105.wav,1.0,16000,1,0.130095209845184,0.0264848496103657,4.912059635546144,1
speech_speaker_session_27_1106,speaker_session_27,speech,NORMAL_SPEECH,data/processed\speech\speech_speaker_session_27_1106.wav,1.0,16000,1,0.1565557327922172,0.0238523245270168,6.563539204721908,1
speech_speaker_session_27_1107,speaker_session_27,speech,NORMAL_SPEECH,data/processed\speech\speech_speaker_session_27_1107.wav,1.0,16000,1,0.1695300591308286,0.0250460418855236,6.768733846982693,1
speech_speaker_session_27_1108,speaker_session_27,speech,NORMAL_SPEECH,data/processed\speech\speech_speaker_session_27_1108.wav,1.0,16000,1,0.1055440024527912,0.0208970457504227,5.050663773563218,1
speech_speaker_session_27_1109,speaker_session_27,speech,NORMAL_SPEECH,data/processed\speech\speech_speaker_session_27_1109.wav,1.0,16000,1,0.1347228577705929,0.0312999511417419,4.304250000838663,1
speech_speaker_session_27_1110,speaker_session_27,speech,NORMAL_SPEECH,data/processed\speech\speech_speaker_session_27_1110.wav,1.0,16000,1,0.2381893697960323,0.0395669359660212,6.0199078796877865,1
speech_speaker_session_27_1111,speaker_session_27,speech,NORMAL_SPEECH,data/processed\speech\speech_speaker_session_27_1111.wav,1.0,16000,1,0.1807015782549871,0.0299037509301223,6.0427709637340286,1
speech_speaker_session_27_1112,speaker_session_27,speech,NORMAL_SPEECH,data/processed\speech\speech_speaker_session_27_1112.wav,1.0,16000,1,0.1244310165212749,0.0224386999922813,5.545372998896894,1
speech_speaker_session_27_1113,speaker_session_27,speech,NORMAL_SPEECH,data/processed\speech\speech_speaker_session_27_1113.wav,1.0,16000,1,0.1055008279269036,0.0244564908056814,4.31381532317963,1
speech_speaker_session_27_1114,speaker_session_27,speech,NORMAL_SPEECH,data/processed\speech\speech_speaker_session_27_1114.wav,1.0,16000,1,0.1903210217995647,0.0271459593088814,7.011023243782157,1
speech_speaker_session_27_1115,speaker_session_27,speech,NORMAL_SPEECH,data/processed\speech\speech_speaker_session_27_1115.wav,1.0,16000,1,0.1840663448244157,0.0398833225287331,4.615119478589429,1
speech_speaker_session_27_1116,speaker_session_27,speech,NORMAL_SPEECH,data/processed\speech\speech_speaker_session_27_1116.wav,1.0,16000,1,0.1218939267384998,0.0219149505686306,5.5621330623327765,1
speech_speaker_session_27_1117,speaker_session_27,speech,NORMAL_SPEECH,data/processed\speech\speech_speaker_session_27_1117.wav,1.0,16000,1,0.131690294841948,0.025717015868168,5.120743569533495,1
speech_speaker_session_27_1118,speaker_session_27,speech,NORMAL_SPEECH,data/processed\speech\speech_speaker_session_27_1118.wav,1.0,16000,1,0.2066184398397751,0.0347731128282672,5.941900612728798,1
speech_speaker_session_27_1119,speaker_session_27,speech,NORMAL_SPEECH,data/processed\speech\speech_speaker_session_27_1119.wav,1.0,16000,1,0.177160376786452,0.0270443162110225,6.5507410095595695,1
speech_speaker_session_29_1160,speaker_session_29,speech,NORMAL_SPEECH,data/processed\speech\speech_speaker_session_29_1160.wav,1.0,16000,1,0.145154430771545,0.027995126337446,5.184987457174398,1
speech_speaker_session_29_1161,speaker_session_29,speech,NORMAL_SPEECH,data/processed\speech\speech_speaker_session_29_1161.wav,1.0,16000,1,0.0964162827906719,0.0213023716388041,4.52607996727658,1
speech_speaker_session_29_1162,speaker_session_29,speech,NORMAL_SPEECH,data/processed\speech\speech_speaker_session_29_1162.wav,1.0,16000,1,0.1772745999171714,0.0243659518448463,7.275501826933486,1
speech_speaker_session_29_1163,speaker_session_29,speech,NORMAL_SPEECH,data/processed\speech\speech_speaker_session_29_1163.wav,1.0,16000,1,0.2034133515712825,0.0313640258686776,6.485560481533096,1
speech_speaker_session_29_1164,speaker_session_29,speech,NORMAL_SPEECH,data/processed\speech\speech_speaker_session_29_1164.wav,1.0,16000,1,0.1628395056703477,0.0349771988921355,4.655588905693422,1
speech_speaker_session_29_1165,speaker_session_29,speech,NORMAL_SPEECH,data/processed\speech\speech_speaker_session_29_1165.wav,1.0,16000,1,0.1001541831604087,0.0231786336448214,4.320968245386744,1
speech_speaker_session_29_1166,speaker_session_29,speech,NORMAL_SPEECH,data/processed\speech\speech_speaker_session_29_1166.wav,1.0,16000,1,0.2469964406883045,0.0448585202989734,5.506119773477214,1
speech_speaker_session_29_1167,speaker_session_29,speech,NORMAL_SPEECH,data/processed\speech\speech_speaker_session_29_1167.wav,1.0,16000,1,0.1982543632465784,0.0347352659587935,5.707579910456663,1
speech_speaker_session_29_1168,speaker_session_29,speech,NORMAL_SPEECH,data/processed\speech\speech_speaker_session_29_1168.wav,1.0,16000,1,0.1458595505339555,0.0271749990965611,5.367414966290229,1
speech_speaker_session_29_1169,speaker_session_29,speech,NORMAL_SPEECH,data/processed\speech\speech_speaker_session_29_1169.wav,1.0,16000,1,0.1041778210059811,0.0208308598135906,5.001126786266633,1
speech_speaker_session_29_1170,speaker_session_29,speech,NORMAL_SPEECH,data/processed\speech\speech_speaker_session_29_1170.wav,1.0,16000,1,0.1843457806403709,0.0281266378936891,6.554132626722744,1
speech_speaker_session_29_1171,speaker_session_29,speech,NORMAL_SPEECH,data/processed\speech\speech_speaker_session_29_1171.wav,1.0,16000,1,0.1748234062057857,0.0339382580873338,5.151217668382791,1
speech_speaker_session_29_1172,speaker_session_29,speech,NORMAL_SPEECH,data/processed\speech\speech_speaker_session_29_1172.wav,1.0,16000,1,0.1758065981495818,0.0358447341674638,4.904668794069981,1
speech_speaker_session_29_1173,speaker_session_29,speech,NORMAL_SPEECH,data/processed\speech\speech_speaker_session_29_1173.wav,1.0,16000,1,0.1151446077711615,0.022961301558952,5.014722590019893,1
speech_speaker_session_29_1174,speaker_session_29,speech,NORMAL_SPEECH,data/processed\speech\speech_speaker_session_29_1174.wav,1.0,16000,1,0.2085446657873097,0.03681877283253,5.664083648171472,1
speech_speaker_session_29_1175,speaker_session_29,speech,NORMAL_SPEECH,data/processed\speech\speech_speaker_session_29_1175.wav,1.0,16000,1,0.1866299542248136,0.034227673865995,5.452602488543765,1
speech_speaker_session_29_1176,speaker_session_29,speech,NORMAL_SPEECH,data/processed\speech\speech_speaker_session_29_1176.wav,1.0,16000,1,0.1397235838236107,0.0305347528960228,4.575885665115479,1
speech_speaker_session_29_1177,speaker_session_29,speech,NORMAL_SPEECH,data/processed\speech\speech_speaker_session_29_1177.wav,1.0,16000,1,0.1013303981571615,0.0239787594012431,4.22583813462539,1
speech_speaker_session_29_1178,speaker_session_29,speech,NORMAL_SPEECH,data/processed\speech\speech_speaker_session_29_1178.wav,1.0,16000,1,0.251577537949375,0.0461326456508827,5.453350439073648,1
speech_speaker_session_29_1179,speaker_session_29,speech,NORMAL_SPEECH,data/processed\speech\speech_speaker_session_29_1179.wav,1.0,16000,1,0.1741374689330496,0.027371174966433,6.362072710648256,1
speech_speaker_session_29_1180,speaker_session_29,speech,NORMAL_SPEECH,data/processed\speech\speech_speaker_session_29_1180.wav,1.0,16000,1,0.1303023832110714,0.0258662221774837,5.03754788548207,1
speech_speaker_session_29_1181,speaker_session_29,speech,NORMAL_SPEECH,data/processed\speech\speech_speaker_session_29_1181.wav,1.0,16000,1,0.0830641472506293,0.0187032661119276,4.44115494812466,1
speech_speaker_session_29_1182,speaker_session_29,speech,NORMAL_SPEECH,data/processed\speech\speech_speaker_session_29_1182.wav,1.0,16000,1,0.1846367725035851,0.0320194026951978,5.766400972472428,1
speech_speaker_session_29_1183,speaker_session_29,speech,NORMAL_SPEECH,data/processed\speech\speech_speaker_session_29_1183.wav,1.0,16000,1,0.1966906448958204,0.0381719886509432,5.152746826133509,1
speech_speaker_session_29_1184,speaker_session_29,speech,NORMAL_SPEECH,data/processed\speech\speech_speaker_session_29_1184.wav,1.0,16000,1,0.1744606819447497,0.0311098273407989,5.60789437866823,1
speech_speaker_session_29_1185,speaker_session_29,speech,NORMAL_SPEECH,data/processed\speech\speech_speaker_session_29_1185.wav,1.0,16000,1,0.0920621486135816,0.0205468629206618,4.480591716757256,1
speech_speaker_session_29_1186,speaker_session_29,speech,NORMAL_SPEECH,data/processed\speech\speech_speaker_session_29_1186.wav,1.0,16000,1,0.1935979827923356,0.0313949743804106,6.166525851598564,1
speech_speaker_session_29_1187,speaker_session_29,speech,NORMAL_SPEECH,data/processed\speech\speech_speaker_session_29_1187.wav,1.0,16000,1,0.213596148367783,0.0306080778917324,6.978421818550702,1
speech_speaker_session_29_1188,speaker_session_29,speech,NORMAL_SPEECH,data/processed\speech\speech_speaker_session_29_1188.wav,1.0,16000,1,0.1390500654081063,0.0336169066556137,4.136312286834492,1
speech_speaker_session_29_1189,speaker_session_29,speech,NORMAL_SPEECH,data/processed\speech\speech_speaker_session_29_1189.wav,1.0,16000,1,0.1068840932037125,0.0220658013105329,4.843877784484281,1
speech_speaker_session_29_1190,speaker_session_29,speech,NORMAL_SPEECH,data/processed\speech\speech_speaker_session_29_1190.wav,1.0,16000,1,0.1894966662538192,0.0299848056914565,6.319754245073184,1
speech_speaker_session_29_1191,speaker_session_29,speech,NORMAL_SPEECH,data/processed\speech\speech_speaker_session_29_1191.wav,1.0,16000,1,0.203235374783025,0.0417102271014787,4.872553811875113,1
speech_speaker_session_29_1192,speaker_session_29,speech,NORMAL_SPEECH,data/processed\speech\speech_speaker_session_29_1192.wav,1.0,16000,1,0.1770414402564726,0.0364973763599492,4.850797767008069,1
speech_speaker_session_29_1193,speaker_session_29,speech,NORMAL_SPEECH,data/processed\speech\speech_speaker_session_29_1193.wav,1.0,16000,1,0.1004943455065233,0.0240922041123862,4.17123743952024,1
speech_speaker_session_29_1194,speaker_session_29,speech,NORMAL_SPEECH,data/processed\speech\speech_speaker_session_29_1194.wav,1.0,16000,1,0.2545961194818563,0.0446218598259765,5.705635386297582,1
speech_speaker_session_29_1195,speaker_session_29,speech,NORMAL_SPEECH,data/processed\speech\speech_speaker_session_29_1195.wav,1.0,16000,1,0.1971004968947815,0.0504601538868109,3.906061370250501,1
speech_speaker_session_29_1196,speaker_session_29,speech,NORMAL_SPEECH,data/processed\speech\speech_speaker_session_29_1196.wav,1.0,16000,1,0.1419252371880646,0.0255788626041338,5.548533720955629,1
speech_speaker_session_29_1197,speaker_session_29,speech,NORMAL_SPEECH,data/processed\speech\speech_speaker_session_29_1197.wav,1.0,16000,1,0.0997285170464202,0.0211557091564014,4.714021599036204,1
speech_speaker_session_29_1198,speaker_session_29,speech,NORMAL_SPEECH,data/processed\speech\speech_speaker_session_29_1198.wav,1.0,16000,1,0.1818662497141032,0.0323652264818248,5.619184949142346,1
speech_speaker_session_29_1199,speaker_session_29,speech,NORMAL_SPEECH,data/processed\speech\speech_speaker_session_29_1199.wav,1.0,16000,1,0.2020778176645727,0.0379486590585198,5.325030433951524,1
other_imp_other_imp_session_01_0040,other_imp_session_01,other_impulse,OTHER_IMPULSE,data/processed\other_impulse\other_imp_other_imp_session_01_0040.wav,1.0,16000,1,0.632338714374157,0.024519063424964,25.789666004684484,3
other_imp_other_imp_session_01_0041,other_imp_session_01,other_impulse,OTHER_IMPULSE,data/processed\other_impulse\other_imp_other_imp_session_01_0041.wav,1.0,16000,1,0.5977016890770196,0.0275101539303855,21.72657678774665,3
other_imp_other_imp_session_01_0042,other_imp_session_01,other_impulse,OTHER_IMPULSE,data/processed\other_impulse\other_imp_other_imp_session_01_0042.wav,1.0,16000,1,0.5961016386776111,0.0259658643898645,22.95711785890378,3
other_imp_other_imp_session_01_0043,other_imp_session_01,other_impulse,OTHER_IMPULSE,data/processed\other_impulse\other_imp_other_imp_session_01_0043.wav,1.0,16000,1,0.5868408443618549,0.0216913599745252,27.05411622461154,3
other_imp_other_imp_session_01_0044,other_imp_session_01,other_impulse,OTHER_IMPULSE,data/processed\other_impulse\other_imp_other_imp_session_01_0044.wav,1.0,16000,1,0.6227127263230517,0.027279163683385,22.827404288361123,3
other_imp_other_imp_session_01_0045,other_imp_session_01,other_impulse,OTHER_IMPULSE,data/processed\other_impulse\other_imp_other_imp_session_01_0045.wav,1.0,16000,1,0.6005063890172215,0.0278104095576488,21.592856151357875,3
other_imp_other_imp_session_01_0046,other_imp_session_01,other_impulse,OTHER_IMPULSE,data/processed\other_impulse\other_imp_other_imp_session_01_0046.wav,1.0,16000,1,0.6620298779512723,0.0250677083102871,26.40965842031147,3
other_imp_other_imp_session_01_0047,other_imp_session_01,other_impulse,OTHER_IMPULSE,data/processed\other_impulse\other_imp_other_imp_session_01_0047.wav,1.0,16000,1,0.5872251611369061,0.0236003697925466,24.88202165807353,3
other_imp_other_imp_session_01_0048,other_imp_session_01,other_impulse,OTHER_IMPULSE,data/processed\other_impulse\other_imp_other_imp_session_01_0048.wav,1.0,16000,1,0.6255800902135165,0.0223146903674485,28.03443828114658,3
other_imp_other_imp_session_01_0049,other_imp_session_01,other_impulse,OTHER_IMPULSE,data/processed\other_impulse\other_imp_other_imp_session_01_0049.wav,1.0,16000,1,0.654044850999139,0.026727474242169,24.47087219556661,3
other_imp_other_imp_session_01_0050,other_imp_session_01,other_impulse,OTHER_IMPULSE,data/processed\other_impulse\other_imp_other_imp_session_01_0050.wav,1.0,16000,1,0.6180236158418406,0.0252422650662672,24.48367329091278,3
other_imp_other_imp_session_01_0051,other_imp_session_01,other_impulse,OTHER_IMPULSE,data/processed\other_impulse\other_imp_other_imp_session_01_0051.wav,1.0,16000,1,0.5895157575516602,0.0260909878925132,22.594603701256684,3
other_imp_other_imp_session_01_0052,other_imp_session_01,other_impulse,OTHER_IMPULSE,data/processed\other_impulse\other_imp_other_imp_session_01_0052.wav,1.0,16000,1,0.5956566131928053,0.0197637271711158,30.13886533885604,3
other_imp_other_imp_session_01_0053,other_imp_session_01,other_impulse,OTHER_IMPULSE,data/processed\other_impulse\other_imp_other_imp_session_01_0053.wav,1.0,16000,1,0.6252876296852588,0.0277277101467518,22.55099324343504,3
other_imp_other_imp_session_01_0054,other_imp_session_01,other_impulse,OTHER_IMPULSE,data/processed\other_impulse\other_imp_other_imp_session_01_0054.wav,1.0,16000,1,0.5814045192532968,0.0210252740034514,27.65263571031223,3
other_imp_other_imp_session_01_0055,other_imp_session_01,other_impulse,OTHER_IMPULSE,data/processed\other_impulse\other_imp_other_imp_session_01_0055.wav,1.0,16000,1,0.60558552578393,0.0248632014461601,24.356689685694526,3
other_imp_other_imp_session_01_0056,other_imp_session_01,other_impulse,OTHER_IMPULSE,data/processed\other_impulse\other_imp_other_imp_session_01_0056.wav,1.0,16000,1,0.6166302425711896,0.0259875856901108,23.72786809230832,3
other_imp_other_imp_session_01_0057,other_imp_session_01,other_impulse,OTHER_IMPULSE,data/processed\other_impulse\other_imp_other_imp_session_01_0057.wav,1.0,16000,1,0.596745407582404,0.0207796986101889,28.71769853836169,3
other_imp_other_imp_session_01_0058,other_imp_session_01,other_impulse,OTHER_IMPULSE,data/processed\other_impulse\other_imp_other_imp_session_01_0058.wav,1.0,16000,1,0.6453254823142237,0.0272709075553473,23.663504574223165,3
other_imp_other_imp_session_01_0059,other_imp_session_01,other_impulse,OTHER_IMPULSE,data/processed\other_impulse\other_imp_other_imp_session_01_0059.wav,1.0,16000,1,0.606333900276476,0.0229061482203697,26.47034454417068,3
other_imp_other_imp_session_01_0060,other_imp_session_01,other_impulse,OTHER_IMPULSE,data/processed\other_impulse\other_imp_other_imp_session_01_0060.wav,1.0,16000,1,0.6028245144197459,0.0229845605156379,26.22735604346419,3
other_imp_other_imp_session_01_0061,other_imp_session_01,other_impulse,OTHER_IMPULSE,data/processed\other_impulse\other_imp_other_imp_session_01_0061.wav,1.0,16000,1,0.620257747631179,0.0257848479055686,24.05511598717109,3
other_imp_other_imp_session_01_0062,other_imp_session_01,other_impulse,OTHER_IMPULSE,data/processed\other_impulse\other_imp_other_imp_session_01_0062.wav,1.0,16000,1,0.6064133442683846,0.0206336076523981,29.389579398254643,3
other_imp_other_imp_session_01_0063,other_imp_session_01,other_impulse,OTHER_IMPULSE,data/processed\other_impulse\other_imp_other_imp_session_01_0063.wav,1.0,16000,1,0.6204681804502237,0.0272111447771931,22.80197902406791,3
other_imp_other_imp_session_01_0064,other_imp_session_01,other_impulse,OTHER_IMPULSE,data/processed\other_impulse\other_imp_other_imp_session_01_0064.wav,1.0,16000,1,0.6588766676776612,0.021558243256362,30.56261840152654,3
other_imp_other_imp_session_01_0065,other_imp_session_01,other_impulse,OTHER_IMPULSE,data/processed\other_impulse\other_imp_other_imp_session_01_0065.wav,1.0,16000,1,0.6036025325052317,0.0235891712564317,25.588108630970638,3
other_imp_other_imp_session_01_0066,other_imp_session_01,other_impulse,OTHER_IMPULSE,data/processed\other_impulse\other_imp_other_imp_session_01_0066.wav,1.0,16000,1,0.5810286253930427,0.0227834920926148,25.502164813432312,3
other_imp_other_imp_session_01_0067,other_imp_session_01,other_impulse,OTHER_IMPULSE,data/processed\other_impulse\other_imp_other_imp_session_01_0067.wav,1.0,16000,1,0.5775941807781697,0.0271369950405618,21.284374598996312,3
other_imp_other_imp_session_01_0068,other_imp_session_01,other_impulse,OTHER_IMPULSE,data/processed\other_impulse\other_imp_other_imp_session_01_0068.wav,1.0,16000,1,0.6083521199074612,0.0252890840613637,24.055907990665865,3
other_imp_other_imp_session_01_0069,other_imp_session_01,other_impulse,OTHER_IMPULSE,data/processed\other_impulse\other_imp_other_imp_session_01_0069.wav,1.0,16000,1,0.6338968161996035,0.023011325488334,27.54715459782711,3
other_imp_other_imp_session_01_0070,other_imp_session_01,other_impulse,OTHER_IMPULSE,data/processed\other_impulse\other_imp_other_imp_session_01_0070.wav,1.0,16000,1,0.6151737609471408,0.0223398832619098,27.53700538023745,3
other_imp_other_imp_session_01_0071,other_imp_session_01,other_impulse,OTHER_IMPULSE,data/processed\other_impulse\other_imp_other_imp_session_01_0071.wav,1.0,16000,1,0.6690825124278814,0.0214690439424962,31.164974209854996,3
other_imp_other_imp_session_01_0072,other_imp_session_01,other_impulse,OTHER_IMPULSE,data/processed\other_impulse\other_imp_other_imp_session_01_0072.wav,1.0,16000,1,0.6042885943202636,0.0268715210265554,22.48805971357129,3
other_imp_other_imp_session_01_0073,other_imp_session_01,other_impulse,OTHER_IMPULSE,data/processed\other_impulse\other_imp_other_imp_session_01_0073.wav,1.0,16000,1,0.5745861908390685,0.0208258249146551,27.590067490390545,3
other_imp_other_imp_session_01_0074,other_imp_session_01,other_impulse,OTHER_IMPULSE,data/processed\other_impulse\other_imp_other_imp_session_01_0074.wav,1.0,16000,1,0.6040761847750264,0.027639252235828,21.855727537907267,3
other_imp_other_imp_session_01_0075,other_imp_session_01,other_impulse,OTHER_IMPULSE,data/processed\other_impulse\other_imp_other_imp_session_01_0075.wav,1.0,16000,1,0.6258228537237981,0.0265881175720012,23.53768056923357,3
other_imp_other_imp_session_01_0076,other_imp_session_01,other_impulse,OTHER_IMPULSE,data/processed\other_impulse\other_imp_other_imp_session_01_0076.wav,1.0,16000,1,0.6371846175758169,0.0218032922791497,29.224225276422825,3
other_imp_other_imp_session_01_0077,other_imp_session_01,other_impulse,OTHER_IMPULSE,data/processed\other_impulse\other_imp_other_imp_session_01_0077.wav,1.0,16000,1,0.6191565620863114,0.0250077131268459,24.758613926816995,3
other_imp_other_imp_session_01_0078,other_imp_session_01,other_impulse,OTHER_IMPULSE,data/processed\other_impulse\other_imp_other_imp_session_01_0078.wav,1.0,16000,1,0.5938210090278068,0.0206125796069549,28.808656280016624,3
other_imp_other_imp_session_01_0079,other_imp_session_01,other_impulse,OTHER_IMPULSE,data/processed\other_impulse\other_imp_other_imp_session_01_0079.wav,1.0,16000,1,0.5905199291802088,0.0212026618632549,27.85120351759071,3
other_imp_other_imp_session_02_0080,other_imp_session_02,other_impulse,OTHER_IMPULSE,data/processed\other_impulse\other_imp_other_imp_session_02_0080.wav,1.0,16000,1,0.8175296707145896,0.0200218547982711,40.8318445335412,3
other_imp_other_imp_session_02_0081,other_imp_session_02,other_impulse,OTHER_IMPULSE,data/processed\other_impulse\other_imp_other_imp_session_02_0081.wav,1.0,16000,1,0.5174902030219484,0.0186854169649607,27.69485567508603,3
other_imp_other_imp_session_02_0082,other_imp_session_02,other_impulse,OTHER_IMPULSE,data/processed\other_impulse\other_imp_other_imp_session_02_0082.wav,1.0,16000,1,0.580953622421532,0.0214957050364359,27.026485112814196,3
other_imp_other_imp_session_02_0083,other_imp_session_02,other_impulse,OTHER_IMPULSE,data/processed\other_impulse\other_imp_other_imp_session_02_0083.wav,1.0,16000,1,0.7184930272940233,0.0175417560131202,40.95899048913489,3
other_imp_other_imp_session_02_0084,other_imp_session_02,other_impulse,OTHER_IMPULSE,data/processed\other_impulse\other_imp_other_imp_session_02_0084.wav,1.0,16000,1,0.5583502182271449,0.0187425968274426,29.79042474548507,3
other_imp_other_imp_session_02_0085,other_imp_session_02,other_impulse,OTHER_IMPULSE,data/processed\other_impulse\other_imp_other_imp_session_02_0085.wav,1.0,16000,1,0.8415152692747707,0.0228237769645456,36.870098313745,3
other_imp_other_imp_session_02_0086,other_imp_session_02,other_impulse,OTHER_IMPULSE,data/processed\other_impulse\other_imp_other_imp_session_02_0086.wav,1.0,16000,1,0.6499282099176797,0.0221022759021728,29.405474745659035,3
other_imp_other_imp_session_02_0087,other_imp_session_02,other_impulse,OTHER_IMPULSE,data/processed\other_impulse\other_imp_other_imp_session_02_0087.wav,1.0,16000,1,0.9330320452707536,0.0243431967255753,38.32823077867123,3
other_imp_other_imp_session_02_0088,other_imp_session_02,other_impulse,OTHER_IMPULSE,data/processed\other_impulse\other_imp_other_imp_session_02_0088.wav,1.0,16000,1,0.6572486847439868,0.0198125927306511,33.17326318400293,3
other_imp_other_imp_session_02_0089,other_imp_session_02,other_impulse,OTHER_IMPULSE,data/processed\other_impulse\other_imp_other_imp_session_02_0089.wav,1.0,16000,1,0.5059324435030033,0.0169542728605457,29.840981636584416,3
other_imp_other_imp_session_02_0090,other_imp_session_02,other_impulse,OTHER_IMPULSE,data/processed\other_impulse\other_imp_other_imp_session_02_0090.wav,1.0,16000,1,0.9440608762859234,0.026158101024418,36.0905600333549,3
other_imp_other_imp_session_02_0091,other_imp_session_02,other_impulse,OTHER_IMPULSE,data/processed\other_impulse\other_imp_other_imp_session_02_0091.wav,1.0,16000,1,0.5710384801176287,0.0178794408047236,31.938256177687744,3
other_imp_other_imp_session_02_0092,other_imp_session_02,other_impulse,OTHER_IMPULSE,data/processed\other_impulse\other_imp_other_imp_session_02_0092.wav,1.0,16000,1,0.8773653911585917,0.0243515552665062,36.02911687838575,3
other_imp_other_imp_session_02_0093,other_imp_session_02,other_impulse,OTHER_IMPULSE,data/processed\other_impulse\other_imp_other_imp_session_02_0093.wav,1.0,16000,1,0.6229215485159941,0.02100198890804,29.66010765182576,3
other_imp_other_imp_session_02_0094,other_imp_session_02,other_impulse,OTHER_IMPULSE,data/processed\other_impulse\other_imp_other_imp_session_02_0094.wav,1.0,16000,1,0.6139917290797893,0.0203603390298441,30.156247723445222,3
other_imp_other_imp_session_02_0095,other_imp_session_02,other_impulse,OTHER_IMPULSE,data/processed\other_impulse\other_imp_other_imp_session_02_0095.wav,1.0,16000,1,0.5087106629105246,0.0168440518645039,30.201187041621303,3
other_imp_other_imp_session_02_0096,other_imp_session_02,other_impulse,OTHER_IMPULSE,data/processed\other_impulse\other_imp_other_imp_session_02_0096.wav,1.0,16000,1,0.8664206665652778,0.0286294551658636,30.263250170609385,3
other_imp_other_imp_session_02_0097,other_imp_session_02,other_impulse,OTHER_IMPULSE,data/processed\other_impulse\other_imp_other_imp_session_02_0097.wav,1.0,16000,1,0.867306036549466,0.0206870173926475,41.9251166485968,3
other_imp_other_imp_session_02_0098,other_imp_session_02,other_impulse,OTHER_IMPULSE,data/processed\other_impulse\other_imp_other_imp_session_02_0098.wav,1.0,16000,1,0.3412273261713892,0.0163790514636491,20.833142785909416,3
other_imp_other_imp_session_02_0099,other_imp_session_02,other_impulse,OTHER_IMPULSE,data/processed\other_impulse\other_imp_other_imp_session_02_0099.wav,1.0,16000,1,0.5132714735925071,0.0202050536666324,25.40311092610645,3
other_imp_other_imp_session_02_0100,other_imp_session_02,other_impulse,OTHER_IMPULSE,data/processed\other_impulse\other_imp_other_imp_session_02_0100.wav,1.0,16000,1,0.7289814620438769,0.0221175208398705,32.95944141873942,3
other_imp_other_imp_session_02_0101,other_imp_session_02,other_impulse,OTHER_IMPULSE,data/processed\other_impulse\other_imp_other_imp_session_02_0101.wav,1.0,16000,1,0.9440608762859234,0.0181416022743368,52.038422054769335,3
other_imp_other_imp_session_02_0102,other_imp_session_02,other_impulse,OTHER_IMPULSE,data/processed\other_impulse\other_imp_other_imp_session_02_0102.wav,1.0,16000,1,0.9440608762859234,0.0228345605715724,41.34349158557055,3
other_imp_other_imp_session_02_0103,other_imp_session_02,other_impulse,OTHER_IMPULSE,data/processed\other_impulse\other_imp_other_imp_session_02_0103.wav,1.0,16000,1,0.7135870413001135,0.0189294443640889,37.69717962150343,3
other_imp_other_imp_session_02_0104,other_imp_session_02,other_impulse,OTHER_IMPULSE,data/processed\other_impulse\other_imp_other_imp_session_02_0104.wav,1.0,16000,1,0.8485153740690874,0.0215150691904229,39.43817108731768,3
other_imp_other_imp_session_02_0105,other_imp_session_02,other_impulse,OTHER_IMPULSE,data/processed\other_impulse\other_imp_other_imp_session_02_0105.wav,1.0,16000,1,0.6332574534533676,0.0197640183469082,32.040909997603265,3
other_imp_other_imp_session_02_0106,other_imp_session_02,other_impulse,OTHER_IMPULSE,data/processed\other_impulse\other_imp_other_imp_session_02_0106.wav,1.0,16000,1,0.9440608762859234,0.0153240421215587,61.60647776430928,3
other_imp_other_imp_session_02_0107,other_imp_session_02,other_impulse,OTHER_IMPULSE,data/processed\other_impulse\other_imp_other_imp_session_02_0107.wav,1.0,16000,1,0.7882228360373646,0.0228928151669812,34.430998808055875,3
other_imp_other_imp_session_02_0108,other_imp_session_02,other_impulse,OTHER_IMPULSE,data/processed\other_impulse\other_imp_other_imp_session_02_0108.wav,1.0,16000,1,0.4896423924434006,0.017644963426397,27.74968148781063,3
other_imp_other_imp_session_02_0109,other_imp_session_02,other_impulse,OTHER_IMPULSE,data/processed\other_impulse\other_imp_other_imp_session_02_0109.wav,1.0,16000,1,0.530995003972804,0.0166989606786383,31.798067928346292,3
other_imp_other_imp_session_02_0110,other_imp_session_02,other_impulse,OTHER_IMPULSE,data/processed\other_impulse\other_imp_other_imp_session_02_0110.wav,1.0,16000,1,0.6619829843947822,0.0181231255117238,36.526956605635206,3
other_imp_other_imp_session_02_0111,other_imp_session_02,other_impulse,OTHER_IMPULSE,data/processed\other_impulse\other_imp_other_imp_session_02_0111.wav,1.0,16000,1,0.9440608762859234,0.0230028655899113,41.04099387904236,3
other_imp_other_imp_session_02_0112,other_imp_session_02,other_impulse,OTHER_IMPULSE,data/processed\other_impulse\other_imp_other_imp_session_02_0112.wav,1.0,16000,1,0.9312089021417674,0.0206260031744543,45.14730472949981,3
other_imp_other_imp_session_02_0113,other_imp_session_02,other_impulse,OTHER_IMPULSE,data/processed\other_impulse\other_imp_other_imp_session_02_0113.wav,1.0,16000,1,0.8298536053291701,0.0215138251695353,38.57302051399395,3
other_imp_other_imp_session_02_0114,other_imp_session_02,other_impulse,OTHER_IMPULSE,data/processed\other_impulse\other_imp_other_imp_session_02_0114.wav,1.0,16000,1,0.9440608762859234,0.0217095187192122,43.48601429797323,3
other_imp_other_imp_session_02_0115,other_imp_session_02,other_impulse,OTHER_IMPULSE,data/processed\other_impulse\other_imp_other_imp_session_02_0115.wav,1.0,16000,1,0.892977881906982,0.0228679012322591,39.049385527055925,3
other_imp_other_imp_session_02_0116,other_imp_session_02,other_impulse,OTHER_IMPULSE,data/processed\other_impulse\other_imp_other_imp_session_02_0116.wav,1.0,16000,1,0.6850767659682837,0.0191815412414112,35.71539951832795,3
other_imp_other_imp_session_02_0117,other_imp_session_02,other_impulse,OTHER_IMPULSE,data/processed\other_impulse\other_imp_other_imp_session_02_0117.wav,1.0,16000,1,0.8449999403217614,0.0213414366376827,39.59431404381638,3
other_imp_other_imp_session_02_0118,other_imp_session_02,other_impulse,OTHER_IMPULSE,data/processed\other_impulse\other_imp_other_imp_session_02_0118.wav,1.0,16000,1,0.9440608762859234,0.020444382105039,46.17700890471754,3
other_imp_other_imp_session_02_0119,other_imp_session_02,other_impulse,OTHER_IMPULSE,data/processed\other_impulse\other_imp_other_imp_session_02_0119.wav,1.0,16000,1,0.7195922962712934,0.017394667050007,41.36853442018938,3
other_imp_other_imp_session_05_0200,other_imp_session_05,other_impulse,OTHER_IMPULSE,data/processed\other_impulse\other_imp_other_imp_session_05_0200.wav,1.0,16000,1,0.6460918465489627,0.0289997246721226,22.27923302933002,3
other_imp_other_imp_session_05_0201,other_imp_session_05,other_impulse,OTHER_IMPULSE,data/processed\other_impulse\other_imp_other_imp_session_05_0201.wav,1.0,16000,1,0.8963757026701535,0.0320618403259309,27.957703425032296,3
other_imp_other_imp_session_05_0202,other_imp_session_05,other_impulse,OTHER_IMPULSE,data/processed\other_impulse\other_imp_other_imp_session_05_0202.wav,1.0,16000,1,0.9440608762859234,0.0255314674107539,36.976351234898765,3
other_imp_other_imp_session_05_0203,other_imp_session_05,other_impulse,OTHER_IMPULSE,data/processed\other_impulse\other_imp_other_imp_session_05_0203.wav,1.0,16000,1,0.6095387302518644,0.0244808692964724,24.898563604277747,3
other_imp_other_imp_session_05_0204,other_imp_session_05,other_impulse,OTHER_IMPULSE,data/processed\other_impulse\other_imp_other_imp_session_05_0204.wav,1.0,16000,1,0.9440608762859234,0.0245182678550675,38.50437138637786,3
other_imp_other_imp_session_05_0205,other_imp_session_05,other_impulse,OTHER_IMPULSE,data/processed\other_impulse\other_imp_other_imp_session_05_0205.wav,1.0,16000,1,0.9135957888960125,0.0270442940390068,33.78144941642071,3
other_imp_other_imp_session_05_0206,other_imp_session_05,other_impulse,OTHER_IMPULSE,data/processed\other_impulse\other_imp_other_imp_session_05_0206.wav,1.0,16000,1,0.9440608762859234,0.0278605143689527,33.88525154027495,3
other_imp_other_imp_session_05_0207,other_imp_session_05,other_impulse,OTHER_IMPULSE,data/processed\other_impulse\other_imp_other_imp_session_05_0207.wav,1.0,16000,1,0.7995304965644506,0.0342827878955615,23.32162325257477,3
other_imp_other_imp_session_05_0208,other_imp_session_05,other_impulse,OTHER_IMPULSE,data/processed\other_impulse\other_imp_other_imp_session_05_0208.wav,1.0,16000,1,0.9440608762859234,0.0298578548276487,31.618499237484382,3
other_imp_other_imp_session_05_0209,other_imp_session_05,other_impulse,OTHER_IMPULSE,data/processed\other_impulse\other_imp_other_imp_session_05_0209.wav,1.0,16000,1,0.9440608762859236,0.024713274703436,38.2005422433654,3
other_imp_other_imp_session_05_0210,other_imp_session_05,other_impulse,OTHER_IMPULSE,data/processed\other_impulse\other_imp_other_imp_session_05_0210.wav,1.0,16000,1,0.8237082159281154,0.0297038005798841,27.73072544725768,3
other_imp_other_imp_session_05_0211,other_imp_session_05,other_impulse,OTHER_IMPULSE,data/processed\other_impulse\other_imp_other_imp_session_05_0211.wav,1.0,16000,1,0.6937443501967763,0.0203984401875769,34.00965974460549,3
other_imp_other_imp_session_05_0212,other_imp_session_05,other_impulse,OTHER_IMPULSE,data/processed\other_impulse\other_imp_other_imp_session_05_0212.wav,1.0,16000,1,0.7831808813603499,0.0300283879255672,26.081340846143547,3
other_imp_other_imp_session_05_0213,other_imp_session_05,other_impulse,OTHER_IMPULSE,data/processed\other_impulse\other_imp_other_imp_session_05_0213.wav,1.0,16000,1,0.7193387903047664,0.0233894542717166,30.75482114289447,3
other_imp_other_imp_session_05_0214,other_imp_session_05,other_impulse,OTHER_IMPULSE,data/processed\other_impulse\other_imp_other_imp_session_05_0214.wav,1.0,16000,1,0.9440608762859234,0.0297244762106117,31.76037659984483,3
other_imp_other_imp_session_05_0215,other_imp_session_05,other_impulse,OTHER_IMPULSE,data/processed\other_impulse\other_imp_other_imp_session_05_0215.wav,1.0,16000,1,0.926276504882209,0.0274243414675126,33.77569405714091,3
other_imp_other_imp_session_05_0216,other_imp_session_05,other_impulse,OTHER_IMPULSE,data/processed\other_impulse\other_imp_other_imp_session_05_0216.wav,1.0,16000,1,0.9440608762859234,0.0305628147975523,30.88918915510485,3
other_imp_other_imp_session_05_0217,other_imp_session_05,other_impulse,OTHER_IMPULSE,data/processed\other_impulse\other_imp_other_imp_session_05_0217.wav,1.0,16000,1,0.8625279957346117,0.0255813812095969,33.71700892526244,3
other_imp_other_imp_session_05_0218,other_imp_session_05,other_impulse,OTHER_IMPULSE,data/processed\other_impulse\other_imp_other_imp_session_05_0218.wav,1.0,16000,1,0.9440608762859234,0.028040828937012,33.667354903559115,3
other_imp_other_imp_session_05_0219,other_imp_session_05,other_impulse,OTHER_IMPULSE,data/processed\other_impulse\other_imp_other_imp_session_05_0219.wav,1.0,16000,1,0.9422748596964532,0.0257732136757854,36.56022512161496,3
other_imp_other_imp_session_05_0220,other_imp_session_05,other_impulse,OTHER_IMPULSE,data/processed\other_impulse\other_imp_other_imp_session_05_0220.wav,1.0,16000,1,0.6654811377822711,0.0288333825024776,23.080223311394448,3
other_imp_other_imp_session_05_0221,other_imp_session_05,other_impulse,OTHER_IMPULSE,data/processed\other_impulse\other_imp_other_imp_session_05_0221.wav,1.0,16000,1,0.797507053955167,0.0273726011602831,29.135220212835417,3
other_imp_other_imp_session_05_0222,other_imp_session_05,other_impulse,OTHER_IMPULSE,data/processed\other_impulse\other_imp_other_imp_session_05_0222.wav,1.0,16000,1,0.904330844681642,0.033267169442684,27.18387491310204,3
other_imp_other_imp_session_05_0223,other_imp_session_05,other_impulse,OTHER_IMPULSE,data/processed\other_impulse\other_imp_other_imp_session_05_0223.wav,1.0,16000,1,0.8135166919335433,0.0240661912926806,33.803286278543794,3
other_imp_other_imp_session_05_0224,other_imp_session_05,other_impulse,OTHER_IMPULSE,data/processed\other_impulse\other_imp_other_imp_session_05_0224.wav,1.0,16000,1,0.9221651524941624,0.0283379779346261,32.54165943684976,3
other_imp_other_imp_session_05_0225,other_imp_session_05,other_impulse,OTHER_IMPULSE,data/processed\other_impulse\other_imp_other_imp_session_05_0225.wav,1.0,16000,1,0.8740674053823767,0.0283932426504985,30.7843351426322,3
other_imp_other_imp_session_05_0226,other_imp_session_05,other_impulse,OTHER_IMPULSE,data/processed\other_impulse\other_imp_other_imp_session_05_0226.wav,1.0,16000,1,0.6286971126022847,0.0267008433506463,23.545955791973444,3
other_imp_other_imp_session_05_0227,other_imp_session_05,other_impulse,OTHER_IMPULSE,data/processed\other_impulse\other_imp_other_imp_session_05_0227.wav,1.0,16000,1,0.706791198361183,0.0259540050906049,27.232441527593664,3
other_imp_other_imp_session_05_0228,other_imp_session_05,other_impulse,OTHER_IMPULSE,data/processed\other_impulse\other_imp_other_imp_session_05_0228.wav,1.0,16000,1,0.8675001623331788,0.0281526570103963,30.814137858158265,3
other_imp_other_imp_session_05_0229,other_imp_session_05,other_impulse,OTHER_IMPULSE,data/processed\other_impulse\other_imp_other_imp_session_05_0229.wav,1.0,16000,1,0.8844901415203779,0.0267262767914739,33.09438937108695,3
other_imp_other_imp_session_05_0230,other_imp_session_05,other_impulse,OTHER_IMPULSE,data/processed\other_impulse\other_imp_other_imp_session_05_0230.wav,1.0,16000,1,0.7548278171194729,0.0306142787152245,24.656062538016577,3
other_imp_other_imp_session_05_0231,other_imp_session_05,other_impulse,OTHER_IMPULSE,data/processed\other_impulse\other_imp_other_imp_session_05_0231.wav,1.0,16000,1,0.824436506619722,0.0280291197160492,29.41356064108035,3
other_imp_other_imp_session_05_0232,other_imp_session_05,other_impulse,OTHER_IMPULSE,data/processed\other_impulse\other_imp_other_imp_session_05_0232.wav,1.0,16000,1,0.6962982991023773,0.0263628634753693,26.41207908359924,3
other_imp_other_imp_session_05_0233,other_imp_session_05,other_impulse,OTHER_IMPULSE,data/processed\other_impulse\other_imp_other_imp_session_05_0233.wav,1.0,16000,1,0.9440608762859234,0.0295184433929492,31.982057586777923,3
other_imp_other_imp_session_05_0234,other_imp_session_05,other_impulse,OTHER_IMPULSE,data/processed\other_impulse\other_imp_other_imp_session_05_0234.wav,1.0,16000,1,0.8817931232455889,0.0291064977865016,30.295394064915204,3
other_imp_other_imp_session_05_0235,other_imp_session_05,other_impulse,OTHER_IMPULSE,data/processed\other_impulse\other_imp_other_imp_session_05_0235.wav,1.0,16000,1,0.9440608762859234,0.0290055887687565,32.54753965992318,3
other_imp_other_imp_session_05_0236,other_imp_session_05,other_impulse,OTHER_IMPULSE,data/processed\other_impulse\other_imp_other_imp_session_05_0236.wav,1.0,16000,1,0.8241880901538275,0.025316223287027,32.555715568325525,3
other_imp_other_imp_session_05_0237,other_imp_session_05,other_impulse,OTHER_IMPULSE,data/processed\other_impulse\other_imp_other_imp_session_05_0237.wav,1.0,16000,1,0.6963838887228804,0.0279447252974845,24.920038830554468,3
other_imp_other_imp_session_05_0238,other_imp_session_05,other_impulse,OTHER_IMPULSE,data/processed\other_impulse\other_imp_other_imp_session_05_0238.wav,1.0,16000,1,0.6026401763363534,0.024452453716992,24.64537656864314,3
other_imp_other_imp_session_05_0239,other_imp_session_05,other_impulse,OTHER_IMPULSE,data/processed\other_impulse\other_imp_other_imp_session_05_0239.wav,1.0,16000,1,0.8045595054583577,0.0249697098029238,32.221407040544634,3
other_imp_other_imp_session_06_0240,other_imp_session_06,other_impulse,OTHER_IMPULSE,data/processed\other_impulse\other_imp_other_imp_session_06_0240.wav,1.0,16000,1,0.4351077398413305,0.0291158612242014,14.94400550445022,3
other_imp_other_imp_session_06_0241,other_imp_session_06,other_impulse,OTHER_IMPULSE,data/processed\other_impulse\other_imp_other_imp_session_06_0241.wav,1.0,16000,1,0.4412644255011628,0.0324472414354788,13.599439273881629,3
other_imp_other_imp_session_06_0242,other_imp_session_06,other_impulse,OTHER_IMPULSE,data/processed\other_impulse\other_imp_other_imp_session_06_0242.wav,1.0,16000,1,0.4103182371956769,0.0300755159581805,13.64292806603669,3
other_imp_other_imp_session_06_0243,other_imp_session_06,other_impulse,OTHER_IMPULSE,data/processed\other_impulse\other_imp_other_imp_session_06_0243.wav,1.0,16000,1,0.4259165529372025,0.0266310582700069,15.993220723214046,3
other_imp_other_imp_session_06_0244,other_imp_session_06,other_impulse,OTHER_IMPULSE,data/processed\other_impulse\other_imp_other_imp_session_06_0244.wav,1.0,16000,1,0.382089038980097,0.0283350417842984,13.484677631393172,3
other_imp_other_imp_session_06_0245,other_imp_session_06,other_impulse,OTHER_IMPULSE,data/processed\other_impulse\other_imp_other_imp_session_06_0245.wav,1.0,16000,1,0.4195183887831241,0.0293835298610447,14.277326379566054,3
other_imp_other_imp_session_06_0246,other_imp_session_06,other_impulse,OTHER_IMPULSE,data/processed\other_impulse\other_imp_other_imp_session_06_0246.wav,1.0,16000,1,0.4201381015146895,0.0314702089876773,13.350339305843464,3
other_imp_other_imp_session_06_0247,other_imp_session_06,other_impulse,OTHER_IMPULSE,data/processed\other_impulse\other_imp_other_imp_session_06_0247.wav,1.0,16000,1,0.3920272900722939,0.0258510573482379,15.16483960957285,3
other_imp_other_imp_session_06_0248,other_imp_session_06,other_impulse,OTHER_IMPULSE,data/processed\other_impulse\other_imp_other_imp_session_06_0248.wav,1.0,16000,1,0.4244273741199293,0.0284718900532375,14.906886204514752,3
other_imp_other_imp_session_06_0249,other_imp_session_06,other_impulse,OTHER_IMPULSE,data/processed\other_impulse\other_imp_other_imp_session_06_0249.wav,1.0,16000,1,0.3909450043579943,0.028735169492659,13.605100481723742,3
other_imp_other_imp_session_06_0250,other_imp_session_06,other_impulse,OTHER_IMPULSE,data/processed\other_impulse\other_imp_other_imp_session_06_0250.wav,1.0,16000,1,0.4500069169547463,0.0345078085527456,13.040723402057548,3
other_imp_other_imp_session_06_0251,other_imp_session_06,other_impulse,OTHER_IMPULSE,data/processed\other_impulse\other_imp_other_imp_session_06_0251.wav,1.0,16000,1,0.4135152598456603,0.0287714681785917,14.372402324234722,3
other_imp_other_imp_session_06_0252,other_imp_session_06,other_impulse,OTHER_IMPULSE,data/processed\other_impulse\other_imp_other_imp_session_06_0252.wav,1.0,16000,1,0.3869113385072737,0.0282810529039408,13.680933415460837,3
other_imp_other_imp_session_06_0253,other_imp_session_06,other_impulse,OTHER_IMPULSE,data/processed\other_impulse\other_imp_other_imp_session_06_0253.wav,1.0,16000,1,0.4645335335823207,0.0326377307743805,14.233017438111476,3
other_imp_other_imp_session_06_0254,other_imp_session_06,other_impulse,OTHER_IMPULSE,data/processed\other_impulse\other_imp_other_imp_session_06_0254.wav,1.0,16000,1,0.4617472393252178,0.0318107703900956,14.51543261947084,3
other_imp_other_imp_session_06_0255,other_imp_session_06,other_impulse,OTHER_IMPULSE,data/processed\other_impulse\other_imp_other_imp_session_06_0255.wav,1.0,16000,1,0.3482855626653268,0.0279868512001859,12.444609639290755,3
other_imp_other_imp_session_06_0256,other_imp_session_06,other_impulse,OTHER_IMPULSE,data/processed\other_impulse\other_imp_other_imp_session_06_0256.wav,1.0,16000,1,0.4516697606993872,0.0252488440535007,17.888723176993548,3
other_imp_other_imp_session_06_0257,other_imp_session_06,other_impulse,OTHER_IMPULSE,data/processed\other_impulse\other_imp_other_imp_session_06_0257.wav,1.0,16000,1,0.4071452347251709,0.0301598271793655,13.499583313524235,3
other_imp_other_imp_session_06_0258,other_imp_session_06,other_impulse,OTHER_IMPULSE,data/processed\other_impulse\other_imp_other_imp_session_06_0258.wav,1.0,16000,1,0.3496216331423148,0.0238552671679421,14.65594512614396,3
other_imp_other_imp_session_06_0259,other_imp_session_06,other_impulse,OTHER_IMPULSE,data/processed\other_impulse\other_imp_other_imp_session_06_0259.wav,1.0,16000,1,0.4489968204740038,0.0274435338132525,16.36074493619813,3
other_imp_other_imp_session_06_0260,other_imp_session_06,other_impulse,OTHER_IMPULSE,data/processed\other_impulse\other_imp_other_imp_session_06_0260.wav,1.0,16000,1,0.4950009491352766,0.0280815775814763,17.627242323785023,3
other_imp_other_imp_session_06_0261,other_imp_session_06,other_impulse,OTHER_IMPULSE,data/processed\other_impulse\other_imp_other_imp_session_06_0261.wav,1.0,16000,1,0.3369885860509888,0.0260835975345115,12.91955438315484,3
other_imp_other_imp_session_06_0262,other_imp_session_06,other_impulse,OTHER_IMPULSE,data/processed\other_impulse\other_imp_other_imp_session_06_0262.wav,1.0,16000,1,0.4106955085272161,0.0303057260055033,13.551741771017726,3
other_imp_other_imp_session_06_0263,other_imp_session_06,other_impulse,OTHER_IMPULSE,data/processed\other_impulse\other_imp_other_imp_session_06_0263.wav,1.0,16000,1,0.419003710463929,0.0236049143095885,17.750690702012786,3
other_imp_other_imp_session_06_0264,other_imp_session_06,other_impulse,OTHER_IMPULSE,data/processed\other_impulse\other_imp_other_imp_session_06_0264.wav,1.0,16000,1,0.3377377033838206,0.0231101614527701,14.614244817441056,3
other_imp_other_imp_session_06_0265,other_imp_session_06,other_impulse,OTHER_IMPULSE,data/processed\other_impulse\other_imp_other_imp_session_06_0265.wav,1.0,16000,1,0.3784870417318318,0.022813739285764,16.590304249902985,3
other_imp_other_imp_session_06_0266,other_imp_session_06,other_impulse,OTHER_IMPULSE,data/processed\other_impulse\other_imp_other_imp_session_06_0266.wav,1.0,16000,1,0.4113491153909862,0.0259548366341498,15.84864365369654,3
other_imp_other_imp_session_06_0267,other_imp_session_06,other_impulse,OTHER_IMPULSE,data/processed\other_impulse\other_imp_other_imp_session_06_0267.wav,1.0,16000,1,0.351765576255132,0.0229119523903974,15.35292220986534,3
other_imp_other_imp_session_06_0268,other_imp_session_06,other_impulse,OTHER_IMPULSE,data/processed\other_impulse\other_imp_other_imp_session_06_0268.wav,1.0,16000,1,0.378715311662531,0.034040996903297,11.125267614391577,3
other_imp_other_imp_session_06_0269,other_imp_session_06,other_impulse,OTHER_IMPULSE,data/processed\other_impulse\other_imp_other_imp_session_06_0269.wav,1.0,16000,1,0.4029886865721425,0.0322200252273369,12.50739435040184,3
other_imp_other_imp_session_06_0270,other_imp_session_06,other_impulse,OTHER_IMPULSE,data/processed\other_impulse\other_imp_other_imp_session_06_0270.wav,1.0,16000,1,0.4448976995476715,0.0312234211451984,14.248840797757351,3
other_imp_other_imp_session_06_0271,other_imp_session_06,other_impulse,OTHER_IMPULSE,data/processed\other_impulse\other_imp_other_imp_session_06_0271.wav,1.0,16000,1,0.3605999834973899,0.0254690502974898,14.15835446166538,3
other_imp_other_imp_session_06_0272,other_imp_session_06,other_impulse,OTHER_IMPULSE,data/processed\other_impulse\other_imp_other_imp_session_06_0272.wav,1.0,16000,1,0.4160055044094179,0.030689711153096,13.555206394159466,3
other_imp_other_imp_session_06_0273,other_imp_session_06,other_impulse,OTHER_IMPULSE,data/processed\other_impulse\other_imp_other_imp_session_06_0273.wav,1.0,16000,1,0.3815176993747841,0.0302612571990247,12.60745945850807,3
other_imp_other_imp_session_06_0274,other_imp_session_06,other_impulse,OTHER_IMPULSE,data/processed\other_impulse\other_imp_other_imp_session_06_0274.wav,1.0,16000,1,0.3745957493207179,0.0303412651240347,12.346078000656725,3
other_imp_other_imp_session_06_0275,other_imp_session_06,other_impulse,OTHER_IMPULSE,data/processed\other_impulse\other_imp_other_imp_session_06_0275.wav,1.0,16000,1,0.3471755072227385,0.0297186423262234,11.68207438923449,3
other_imp_other_imp_session_06_0276,other_imp_session_06,other_impulse,OTHER_IMPULSE,data/processed\other_impulse\other_imp_other_imp_session_06_0276.wav,1.0,16000,1,0.4118322767333265,0.0339254173851814,12.139339382743165,3
other_imp_other_imp_session_06_0277,other_imp_session_06,other_impulse,OTHER_IMPULSE,data/processed\other_impulse\other_imp_other_imp_session_06_0277.wav,1.0,16000,1,0.4383321413188471,0.0305971430798018,14.325912615974858,3
other_imp_other_imp_session_06_0278,other_imp_session_06,other_impulse,OTHER_IMPULSE,data/processed\other_impulse\other_imp_other_imp_session_06_0278.wav,1.0,16000,1,0.3690335529083503,0.0277054459975804,13.31988735145084,3
other_imp_other_imp_session_06_0279,other_imp_session_06,other_impulse,OTHER_IMPULSE,data/processed\other_impulse\other_imp_other_imp_session_06_0279.wav,1.0,16000,1,0.3529399639894953,0.0248241302964815,14.217610752043642,3
other_imp_other_imp_session_09_0360,other_imp_session_09,other_impulse,OTHER_IMPULSE,data/processed\other_impulse\other_imp_other_imp_session_09_0360.wav,1.0,16000,1,0.9440608762859234,0.0280059712837795,33.709258987211506,3
other_imp_other_imp_session_09_0361,other_imp_session_09,other_impulse,OTHER_IMPULSE,data/processed\other_impulse\other_imp_other_imp_session_09_0361.wav,1.0,16000,1,0.9440608762859234,0.0257310953159181,36.689480094036064,3
other_imp_other_imp_session_09_0362,other_imp_session_09,other_impulse,OTHER_IMPULSE,data/processed\other_impulse\other_imp_other_imp_session_09_0362.wav,1.0,16000,1,0.9440608762859234,0.0235671261126563,40.05836227928133,3
other_imp_other_imp_session_09_0363,other_imp_session_09,other_impulse,OTHER_IMPULSE,data/processed\other_impulse\other_imp_other_imp_session_09_0363.wav,1.0,16000,1,0.7642524012454548,0.0251038320776413,30.443642805024343,3
other_imp_other_imp_session_09_0364,other_imp_session_09,other_impulse,OTHER_IMPULSE,data/processed\other_impulse\other_imp_other_imp_session_09_0364.wav,1.0,16000,1,0.7416046517131377,0.0258641686902657,28.67304083358529,3
other_imp_other_imp_session_09_0365,other_imp_session_09,other_impulse,OTHER_IMPULSE,data/processed\other_impulse\other_imp_other_imp_session_09_0365.wav,1.0,16000,1,0.9440608762859234,0.031585538157602,29.88901353161113,3
other_imp_other_imp_session_09_0366,other_imp_session_09,other_impulse,OTHER_IMPULSE,data/processed\other_impulse\other_imp_other_imp_session_09_0366.wav,1.0,16000,1,0.7516937104190642,0.0236115882916388,31.83578261558208,3
other_imp_other_imp_session_09_0367,other_imp_session_09,other_impulse,OTHER_IMPULSE,data/processed\other_impulse\other_imp_other_imp_session_09_0367.wav,1.0,16000,1,0.914395871890463,0.0285352980050267,32.04436663972176,3
other_imp_other_imp_session_09_0368,other_imp_session_09,other_impulse,OTHER_IMPULSE,data/processed\other_impulse\other_imp_other_imp_session_09_0368.wav,1.0,16000,1,0.8341818280729852,0.0251860159739523,33.12081981237159,3
other_imp_other_imp_session_09_0369,other_imp_session_09,other_impulse,OTHER_IMPULSE,data/processed\other_impulse\other_imp_other_imp_session_09_0369.wav,1.0,16000,1,0.8612029929051651,0.0236194945266806,36.46151814625695,3
other_imp_other_imp_session_09_0370,other_imp_session_09,other_impulse,OTHER_IMPULSE,data/processed\other_impulse\other_imp_other_imp_session_09_0370.wav,1.0,16000,1,0.8203594837134309,0.0262208703013572,31.286496650189356,3
other_imp_other_imp_session_09_0371,other_imp_session_09,other_impulse,OTHER_IMPULSE,data/processed\other_impulse\other_imp_other_imp_session_09_0371.wav,1.0,16000,1,0.7723106871457889,0.0257830121965993,29.95423427311224,3
other_imp_other_imp_session_09_0372,other_imp_session_09,other_impulse,OTHER_IMPULSE,data/processed\other_impulse\other_imp_other_imp_session_09_0372.wav,1.0,16000,1,0.9440608762859232,0.0251319692437785,37.56412764504522,3
other_imp_other_imp_session_09_0373,other_imp_session_09,other_impulse,OTHER_IMPULSE,data/processed\other_impulse\other_imp_other_imp_session_09_0373.wav,1.0,16000,1,0.7267483979636817,0.0265871598948307,27.334552750008196,3
other_imp_other_imp_session_09_0374,other_imp_session_09,other_impulse,OTHER_IMPULSE,data/processed\other_impulse\other_imp_other_imp_session_09_0374.wav,1.0,16000,1,0.8412627792319851,0.0261230635960739,32.20382073870584,3
other_imp_other_imp_session_09_0375,other_imp_session_09,other_impulse,OTHER_IMPULSE,data/processed\other_impulse\other_imp_other_imp_session_09_0375.wav,1.0,16000,1,0.9440608762859234,0.0284525239936111,33.18020379126536,3
other_imp_other_imp_session_09_0376,other_imp_session_09,other_impulse,OTHER_IMPULSE,data/processed\other_impulse\other_imp_other_imp_session_09_0376.wav,1.0,16000,1,0.9267481400507672,0.0294983121447229,31.41697807434633,3
other_imp_other_imp_session_09_0377,other_imp_session_09,other_impulse,OTHER_IMPULSE,data/processed\other_impulse\other_imp_other_imp_session_09_0377.wav,1.0,16000,1,0.8899438266824711,0.0314672608047704,28.281570149628465,3
other_imp_other_imp_session_09_0378,other_imp_session_09,other_impulse,OTHER_IMPULSE,data/processed\other_impulse\other_imp_other_imp_session_09_0378.wav,1.0,16000,1,0.9440608762859234,0.0305786478223616,30.873195343307334,3
other_imp_other_imp_session_09_0379,other_imp_session_09,other_impulse,OTHER_IMPULSE,data/processed\other_impulse\other_imp_other_imp_session_09_0379.wav,1.0,16000,1,0.8980651000382307,0.0254094368254301,35.34374857540912,3
other_imp_other_imp_session_09_0380,other_imp_session_09,other_impulse,OTHER_IMPULSE,data/processed\other_impulse\other_imp_other_imp_session_09_0380.wav,1.0,16000,1,0.7466017783027483,0.0293826295654295,25.409622462277746,3
other_imp_other_imp_session_09_0381,other_imp_session_09,other_impulse,OTHER_IMPULSE,data/processed\other_impulse\other_imp_other_imp_session_09_0381.wav,1.0,16000,1,0.9440608762859234,0.0245266785311884,38.49116749231936,3
other_imp_other_imp_session_09_0382,other_imp_session_09,other_impulse,OTHER_IMPULSE,data/processed\other_impulse\other_imp_other_imp_session_09_0382.wav,1.0,16000,1,0.8909132287939825,0.0309600613055747,28.776200803954925,3
other_imp_other_imp_session_09_0383,other_imp_session_09,other_impulse,OTHER_IMPULSE,data/processed\other_impulse\other_imp_other_imp_session_09_0383.wav,1.0,16000,1,0.8500240996899113,0.0316343647811323,26.870267093025948,3
other_imp_other_imp_session_09_0384,other_imp_session_09,other_impulse,OTHER_IMPULSE,data/processed\other_impulse\other_imp_other_imp_session_09_0384.wav,1.0,16000,1,0.8514285129426886,0.0265547345779261,32.06314074850657,3
other_imp_other_imp_session_09_0385,other_imp_session_09,other_impulse,OTHER_IMPULSE,data/processed\other_impulse\other_imp_other_imp_session_09_0385.wav,1.0,16000,1,0.7333407768577747,0.0321308531609419,22.82356291471244,3
other_imp_other_imp_session_09_0386,other_imp_session_09,other_impulse,OTHER_IMPULSE,data/processed\other_impulse\other_imp_other_imp_session_09_0386.wav,1.0,16000,1,0.8554655227707617,0.0250252077808602,34.18413898579688,3
other_imp_other_imp_session_09_0387,other_imp_session_09,other_impulse,OTHER_IMPULSE,data/processed\other_impulse\other_imp_other_imp_session_09_0387.wav,1.0,16000,1,0.9440608762859234,0.0299324684112704,31.53968285935373,3
other_imp_other_imp_session_09_0388,other_imp_session_09,other_impulse,OTHER_IMPULSE,data/processed\other_impulse\other_imp_other_imp_session_09_0388.wav,1.0,16000,1,0.8387223004020121,0.0329507553442313,25.4538033226244,3
other_imp_other_imp_session_09_0389,other_imp_session_09,other_impulse,OTHER_IMPULSE,data/processed\other_impulse\other_imp_other_imp_session_09_0389.wav,1.0,16000,1,0.9440608762859234,0.0241392182210893,39.1089917059213,3
other_imp_other_imp_session_09_0390,other_imp_session_09,other_impulse,OTHER_IMPULSE,data/processed\other_impulse\other_imp_other_imp_session_09_0390.wav,1.0,16000,1,0.8874192298240935,0.0289134426599846,30.69226080537437,3
other_imp_other_imp_session_09_0391,other_imp_session_09,other_impulse,OTHER_IMPULSE,data/processed\other_impulse\other_imp_other_imp_session_09_0391.wav,1.0,16000,1,0.9440608762859234,0.0283469043019125,33.303832164272954,3
other_imp_other_imp_session_09_0392,other_imp_session_09,other_impulse,OTHER_IMPULSE,data/processed\other_impulse\other_imp_other_imp_session_09_0392.wav,1.0,16000,1,0.7223904542134003,0.0285304713739235,25.319953236879304,3
other_imp_other_imp_session_09_0393,other_imp_session_09,other_impulse,OTHER_IMPULSE,data/processed\other_impulse\other_imp_other_imp_session_09_0393.wav,1.0,16000,1,0.8975720377286296,0.0248455350266532,36.12607559084552,3
other_imp_other_imp_session_09_0394,other_imp_session_09,other_impulse,OTHER_IMPULSE,data/processed\other_impulse\other_imp_other_imp_session_09_0394.wav,1.0,16000,1,0.8996752178605659,0.0298024938955853,30.187907063534865,3
other_imp_other_imp_session_09_0395,other_imp_session_09,other_impulse,OTHER_IMPULSE,data/processed\other_impulse\other_imp_other_imp_session_09_0395.wav,1.0,16000,1,0.6708407964045028,0.0229512052065446,29.22898811097417,3
other_imp_other_imp_session_09_0396,other_imp_session_09,other_impulse,OTHER_IMPULSE,data/processed\other_impulse\other_imp_other_imp_session_09_0396.wav,1.0,16000,1,0.8349051447426696,0.0297311098098065,28.081860020196164,3
other_imp_other_imp_session_09_0397,other_imp_session_09,other_impulse,OTHER_IMPULSE,data/processed\other_impulse\other_imp_other_imp_session_09_0397.wav,1.0,16000,1,0.8959310193547345,0.0295203035737148,30.349644393766827,3
other_imp_other_imp_session_09_0398,other_imp_session_09,other_impulse,OTHER_IMPULSE,data/processed\other_impulse\other_imp_other_imp_session_09_0398.wav,1.0,16000,1,0.8808914394720606,0.0269711386064895,32.66050891359181,3
other_imp_other_imp_session_09_0399,other_imp_session_09,other_impulse,OTHER_IMPULSE,data/processed\other_impulse\other_imp_other_imp_session_09_0399.wav,1.0,16000,1,0.7974932962357307,0.0275759867642172,28.919835719975172,3
other_imp_other_imp_session_10_0400,other_imp_session_10,other_impulse,OTHER_IMPULSE,data/processed\other_impulse\other_imp_other_imp_session_10_0400.wav,1.0,16000,1,0.6953899555448902,0.0231102328069946,30.09011897245925,3
other_imp_other_imp_session_10_0401,other_imp_session_10,other_impulse,OTHER_IMPULSE,data/processed\other_impulse\other_imp_other_imp_session_10_0401.wav,1.0,16000,1,0.8604428037696592,0.0227435411788624,37.83238584875625,3
other_imp_other_imp_session_10_0402,other_imp_session_10,other_impulse,OTHER_IMPULSE,data/processed\other_impulse\other_imp_other_imp_session_10_0402.wav,1.0,16000,1,0.7645847817920952,0.0231971415598682,32.9602873791992,3
other_imp_other_imp_session_10_0403,other_imp_session_10,other_impulse,OTHER_IMPULSE,data/processed\other_impulse\other_imp_other_imp_session_10_0403.wav,1.0,16000,1,0.5313972279264989,0.0181905843292407,29.212746890424377,3
other_imp_other_imp_session_10_0404,other_imp_session_10,other_impulse,OTHER_IMPULSE,data/processed\other_impulse\other_imp_other_imp_session_10_0404.wav,1.0,16000,1,0.5533624093991202,0.0182799222089285,30.271578858965256,3
other_imp_other_imp_session_10_0405,other_imp_session_10,other_impulse,OTHER_IMPULSE,data/processed\other_impulse\other_imp_other_imp_session_10_0405.wav,1.0,16000,1,0.8022968259047256,0.0197992292659114,40.52159858919679,3
other_imp_other_imp_session_10_0406,other_imp_session_10,other_impulse,OTHER_IMPULSE,data/processed\other_impulse\other_imp_other_imp_session_10_0406.wav,1.0,16000,1,0.9440608762859234,0.0201876201373965,46.76432398754423,3
other_imp_other_imp_session_10_0407,other_imp_session_10,other_impulse,OTHER_IMPULSE,data/processed\other_impulse\other_imp_other_imp_session_10_0407.wav,1.0,16000,1,0.7023007045360616,0.0191565293784382,36.66114691500809,3
other_imp_other_imp_session_10_0408,other_imp_session_10,other_impulse,OTHER_IMPULSE,data/processed\other_impulse\other_imp_other_imp_session_10_0408.wav,1.0,16000,1,0.9440608762859236,0.0192918112965688,48.93580869183291,3
other_imp_other_imp_session_10_0409,other_imp_session_10,other_impulse,OTHER_IMPULSE,data/processed\other_impulse\other_imp_other_imp_session_10_0409.wav,1.0,16000,1,0.7938839265124322,0.0217632809062538,36.47811950555249,3
other_imp_other_imp_session_10_0410,other_imp_session_10,other_impulse,OTHER_IMPULSE,data/processed\other_impulse\other_imp_other_imp_session_10_0410.wav,1.0,16000,1,0.910735673002817,0.023256307360243,39.160786245535625,3
other_imp_other_imp_session_10_0411,other_imp_session_10,other_impulse,OTHER_IMPULSE,data/processed\other_impulse\other_imp_other_imp_session_10_0411.wav,1.0,16000,1,0.6918860329345389,0.0177520180411861,38.97504168702896,3
other_imp_other_imp_session_10_0412,other_imp_session_10,other_impulse,OTHER_IMPULSE,data/processed\other_impulse\other_imp_other_imp_session_10_0412.wav,1.0,16000,1,0.8326035134886518,0.0235121580155071,35.411601045872025,3
other_imp_other_imp_session_10_0413,other_imp_session_10,other_impulse,OTHER_IMPULSE,data/processed\other_impulse\other_imp_other_imp_session_10_0413.wav,1.0,16000,1,0.9440608762859234,0.0183700950886189,51.3911527305748,3
other_imp_other_imp_session_10_0414,other_imp_session_10,other_impulse,OTHER_IMPULSE,data/processed\other_impulse\other_imp_other_imp_session_10_0414.wav,1.0,16000,1,0.6369388860869818,0.0178690697570825,35.644750303077345,3
other_imp_other_imp_session_10_0415,other_imp_session_10,other_impulse,OTHER_IMPULSE,data/processed\other_impulse\other_imp_other_imp_session_10_0415.wav,1.0,16000,1,0.5363580428349892,0.0194888858626537,27.521212418339346,3
other_imp_other_imp_session_10_0416,other_imp_session_10,other_impulse,OTHER_IMPULSE,data/processed\other_impulse\other_imp_other_imp_session_10_0416.wav,1.0,16000,1,0.6940814429019229,0.0179847119876105,38.59283693014926,3
other_imp_other_imp_session_10_0417,other_imp_session_10,other_impulse,OTHER_IMPULSE,data/processed\other_impulse\other_imp_other_imp_session_10_0417.wav,1.0,16000,1,0.7523962019730759,0.022041694816594,34.135118323816585,3
other_imp_other_imp_session_10_0418,other_imp_session_10,other_impulse,OTHER_IMPULSE,data/processed\other_impulse\other_imp_other_imp_session_10_0418.wav,1.0,16000,1,0.9440608762859234,0.0190214608694059,49.63132886870215,3
other_imp_other_imp_session_10_0419,other_imp_session_10,other_impulse,OTHER_IMPULSE,data/processed\other_impulse\other_imp_other_imp_session_10_0419.wav,1.0,16000,1,0.9440608762859234,0.023254674805118,40.59658878189347,3
other_imp_other_imp_session_10_0420,other_imp_session_10,other_impulse,OTHER_IMPULSE,data/processed\other_impulse\other_imp_other_imp_session_10_0420.wav,1.0,16000,1,0.9440608762859234,0.0196043049715124,48.15576966896136,3
other_imp_other_imp_session_10_0421,other_imp_session_10,other_impulse,OTHER_IMPULSE,data/processed\other_impulse\other_imp_other_imp_session_10_0421.wav,1.0,16000,1,0.6507653930237811,0.0216460879363578,30.063866242179603,3
other_imp_other_imp_session_10_0422,other_imp_session_10,other_impulse,OTHER_IMPULSE,data/processed\other_impulse\other_imp_other_imp_session_10_0422.wav,1.0,16000,1,0.9440608762859234,0.0248309411812049,38.01952125782849,3
other_imp_other_imp_session_10_0423,other_imp_session_10,other_impulse,OTHER_IMPULSE,data/processed\other_impulse\other_imp_other_imp_session_10_0423.wav,1.0,16000,1,0.6853149435072269,0.0198331822690658,34.55394039496722,3
other_imp_other_imp_session_10_0424,other_imp_session_10,other_impulse,OTHER_IMPULSE,data/processed\other_impulse\other_imp_other_imp_session_10_0424.wav,1.0,16000,1,0.683826057654761,0.0194405875976208,35.1751562276279,3
other_imp_other_imp_session_10_0425,other_imp_session_10,other_impulse,OTHER_IMPULSE,data/processed\other_impulse\other_imp_other_imp_session_10_0425.wav,1.0,16000,1,0.9269254761644402,0.025198022775204,36.78562864147776,3
other_imp_other_imp_session_10_0426,other_imp_session_10,other_impulse,OTHER_IMPULSE,data/processed\other_impulse\other_imp_other_imp_session_10_0426.wav,1.0,16000,1,0.9440608762859234,0.023036132261915,40.981726260942224,3
other_imp_other_imp_session_10_0427,other_imp_session_10,other_impulse,OTHER_IMPULSE,data/processed\other_impulse\other_imp_other_imp_session_10_0427.wav,1.0,16000,1,0.9440608762859234,0.0215586779533699,43.7902751005936,3
other_imp_other_imp_session_10_0428,other_imp_session_10,other_impulse,OTHER_IMPULSE,data/processed\other_impulse\other_imp_other_imp_session_10_0428.wav,1.0,16000,1,0.7187764950645128,0.0228479913412053,31.459053434500238,3
other_imp_other_imp_session_10_0429,other_imp_session_10,other_impulse,OTHER_IMPULSE,data/processed\other_impulse\other_imp_other_imp_session_10_0429.wav,1.0,16000,1,0.9440608762859234,0.0215794592509839,43.7481045203593,3
other_imp_other_imp_session_10_0430,other_imp_session_10,other_impulse,OTHER_IMPULSE,data/processed\other_impulse\other_imp_other_imp_session_10_0430.wav,1.0,16000,1,0.9440608762859232,0.0183515227498826,51.44316222261924,3
other_imp_other_imp_session_10_0431,other_imp_session_10,other_impulse,OTHER_IMPULSE,data/processed\other_impulse\other_imp_other_imp_session_10_0431.wav,1.0,16000,1,0.5864970311102172,0.020822725484181,28.166185540597063,3
other_imp_other_imp_session_10_0432,other_imp_session_10,other_impulse,OTHER_IMPULSE,data/processed\other_impulse\other_imp_other_imp_session_10_0432.wav,1.0,16000,1,0.7142135433983411,0.0204611770782512,34.90577260580824,3
other_imp_other_imp_session_10_0433,other_imp_session_10,other_impulse,OTHER_IMPULSE,data/processed\other_impulse\other_imp_other_imp_session_10_0433.wav,1.0,16000,1,0.6060342727410837,0.0215032195716614,28.18340708875474,3
other_imp_other_imp_session_10_0434,other_imp_session_10,other_impulse,OTHER_IMPULSE,data/processed\other_impulse\other_imp_other_imp_session_10_0434.wav,1.0,16000,1,0.9171532835233516,0.0216266667895379,42.40842420907814,3
other_imp_other_imp_session_10_0435,other_imp_session_10,other_impulse,OTHER_IMPULSE,data/processed\other_impulse\other_imp_other_imp_session_10_0435.wav,1.0,16000,1,0.9440608762859234,0.0228221975049122,41.36588785649777,3
other_imp_other_imp_session_10_0436,other_imp_session_10,other_impulse,OTHER_IMPULSE,data/processed\other_impulse\other_imp_other_imp_session_10_0436.wav,1.0,16000,1,0.8188028896560715,0.0200672190069171,40.802987267142434,3
other_imp_other_imp_session_10_0437,other_imp_session_10,other_impulse,OTHER_IMPULSE,data/processed\other_impulse\other_imp_other_imp_session_10_0437.wav,1.0,16000,1,0.8266401942210687,0.0221243891084109,37.36328341260166,3
other_imp_other_imp_session_10_0438,other_imp_session_10,other_impulse,OTHER_IMPULSE,data/processed\other_impulse\other_imp_other_imp_session_10_0438.wav,1.0,16000,1,0.774058325280726,0.0195540441731548,39.58556718858873,3
other_imp_other_imp_session_10_0439,other_imp_session_10,other_impulse,OTHER_IMPULSE,data/processed\other_impulse\other_imp_other_imp_session_10_0439.wav,1.0,16000,1,0.7852881896664725,0.0214399802454368,36.62726431667137,3
other_imp_other_imp_session_11_0440,other_imp_session_11,other_impulse,OTHER_IMPULSE,data/processed\other_impulse\other_imp_other_imp_session_11_0440.wav,1.0,16000,1,0.6932429529283675,0.0287044658651836,24.151040283206115,3
other_imp_other_imp_session_11_0441,other_imp_session_11,other_impulse,OTHER_IMPULSE,data/processed\other_impulse\other_imp_other_imp_session_11_0441.wav,1.0,16000,1,0.7928341716660567,0.0303392450523254,26.13228868997193,3
other_imp_other_imp_session_11_0442,other_imp_session_11,other_impulse,OTHER_IMPULSE,data/processed\other_impulse\other_imp_other_imp_session_11_0442.wav,1.0,16000,1,0.9440608762859234,0.0272905793263592,34.59290911589368,3
other_imp_other_imp_session_11_0443,other_imp_session_11,other_impulse,OTHER_IMPULSE,data/processed\other_impulse\other_imp_other_imp_session_11_0443.wav,1.0,16000,1,0.6699213213583208,0.0260153372619882,25.751004382600048,3
other_imp_other_imp_session_11_0444,other_imp_session_11,other_impulse,OTHER_IMPULSE,data/processed\other_impulse\other_imp_other_imp_session_11_0444.wav,1.0,16000,1,0.7753758006899316,0.0283182484865494,27.380772763911907,3
other_imp_other_imp_session_11_0445,other_imp_session_11,other_impulse,OTHER_IMPULSE,data/processed\other_impulse\other_imp_other_imp_session_11_0445.wav,1.0,16000,1,0.9440608762859234,0.0300942717363326,31.37010826698566,3
other_imp_other_imp_session_11_0446,other_imp_session_11,other_impulse,OTHER_IMPULSE,data/processed\other_impulse\other_imp_other_imp_session_11_0446.wav,1.0,16000,1,0.8173548320073842,0.0250086255573,32.682903876728986,3
other_imp_other_imp_session_11_0447,other_imp_session_11,other_impulse,OTHER_IMPULSE,data/processed\other_impulse\other_imp_other_imp_session_11_0447.wav,1.0,16000,1,0.9440608762859234,0.0279348980627784,33.79502356565212,3
other_imp_other_imp_session_11_0448,other_imp_session_11,other_impulse,OTHER_IMPULSE,data/processed\other_impulse\other_imp_other_imp_session_11_0448.wav,1.0,16000,1,0.8074681611195985,0.0369313503268396,21.864024340657046,3
other_imp_other_imp_session_11_0449,other_imp_session_11,other_impulse,OTHER_IMPULSE,data/processed\other_impulse\other_imp_other_imp_session_11_0449.wav,1.0,16000,1,0.6738046945337517,0.0228490185474073,29.489424162420576,3
other_imp_other_imp_session_11_0450,other_imp_session_11,other_impulse,OTHER_IMPULSE,data/processed\other_impulse\other_imp_other_imp_session_11_0450.wav,1.0,16000,1,0.7806716255368618,0.0293603546668528,26.58930276905661,3
other_imp_other_imp_session_11_0451,other_imp_session_11,other_impulse,OTHER_IMPULSE,data/processed\other_impulse\other_imp_other_imp_session_11_0451.wav,1.0,16000,1,0.6419722118658034,0.0306219373885177,20.964447614018265,3
other_imp_other_imp_session_11_0452,other_imp_session_11,other_impulse,OTHER_IMPULSE,data/processed\other_impulse\other_imp_other_imp_session_11_0452.wav,1.0,16000,1,0.8401134291610528,0.0312986819841827,26.841806347230644,3
other_imp_other_imp_session_11_0453,other_imp_session_11,other_impulse,OTHER_IMPULSE,data/processed\other_impulse\other_imp_other_imp_session_11_0453.wav,1.0,16000,1,0.7522554006003046,0.0221202003150898,34.007606161282006,3
other_imp_other_imp_session_11_0454,other_imp_session_11,other_impulse,OTHER_IMPULSE,data/processed\other_impulse\other_imp_other_imp_session_11_0454.wav,1.0,16000,1,0.902316828349628,0.0269093291505725,33.53173496014406,3
other_imp_other_imp_session_11_0455,other_imp_session_11,other_impulse,OTHER_IMPULSE,data/processed\other_impulse\other_imp_other_imp_session_11_0455.wav,1.0,16000,1,0.9014007623279974,0.0276770828607066,32.568477002428274,3
other_imp_other_imp_session_11_0456,other_imp_session_11,other_impulse,OTHER_IMPULSE,data/processed\other_impulse\other_imp_other_imp_session_11_0456.wav,1.0,16000,1,0.8306020031711461,0.0241027071587647,34.46092810615362,3
other_imp_other_imp_session_11_0457,other_imp_session_11,other_impulse,OTHER_IMPULSE,data/processed\other_impulse\other_imp_other_imp_session_11_0457.wav,1.0,16000,1,0.7614430849338147,0.0243824030121183,31.22919313012087,3
other_imp_other_imp_session_11_0458,other_imp_session_11,other_impulse,OTHER_IMPULSE,data/processed\other_impulse\other_imp_other_imp_session_11_0458.wav,1.0,16000,1,0.592406512222341,0.0222909616732722,26.576073977639084,3
other_imp_other_imp_session_11_0459,other_imp_session_11,other_impulse,OTHER_IMPULSE,data/processed\other_impulse\other_imp_other_imp_session_11_0459.wav,1.0,16000,1,0.8380549521298145,0.0297136203127026,28.204394525684844,3
other_imp_other_imp_session_11_0460,other_imp_session_11,other_impulse,OTHER_IMPULSE,data/processed\other_impulse\other_imp_other_imp_session_11_0460.wav,1.0,16000,1,0.8691371320576144,0.0286728184299853,30.312221697273905,3
other_imp_other_imp_session_11_0461,other_imp_session_11,other_impulse,OTHER_IMPULSE,data/processed\other_impulse\other_imp_other_imp_session_11_0461.wav,1.0,16000,1,0.7973168258134733,0.0300223134487341,26.557465719632404,3
other_imp_other_imp_session_11_0462,other_imp_session_11,other_impulse,OTHER_IMPULSE,data/processed\other_impulse\other_imp_other_imp_session_11_0462.wav,1.0,16000,1,0.8741189109755242,0.0242312864926351,36.07396373698798,3
other_imp_other_imp_session_11_0463,other_imp_session_11,other_impulse,OTHER_IMPULSE,data/processed\other_impulse\other_imp_other_imp_session_11_0463.wav,1.0,16000,1,0.8661024002742113,0.03163151229706,27.38099014459096,3
other_imp_other_imp_session_11_0464,other_imp_session_11,other_impulse,OTHER_IMPULSE,data/processed\other_impulse\other_imp_other_imp_session_11_0464.wav,1.0,16000,1,0.5525191065585933,0.0257945288950294,21.420003234291684,3
other_imp_other_imp_session_11_0465,other_imp_session_11,other_impulse,OTHER_IMPULSE,data/processed\other_impulse\other_imp_other_imp_session_11_0465.wav,1.0,16000,1,0.939000104439212,0.0337521577989116,27.820438379945823,3
other_imp_other_imp_session_11_0466,other_imp_session_11,other_impulse,OTHER_IMPULSE,data/processed\other_impulse\other_imp_other_imp_session_11_0466.wav,1.0,16000,1,0.9440608762859234,0.0304924677595089,30.960451417940995,3
other_imp_other_imp_session_11_0467,other_imp_session_11,other_impulse,OTHER_IMPULSE,data/processed\other_impulse\other_imp_other_imp_session_11_0467.wav,1.0,16000,1,0.9440608762859234,0.0244377038973356,38.63130897808117,3
other_imp_other_imp_session_11_0468,other_imp_session_11,other_impulse,OTHER_IMPULSE,data/processed\other_impulse\other_imp_other_imp_session_11_0468.wav,1.0,16000,1,0.9440608762859236,0.0260027470113306,36.30618383560446,3
other_imp_other_imp_session_11_0469,other_imp_session_11,other_impulse,OTHER_IMPULSE,data/processed\other_impulse\other_imp_other_imp_session_11_0469.wav,1.0,16000,1,0.8702323821979809,0.0249371205075614,34.89705369004302,3
other_imp_other_imp_session_11_0470,other_imp_session_11,other_impulse,OTHER_IMPULSE,data/processed\other_impulse\other_imp_other_imp_session_11_0470.wav,1.0,16000,1,0.6108402442027852,0.0246337443217099,24.79687977014717,3
other_imp_other_imp_session_11_0471,other_imp_session_11,other_impulse,OTHER_IMPULSE,data/processed\other_impulse\other_imp_other_imp_session_11_0471.wav,1.0,16000,1,0.9440608762859234,0.0265641969419419,35.53883156945881,3
other_imp_other_imp_session_11_0472,other_imp_session_11,other_impulse,OTHER_IMPULSE,data/processed\other_impulse\other_imp_other_imp_session_11_0472.wav,1.0,16000,1,0.6287908716534615,0.0238557832837784,26.357994646148686,3
other_imp_other_imp_session_11_0473,other_imp_session_11,other_impulse,OTHER_IMPULSE,data/processed\other_impulse\other_imp_other_imp_session_11_0473.wav,1.0,16000,1,0.8794409185240885,0.0339445482435292,25.908156241560004,3
other_imp_other_imp_session_11_0474,other_imp_session_11,other_impulse,OTHER_IMPULSE,data/processed\other_impulse\other_imp_other_imp_session_11_0474.wav,1.0,16000,1,0.7750843957331481,0.0277539302605328,27.92700382206076,3
other_imp_other_imp_session_11_0475,other_imp_session_11,other_impulse,OTHER_IMPULSE,data/processed\other_impulse\other_imp_other_imp_session_11_0475.wav,1.0,16000,1,0.7417943788768708,0.0286210607376001,25.91777175905436,3
other_imp_other_imp_session_11_0476,other_imp_session_11,other_impulse,OTHER_IMPULSE,data/processed\other_impulse\other_imp_other_imp_session_11_0476.wav,1.0,16000,1,0.724465926801779,0.0292459963976244,24.771448003944368,3
other_imp_other_imp_session_11_0477,other_imp_session_11,other_impulse,OTHER_IMPULSE,data/processed\other_impulse\other_imp_other_imp_session_11_0477.wav,1.0,16000,1,0.940603937555029,0.0260520505837506,36.10478083033896,3
other_imp_other_imp_session_11_0478,other_imp_session_11,other_impulse,OTHER_IMPULSE,data/processed\other_impulse\other_imp_other_imp_session_11_0478.wav,1.0,16000,1,0.7883592191579262,0.02886547986334,27.31147896295237,3
other_imp_other_imp_session_11_0479,other_imp_session_11,other_impulse,OTHER_IMPULSE,data/processed\other_impulse\other_imp_other_imp_session_11_0479.wav,1.0,16000,1,0.7454006578651445,0.0334876748232396,22.25894867918293,3
other_imp_other_imp_session_12_0480,other_imp_session_12,other_impulse,OTHER_IMPULSE,data/processed\other_impulse\other_imp_other_imp_session_12_0480.wav,1.0,16000,1,0.34849838123865,0.022768847437162,15.305923110127187,3
other_imp_other_imp_session_12_0481,other_imp_session_12,other_impulse,OTHER_IMPULSE,data/processed\other_impulse\other_imp_other_imp_session_12_0481.wav,1.0,16000,1,0.4356586077582698,0.0276885469365003,15.73424750005534,3
other_imp_other_imp_session_12_0482,other_imp_session_12,other_impulse,OTHER_IMPULSE,data/processed\other_impulse\other_imp_other_imp_session_12_0482.wav,1.0,16000,1,0.4117424046744886,0.029226937200489,14.087766397566089,3
other_imp_other_imp_session_12_0483,other_imp_session_12,other_impulse,OTHER_IMPULSE,data/processed\other_impulse\other_imp_other_imp_session_12_0483.wav,1.0,16000,1,0.351880738348991,0.0219605708375914,16.023289226788243,3
other_imp_other_imp_session_12_0484,other_imp_session_12,other_impulse,OTHER_IMPULSE,data/processed\other_impulse\other_imp_other_imp_session_12_0484.wav,1.0,16000,1,0.3513704757686878,0.0299404465046149,11.73564189692727,3
other_imp_other_imp_session_12_0485,other_imp_session_12,other_impulse,OTHER_IMPULSE,data/processed\other_impulse\other_imp_other_imp_session_12_0485.wav,1.0,16000,1,0.3916056756821644,0.0336024403031549,11.65408094199002,3
other_imp_other_imp_session_12_0486,other_imp_session_12,other_impulse,OTHER_IMPULSE,data/processed\other_impulse\other_imp_other_imp_session_12_0486.wav,1.0,16000,1,0.4647433130336609,0.0318441523947518,14.594301689349964,3
other_imp_other_imp_session_12_0487,other_imp_session_12,other_impulse,OTHER_IMPULSE,data/processed\other_impulse\other_imp_other_imp_session_12_0487.wav,1.0,16000,1,0.3913430238188279,0.0308126491287056,12.700722199410755,3
other_imp_other_imp_session_12_0488,other_imp_session_12,other_impulse,OTHER_IMPULSE,data/processed\other_impulse\other_imp_other_imp_session_12_0488.wav,1.0,16000,1,0.4437805686936465,0.0314937933274786,14.091044008852483,3
other_imp_other_imp_session_12_0489,other_imp_session_12,other_impulse,OTHER_IMPULSE,data/processed\other_impulse\other_imp_other_imp_session_12_0489.wav,1.0,16000,1,0.3965333116432101,0.0266424645119566,14.883501585607355,3
other_imp_other_imp_session_12_0490,other_imp_session_12,other_impulse,OTHER_IMPULSE,data/processed\other_impulse\other_imp_other_imp_session_12_0490.wav,1.0,16000,1,0.3488663539276492,0.0272910011059444,12.7831963635697,3
other_imp_other_imp_session_12_0491,other_imp_session_12,other_impulse,OTHER_IMPULSE,data/processed\other_impulse\other_imp_other_imp_session_12_0491.wav,1.0,16000,1,0.3827018806164831,0.0326313616100349,11.728035376201984,3
other_imp_other_imp_session_12_0492,other_imp_session_12,other_impulse,OTHER_IMPULSE,data/processed\other_impulse\other_imp_other_imp_session_12_0492.wav,1.0,16000,1,0.4556309463547697,0.0287900596453668,15.825975830110382,3
other_imp_other_imp_session_12_0493,other_imp_session_12,other_impulse,OTHER_IMPULSE,data/processed\other_impulse\other_imp_other_imp_session_12_0493.wav,1.0,16000,1,0.3688979378466694,0.0238119453795478,15.492131241078903,3
other_imp_other_imp_session_12_0494,other_imp_session_12,other_impulse,OTHER_IMPULSE,data/processed\other_impulse\other_imp_other_imp_session_12_0494.wav,1.0,16000,1,0.3751529536735957,0.0307073985570856,12.217017693830458,3
other_imp_other_imp_session_12_0495,other_imp_session_12,other_impulse,OTHER_IMPULSE,data/processed\other_impulse\other_imp_other_imp_session_12_0495.wav,1.0,16000,1,0.482427632265886,0.0349886361189384,13.78811945526411,3
other_imp_other_imp_session_12_0496,other_imp_session_12,other_impulse,OTHER_IMPULSE,data/processed\other_impulse\other_imp_other_imp_session_12_0496.wav,1.0,16000,1,0.453871583388642,0.0310150309834688,14.633918543927043,3
other_imp_other_imp_session_12_0497,other_imp_session_12,other_impulse,OTHER_IMPULSE,data/processed\other_impulse\other_imp_other_imp_session_12_0497.wav,1.0,16000,1,0.3642346266486999,0.0238036135379769,15.30164624169886,3
other_imp_other_imp_session_12_0498,other_imp_session_12,other_impulse,OTHER_IMPULSE,data/processed\other_impulse\other_imp_other_imp_session_12_0498.wav,1.0,16000,1,0.4142393155621903,0.0321426885029356,12.887508978885418,3
other_imp_other_imp_session_12_0499,other_imp_session_12,other_impulse,OTHER_IMPULSE,data/processed\other_impulse\other_imp_other_imp_session_12_0499.wav,1.0,16000,1,0.3913564800089451,0.0273561886416736,14.305952560702783,3
other_imp_other_imp_session_12_0500,other_imp_session_12,other_impulse,OTHER_IMPULSE,data/processed\other_impulse\other_imp_other_imp_session_12_0500.wav,1.0,16000,1,0.3879251134470809,0.0258812992112536,14.98862017684966,3
other_imp_other_imp_session_12_0501,other_imp_session_12,other_impulse,OTHER_IMPULSE,data/processed\other_impulse\other_imp_other_imp_session_12_0501.wav,1.0,16000,1,0.3561184920172476,0.0270362463442165,13.171886206554149,3
other_imp_other_imp_session_12_0502,other_imp_session_12,other_impulse,OTHER_IMPULSE,data/processed\other_impulse\other_imp_other_imp_session_12_0502.wav,1.0,16000,1,0.4578494122831035,0.0308895288889354,14.822151082582328,3
other_imp_other_imp_session_12_0503,other_imp_session_12,other_impulse,OTHER_IMPULSE,data/processed\other_impulse\other_imp_other_imp_session_12_0503.wav,1.0,16000,1,0.3966772863628194,0.0332004341094279,11.94795120979043,3
other_imp_other_imp_session_12_0504,other_imp_session_12,other_impulse,OTHER_IMPULSE,data/processed\other_impulse\other_imp_other_imp_session_12_0504.wav,1.0,16000,1,0.4277335471171222,0.031858522156471,13.426028073620516,3
other_imp_other_imp_session_12_0505,other_imp_session_12,other_impulse,OTHER_IMPULSE,data/processed\other_impulse\other_imp_other_imp_session_12_0505.wav,1.0,16000,1,0.4223994524467912,0.0239312204322986,17.650553056256673,3
other_imp_other_imp_session_12_0506,other_imp_session_12,other_impulse,OTHER_IMPULSE,data/processed\other_impulse\other_imp_other_imp_session_12_0506.wav,1.0,16000,1,0.3946010439782157,0.0282445742002478,13.970856897045534,3
other_imp_other_imp_session_12_0507,other_imp_session_12,other_impulse,OTHER_IMPULSE,data/processed\other_impulse\other_imp_other_imp_session_12_0507.wav,1.0,16000,1,0.3982576913044763,0.0281645437866793,14.14038703829332,3
other_imp_other_imp_session_12_0508,other_imp_session_12,other_impulse,OTHER_IMPULSE,data/processed\other_impulse\other_imp_other_imp_session_12_0508.wav,1.0,16000,1,0.3872623687476786,0.0314022472015474,12.332309943904114,3
other_imp_other_imp_session_12_0509,other_imp_session_12,other_impulse,OTHER_IMPULSE,data/processed\other_impulse\other_imp_other_imp_session_12_0509.wav,1.0,16000,1,0.3440334949291919,0.0265168711714973,12.97413118474089,3
other_imp_other_imp_session_12_0510,other_imp_session_12,other_impulse,OTHER_IMPULSE,data/processed\other_impulse\other_imp_other_imp_session_12_0510.wav,1.0,16000,1,0.3385336899790059,0.0294366252572495,11.500420717943044,3
other_imp_other_imp_session_12_0511,other_imp_session_12,other_impulse,OTHER_IMPULSE,data/processed\other_impulse\other_imp_other_imp_session_12_0511.wav,1.0,16000,1,0.4025639454600445,0.0275709240408356,14.601026750265415,3
other_imp_other_imp_session_12_0512,other_imp_session_12,other_impulse,OTHER_IMPULSE,data/processed\other_impulse\other_imp_other_imp_session_12_0512.wav,1.0,16000,1,0.3795277292352423,0.0276105834359519,13.745728794842067,3
other_imp_other_imp_session_12_0513,other_imp_session_12,other_impulse,OTHER_IMPULSE,data/processed\other_impulse\other_imp_other_imp_session_12_0513.wav,1.0,16000,1,0.3370106408001054,0.0272660589962733,12.360074378384637,3
other_imp_other_imp_session_12_0514,other_imp_session_12,other_impulse,OTHER_IMPULSE,data/processed\other_impulse\other_imp_other_imp_session_12_0514.wav,1.0,16000,1,0.4083122428554375,0.0269446790965688,15.153718842034504,3
other_imp_other_imp_session_12_0515,other_imp_session_12,other_impulse,OTHER_IMPULSE,data/processed\other_impulse\other_imp_other_imp_session_12_0515.wav,1.0,16000,1,0.406586730283584,0.0287519139338055,14.141200819105274,3
other_imp_other_imp_session_12_0516,other_imp_session_12,other_impulse,OTHER_IMPULSE,data/processed\other_impulse\other_imp_other_imp_session_12_0516.wav,1.0,16000,1,0.4835617001196088,0.0358556413235166,13.48634545100161,3
other_imp_other_imp_session_12_0517,other_imp_session_12,other_impulse,OTHER_IMPULSE,data/processed\other_impulse\other_imp_other_imp_session_12_0517.wav,1.0,16000,1,0.3460325230504307,0.0230181599997699,15.033016223873958,3
other_imp_other_imp_session_12_0518,other_imp_session_12,other_impulse,OTHER_IMPULSE,data/processed\other_impulse\other_imp_other_imp_session_12_0518.wav,1.0,16000,1,0.3903330052724181,0.0337944732117361,11.550198972619985,3
other_imp_other_imp_session_12_0519,other_imp_session_12,other_impulse,OTHER_IMPULSE,data/processed\other_impulse\other_imp_other_imp_session_12_0519.wav,1.0,16000,1,0.3676881346649066,0.0279862256810313,13.13817759757236,3
other_imp_other_imp_session_13_0520,other_imp_session_13,other_impulse,OTHER_IMPULSE,data/processed\other_impulse\other_imp_other_imp_session_13_0520.wav,1.0,16000,1,0.6576199678830188,0.0276278346288437,23.802796661034392,3
other_imp_other_imp_session_13_0521,other_imp_session_13,other_impulse,OTHER_IMPULSE,data/processed\other_impulse\other_imp_other_imp_session_13_0521.wav,1.0,16000,1,0.5688971754857615,0.0203551758949662,27.94851289599115,3
other_imp_other_imp_session_13_0522,other_imp_session_13,other_impulse,OTHER_IMPULSE,data/processed\other_impulse\other_imp_other_imp_session_13_0522.wav,1.0,16000,1,0.6323952722759613,0.0259499125631244,24.369832732164408,3
other_imp_other_imp_session_13_0523,other_imp_session_13,other_impulse,OTHER_IMPULSE,data/processed\other_impulse\other_imp_other_imp_session_13_0523.wav,1.0,16000,1,0.6175298808055386,0.0240695203858185,25.656083475952634,3
other_imp_other_imp_session_13_0524,other_imp_session_13,other_impulse,OTHER_IMPULSE,data/processed\other_impulse\other_imp_other_imp_session_13_0524.wav,1.0,16000,1,0.5938354052945151,0.0234639534215172,25.30840142505288,3
other_imp_other_imp_session_13_0525,other_imp_session_13,other_impulse,OTHER_IMPULSE,data/processed\other_impulse\other_imp_other_imp_session_13_0525.wav,1.0,16000,1,0.6301836892424958,0.0210049957541475,30.00159564907828,3
other_imp_other_imp_session_13_0526,other_imp_session_13,other_impulse,OTHER_IMPULSE,data/processed\other_impulse\other_imp_other_imp_session_13_0526.wav,1.0,16000,1,0.6025096172627593,0.0199312502363766,30.22937888107632,3
other_imp_other_imp_session_13_0527,other_imp_session_13,other_impulse,OTHER_IMPULSE,data/processed\other_impulse\other_imp_other_imp_session_13_0527.wav,1.0,16000,1,0.6149453484662666,0.022660443938044,27.137379954858275,3
other_imp_other_imp_session_13_0528,other_imp_session_13,other_impulse,OTHER_IMPULSE,data/processed\other_impulse\other_imp_other_imp_session_13_0528.wav,1.0,16000,1,0.6315059146321899,0.0267703342844571,23.589756931099416,3
other_imp_other_imp_session_13_0529,other_imp_session_13,other_impulse,OTHER_IMPULSE,data/processed\other_impulse\other_imp_other_imp_session_13_0529.wav,1.0,16000,1,0.6199726255699848,0.0244677734147914,25.338324075371474,3
other_imp_other_imp_session_13_0530,other_imp_session_13,other_impulse,OTHER_IMPULSE,data/processed\other_impulse\other_imp_other_imp_session_13_0530.wav,1.0,16000,1,0.5618046637557556,0.023001089381045,24.42512222779808,3
other_imp_other_imp_session_13_0531,other_imp_session_13,other_impulse,OTHER_IMPULSE,data/processed\other_impulse\other_imp_other_imp_session_13_0531.wav,1.0,16000,1,0.5718587865143168,0.0252146216360718,22.679640724801217,3
other_imp_other_imp_session_13_0532,other_imp_session_13,other_impulse,OTHER_IMPULSE,data/processed\other_impulse\other_imp_other_imp_session_13_0532.wav,1.0,16000,1,0.5920077444246894,0.0266786893612054,22.190277584729326,3
other_imp_other_imp_session_13_0533,other_imp_session_13,other_impulse,OTHER_IMPULSE,data/processed\other_impulse\other_imp_other_imp_session_13_0533.wav,1.0,16000,1,0.5838085821664166,0.0238225334495558,24.506559654414243,3
other_imp_other_imp_session_13_0534,other_imp_session_13,other_impulse,OTHER_IMPULSE,data/processed\other_impulse\other_imp_other_imp_session_13_0534.wav,1.0,16000,1,0.5850695417662637,0.0206142139574072,28.381836879968088,3
other_imp_other_imp_session_13_0535,other_imp_session_13,other_impulse,OTHER_IMPULSE,data/processed\other_impulse\other_imp_other_imp_session_13_0535.wav,1.0,16000,1,0.6397642205817455,0.0248506368061946,25.74436897241118,3
other_imp_other_imp_session_13_0536,other_imp_session_13,other_impulse,OTHER_IMPULSE,data/processed\other_impulse\other_imp_other_imp_session_13_0536.wav,1.0,16000,1,0.5977738058223069,0.0264759791085459,22.577959349188472,3
other_imp_other_imp_session_13_0537,other_imp_session_13,other_impulse,OTHER_IMPULSE,data/processed\other_impulse\other_imp_other_imp_session_13_0537.wav,1.0,16000,1,0.6138318282264652,0.0232992374061891,26.345564623834555,3
other_imp_other_imp_session_13_0538,other_imp_session_13,other_impulse,OTHER_IMPULSE,data/processed\other_impulse\other_imp_other_imp_session_13_0538.wav,1.0,16000,1,0.6455627527346722,0.0243337785677765,26.52947981924786,3
other_imp_other_imp_session_13_0539,other_imp_session_13,other_impulse,OTHER_IMPULSE,data/processed\other_impulse\other_imp_other_imp_session_13_0539.wav,1.0,16000,1,0.5881202823194451,0.0247051596680234,23.805555283462137,3
other_imp_other_imp_session_13_0540,other_imp_session_13,other_impulse,OTHER_IMPULSE,data/processed\other_impulse\other_imp_other_imp_session_13_0540.wav,1.0,16000,1,0.5863641137943741,0.0261924515607763,22.38675095251312,3
other_imp_other_imp_session_13_0541,other_imp_session_13,other_impulse,OTHER_IMPULSE,data/processed\other_impulse\other_imp_other_imp_session_13_0541.wav,1.0,16000,1,0.5717707408506439,0.0240903398182207,23.73443080590659,3
other_imp_other_imp_session_13_0542,other_imp_session_13,other_impulse,OTHER_IMPULSE,data/processed\other_impulse\other_imp_other_imp_session_13_0542.wav,1.0,16000,1,0.5680281791533979,0.0203972648290638,27.84823874334529,3
other_imp_other_imp_session_13_0543,other_imp_session_13,other_impulse,OTHER_IMPULSE,data/processed\other_impulse\other_imp_other_imp_session_13_0543.wav,1.0,16000,1,0.6038774450174433,0.024183193992724,24.970944511700345,3
other_imp_other_imp_session_13_0544,other_imp_session_13,other_impulse,OTHER_IMPULSE,data/processed\other_impulse\other_imp_other_imp_session_13_0544.wav,1.0,16000,1,0.6054347071695669,0.0276412765984516,21.90327519716396,3
other_imp_other_imp_session_13_0545,other_imp_session_13,other_impulse,OTHER_IMPULSE,data/processed\other_impulse\other_imp_other_imp_session_13_0545.wav,1.0,16000,1,0.6821145578317946,0.0222010112923994,30.724467530028324,3
other_imp_other_imp_session_13_0546,other_imp_session_13,other_impulse,OTHER_IMPULSE,data/processed\other_impulse\other_imp_other_imp_session_13_0546.wav,1.0,16000,1,0.6004686951986767,0.02067425073786,29.044264402598856,3
other_imp_other_imp_session_13_0547,other_imp_session_13,other_impulse,OTHER_IMPULSE,data/processed\other_impulse\other_imp_other_imp_session_13_0547.wav,1.0,16000,1,0.5938836278111812,0.0199691147438866,29.740093040031283,3
other_imp_other_imp_session_13_0548,other_imp_session_13,other_impulse,OTHER_IMPULSE,data/processed\other_impulse\other_imp_other_imp_session_13_0548.wav,1.0,16000,1,0.593631539830547,0.0206006536577569,28.816136688247973,3
other_imp_other_imp_session_13_0549,other_imp_session_13,other_impulse,OTHER_IMPULSE,data/processed\other_impulse\other_imp_other_imp_session_13_0549.wav,1.0,16000,1,0.6037481568245324,0.0235061935665638,25.68463065993891,3
other_imp_other_imp_session_13_0550,other_imp_session_13,other_impulse,OTHER_IMPULSE,data/processed\other_impulse\other_imp_other_imp_session_13_0550.wav,1.0,16000,1,0.5893092620285673,0.024323456446061,24.22801303158823,3
other_imp_other_imp_session_13_0551,other_imp_session_13,other_impulse,OTHER_IMPULSE,data/processed\other_impulse\other_imp_other_imp_session_13_0551.wav,1.0,16000,1,0.6292452389337588,0.0276586906185055,22.750354313924287,3
other_imp_other_imp_session_13_0552,other_imp_session_13,other_impulse,OTHER_IMPULSE,data/processed\other_impulse\other_imp_other_imp_session_13_0552.wav,1.0,16000,1,0.6250406177563524,0.0264450391433148,23.63544928084802,3
other_imp_other_imp_session_13_0553,other_imp_session_13,other_impulse,OTHER_IMPULSE,data/processed\other_impulse\other_imp_other_imp_session_13_0553.wav,1.0,16000,1,0.6740213342702243,0.026367928421857,25.56215520101153,3
other_imp_other_imp_session_13_0554,other_imp_session_13,other_impulse,OTHER_IMPULSE,data/processed\other_impulse\other_imp_other_imp_session_13_0554.wav,1.0,16000,1,0.6152040155191103,0.0199412559202574,30.85080044462731,3
other_imp_other_imp_session_13_0555,other_imp_session_13,other_impulse,OTHER_IMPULSE,data/processed\other_impulse\other_imp_other_imp_session_13_0555.wav,1.0,16000,1,0.6177054467943042,0.0261959940545092,23.580140143090805,3
other_imp_other_imp_session_13_0556,other_imp_session_13,other_impulse,OTHER_IMPULSE,data/processed\other_impulse\other_imp_other_imp_session_13_0556.wav,1.0,16000,1,0.6220961187307812,0.0257407695485682,24.1677264496593,3
other_imp_other_imp_session_13_0557,other_imp_session_13,other_impulse,OTHER_IMPULSE,data/processed\other_impulse\other_imp_other_imp_session_13_0557.wav,1.0,16000,1,0.585577544649049,0.0225402381429174,25.97919689863963,3
other_imp_other_imp_session_13_0558,other_imp_session_13,other_impulse,OTHER_IMPULSE,data/processed\other_impulse\other_imp_other_imp_session_13_0558.wav,1.0,16000,1,0.5885589572636092,0.0223550627658238,26.32775851051536,3
other_imp_other_imp_session_13_0559,other_imp_session_13,other_impulse,OTHER_IMPULSE,data/processed\other_impulse\other_imp_other_imp_session_13_0559.wav,1.0,16000,1,0.6157415519268893,0.0209981605608057,29.323580839761533,3
other_imp_other_imp_session_14_0560,other_imp_session_14,other_impulse,OTHER_IMPULSE,data/processed\other_impulse\other_imp_other_imp_session_14_0560.wav,1.0,16000,1,0.762156177689063,0.0238008763906136,32.02217619885092,3
other_imp_other_imp_session_14_0561,other_imp_session_14,other_impulse,OTHER_IMPULSE,data/processed\other_impulse\other_imp_other_imp_session_14_0561.wav,1.0,16000,1,0.9440608762859234,0.0238868421960852,39.52219691971977,3
other_imp_other_imp_session_14_0562,other_imp_session_14,other_impulse,OTHER_IMPULSE,data/processed\other_impulse\other_imp_other_imp_session_14_0562.wav,1.0,16000,1,0.6414057402290394,0.0208362701992646,30.78312127188982,3
other_imp_other_imp_session_14_0563,other_imp_session_14,other_impulse,OTHER_IMPULSE,data/processed\other_impulse\other_imp_other_imp_session_14_0563.wav,1.0,16000,1,0.5733438259494461,0.0196368373417671,29.19734598791501,3
other_imp_other_imp_session_14_0564,other_imp_session_14,other_impulse,OTHER_IMPULSE,data/processed\other_impulse\other_imp_other_imp_session_14_0564.wav,1.0,16000,1,0.9440608762859234,0.0214580491525574,43.99563211071714,3
other_imp_other_imp_session_14_0565,other_imp_session_14,other_impulse,OTHER_IMPULSE,data/processed\other_impulse\other_imp_other_imp_session_14_0565.wav,1.0,16000,1,0.7724393453720823,0.0190072720624721,40.639126774321056,3
other_imp_other_imp_session_14_0566,other_imp_session_14,other_impulse,OTHER_IMPULSE,data/processed\other_impulse\other_imp_other_imp_session_14_0566.wav,1.0,16000,1,0.940577008403184,0.024171426414617,38.91274776845257,3
other_imp_other_imp_session_14_0567,other_imp_session_14,other_impulse,OTHER_IMPULSE,data/processed\other_impulse\other_imp_other_imp_session_14_0567.wav,1.0,16000,1,0.7444350535499358,0.0223548791227568,33.30077145370916,3
other_imp_other_imp_session_14_0568,other_imp_session_14,other_impulse,OTHER_IMPULSE,data/processed\other_impulse\other_imp_other_imp_session_14_0568.wav,1.0,16000,1,0.9255513965590928,0.0227826733558182,40.62521442728678,3
other_imp_other_imp_session_14_0569,other_imp_session_14,other_impulse,OTHER_IMPULSE,data/processed\other_impulse\other_imp_other_imp_session_14_0569.wav,1.0,16000,1,0.9440608762859234,0.0244887122558762,38.55084256424978,3
other_imp_other_imp_session_14_0570,other_imp_session_14,other_impulse,OTHER_IMPULSE,data/processed\other_impulse\other_imp_other_imp_session_14_0570.wav,1.0,16000,1,0.9440608762859236,0.0192831067102426,48.95789879156116,3
other_imp_other_imp_session_14_0571,other_imp_session_14,other_impulse,OTHER_IMPULSE,data/processed\other_impulse\other_imp_other_imp_session_14_0571.wav,1.0,16000,1,0.9440608762859234,0.0197106521805064,47.895949290815096,3
other_imp_other_imp_session_14_0572,other_imp_session_14,other_impulse,OTHER_IMPULSE,data/processed\other_impulse\other_imp_other_imp_session_14_0572.wav,1.0,16000,1,0.8674670819682864,0.023835935536598,36.39323141749781,3
other_imp_other_imp_session_14_0573,other_imp_session_14,other_impulse,OTHER_IMPULSE,data/processed\other_impulse\other_imp_other_imp_session_14_0573.wav,1.0,16000,1,0.5129500931593296,0.016709816240309,30.697512097519063,3
other_imp_other_imp_session_14_0574,other_imp_session_14,other_impulse,OTHER_IMPULSE,data/processed\other_impulse\other_imp_other_imp_session_14_0574.wav,1.0,16000,1,0.6457697291502494,0.019072307492906,33.859006876875085,3
other_imp_other_imp_session_14_0575,other_imp_session_14,other_impulse,OTHER_IMPULSE,data/processed\other_impulse\other_imp_other_imp_session_14_0575.wav,1.0,16000,1,0.680071995826356,0.0207776718401029,32.730888896072706,3
other_imp_other_imp_session_14_0576,other_imp_session_14,other_impulse,OTHER_IMPULSE,data/processed\other_impulse\other_imp_other_imp_session_14_0576.wav,1.0,16000,1,0.8511042953920885,0.025447835690883,33.445043078715564,3
other_imp_other_imp_session_14_0577,other_imp_session_14,other_impulse,OTHER_IMPULSE,data/processed\other_impulse\other_imp_other_imp_session_14_0577.wav,1.0,16000,1,0.8123734995773557,0.0224072441314204,36.25493310392774,3
other_imp_other_imp_session_14_0578,other_imp_session_14,other_impulse,OTHER_IMPULSE,data/processed\other_impulse\other_imp_other_imp_session_14_0578.wav,1.0,16000,1,0.8236071237523543,0.0251207881985401,32.78586600804012,3
other_imp_other_imp_session_14_0579,other_imp_session_14,other_impulse,OTHER_IMPULSE,data/processed\other_impulse\other_imp_other_imp_session_14_0579.wav,1.0,16000,1,0.7477106954824341,0.0219917798310139,33.99953806524531,3
other_imp_other_imp_session_14_0580,other_imp_session_14,other_impulse,OTHER_IMPULSE,data/processed\other_impulse\other_imp_other_imp_session_14_0580.wav,1.0,16000,1,0.8084992120158867,0.0172194781972677,46.952569249077534,3
other_imp_other_imp_session_14_0581,other_imp_session_14,other_impulse,OTHER_IMPULSE,data/processed\other_impulse\other_imp_other_imp_session_14_0581.wav,1.0,16000,1,0.9440608762859234,0.0189371978871206,49.85216838264659,3
other_imp_other_imp_session_14_0582,other_imp_session_14,other_impulse,OTHER_IMPULSE,data/processed\other_impulse\other_imp_other_imp_session_14_0582.wav,1.0,16000,1,0.7858465149560626,0.0202061300668755,38.89147122385442,3
other_imp_other_imp_session_14_0583,other_imp_session_14,other_impulse,OTHER_IMPULSE,data/processed\other_impulse\other_imp_other_imp_session_14_0583.wav,1.0,16000,1,0.7002547699946176,0.0207674843811373,33.7187894284755,3
other_imp_other_imp_session_14_0584,other_imp_session_14,other_impulse,OTHER_IMPULSE,data/processed\other_impulse\other_imp_other_imp_session_14_0584.wav,1.0,16000,1,0.9440608762859236,0.0223611347281236,42.21880801561006,3
other_imp_other_imp_session_14_0585,other_imp_session_14,other_impulse,OTHER_IMPULSE,data/processed\other_impulse\other_imp_other_imp_session_14_0585.wav,1.0,16000,1,0.8549865175717783,0.0175122522660216,48.82216269857231,3
other_imp_other_imp_session_14_0586,other_imp_session_14,other_impulse,OTHER_IMPULSE,data/processed\other_impulse\other_imp_other_imp_session_14_0586.wav,1.0,16000,1,0.7210812010148278,0.0221157689389566,32.60482947515148,3
other_imp_other_imp_session_14_0587,other_imp_session_14,other_impulse,OTHER_IMPULSE,data/processed\other_impulse\other_imp_other_imp_session_14_0587.wav,1.0,16000,1,0.5238605746762814,0.0177264326876555,29.55249306963824,3
other_imp_other_imp_session_14_0588,other_imp_session_14,other_impulse,OTHER_IMPULSE,data/processed\other_impulse\other_imp_other_imp_session_14_0588.wav,1.0,16000,1,0.9440608762859234,0.0190195584860749,49.6362931144894,3
other_imp_other_imp_session_14_0589,other_imp_session_14,other_impulse,OTHER_IMPULSE,data/processed\other_impulse\other_imp_other_imp_session_14_0589.wav,1.0,16000,1,0.8193347565014812,0.0218093995431764,37.56794767320174,3
other_imp_other_imp_session_14_0590,other_imp_session_14,other_impulse,OTHER_IMPULSE,data/processed\other_impulse\other_imp_other_imp_session_14_0590.wav,1.0,16000,1,0.7267873279410869,0.0218042206313899,33.332399580051415,3
other_imp_other_imp_session_14_0591,other_imp_session_14,other_impulse,OTHER_IMPULSE,data/processed\other_impulse\other_imp_other_imp_session_14_0591.wav,1.0,16000,1,0.9440608762859234,0.0200917703333354,46.98741777101639,3
other_imp_other_imp_session_14_0592,other_imp_session_14,other_impulse,OTHER_IMPULSE,data/processed\other_impulse\other_imp_other_imp_session_14_0592.wav,1.0,16000,1,0.5120183534187097,0.0182221545983548,28.098657031390005,3
other_imp_other_imp_session_14_0593,other_imp_session_14,other_impulse,OTHER_IMPULSE,data/processed\other_impulse\other_imp_other_imp_session_14_0593.wav,1.0,16000,1,0.885205321324298,0.0253563707203899,34.910554904725544,3
other_imp_other_imp_session_14_0594,other_imp_session_14,other_impulse,OTHER_IMPULSE,data/processed\other_impulse\other_imp_other_imp_session_14_0594.wav,1.0,16000,1,0.9440608762859234,0.0208363645342616,45.3083080616345,3
other_imp_other_imp_session_14_0595,other_imp_session_14,other_impulse,OTHER_IMPULSE,data/processed\other_impulse\other_imp_other_imp_session_14_0595.wav,1.0,16000,1,0.9440608762859234,0.0215176148855241,43.87384208565846,3
other_imp_other_imp_session_14_0596,other_imp_session_14,other_impulse,OTHER_IMPULSE,data/processed\other_impulse\other_imp_other_imp_session_14_0596.wav,1.0,16000,1,0.8999517708785992,0.0248075958096312,36.27725213729432,3
other_imp_other_imp_session_14_0597,other_imp_session_14,other_impulse,OTHER_IMPULSE,data/processed\other_impulse\other_imp_other_imp_session_14_0597.wav,1.0,16000,1,0.6556929510807705,0.0195761440101963,33.494472445366384,3
other_imp_other_imp_session_14_0598,other_imp_session_14,other_impulse,OTHER_IMPULSE,data/processed\other_impulse\other_imp_other_imp_session_14_0598.wav,1.0,16000,1,0.7072858292953259,0.0230925471678746,30.628302623811184,3
other_imp_other_imp_session_14_0599,other_imp_session_14,other_impulse,OTHER_IMPULSE,data/processed\other_impulse\other_imp_other_imp_session_14_0599.wav,1.0,16000,1,0.6717599685395218,0.0204896998609885,32.78523576453965,3
other_imp_other_imp_session_15_0600,other_imp_session_15,other_impulse,OTHER_IMPULSE,data/processed\other_impulse\other_imp_other_imp_session_15_0600.wav,1.0,16000,1,0.8151480515848455,0.0254277941478522,32.057351348354544,3
other_imp_other_imp_session_15_0601,other_imp_session_15,other_impulse,OTHER_IMPULSE,data/processed\other_impulse\other_imp_other_imp_session_15_0601.wav,1.0,16000,1,0.8207959094817059,0.0290851235862488,28.2204620806614,3
other_imp_other_imp_session_15_0602,other_imp_session_15,other_impulse,OTHER_IMPULSE,data/processed\other_impulse\other_imp_other_imp_session_15_0602.wav,1.0,16000,1,0.8646756211729238,0.0264409206426629,32.702162902608,3
other_imp_other_imp_session_15_0603,other_imp_session_15,other_impulse,OTHER_IMPULSE,data/processed\other_impulse\other_imp_other_imp_session_15_0603.wav,1.0,16000,1,0.7601304129000136,0.0221292983634574,34.34948803710611,3
other_imp_other_imp_session_15_0604,other_imp_session_15,other_impulse,OTHER_IMPULSE,data/processed\other_impulse\other_imp_other_imp_session_15_0604.wav,1.0,16000,1,0.8149609247863331,0.025488409519047,31.97377240975369,3
other_imp_other_imp_session_15_0605,other_imp_session_15,other_impulse,OTHER_IMPULSE,data/processed\other_impulse\other_imp_other_imp_session_15_0605.wav,1.0,16000,1,0.8926441242283147,0.0335357891721656,26.61764878915424,3
other_imp_other_imp_session_15_0606,other_imp_session_15,other_impulse,OTHER_IMPULSE,data/processed\other_impulse\other_imp_other_imp_session_15_0606.wav,1.0,16000,1,0.7467818455142737,0.0256834236597854,29.07640214336172,3
other_imp_other_imp_session_15_0607,other_imp_session_15,other_impulse,OTHER_IMPULSE,data/processed\other_impulse\other_imp_other_imp_session_15_0607.wav,1.0,16000,1,0.9440608762859234,0.0339722359938951,27.789180510925647,3
other_imp_other_imp_session_15_0608,other_imp_session_15,other_impulse,OTHER_IMPULSE,data/processed\other_impulse\other_imp_other_imp_session_15_0608.wav,1.0,16000,1,0.8565745134523117,0.028905532955698,29.633572867499375,3
other_imp_other_imp_session_15_0609,other_imp_session_15,other_impulse,OTHER_IMPULSE,data/processed\other_impulse\other_imp_other_imp_session_15_0609.wav,1.0,16000,1,0.7607766541449781,0.0276130315364666,27.55135297718915,3
other_imp_other_imp_session_15_0610,other_imp_session_15,other_impulse,OTHER_IMPULSE,data/processed\other_impulse\other_imp_other_imp_session_15_0610.wav,1.0,16000,1,0.9440608762859234,0.0248742203709318,37.95337030363597,3
other_imp_other_imp_session_15_0611,other_imp_session_15,other_impulse,OTHER_IMPULSE,data/processed\other_impulse\other_imp_other_imp_session_15_0611.wav,1.0,16000,1,0.9440608762859234,0.0229890396873573,41.0656764470391,3
other_imp_other_imp_session_15_0612,other_imp_session_15,other_impulse,OTHER_IMPULSE,data/processed\other_impulse\other_imp_other_imp_session_15_0612.wav,1.0,16000,1,0.9440608762859234,0.0250255552297307,37.72385828729911,3
other_imp_other_imp_session_15_0613,other_imp_session_15,other_impulse,OTHER_IMPULSE,data/processed\other_impulse\other_imp_other_imp_session_15_0613.wav,1.0,16000,1,0.9440608762859234,0.0310157727858639,30.4380799544481,3
other_imp_other_imp_session_15_0614,other_imp_session_15,other_impulse,OTHER_IMPULSE,data/processed\other_impulse\other_imp_other_imp_session_15_0614.wav,1.0,16000,1,0.900879663581254,0.025863221555428,34.83244781884896,3
other_imp_other_imp_session_15_0615,other_imp_session_15,other_impulse,OTHER_IMPULSE,data/processed\other_impulse\other_imp_other_imp_session_15_0615.wav,1.0,16000,1,0.9440608762859234,0.031678903810529,29.80092316082342,3
other_imp_other_imp_session_15_0616,other_imp_session_15,other_impulse,OTHER_IMPULSE,data/processed\other_impulse\other_imp_other_imp_session_15_0616.wav,1.0,16000,1,0.7433245046121693,0.0283361987263278,26.23232034289502,3
other_imp_other_imp_session_15_0617,other_imp_session_15,other_impulse,OTHER_IMPULSE,data/processed\other_impulse\other_imp_other_imp_session_15_0617.wav,1.0,16000,1,0.9315085735142388,0.0229674901050203,40.5576823448288,3
other_imp_other_imp_session_15_0618,other_imp_session_15,other_impulse,OTHER_IMPULSE,data/processed\other_impulse\other_imp_other_imp_session_15_0618.wav,1.0,16000,1,0.9035069014594008,0.0336783669180703,26.82750726548876,3
other_imp_other_imp_session_15_0619,other_imp_session_15,other_impulse,OTHER_IMPULSE,data/processed\other_impulse\other_imp_other_imp_session_15_0619.wav,1.0,16000,1,0.7049817145709315,0.0254602194077261,27.68952719479422,3
other_imp_other_imp_session_15_0620,other_imp_session_15,other_impulse,OTHER_IMPULSE,data/processed\other_impulse\other_imp_other_imp_session_15_0620.wav,1.0,16000,1,0.8173157798409165,0.0255567060805141,31.980469527698197,3
other_imp_other_imp_session_15_0621,other_imp_session_15,other_impulse,OTHER_IMPULSE,data/processed\other_impulse\other_imp_other_imp_session_15_0621.wav,1.0,16000,1,0.8983962419398822,0.0318975292356602,28.1650642484518,3
other_imp_other_imp_session_15_0622,other_imp_session_15,other_impulse,OTHER_IMPULSE,data/processed\other_impulse\other_imp_other_imp_session_15_0622.wav,1.0,16000,1,0.8898061269325729,0.0308120194509262,28.878530326921524,3
other_imp_other_imp_session_15_0623,other_imp_session_15,other_impulse,OTHER_IMPULSE,data/processed\other_impulse\other_imp_other_imp_session_15_0623.wav,1.0,16000,1,0.9440608762859234,0.0274362682975122,34.4092178264399,3
other_imp_other_imp_session_15_0624,other_imp_session_15,other_impulse,OTHER_IMPULSE,data/processed\other_impulse\other_imp_other_imp_session_15_0624.wav,1.0,16000,1,0.9440608762859234,0.0233800580852031,40.37887626526641,3
other_imp_other_imp_session_15_0625,other_imp_session_15,other_impulse,OTHER_IMPULSE,data/processed\other_impulse\other_imp_other_imp_session_15_0625.wav,1.0,16000,1,0.8766211298197423,0.0310033672363165,28.275020593333643,3
other_imp_other_imp_session_15_0626,other_imp_session_15,other_impulse,OTHER_IMPULSE,data/processed\other_impulse\other_imp_other_imp_session_15_0626.wav,1.0,16000,1,0.9440608762859234,0.0331827805358706,28.45031599332768,3
other_imp_other_imp_session_15_0627,other_imp_session_15,other_impulse,OTHER_IMPULSE,data/processed\other_impulse\other_imp_other_imp_session_15_0627.wav,1.0,16000,1,0.8906103435020545,0.0242444396955149,36.73460749520794,3
other_imp_other_imp_session_15_0628,other_imp_session_15,other_impulse,OTHER_IMPULSE,data/processed\other_impulse\other_imp_other_imp_session_15_0628.wav,1.0,16000,1,0.9440608762859234,0.0309620694230491,30.490874446344044,3
other_imp_other_imp_session_15_0629,other_imp_session_15,other_impulse,OTHER_IMPULSE,data/processed\other_impulse\other_imp_other_imp_session_15_0629.wav,1.0,16000,1,0.9440608762859234,0.0234610199091569,40.23953253294529,3
other_imp_other_imp_session_15_0630,other_imp_session_15,other_impulse,OTHER_IMPULSE,data/processed\other_impulse\other_imp_other_imp_session_15_0630.wav,1.0,16000,1,0.8143526227949754,0.0303094576070056,26.867928970377143,3
other_imp_other_imp_session_15_0631,other_imp_session_15,other_impulse,OTHER_IMPULSE,data/processed\other_impulse\other_imp_other_imp_session_15_0631.wav,1.0,16000,1,0.9440608762859234,0.0318812462238531,29.61178410465489,3
other_imp_other_imp_session_15_0632,other_imp_session_15,other_impulse,OTHER_IMPULSE,data/processed\other_impulse\other_imp_other_imp_session_15_0632.wav,1.0,16000,1,0.9440608762859234,0.0270279922509492,34.92899206979929,3
other_imp_other_imp_session_15_0633,other_imp_session_15,other_impulse,OTHER_IMPULSE,data/processed\other_impulse\other_imp_other_imp_session_15_0633.wav,1.0,16000,1,0.8067325405014407,0.0306819051160181,26.2934219539728,3
other_imp_other_imp_session_15_0634,other_imp_session_15,other_impulse,OTHER_IMPULSE,data/processed\other_impulse\other_imp_other_imp_session_15_0634.wav,1.0,16000,1,0.943874445649663,0.0271403947808893,34.777463831868914,3
other_imp_other_imp_session_15_0635,other_imp_session_15,other_impulse,OTHER_IMPULSE,data/processed\other_impulse\other_imp_other_imp_session_15_0635.wav,1.0,16000,1,0.883174280266981,0.0334585884086841,26.39603337472004,3
other_imp_other_imp_session_15_0636,other_imp_session_15,other_impulse,OTHER_IMPULSE,data/processed\other_impulse\other_imp_other_imp_session_15_0636.wav,1.0,16000,1,0.9440608762859234,0.0240158315923871,39.30992268808039,3
other_imp_other_imp_session_15_0637,other_imp_session_15,other_impulse,OTHER_IMPULSE,data/processed\other_impulse\other_imp_other_imp_session_15_0637.wav,1.0,16000,1,0.848883359201182,0.0316731289068012,26.801365084118583,3
other_imp_other_imp_session_15_0638,other_imp_session_15,other_impulse,OTHER_IMPULSE,data/processed\other_impulse\other_imp_other_imp_session_15_0638.wav,1.0,16000,1,0.9146721967932714,0.0318243500336895,28.74125970875743,3
other_imp_other_imp_session_15_0639,other_imp_session_15,other_impulse,OTHER_IMPULSE,data/processed\other_impulse\other_imp_other_imp_session_15_0639.wav,1.0,16000,1,0.8316659476464923,0.02326784186669,35.74313402076861,3
other_imp_other_imp_session_16_0640,other_imp_session_16,other_impulse,OTHER_IMPULSE,data/processed\other_impulse\other_imp_other_imp_session_16_0640.wav,1.0,16000,1,0.7403012650108737,0.0183945244797118,40.24571895675779,3
other_imp_other_imp_session_16_0641,other_imp_session_16,other_impulse,OTHER_IMPULSE,data/processed\other_impulse\other_imp_other_imp_session_16_0641.wav,1.0,16000,1,0.6120012566687332,0.0222456790503325,27.511004729232397,3
other_imp_other_imp_session_16_0642,other_imp_session_16,other_impulse,OTHER_IMPULSE,data/processed\other_impulse\other_imp_other_imp_session_16_0642.wav,1.0,16000,1,0.8435872923423338,0.0235787995267485,35.77734878367556,3
other_imp_other_imp_session_16_0643,other_imp_session_16,other_impulse,OTHER_IMPULSE,data/processed\other_impulse\other_imp_other_imp_session_16_0643.wav,1.0,16000,1,0.609403327699431,0.0220500456274565,27.6372694017428,3
other_imp_other_imp_session_16_0644,other_imp_session_16,other_impulse,OTHER_IMPULSE,data/processed\other_impulse\other_imp_other_imp_session_16_0644.wav,1.0,16000,1,0.9440608762859234,0.0240701954930343,39.2211390367699,3
other_imp_other_imp_session_16_0645,other_imp_session_16,other_impulse,OTHER_IMPULSE,data/processed\other_impulse\other_imp_other_imp_session_16_0645.wav,1.0,16000,1,0.8470598508255419,0.0225796971481809,37.51420889857657,3
other_imp_other_imp_session_16_0646,other_imp_session_16,other_impulse,OTHER_IMPULSE,data/processed\other_impulse\other_imp_other_imp_session_16_0646.wav,1.0,16000,1,0.7881267940210194,0.0255199086837117,30.88280976867085,3
other_imp_other_imp_session_16_0647,other_imp_session_16,other_impulse,OTHER_IMPULSE,data/processed\other_impulse\other_imp_other_imp_session_16_0647.wav,1.0,16000,1,0.7392040153810655,0.023722967297553,31.159833190807472,3
other_imp_other_imp_session_16_0648,other_imp_session_16,other_impulse,OTHER_IMPULSE,data/processed\other_impulse\other_imp_other_imp_session_16_0648.wav,1.0,16000,1,0.5531864598577811,0.0216411852310687,25.56173325693258,3
other_imp_other_imp_session_16_0649,other_imp_session_16,other_impulse,OTHER_IMPULSE,data/processed\other_impulse\other_imp_other_imp_session_16_0649.wav,1.0,16000,1,0.6659089280065329,0.0231888013814527,28.71682023940004,3
other_imp_other_imp_session_16_0650,other_imp_session_16,other_impulse,OTHER_IMPULSE,data/processed\other_impulse\other_imp_other_imp_session_16_0650.wav,1.0,16000,1,0.9440608762859234,0.0265880111851671,35.50700030330174,3
other_imp_other_imp_session_16_0651,other_imp_session_16,other_impulse,OTHER_IMPULSE,data/processed\other_impulse\other_imp_other_imp_session_16_0651.wav,1.0,16000,1,0.9420185458004864,0.0242796210595791,38.79871747181377,3
other_imp_other_imp_session_16_0652,other_imp_session_16,other_impulse,OTHER_IMPULSE,data/processed\other_impulse\other_imp_other_imp_session_16_0652.wav,1.0,16000,1,0.6406457078953183,0.0194331204110317,32.966675689658295,3
other_imp_other_imp_session_16_0653,other_imp_session_16,other_impulse,OTHER_IMPULSE,data/processed\other_impulse\other_imp_other_imp_session_16_0653.wav,1.0,16000,1,0.8107290521210944,0.0208662925572378,38.853507941677954,3
other_imp_other_imp_session_16_0654,other_imp_session_16,other_impulse,OTHER_IMPULSE,data/processed\other_impulse\other_imp_other_imp_session_16_0654.wav,1.0,16000,1,0.8285969897123353,0.0216686680804866,38.23938805286479,3
other_imp_other_imp_session_16_0655,other_imp_session_16,other_impulse,OTHER_IMPULSE,data/processed\other_impulse\other_imp_other_imp_session_16_0655.wav,1.0,16000,1,0.7841310607515157,0.0224550961188842,34.91994455960644,3
other_imp_other_imp_session_16_0656,other_imp_session_16,other_impulse,OTHER_IMPULSE,data/processed\other_impulse\other_imp_other_imp_session_16_0656.wav,1.0,16000,1,0.9223422301572872,0.0214714631291915,42.95663481530359,3
other_imp_other_imp_session_16_0657,other_imp_session_16,other_impulse,OTHER_IMPULSE,data/processed\other_impulse\other_imp_other_imp_session_16_0657.wav,1.0,16000,1,0.7549732384983832,0.0197557506330476,38.2153465271014,3
other_imp_other_imp_session_16_0658,other_imp_session_16,other_impulse,OTHER_IMPULSE,data/processed\other_impulse\other_imp_other_imp_session_16_0658.wav,1.0,16000,1,0.5521016578438396,0.0170566223838474,32.36873759246151,3
other_imp_other_imp_session_16_0659,other_imp_session_16,other_impulse,OTHER_IMPULSE,data/processed\other_impulse\other_imp_other_imp_session_16_0659.wav,1.0,16000,1,0.5778477279335472,0.017990682651405,32.11925961552232,3
other_imp_other_imp_session_16_0660,other_imp_session_16,other_impulse,OTHER_IMPULSE,data/processed\other_impulse\other_imp_other_imp_session_16_0660.wav,1.0,16000,1,0.7147663557270445,0.0225471701522057,31.700920066366777,3
other_imp_other_imp_session_16_0661,other_imp_session_16,other_impulse,OTHER_IMPULSE,data/processed\other_impulse\other_imp_other_imp_session_16_0661.wav,1.0,16000,1,0.9211588909674668,0.0193530301638229,47.59763237041218,3
other_imp_other_imp_session_16_0662,other_imp_session_16,other_impulse,OTHER_IMPULSE,data/processed\other_impulse\other_imp_other_imp_session_16_0662.wav,1.0,16000,1,0.7401205965363307,0.0197010010800546,37.56764531164745,3
other_imp_other_imp_session_16_0663,other_imp_session_16,other_impulse,OTHER_IMPULSE,data/processed\other_impulse\other_imp_other_imp_session_16_0663.wav,1.0,16000,1,0.8648092529151957,0.0177486936833879,48.72520654703473,3
other_imp_other_imp_session_16_0664,other_imp_session_16,other_impulse,OTHER_IMPULSE,data/processed\other_impulse\other_imp_other_imp_session_16_0664.wav,1.0,16000,1,0.7349489668876873,0.0212072817001611,34.655484409737305,3
other_imp_other_imp_session_16_0665,other_imp_session_16,other_impulse,OTHER_IMPULSE,data/processed\other_impulse\other_imp_other_imp_session_16_0665.wav,1.0,16000,1,0.9392827008741332,0.0228518955968287,41.10303610760938,3
other_imp_other_imp_session_16_0666,other_imp_session_16,other_impulse,OTHER_IMPULSE,data/processed\other_impulse\other_imp_other_imp_session_16_0666.wav,1.0,16000,1,0.4329346340664589,0.0170141646389124,25.44552664202181,3
other_imp_other_imp_session_16_0667,other_imp_session_16,other_impulse,OTHER_IMPULSE,data/processed\other_impulse\other_imp_other_imp_session_16_0667.wav,1.0,16000,1,0.9440608762859234,0.025341194256961,37.2539863028253,3
other_imp_other_imp_session_16_0668,other_imp_session_16,other_impulse,OTHER_IMPULSE,data/processed\other_impulse\other_imp_other_imp_session_16_0668.wav,1.0,16000,1,0.9440608762859234,0.0184997206662667,51.03106057686381,3
other_imp_other_imp_session_16_0669,other_imp_session_16,other_impulse,OTHER_IMPULSE,data/processed\other_impulse\other_imp_other_imp_session_16_0669.wav,1.0,16000,1,0.7453628673415361,0.0205610686166693,36.25115594554725,3
other_imp_other_imp_session_16_0670,other_imp_session_16,other_impulse,OTHER_IMPULSE,data/processed\other_impulse\other_imp_other_imp_session_16_0670.wav,1.0,16000,1,0.7212364538371564,0.0197529914377496,36.512752561178544,3
other_imp_other_imp_session_16_0671,other_imp_session_16,other_impulse,OTHER_IMPULSE,data/processed\other_impulse\other_imp_other_imp_session_16_0671.wav,1.0,16000,1,0.5610000169550271,0.0171536001350188,32.70448684208768,3
other_imp_other_imp_session_16_0672,other_imp_session_16,other_impulse,OTHER_IMPULSE,data/processed\other_impulse\other_imp_other_imp_session_16_0672.wav,1.0,16000,1,0.8672012456799886,0.0243097287710285,35.67299730565131,3
other_imp_other_imp_session_16_0673,other_imp_session_16,other_impulse,OTHER_IMPULSE,data/processed\other_impulse\other_imp_other_imp_session_16_0673.wav,1.0,16000,1,0.7348716140370379,0.0209531836540255,35.07205756654928,3
other_imp_other_imp_session_16_0674,other_imp_session_16,other_impulse,OTHER_IMPULSE,data/processed\other_impulse\other_imp_other_imp_session_16_0674.wav,1.0,16000,1,0.7363701092263666,0.0221580889587097,33.23254899251721,3
other_imp_other_imp_session_16_0675,other_imp_session_16,other_impulse,OTHER_IMPULSE,data/processed\other_impulse\other_imp_other_imp_session_16_0675.wav,1.0,16000,1,0.6998781615508687,0.0194945466818097,35.90120939779669,3
other_imp_other_imp_session_16_0676,other_imp_session_16,other_impulse,OTHER_IMPULSE,data/processed\other_impulse\other_imp_other_imp_session_16_0676.wav,1.0,16000,1,0.8393644440368182,0.0264762419365542,31.702540300953785,3
other_imp_other_imp_session_16_0677,other_imp_session_16,other_impulse,OTHER_IMPULSE,data/processed\other_impulse\other_imp_other_imp_session_16_0677.wav,1.0,16000,1,0.6675410282888493,0.0221986899358013,30.07117670040946,3
other_imp_other_imp_session_16_0678,other_imp_session_16,other_impulse,OTHER_IMPULSE,data/processed\other_impulse\other_imp_other_imp_session_16_0678.wav,1.0,16000,1,0.90243387679864,0.0259410401507666,34.78786986470439,3
other_imp_other_imp_session_16_0679,other_imp_session_16,other_impulse,OTHER_IMPULSE,data/processed\other_impulse\other_imp_other_imp_session_16_0679.wav,1.0,16000,1,0.811861230645337,0.024488012101378,33.15340158075278,3
other_imp_other_imp_session_17_0680,other_imp_session_17,other_impulse,OTHER_IMPULSE,data/processed\other_impulse\other_imp_other_imp_session_17_0680.wav,1.0,16000,1,0.9440608762859234,0.028568863932218,33.045085309479994,3
other_imp_other_imp_session_17_0681,other_imp_session_17,other_impulse,OTHER_IMPULSE,data/processed\other_impulse\other_imp_other_imp_session_17_0681.wav,1.0,16000,1,0.8673910580825794,0.0316525312955181,27.403520304557603,3
other_imp_other_imp_session_17_0682,other_imp_session_17,other_impulse,OTHER_IMPULSE,data/processed\other_impulse\other_imp_other_imp_session_17_0682.wav,1.0,16000,1,0.6714861206908755,0.0257287136894532,26.098695325727785,3
other_imp_other_imp_session_17_0683,other_imp_session_17,other_impulse,OTHER_IMPULSE,data/processed\other_impulse\other_imp_other_imp_session_17_0683.wav,1.0,16000,1,0.7939778618070141,0.0250764312022449,31.662302294152266,3
other_imp_other_imp_session_17_0684,other_imp_session_17,other_impulse,OTHER_IMPULSE,data/processed\other_impulse\other_imp_other_imp_session_17_0684.wav,1.0,16000,1,0.6057215072520525,0.0225571986949171,26.852680021023158,3
other_imp_other_imp_session_17_0685,other_imp_session_17,other_impulse,OTHER_IMPULSE,data/processed\other_impulse\other_imp_other_imp_session_17_0685.wav,1.0,16000,1,0.6880696605359722,0.0237905404285575,28.92197314232931,3
other_imp_other_imp_session_17_0686,other_imp_session_17,other_impulse,OTHER_IMPULSE,data/processed\other_impulse\other_imp_other_imp_session_17_0686.wav,1.0,16000,1,0.7878432434615978,0.0299651964856576,26.29193440861774,3
other_imp_other_imp_session_17_0687,other_imp_session_17,other_impulse,OTHER_IMPULSE,data/processed\other_impulse\other_imp_other_imp_session_17_0687.wav,1.0,16000,1,0.7395253024086231,0.0263127652133628,28.105180712107348,3
other_imp_other_imp_session_17_0688,other_imp_session_17,other_impulse,OTHER_IMPULSE,data/processed\other_impulse\other_imp_other_imp_session_17_0688.wav,1.0,16000,1,0.9440608762859234,0.0251573314982315,37.5262575480119,3
other_imp_other_imp_session_17_0689,other_imp_session_17,other_impulse,OTHER_IMPULSE,data/processed\other_impulse\other_imp_other_imp_session_17_0689.wav,1.0,16000,1,0.8155956688702617,0.0254764090515003,32.01374836948404,3
other_imp_other_imp_session_17_0690,other_imp_session_17,other_impulse,OTHER_IMPULSE,data/processed\other_impulse\other_imp_other_imp_session_17_0690.wav,1.0,16000,1,0.7352644384406564,0.0243939344937637,30.141268814833303,3
other_imp_other_imp_session_17_0691,other_imp_session_17,other_impulse,OTHER_IMPULSE,data/processed\other_impulse\other_imp_other_imp_session_17_0691.wav,1.0,16000,1,0.5998102840607271,0.025248422375841,23.756337626515617,3
other_imp_other_imp_session_17_0692,other_imp_session_17,other_impulse,OTHER_IMPULSE,data/processed\other_impulse\other_imp_other_imp_session_17_0692.wav,1.0,16000,1,0.6105495098281759,0.0231354614387891,26.39019098631907,3
other_imp_other_imp_session_17_0693,other_imp_session_17,other_impulse,OTHER_IMPULSE,data/processed\other_impulse\other_imp_other_imp_session_17_0693.wav,1.0,16000,1,0.9440608762859234,0.0351667645412535,26.845250626510047,3
other_imp_other_imp_session_17_0694,other_imp_session_17,other_impulse,OTHER_IMPULSE,data/processed\other_impulse\other_imp_other_imp_session_17_0694.wav,1.0,16000,1,0.9440608762859234,0.0303844368382872,31.070530304876808,3
other_imp_other_imp_session_17_0695,other_imp_session_17,other_impulse,OTHER_IMPULSE,data/processed\other_impulse\other_imp_other_imp_session_17_0695.wav,1.0,16000,1,0.7102309971189987,0.0226180182455572,31.401101343062777,3
other_imp_other_imp_session_17_0696,other_imp_session_17,other_impulse,OTHER_IMPULSE,data/processed\other_impulse\other_imp_other_imp_session_17_0696.wav,1.0,16000,1,0.6483337561070206,0.023686409047273,27.371539565059827,3
other_imp_other_imp_session_17_0697,other_imp_session_17,other_impulse,OTHER_IMPULSE,data/processed\other_impulse\other_imp_other_imp_session_17_0697.wav,1.0,16000,1,0.654520681305675,0.0240530648619801,27.21151807248782,3
other_imp_other_imp_session_17_0698,other_imp_session_17,other_impulse,OTHER_IMPULSE,data/processed\other_impulse\other_imp_other_imp_session_17_0698.wav,1.0,16000,1,0.9440608762859234,0.0258016701998559,36.589124001746,3
other_imp_other_imp_session_17_0699,other_imp_session_17,other_impulse,OTHER_IMPULSE,data/processed\other_impulse\other_imp_other_imp_session_17_0699.wav,1.0,16000,1,0.9440608762859234,0.0310291351379435,30.424972137936635,3
other_imp_other_imp_session_17_0700,other_imp_session_17,other_impulse,OTHER_IMPULSE,data/processed\other_impulse\other_imp_other_imp_session_17_0700.wav,1.0,16000,1,0.9158127504866362,0.0274936438441858,33.309968754127745,3
other_imp_other_imp_session_17_0701,other_imp_session_17,other_impulse,OTHER_IMPULSE,data/processed\other_impulse\other_imp_other_imp_session_17_0701.wav,1.0,16000,1,0.8549562009344787,0.0326756872919344,26.16489537456677,3
other_imp_other_imp_session_17_0702,other_imp_session_17,other_impulse,OTHER_IMPULSE,data/processed\other_impulse\other_imp_other_imp_session_17_0702.wav,1.0,16000,1,0.7031252162547205,0.0311510006701845,22.57150574339789,3
other_imp_other_imp_session_17_0703,other_imp_session_17,other_impulse,OTHER_IMPULSE,data/processed\other_impulse\other_imp_other_imp_session_17_0703.wav,1.0,16000,1,0.9440608762859234,0.0308546361045292,30.59704114212292,3
other_imp_other_imp_session_17_0704,other_imp_session_17,other_impulse,OTHER_IMPULSE,data/processed\other_impulse\other_imp_other_imp_session_17_0704.wav,1.0,16000,1,0.8741625382884186,0.0326184798775633,26.799601746422763,3
other_imp_other_imp_session_17_0705,other_imp_session_17,other_impulse,OTHER_IMPULSE,data/processed\other_impulse\other_imp_other_imp_session_17_0705.wav,1.0,16000,1,0.9182886517257108,0.0282690073333213,32.483925454433866,3
other_imp_other_imp_session_17_0706,other_imp_session_17,other_impulse,OTHER_IMPULSE,data/processed\other_impulse\other_imp_other_imp_session_17_0706.wav,1.0,16000,1,0.9440608762859234,0.027737880923767,34.035063404082024,3
other_imp_other_imp_session_17_0707,other_imp_session_17,other_impulse,OTHER_IMPULSE,data/processed\other_impulse\other_imp_other_imp_session_17_0707.wav,1.0,16000,1,0.7774650766116081,0.0361614565797281,21.499821499149277,3
other_imp_other_imp_session_17_0708,other_imp_session_17,other_impulse,OTHER_IMPULSE,data/processed\other_impulse\other_imp_other_imp_session_17_0708.wav,1.0,16000,1,0.9440608762859234,0.0264278943902795,35.722123946882434,3
other_imp_other_imp_session_17_0709,other_imp_session_17,other_impulse,OTHER_IMPULSE,data/processed\other_impulse\other_imp_other_imp_session_17_0709.wav,1.0,16000,1,0.8459038072236,0.0274525134744145,30.81333517525165,3
other_imp_other_imp_session_17_0710,other_imp_session_17,other_impulse,OTHER_IMPULSE,data/processed\other_impulse\other_imp_other_imp_session_17_0710.wav,1.0,16000,1,0.8274393940929625,0.0317483407407383,26.062437096337803,3
other_imp_other_imp_session_17_0711,other_imp_session_17,other_impulse,OTHER_IMPULSE,data/processed\other_impulse\other_imp_other_imp_session_17_0711.wav,1.0,16000,1,0.6245289679985827,0.0267219921586036,23.371338879916344,3
other_imp_other_imp_session_17_0712,other_imp_session_17,other_impulse,OTHER_IMPULSE,data/processed\other_impulse\other_imp_other_imp_session_17_0712.wav,1.0,16000,1,0.7454314909264734,0.0301705740075657,24.70722776660685,3
other_imp_other_imp_session_17_0713,other_imp_session_17,other_impulse,OTHER_IMPULSE,data/processed\other_impulse\other_imp_other_imp_session_17_0713.wav,1.0,16000,1,0.7101971861143193,0.0260529551820334,27.2597449523359,3
other_imp_other_imp_session_17_0714,other_imp_session_17,other_impulse,OTHER_IMPULSE,data/processed\other_impulse\other_imp_other_imp_session_17_0714.wav,1.0,16000,1,0.9440608762859234,0.0238130618993334,39.64464896745842,3
other_imp_other_imp_session_17_0715,other_imp_session_17,other_impulse,OTHER_IMPULSE,data/processed\other_impulse\other_imp_other_imp_session_17_0715.wav,1.0,16000,1,0.6955536436839286,0.0251370768933377,27.67041569436102,3
other_imp_other_imp_session_17_0716,other_imp_session_17,other_impulse,OTHER_IMPULSE,data/processed\other_impulse\other_imp_other_imp_session_17_0716.wav,1.0,16000,1,0.8913805060389974,0.0310911683434944,28.66988494906987,3
other_imp_other_imp_session_17_0717,other_imp_session_17,other_impulse,OTHER_IMPULSE,data/processed\other_impulse\other_imp_other_imp_session_17_0717.wav,1.0,16000,1,0.829195338664965,0.0250852008781722,33.05514722168364,3
other_imp_other_imp_session_17_0718,other_imp_session_17,other_impulse,OTHER_IMPULSE,data/processed\other_impulse\other_imp_other_imp_session_17_0718.wav,1.0,16000,1,0.5639685833130589,0.0198013583321302,28.481293507274813,3
other_imp_other_imp_session_17_0719,other_imp_session_17,other_impulse,OTHER_IMPULSE,data/processed\other_impulse\other_imp_other_imp_session_17_0719.wav,1.0,16000,1,0.7691981934973517,0.0273754731170578,28.09806826817454,3
other_imp_other_imp_session_18_0720,other_imp_session_18,other_impulse,OTHER_IMPULSE,data/processed\other_impulse\other_imp_other_imp_session_18_0720.wav,1.0,16000,1,0.4145616215821766,0.0277767773637567,14.92475051751656,3
other_imp_other_imp_session_18_0721,other_imp_session_18,other_impulse,OTHER_IMPULSE,data/processed\other_impulse\other_imp_other_imp_session_18_0721.wav,1.0,16000,1,0.4089179224489835,0.0250659249370459,16.313691209842997,3
other_imp_other_imp_session_18_0722,other_imp_session_18,other_impulse,OTHER_IMPULSE,data/processed\other_impulse\other_imp_other_imp_session_18_0722.wav,1.0,16000,1,0.421052794995324,0.0263302166510386,15.991233215560456,3
other_imp_other_imp_session_18_0723,other_imp_session_18,other_impulse,OTHER_IMPULSE,data/processed\other_impulse\other_imp_other_imp_session_18_0723.wav,1.0,16000,1,0.3378551566920812,0.0232369316232248,14.53957074774427,3
other_imp_other_imp_session_18_0724,other_imp_session_18,other_impulse,OTHER_IMPULSE,data/processed\other_impulse\other_imp_other_imp_session_18_0724.wav,1.0,16000,1,0.4570076070875386,0.0317586562304403,14.390012595979298,3
other_imp_other_imp_session_18_0725,other_imp_session_18,other_impulse,OTHER_IMPULSE,data/processed\other_impulse\other_imp_other_imp_session_18_0725.wav,1.0,16000,1,0.4895761790073809,0.0325421848133325,15.044350321656903,3
other_imp_other_imp_session_18_0726,other_imp_session_18,other_impulse,OTHER_IMPULSE,data/processed\other_impulse\other_imp_other_imp_session_18_0726.wav,1.0,16000,1,0.3809839930349437,0.0295903873646813,12.875257751343376,3
other_imp_other_imp_session_18_0727,other_imp_session_18,other_impulse,OTHER_IMPULSE,data/processed\other_impulse\other_imp_other_imp_session_18_0727.wav,1.0,16000,1,0.4029722627185279,0.0274425529841247,14.684206535360524,3
other_imp_other_imp_session_18_0728,other_imp_session_18,other_impulse,OTHER_IMPULSE,data/processed\other_impulse\other_imp_other_imp_session_18_0728.wav,1.0,16000,1,0.3752738202612835,0.0311874324984419,12.032850089584326,3
other_imp_other_imp_session_18_0729,other_imp_session_18,other_impulse,OTHER_IMPULSE,data/processed\other_impulse\other_imp_other_imp_session_18_0729.wav,1.0,16000,1,0.4170172279630133,0.0293333811513052,14.216468386215109,3
other_imp_other_imp_session_18_0730,other_imp_session_18,other_impulse,OTHER_IMPULSE,data/processed\other_impulse\other_imp_other_imp_session_18_0730.wav,1.0,16000,1,0.426277907872867,0.0305594812625455,13.949116633211853,3
other_imp_other_imp_session_18_0731,other_imp_session_18,other_impulse,OTHER_IMPULSE,data/processed\other_impulse\other_imp_other_imp_session_18_0731.wav,1.0,16000,1,0.4022516979601236,0.0278415911600464,14.447865108324544,3
other_imp_other_imp_session_18_0732,other_imp_session_18,other_impulse,OTHER_IMPULSE,data/processed\other_impulse\other_imp_other_imp_session_18_0732.wav,1.0,16000,1,0.4105732038378567,0.031983843110035,12.83688999025067,3
other_imp_other_imp_session_18_0733,other_imp_session_18,other_impulse,OTHER_IMPULSE,data/processed\other_impulse\other_imp_other_imp_session_18_0733.wav,1.0,16000,1,0.5053619687677738,0.0327027034097747,15.453212167303622,3
other_imp_other_imp_session_18_0734,other_imp_session_18,other_impulse,OTHER_IMPULSE,data/processed\other_impulse\other_imp_other_imp_session_18_0734.wav,1.0,16000,1,0.3541938963868851,0.0281494522605456,12.582616787082426,3
other_imp_other_imp_session_18_0735,other_imp_session_18,other_impulse,OTHER_IMPULSE,data/processed\other_impulse\other_imp_other_imp_session_18_0735.wav,1.0,16000,1,0.3766419311709345,0.0337934490672497,11.145409246842975,3
other_imp_other_imp_session_18_0736,other_imp_session_18,other_impulse,OTHER_IMPULSE,data/processed\other_impulse\other_imp_other_imp_session_18_0736.wav,1.0,16000,1,0.3844531484695976,0.0237080552394319,16.216133395405183,3
other_imp_other_imp_session_18_0737,other_imp_session_18,other_impulse,OTHER_IMPULSE,data/processed\other_impulse\other_imp_other_imp_session_18_0737.wav,1.0,16000,1,0.4400653254707206,0.0289907212376712,15.179517959136154,3
other_imp_other_imp_session_18_0738,other_imp_session_18,other_impulse,OTHER_IMPULSE,data/processed\other_impulse\other_imp_other_imp_session_18_0738.wav,1.0,16000,1,0.3650103830352376,0.0293364867736087,12.442193962423046,3
other_imp_other_imp_session_18_0739,other_imp_session_18,other_impulse,OTHER_IMPULSE,data/processed\other_impulse\other_imp_other_imp_session_18_0739.wav,1.0,16000,1,0.4602313786681319,0.0291604681795321,15.782710277747416,3
other_imp_other_imp_session_18_0740,other_imp_session_18,other_impulse,OTHER_IMPULSE,data/processed\other_impulse\other_imp_other_imp_session_18_0740.wav,1.0,16000,1,0.3625046911413422,0.0275612216030868,13.1527029111697,3
other_imp_other_imp_session_18_0741,other_imp_session_18,other_impulse,OTHER_IMPULSE,data/processed\other_impulse\other_imp_other_imp_session_18_0741.wav,1.0,16000,1,0.2990835082241017,0.021869904752978,13.675568085302006,3
other_imp_other_imp_session_18_0742,other_imp_session_18,other_impulse,OTHER_IMPULSE,data/processed\other_impulse\other_imp_other_imp_session_18_0742.wav,1.0,16000,1,0.426062027492632,0.0337526800451827,12.623053952804575,3
other_imp_other_imp_session_18_0743,other_imp_session_18,other_impulse,OTHER_IMPULSE,data/processed\other_impulse\other_imp_other_imp_session_18_0743.wav,1.0,16000,1,0.3920665668548882,0.0284439937816445,13.783803780391018,3
other_imp_other_imp_session_18_0744,other_imp_session_18,other_impulse,OTHER_IMPULSE,data/processed\other_impulse\other_imp_other_imp_session_18_0744.wav,1.0,16000,1,0.4571110847453405,0.0315541375265893,14.486561056994256,3
other_imp_other_imp_session_18_0745,other_imp_session_18,other_impulse,OTHER_IMPULSE,data/processed\other_impulse\other_imp_other_imp_session_18_0745.wav,1.0,16000,1,0.3972994921929443,0.0286696363864096,13.857844175618354,3
other_imp_other_imp_session_18_0746,other_imp_session_18,other_impulse,OTHER_IMPULSE,data/processed\other_impulse\other_imp_other_imp_session_18_0746.wav,1.0,16000,1,0.4328112807271109,0.0322926897768203,13.40275925265879,3
other_imp_other_imp_session_18_0747,other_imp_session_18,other_impulse,OTHER_IMPULSE,data/processed\other_impulse\other_imp_other_imp_session_18_0747.wav,1.0,16000,1,0.4321875608944836,0.0343026374249858,12.599247968822402,3
other_imp_other_imp_session_18_0748,other_imp_session_18,other_impulse,OTHER_IMPULSE,data/processed\other_impulse\other_imp_other_imp_session_18_0748.wav,1.0,16000,1,0.4130992289625567,0.026664435974623,15.492511239712586,3
other_imp_other_imp_session_18_0749,other_imp_session_18,other_impulse,OTHER_IMPULSE,data/processed\other_impulse\other_imp_other_imp_session_18_0749.wav,1.0,16000,1,0.4551789229440912,0.034345190509414,13.253057667237274,3
other_imp_other_imp_session_18_0750,other_imp_session_18,other_impulse,OTHER_IMPULSE,data/processed\other_impulse\other_imp_other_imp_session_18_0750.wav,1.0,16000,1,0.4439785813500104,0.0313859014449492,14.145792201343168,3
other_imp_other_imp_session_18_0751,other_imp_session_18,other_impulse,OTHER_IMPULSE,data/processed\other_impulse\other_imp_other_imp_session_18_0751.wav,1.0,16000,1,0.4555746506346688,0.0319532506762547,14.257532439348754,3
other_imp_other_imp_session_18_0752,other_imp_session_18,other_impulse,OTHER_IMPULSE,data/processed\other_impulse\other_imp_other_imp_session_18_0752.wav,1.0,16000,1,0.3789351179696021,0.025726813701774,14.72918391956299,3
other_imp_other_imp_session_18_0753,other_imp_session_18,other_impulse,OTHER_IMPULSE,data/processed\other_impulse\other_imp_other_imp_session_18_0753.wav,1.0,16000,1,0.4127864419840973,0.0251144923094686,16.436178463646836,3
other_imp_other_imp_session_18_0754,other_imp_session_18,other_impulse,OTHER_IMPULSE,data/processed\other_impulse\other_imp_other_imp_session_18_0754.wav,1.0,16000,1,0.4227979666289033,0.0329499305264993,12.831524423811208,3
other_imp_other_imp_session_18_0755,other_imp_session_18,other_impulse,OTHER_IMPULSE,data/processed\other_impulse\other_imp_other_imp_session_18_0755.wav,1.0,16000,1,0.3886554225408064,0.0256537673578344,15.150027113730877,3
other_imp_other_imp_session_18_0756,other_imp_session_18,other_impulse,OTHER_IMPULSE,data/processed\other_impulse\other_imp_other_imp_session_18_0756.wav,1.0,16000,1,0.429871274861386,0.0320211844009939,13.424585900145033,3
other_imp_other_imp_session_18_0757,other_imp_session_18,other_impulse,OTHER_IMPULSE,data/processed\other_impulse\other_imp_other_imp_session_18_0757.wav,1.0,16000,1,0.3658230167907997,0.0275683836945708,13.269652952716,3
other_imp_other_imp_session_18_0758,other_imp_session_18,other_impulse,OTHER_IMPULSE,data/processed\other_impulse\other_imp_other_imp_session_18_0758.wav,1.0,16000,1,0.385741302658885,0.0276477860520077,13.95197295051202,3
other_imp_other_imp_session_18_0759,other_imp_session_18,other_impulse,OTHER_IMPULSE,data/processed\other_impulse\other_imp_other_imp_session_18_0759.wav,1.0,16000,1,0.3428480276375003,0.023521463507279,14.575958752388598,3
other_imp_other_imp_session_19_0760,other_imp_session_19,other_impulse,OTHER_IMPULSE,data/processed\other_impulse\other_imp_other_imp_session_19_0760.wav,1.0,16000,1,0.5864716348677921,0.0275338750451054,21.299995765473906,3
other_imp_other_imp_session_19_0761,other_imp_session_19,other_impulse,OTHER_IMPULSE,data/processed\other_impulse\other_imp_other_imp_session_19_0761.wav,1.0,16000,1,0.590008712954888,0.0223142272837027,26.440908799773432,3
other_imp_other_imp_session_19_0762,other_imp_session_19,other_impulse,OTHER_IMPULSE,data/processed\other_impulse\other_imp_other_imp_session_19_0762.wav,1.0,16000,1,0.6241042368213717,0.0246887829792249,25.27884766770665,3
other_imp_other_imp_session_19_0763,other_imp_session_19,other_impulse,OTHER_IMPULSE,data/processed\other_impulse\other_imp_other_imp_session_19_0763.wav,1.0,16000,1,0.5800417265555491,0.0255602605827699,22.693098051417035,3
other_imp_other_imp_session_19_0764,other_imp_session_19,other_impulse,OTHER_IMPULSE,data/processed\other_impulse\other_imp_other_imp_session_19_0764.wav,1.0,16000,1,0.6347403440776914,0.0271371262503376,23.39010049631871,3
other_imp_other_imp_session_19_0765,other_imp_session_19,other_impulse,OTHER_IMPULSE,data/processed\other_impulse\other_imp_other_imp_session_19_0765.wav,1.0,16000,1,0.638989218806744,0.0233831741554272,27.326869367294243,3
other_imp_other_imp_session_19_0766,other_imp_session_19,other_impulse,OTHER_IMPULSE,data/processed\other_impulse\other_imp_other_imp_session_19_0766.wav,1.0,16000,1,0.6084296022589667,0.0274336914321841,22.17818123314485,3
other_imp_other_imp_session_19_0767,other_imp_session_19,other_impulse,OTHER_IMPULSE,data/processed\other_impulse\other_imp_other_imp_session_19_0767.wav,1.0,16000,1,0.6126193598036442,0.025494432733554,24.02952542270537,3
other_imp_other_imp_session_19_0768,other_imp_session_19,other_impulse,OTHER_IMPULSE,data/processed\other_impulse\other_imp_other_imp_session_19_0768.wav,1.0,16000,1,0.5901272780795117,0.0230100610873084,25.64647783313477,3
other_imp_other_imp_session_19_0769,other_imp_session_19,other_impulse,OTHER_IMPULSE,data/processed\other_impulse\other_imp_other_imp_session_19_0769.wav,1.0,16000,1,0.6208696527010023,0.0210220994298383,29.53412714233861,3
other_imp_other_imp_session_19_0770,other_imp_session_19,other_impulse,OTHER_IMPULSE,data/processed\other_impulse\other_imp_other_imp_session_19_0770.wav,1.0,16000,1,0.6670556005635694,0.0259169272628189,25.738211031615368,3
other_imp_other_imp_session_19_0771,other_imp_session_19,other_impulse,OTHER_IMPULSE,data/processed\other_impulse\other_imp_other_imp_session_19_0771.wav,1.0,16000,1,0.5876280727260316,0.0261322582938109,22.48668451277161,3
other_imp_other_imp_session_19_0772,other_imp_session_19,other_impulse,OTHER_IMPULSE,data/processed\other_impulse\other_imp_other_imp_session_19_0772.wav,1.0,16000,1,0.5990087886774472,0.0203720902007765,29.40338908477463,3
other_imp_other_imp_session_19_0773,other_imp_session_19,other_impulse,OTHER_IMPULSE,data/processed\other_impulse\other_imp_other_imp_session_19_0773.wav,1.0,16000,1,0.6252894710402136,0.0242277886069881,25.808761298678498,3
other_imp_other_imp_session_19_0774,other_imp_session_19,other_impulse,OTHER_IMPULSE,data/processed\other_impulse\other_imp_other_imp_session_19_0774.wav,1.0,16000,1,0.6209796524509846,0.0226932370619853,27.36407226144464,3
other_imp_other_imp_session_19_0775,other_imp_session_19,other_impulse,OTHER_IMPULSE,data/processed\other_impulse\other_imp_other_imp_session_19_0775.wav,1.0,16000,1,0.6141338031138398,0.0258426617071271,23.76433095129514,3
other_imp_other_imp_session_19_0776,other_imp_session_19,other_impulse,OTHER_IMPULSE,data/processed\other_impulse\other_imp_other_imp_session_19_0776.wav,1.0,16000,1,0.5956307758928403,0.0270861777915754,21.99020329018382,3
other_imp_other_imp_session_19_0777,other_imp_session_19,other_impulse,OTHER_IMPULSE,data/processed\other_impulse\other_imp_other_imp_session_19_0777.wav,1.0,16000,1,0.5587434974974531,0.0204252599279206,27.35550127216048,3
other_imp_other_imp_session_19_0778,other_imp_session_19,other_impulse,OTHER_IMPULSE,data/processed\other_impulse\other_imp_other_imp_session_19_0778.wav,1.0,16000,1,0.6806013138084714,0.0241838061642218,28.142841857000608,3
other_imp_other_imp_session_19_0779,other_imp_session_19,other_impulse,OTHER_IMPULSE,data/processed\other_impulse\other_imp_other_imp_session_19_0779.wav,1.0,16000,1,0.6062725343295983,0.025386128971118,23.88203007236976,3
other_imp_other_imp_session_19_0780,other_imp_session_19,other_impulse,OTHER_IMPULSE,data/processed\other_impulse\other_imp_other_imp_session_19_0780.wav,1.0,16000,1,0.5821308857514317,0.0196864046268271,29.57018313320234,3
other_imp_other_imp_session_19_0781,other_imp_session_19,other_impulse,OTHER_IMPULSE,data/processed\other_impulse\other_imp_other_imp_session_19_0781.wav,1.0,16000,1,0.6274960037533309,0.0251888326396517,24.911664768810795,3
other_imp_other_imp_session_19_0782,other_imp_session_19,other_impulse,OTHER_IMPULSE,data/processed\other_impulse\other_imp_other_imp_session_19_0782.wav,1.0,16000,1,0.5945666370463877,0.0269498207864314,22.061980342590388,3
other_imp_other_imp_session_19_0783,other_imp_session_19,other_impulse,OTHER_IMPULSE,data/processed\other_impulse\other_imp_other_imp_session_19_0783.wav,1.0,16000,1,0.6044510605442118,0.025812790446265,23.416717678599383,3
other_imp_other_imp_session_19_0784,other_imp_session_19,other_impulse,OTHER_IMPULSE,data/processed\other_impulse\other_imp_other_imp_session_19_0784.wav,1.0,16000,1,0.6062287091188212,0.0236167754287966,25.669399882832032,3
other_imp_other_imp_session_19_0785,other_imp_session_19,other_impulse,OTHER_IMPULSE,data/processed\other_impulse\other_imp_other_imp_session_19_0785.wav,1.0,16000,1,0.5736210079715762,0.0236979784648366,24.20547249496396,3
other_imp_other_imp_session_19_0786,other_imp_session_19,other_impulse,OTHER_IMPULSE,data/processed\other_impulse\other_imp_other_imp_session_19_0786.wav,1.0,16000,1,0.6082531224867053,0.0271479594760486,22.40510558343368,3
other_imp_other_imp_session_19_0787,other_imp_session_19,other_impulse,OTHER_IMPULSE,data/processed\other_impulse\other_imp_other_imp_session_19_0787.wav,1.0,16000,1,0.5520189226093435,0.0200833233220048,27.486419398542267,3
other_imp_other_imp_session_19_0788,other_imp_session_19,other_impulse,OTHER_IMPULSE,data/processed\other_impulse\other_imp_other_imp_session_19_0788.wav,1.0,16000,1,0.6129425766991832,0.025000945228398,24.516766303511243,3
other_imp_other_imp_session_19_0789,other_imp_session_19,other_impulse,OTHER_IMPULSE,data/processed\other_impulse\other_imp_other_imp_session_19_0789.wav,1.0,16000,1,0.5904169519337809,0.0246778151172641,23.92499943282024,3
other_imp_other_imp_session_19_0790,other_imp_session_19,other_impulse,OTHER_IMPULSE,data/processed\other_impulse\other_imp_other_imp_session_19_0790.wav,1.0,16000,1,0.637160293532225,0.027516059189646,23.155934415660653,3
other_imp_other_imp_session_19_0791,other_imp_session_19,other_impulse,OTHER_IMPULSE,data/processed\other_impulse\other_imp_other_imp_session_19_0791.wav,1.0,16000,1,0.6176439641908532,0.0243684755554215,25.346013513483985,3
other_imp_other_imp_session_19_0792,other_imp_session_19,other_impulse,OTHER_IMPULSE,data/processed\other_impulse\other_imp_other_imp_session_19_0792.wav,1.0,16000,1,0.6321848520148802,0.0258215164774991,24.48286132757357,3
other_imp_other_imp_session_19_0793,other_imp_session_19,other_impulse,OTHER_IMPULSE,data/processed\other_impulse\other_imp_other_imp_session_19_0793.wav,1.0,16000,1,0.6508690982888133,0.0225677291850129,28.84068682967809,3
other_imp_other_imp_session_19_0794,other_imp_session_19,other_impulse,OTHER_IMPULSE,data/processed\other_impulse\other_imp_other_imp_session_19_0794.wav,1.0,16000,1,0.6128690126671014,0.0255490062149979,23.987969145650784,3
other_imp_other_imp_session_19_0795,other_imp_session_19,other_impulse,OTHER_IMPULSE,data/processed\other_impulse\other_imp_other_imp_session_19_0795.wav,1.0,16000,1,0.6186657414562904,0.0270959282726142,22.83241625485886,3
other_imp_other_imp_session_19_0796,other_imp_session_19,other_impulse,OTHER_IMPULSE,data/processed\other_impulse\other_imp_other_imp_session_19_0796.wav,1.0,16000,1,0.6089295734411648,0.0235404793216242,25.86732863202644,3
other_imp_other_imp_session_19_0797,other_imp_session_19,other_impulse,OTHER_IMPULSE,data/processed\other_impulse\other_imp_other_imp_session_19_0797.wav,1.0,16000,1,0.630420016659432,0.0212869028156156,29.615380216006127,3
other_imp_other_imp_session_19_0798,other_imp_session_19,other_impulse,OTHER_IMPULSE,data/processed\other_impulse\other_imp_other_imp_session_19_0798.wav,1.0,16000,1,0.5973585565267197,0.0250847122570203,23.81364044640917,3
other_imp_other_imp_session_19_0799,other_imp_session_19,other_impulse,OTHER_IMPULSE,data/processed\other_impulse\other_imp_other_imp_session_19_0799.wav,1.0,16000,1,0.6909567341009005,0.025421394977292,27.18011591877418,3
other_imp_other_imp_session_21_0840,other_imp_session_21,other_impulse,OTHER_IMPULSE,data/processed\other_impulse\other_imp_other_imp_session_21_0840.wav,1.0,16000,1,0.83542715589217,0.0280238682000621,29.811261308233817,3
other_imp_other_imp_session_21_0841,other_imp_session_21,other_impulse,OTHER_IMPULSE,data/processed\other_impulse\other_imp_other_imp_session_21_0841.wav,1.0,16000,1,0.9440608762859234,0.029159862609919,32.3753429555378,3
other_imp_other_imp_session_21_0842,other_imp_session_21,other_impulse,OTHER_IMPULSE,data/processed\other_impulse\other_imp_other_imp_session_21_0842.wav,1.0,16000,1,0.9121042623813472,0.0284709073402428,32.03634963640997,3
other_imp_other_imp_session_21_0843,other_imp_session_21,other_impulse,OTHER_IMPULSE,data/processed\other_impulse\other_imp_other_imp_session_21_0843.wav,1.0,16000,1,0.8229117795949501,0.0294918019012678,27.90305941018066,3
other_imp_other_imp_session_21_0844,other_imp_session_21,other_impulse,OTHER_IMPULSE,data/processed\other_impulse\other_imp_other_imp_session_21_0844.wav,1.0,16000,1,0.9140945829931844,0.0293748903874386,31.118218987529573,3
other_imp_other_imp_session_21_0845,other_imp_session_21,other_impulse,OTHER_IMPULSE,data/processed\other_impulse\other_imp_other_imp_session_21_0845.wav,1.0,16000,1,0.9440608762859234,0.0302057391169988,31.254344086259945,3
other_imp_other_imp_session_21_0846,other_imp_session_21,other_impulse,OTHER_IMPULSE,data/processed\other_impulse\other_imp_other_imp_session_21_0846.wav,1.0,16000,1,0.9440608762859234,0.0262720871126714,35.93397482649331,3
other_imp_other_imp_session_21_0847,other_imp_session_21,other_impulse,OTHER_IMPULSE,data/processed\other_impulse\other_imp_other_imp_session_21_0847.wav,1.0,16000,1,0.9440608762859234,0.0230422149540911,40.97090789482567,3
other_imp_other_imp_session_21_0848,other_imp_session_21,other_impulse,OTHER_IMPULSE,data/processed\other_impulse\other_imp_other_imp_session_21_0848.wav,1.0,16000,1,0.7320830812225826,0.0253834120447101,28.84099235844153,3
other_imp_other_imp_session_21_0849,other_imp_session_21,other_impulse,OTHER_IMPULSE,data/processed\other_impulse\other_imp_other_imp_session_21_0849.wav,1.0,16000,1,0.9440608762859234,0.0275876015738202,34.22046427468938,3
other_imp_other_imp_session_21_0850,other_imp_session_21,other_impulse,OTHER_IMPULSE,data/processed\other_impulse\other_imp_other_imp_session_21_0850.wav,1.0,16000,1,0.94163805905247,0.0314990462501836,29.89416735452132,3
other_imp_other_imp_session_21_0851,other_imp_session_21,other_impulse,OTHER_IMPULSE,data/processed\other_impulse\other_imp_other_imp_session_21_0851.wav,1.0,16000,1,0.9440608762859234,0.035292525777079,26.74959040203196,3
other_imp_other_imp_session_21_0852,other_imp_session_21,other_impulse,OTHER_IMPULSE,data/processed\other_impulse\other_imp_other_imp_session_21_0852.wav,1.0,16000,1,0.7065560613392994,0.0294889674492033,23.960005481925837,3
other_imp_other_imp_session_21_0853,other_imp_session_21,other_impulse,OTHER_IMPULSE,data/processed\other_impulse\other_imp_other_imp_session_21_0853.wav,1.0,16000,1,0.9440608762859234,0.0219581012929046,42.99371943665198,3
other_imp_other_imp_session_21_0854,other_imp_session_21,other_impulse,OTHER_IMPULSE,data/processed\other_impulse\other_imp_other_imp_session_21_0854.wav,1.0,16000,1,0.9440608762859234,0.0265679918870907,35.53375524053388,3
other_imp_other_imp_session_21_0855,other_imp_session_21,other_impulse,OTHER_IMPULSE,data/processed\other_impulse\other_imp_other_imp_session_21_0855.wav,1.0,16000,1,0.6961436714983493,0.0226447840854748,30.74188570100008,3
other_imp_other_imp_session_21_0856,other_imp_session_21,other_impulse,OTHER_IMPULSE,data/processed\other_impulse\other_imp_other_imp_session_21_0856.wav,1.0,16000,1,0.7383274300278095,0.0227967982767042,32.387315849925216,3
other_imp_other_imp_session_21_0857,other_imp_session_21,other_impulse,OTHER_IMPULSE,data/processed\other_impulse\other_imp_other_imp_session_21_0857.wav,1.0,16000,1,0.9440608762859234,0.0295692548882242,31.92709997541701,3
other_imp_other_imp_session_21_0858,other_imp_session_21,other_impulse,OTHER_IMPULSE,data/processed\other_impulse\other_imp_other_imp_session_21_0858.wav,1.0,16000,1,0.9440608762859234,0.0308181680897211,30.63324747937641,3
other_imp_other_imp_session_21_0859,other_imp_session_21,other_impulse,OTHER_IMPULSE,data/processed\other_impulse\other_imp_other_imp_session_21_0859.wav,1.0,16000,1,0.9440608762859234,0.0267659655946251,35.2709309230447,3
other_imp_other_imp_session_21_0860,other_imp_session_21,other_impulse,OTHER_IMPULSE,data/processed\other_impulse\other_imp_other_imp_session_21_0860.wav,1.0,16000,1,0.8864119605903408,0.0244717769985708,36.22179126690287,3
other_imp_other_imp_session_21_0861,other_imp_session_21,other_impulse,OTHER_IMPULSE,data/processed\other_impulse\other_imp_other_imp_session_21_0861.wav,1.0,16000,1,0.9440608762859234,0.0271408528070665,34.78374593309257,3
other_imp_other_imp_session_21_0862,other_imp_session_21,other_impulse,OTHER_IMPULSE,data/processed\other_impulse\other_imp_other_imp_session_21_0862.wav,1.0,16000,1,0.8071662240214241,0.0256028278064166,31.52643586325933,3
other_imp_other_imp_session_21_0863,other_imp_session_21,other_impulse,OTHER_IMPULSE,data/processed\other_impulse\other_imp_other_imp_session_21_0863.wav,1.0,16000,1,0.7941561237050596,0.0310256196362307,25.59677702004373,3
other_imp_other_imp_session_21_0864,other_imp_session_21,other_impulse,OTHER_IMPULSE,data/processed\other_impulse\other_imp_other_imp_session_21_0864.wav,1.0,16000,1,0.8784301560238181,0.0324608390424716,27.061219343784984,3
other_imp_other_imp_session_21_0865,other_imp_session_21,other_impulse,OTHER_IMPULSE,data/processed\other_impulse\other_imp_other_imp_session_21_0865.wav,1.0,16000,1,0.7873165870227281,0.0279527623505374,28.16595710613262,3
other_imp_other_imp_session_21_0866,other_imp_session_21,other_impulse,OTHER_IMPULSE,data/processed\other_impulse\other_imp_other_imp_session_21_0866.wav,1.0,16000,1,0.856233709037466,0.0327452939702955,26.148290143044186,3
other_imp_other_imp_session_21_0867,other_imp_session_21,other_impulse,OTHER_IMPULSE,data/processed\other_impulse\other_imp_other_imp_session_21_0867.wav,1.0,16000,1,0.7847323811976951,0.0302610367838639,25.932096361456267,3
other_imp_other_imp_session_21_0868,other_imp_session_21,other_impulse,OTHER_IMPULSE,data/processed\other_impulse\other_imp_other_imp_session_21_0868.wav,1.0,16000,1,0.942547706052166,0.032561347849312,28.946818201320184,3
other_imp_other_imp_session_21_0869,other_imp_session_21,other_impulse,OTHER_IMPULSE,data/processed\other_impulse\other_imp_other_imp_session_21_0869.wav,1.0,16000,1,0.9440608762859234,0.0306744968845444,30.776725436508784,3
other_imp_other_imp_session_21_0870,other_imp_session_21,other_impulse,OTHER_IMPULSE,data/processed\other_impulse\other_imp_other_imp_session_21_0870.wav,1.0,16000,1,0.7673627361248785,0.0252201982448788,30.42650277404815,3
other_imp_other_imp_session_21_0871,other_imp_session_21,other_impulse,OTHER_IMPULSE,data/processed\other_impulse\other_imp_other_imp_session_21_0871.wav,1.0,16000,1,0.8685435594631175,0.0274737272569246,31.61359342345044,3
other_imp_other_imp_session_21_0872,other_imp_session_21,other_impulse,OTHER_IMPULSE,data/processed\other_impulse\other_imp_other_imp_session_21_0872.wav,1.0,16000,1,0.9440608762859234,0.0275035107527612,34.325091859053785,3
other_imp_other_imp_session_21_0873,other_imp_session_21,other_impulse,OTHER_IMPULSE,data/processed\other_impulse\other_imp_other_imp_session_21_0873.wav,1.0,16000,1,0.7899886477969138,0.0278107169968983,28.405897044152045,3
other_imp_other_imp_session_21_0874,other_imp_session_21,other_impulse,OTHER_IMPULSE,data/processed\other_impulse\other_imp_other_imp_session_21_0874.wav,1.0,16000,1,0.9440608762859234,0.0291009838086826,32.44084660793444,3
other_imp_other_imp_session_21_0875,other_imp_session_21,other_impulse,OTHER_IMPULSE,data/processed\other_impulse\other_imp_other_imp_session_21_0875.wav,1.0,16000,1,0.8953773332030059,0.0303217732905339,29.52917790565869,3
other_imp_other_imp_session_21_0876,other_imp_session_21,other_impulse,OTHER_IMPULSE,data/processed\other_impulse\other_imp_other_imp_session_21_0876.wav,1.0,16000,1,0.851537814174613,0.027308995023382,31.18157594703734,3
other_imp_other_imp_session_21_0877,other_imp_session_21,other_impulse,OTHER_IMPULSE,data/processed\other_impulse\other_imp_other_imp_session_21_0877.wav,1.0,16000,1,0.9440608762859234,0.0293125956023643,32.206651605539115,3
other_imp_other_imp_session_21_0878,other_imp_session_21,other_impulse,OTHER_IMPULSE,data/processed\other_impulse\other_imp_other_imp_session_21_0878.wav,1.0,16000,1,0.8149905186437478,0.0267720998648043,30.44177402376362,3
other_imp_other_imp_session_21_0879,other_imp_session_21,other_impulse,OTHER_IMPULSE,data/processed\other_impulse\other_imp_other_imp_session_21_0879.wav,1.0,16000,1,0.8782359317597355,0.0284495071266499,30.869976732823023,3
other_imp_other_imp_session_22_0880,other_imp_session_22,other_impulse,OTHER_IMPULSE,data/processed\other_impulse\other_imp_other_imp_session_22_0880.wav,1.0,16000,1,0.7670497071383429,0.0240252602702908,31.926787857486087,3
other_imp_other_imp_session_22_0881,other_imp_session_22,other_impulse,OTHER_IMPULSE,data/processed\other_impulse\other_imp_other_imp_session_22_0881.wav,1.0,16000,1,0.9440608762859234,0.0186744549561634,50.55357026303121,3
other_imp_other_imp_session_22_0882,other_imp_session_22,other_impulse,OTHER_IMPULSE,data/processed\other_impulse\other_imp_other_imp_session_22_0882.wav,1.0,16000,1,0.9440608762859234,0.0217365411221077,43.43195344020066,3
other_imp_other_imp_session_22_0883,other_imp_session_22,other_impulse,OTHER_IMPULSE,data/processed\other_impulse\other_imp_other_imp_session_22_0883.wav,1.0,16000,1,0.8280011999135748,0.0191067489488331,43.335512952820295,3
other_imp_other_imp_session_22_0884,other_imp_session_22,other_impulse,OTHER_IMPULSE,data/processed\other_impulse\other_imp_other_imp_session_22_0884.wav,1.0,16000,1,0.6493502147186851,0.0205813889052971,31.5503439638186,3
other_imp_other_imp_session_22_0885,other_imp_session_22,other_impulse,OTHER_IMPULSE,data/processed\other_impulse\other_imp_other_imp_session_22_0885.wav,1.0,16000,1,0.8073018390390609,0.0233855366477,34.52140123987466,3
other_imp_other_imp_session_22_0886,other_imp_session_22,other_impulse,OTHER_IMPULSE,data/processed\other_impulse\other_imp_other_imp_session_22_0886.wav,1.0,16000,1,0.8705322517078913,0.0208190805062184,41.81413455347008,3
other_imp_other_imp_session_22_0887,other_imp_session_22,other_impulse,OTHER_IMPULSE,data/processed\other_impulse\other_imp_other_imp_session_22_0887.wav,1.0,16000,1,0.929997859913084,0.0243502765506313,38.19248114305952,3
other_imp_other_imp_session_22_0888,other_imp_session_22,other_impulse,OTHER_IMPULSE,data/processed\other_impulse\other_imp_other_imp_session_22_0888.wav,1.0,16000,1,0.4524756181758014,0.0168331135122414,26.88007474351087,3
other_imp_other_imp_session_22_0889,other_imp_session_22,other_impulse,OTHER_IMPULSE,data/processed\other_impulse\other_imp_other_imp_session_22_0889.wav,1.0,16000,1,0.9440608762859234,0.0232431631156031,40.61669512981312,3
other_imp_other_imp_session_22_0890,other_imp_session_22,other_impulse,OTHER_IMPULSE,data/processed\other_impulse\other_imp_other_imp_session_22_0890.wav,1.0,16000,1,0.5378652548684029,0.0185853843170614,28.940212173741216,3
other_imp_other_imp_session_22_0891,other_imp_session_22,other_impulse,OTHER_IMPULSE,data/processed\other_impulse\other_imp_other_imp_session_22_0891.wav,1.0,16000,1,0.5493996173253075,0.0190916315086662,28.776971172223117,3
other_imp_other_imp_session_22_0892,other_imp_session_22,other_impulse,OTHER_IMPULSE,data/processed\other_impulse\other_imp_other_imp_session_22_0892.wav,1.0,16000,1,0.9440608762859234,0.0241164167785733,39.14596822132416,3
other_imp_other_imp_session_22_0893,other_imp_session_22,other_impulse,OTHER_IMPULSE,data/processed\other_impulse\other_imp_other_imp_session_22_0893.wav,1.0,16000,1,0.9440608762859234,0.0201796600889609,46.78277058663914,3
other_imp_other_imp_session_22_0894,other_imp_session_22,other_impulse,OTHER_IMPULSE,data/processed\other_impulse\other_imp_other_imp_session_22_0894.wav,1.0,16000,1,0.6342130160632296,0.0169456721367038,37.4262311158041,3
other_imp_other_imp_session_22_0895,other_imp_session_22,other_impulse,OTHER_IMPULSE,data/processed\other_impulse\other_imp_other_imp_session_22_0895.wav,1.0,16000,1,0.9440608762859236,0.0219208692999095,43.06674305212842,3
other_imp_other_imp_session_22_0896,other_imp_session_22,other_impulse,OTHER_IMPULSE,data/processed\other_impulse\other_imp_other_imp_session_22_0896.wav,1.0,16000,1,0.6643344046859325,0.0185077437727281,35.894923438243055,3
other_imp_other_imp_session_22_0897,other_imp_session_22,other_impulse,OTHER_IMPULSE,data/processed\other_impulse\other_imp_other_imp_session_22_0897.wav,1.0,16000,1,0.9440608762859236,0.0165107210626817,57.17862356923303,3
other_imp_other_imp_session_22_0898,other_imp_session_22,other_impulse,OTHER_IMPULSE,data/processed\other_impulse\other_imp_other_imp_session_22_0898.wav,1.0,16000,1,0.9440608762859232,0.0184064920521276,51.289532014954325,3
other_imp_other_imp_session_22_0899,other_imp_session_22,other_impulse,OTHER_IMPULSE,data/processed\other_impulse\other_imp_other_imp_session_22_0899.wav,1.0,16000,1,0.7259096211036831,0.0228234267798309,31.805447536506364,3
other_imp_other_imp_session_22_0900,other_imp_session_22,other_impulse,OTHER_IMPULSE,data/processed\other_impulse\other_imp_other_imp_session_22_0900.wav,1.0,16000,1,0.9440608762859234,0.021606086746993,43.6941890680606,3
other_imp_other_imp_session_22_0901,other_imp_session_22,other_impulse,OTHER_IMPULSE,data/processed\other_impulse\other_imp_other_imp_session_22_0901.wav,1.0,16000,1,0.9440608762859234,0.0215473319853109,43.81333330716603,3
other_imp_other_imp_session_22_0902,other_imp_session_22,other_impulse,OTHER_IMPULSE,data/processed\other_impulse\other_imp_other_imp_session_22_0902.wav,1.0,16000,1,0.7094798459715603,0.0174473186225014,40.66409599556447,3
other_imp_other_imp_session_22_0903,other_imp_session_22,other_impulse,OTHER_IMPULSE,data/processed\other_impulse\other_imp_other_imp_session_22_0903.wav,1.0,16000,1,0.9440608762859234,0.0224706380171396,42.01306858466355,3
other_imp_other_imp_session_22_0904,other_imp_session_22,other_impulse,OTHER_IMPULSE,data/processed\other_impulse\other_imp_other_imp_session_22_0904.wav,1.0,16000,1,0.9440608762859234,0.0207213520073098,45.55978877995033,3
other_imp_other_imp_session_22_0905,other_imp_session_22,other_impulse,OTHER_IMPULSE,data/processed\other_impulse\other_imp_other_imp_session_22_0905.wav,1.0,16000,1,0.832169521849105,0.0220961691340664,37.66124074212084,3
other_imp_other_imp_session_22_0906,other_imp_session_22,other_impulse,OTHER_IMPULSE,data/processed\other_impulse\other_imp_other_imp_session_22_0906.wav,1.0,16000,1,0.7770110627015643,0.0191559370972406,40.56239343099302,3
other_imp_other_imp_session_22_0907,other_imp_session_22,other_impulse,OTHER_IMPULSE,data/processed\other_impulse\other_imp_other_imp_session_22_0907.wav,1.0,16000,1,0.8335795425353991,0.0233928466704828,35.63393536229423,3
other_imp_other_imp_session_22_0908,other_imp_session_22,other_impulse,OTHER_IMPULSE,data/processed\other_impulse\other_imp_other_imp_session_22_0908.wav,1.0,16000,1,0.5156069911512262,0.0174757259745763,29.504164625817825,3
other_imp_other_imp_session_22_0909,other_imp_session_22,other_impulse,OTHER_IMPULSE,data/processed\other_impulse\other_imp_other_imp_session_22_0909.wav,1.0,16000,1,0.9440608762859234,0.0200230151733226,47.148763391843794,3
other_imp_other_imp_session_22_0910,other_imp_session_22,other_impulse,OTHER_IMPULSE,data/processed\other_impulse\other_imp_other_imp_session_22_0910.wav,1.0,16000,1,0.7973552090491187,0.0234186148290386,34.04790908390202,3
other_imp_other_imp_session_22_0911,other_imp_session_22,other_impulse,OTHER_IMPULSE,data/processed\other_impulse\other_imp_other_imp_session_22_0911.wav,1.0,16000,1,0.9172822800120116,0.0226032516315146,40.5818547325528,3
other_imp_other_imp_session_22_0912,other_imp_session_22,other_impulse,OTHER_IMPULSE,data/processed\other_impulse\other_imp_other_imp_session_22_0912.wav,1.0,16000,1,0.5522991005277893,0.019636415905312,28.126253891161625,3
other_imp_other_imp_session_22_0913,other_imp_session_22,other_impulse,OTHER_IMPULSE,data/processed\other_impulse\other_imp_other_imp_session_22_0913.wav,1.0,16000,1,0.9440608762859234,0.0215906839459924,43.72536050241932,3
other_imp_other_imp_session_22_0914,other_imp_session_22,other_impulse,OTHER_IMPULSE,data/processed\other_impulse\other_imp_other_imp_session_22_0914.wav,1.0,16000,1,0.7334372240093472,0.0189783080022706,38.64606041070636,3
other_imp_other_imp_session_22_0915,other_imp_session_22,other_impulse,OTHER_IMPULSE,data/processed\other_impulse\other_imp_other_imp_session_22_0915.wav,1.0,16000,1,0.7302141216470237,0.0245037166469403,29.800125187823262,3
other_imp_other_imp_session_22_0916,other_imp_session_22,other_impulse,OTHER_IMPULSE,data/processed\other_impulse\other_imp_other_imp_session_22_0916.wav,1.0,16000,1,0.9440608762859234,0.0215150517412216,43.87906888861745,3
other_imp_other_imp_session_22_0917,other_imp_session_22,other_impulse,OTHER_IMPULSE,data/processed\other_impulse\other_imp_other_imp_session_22_0917.wav,1.0,16000,1,0.924963971620067,0.0228617921192829,40.45892650080723,3
other_imp_other_imp_session_22_0918,other_imp_session_22,other_impulse,OTHER_IMPULSE,data/processed\other_impulse\other_imp_other_imp_session_22_0918.wav,1.0,16000,1,0.9440608762859234,0.0220039894384466,42.904058370243725,3
other_imp_other_imp_session_22_0919,other_imp_session_22,other_impulse,OTHER_IMPULSE,data/processed\other_impulse\other_imp_other_imp_session_22_0919.wav,1.0,16000,1,0.8462148670240216,0.0228491609888783,37.03481703716567,3
other_imp_other_imp_session_25_1000,other_imp_session_25,other_impulse,OTHER_IMPULSE,data/processed\other_impulse\other_imp_other_imp_session_25_1000.wav,1.0,16000,1,0.5998397623234679,0.0265856676515518,22.56251543351024,3
other_imp_other_imp_session_25_1001,other_imp_session_25,other_impulse,OTHER_IMPULSE,data/processed\other_impulse\other_imp_other_imp_session_25_1001.wav,1.0,16000,1,0.6208353894108416,0.0257658161783682,24.095303023198436,3
other_imp_other_imp_session_25_1002,other_imp_session_25,other_impulse,OTHER_IMPULSE,data/processed\other_impulse\other_imp_other_imp_session_25_1002.wav,1.0,16000,1,0.5900186633059895,0.0267856437618327,22.0274132023134,3
other_imp_other_imp_session_25_1003,other_imp_session_25,other_impulse,OTHER_IMPULSE,data/processed\other_impulse\other_imp_other_imp_session_25_1003.wav,1.0,16000,1,0.5770682508133875,0.0219762566946138,26.25870257366425,3
other_imp_other_imp_session_25_1004,other_imp_session_25,other_impulse,OTHER_IMPULSE,data/processed\other_impulse\other_imp_other_imp_session_25_1004.wav,1.0,16000,1,0.6364843171586059,0.0275657889017583,23.089637975919743,3
other_imp_other_imp_session_25_1005,other_imp_session_25,other_impulse,OTHER_IMPULSE,data/processed\other_impulse\other_imp_other_imp_session_25_1005.wav,1.0,16000,1,0.5977032251792711,0.0221193147937293,27.021766294996265,3
other_imp_other_imp_session_25_1006,other_imp_session_25,other_impulse,OTHER_IMPULSE,data/processed\other_impulse\other_imp_other_imp_session_25_1006.wav,1.0,16000,1,0.602424329566917,0.0268260844207615,22.456654335067213,3
other_imp_other_imp_session_25_1007,other_imp_session_25,other_impulse,OTHER_IMPULSE,data/processed\other_impulse\other_imp_other_imp_session_25_1007.wav,1.0,16000,1,0.630727408276234,0.0199342116630385,31.640433167536788,3
other_imp_other_imp_session_25_1008,other_imp_session_25,other_impulse,OTHER_IMPULSE,data/processed\other_impulse\other_imp_other_imp_session_25_1008.wav,1.0,16000,1,0.6235885682759923,0.022667026514599,27.51081147614332,3
other_imp_other_imp_session_25_1009,other_imp_session_25,other_impulse,OTHER_IMPULSE,data/processed\other_impulse\other_imp_other_imp_session_25_1009.wav,1.0,16000,1,0.620209951079324,0.0220449135195616,28.13391257760447,3
other_imp_other_imp_session_25_1010,other_imp_session_25,other_impulse,OTHER_IMPULSE,data/processed\other_impulse\other_imp_other_imp_session_25_1010.wav,1.0,16000,1,0.6027431641400594,0.0273960200328945,22.00111342469485,3
other_imp_other_imp_session_25_1011,other_imp_session_25,other_impulse,OTHER_IMPULSE,data/processed\other_impulse\other_imp_other_imp_session_25_1011.wav,1.0,16000,1,0.6191766406349637,0.0223733861373229,27.67468277210103,3
other_imp_other_imp_session_25_1012,other_imp_session_25,other_impulse,OTHER_IMPULSE,data/processed\other_impulse\other_imp_other_imp_session_25_1012.wav,1.0,16000,1,0.594314229674337,0.020865037391226,28.483722971281168,3
other_imp_other_imp_session_25_1013,other_imp_session_25,other_impulse,OTHER_IMPULSE,data/processed\other_impulse\other_imp_other_imp_session_25_1013.wav,1.0,16000,1,0.5947358089433359,0.0250141536178536,23.77596221201848,3
other_imp_other_imp_session_25_1014,other_imp_session_25,other_impulse,OTHER_IMPULSE,data/processed\other_impulse\other_imp_other_imp_session_25_1014.wav,1.0,16000,1,0.6291715920128975,0.0200313248444913,31.40936921564769,3
other_imp_other_imp_session_25_1015,other_imp_session_25,other_impulse,OTHER_IMPULSE,data/processed\other_impulse\other_imp_other_imp_session_25_1015.wav,1.0,16000,1,0.5740188572983339,0.0200847278255209,28.579853134500382,3
other_imp_other_imp_session_25_1016,other_imp_session_25,other_impulse,OTHER_IMPULSE,data/processed\other_impulse\other_imp_other_imp_session_25_1016.wav,1.0,16000,1,0.5942697718464612,0.0213488087555783,27.83618984498533,3
other_imp_other_imp_session_25_1017,other_imp_session_25,other_impulse,OTHER_IMPULSE,data/processed\other_impulse\other_imp_other_imp_session_25_1017.wav,1.0,16000,1,0.5810485766611571,0.024284222224186,23.92698979720919,3
other_imp_other_imp_session_25_1018,other_imp_session_25,other_impulse,OTHER_IMPULSE,data/processed\other_impulse\other_imp_other_imp_session_25_1018.wav,1.0,16000,1,0.5959022263999526,0.0197828267862595,30.122182821315285,3
other_imp_other_imp_session_25_1019,other_imp_session_25,other_impulse,OTHER_IMPULSE,data/processed\other_impulse\other_imp_other_imp_session_25_1019.wav,1.0,16000,1,0.6260720125892993,0.0253337716021615,24.712931627068315,3
other_imp_other_imp_session_25_1020,other_imp_session_25,other_impulse,OTHER_IMPULSE,data/processed\other_impulse\other_imp_other_imp_session_25_1020.wav,1.0,16000,1,0.6334717565169128,0.023612498144879,26.82780468005029,3
other_imp_other_imp_session_25_1021,other_imp_session_25,other_impulse,OTHER_IMPULSE,data/processed\other_impulse\other_imp_other_imp_session_25_1021.wav,1.0,16000,1,0.5768809628367024,0.0203357524459221,28.3678059463358,3
other_imp_other_imp_session_25_1022,other_imp_session_25,other_impulse,OTHER_IMPULSE,data/processed\other_impulse\other_imp_other_imp_session_25_1022.wav,1.0,16000,1,0.6174907137853956,0.0233366132714551,26.46015692170416,3
other_imp_other_imp_session_25_1023,other_imp_session_25,other_impulse,OTHER_IMPULSE,data/processed\other_impulse\other_imp_other_imp_session_25_1023.wav,1.0,16000,1,0.6335850499940334,0.0234099236906299,27.064794730607584,3
other_imp_other_imp_session_25_1024,other_imp_session_25,other_impulse,OTHER_IMPULSE,data/processed\other_impulse\other_imp_other_imp_session_25_1024.wav,1.0,16000,1,0.5880706783140587,0.0220934601698345,26.61739752938329,3
other_imp_other_imp_session_25_1025,other_imp_session_25,other_impulse,OTHER_IMPULSE,data/processed\other_impulse\other_imp_other_imp_session_25_1025.wav,1.0,16000,1,0.6123184727644982,0.0254335664988224,24.075201251890316,3
other_imp_other_imp_session_25_1026,other_imp_session_25,other_impulse,OTHER_IMPULSE,data/processed\other_impulse\other_imp_other_imp_session_25_1026.wav,1.0,16000,1,0.6008773665164784,0.0271670430929731,22.11787065973296,3
other_imp_other_imp_session_25_1027,other_imp_session_25,other_impulse,OTHER_IMPULSE,data/processed\other_impulse\other_imp_other_imp_session_25_1027.wav,1.0,16000,1,0.5822288258409694,0.0198706592421839,29.300916780645764,3
other_imp_other_imp_session_25_1028,other_imp_session_25,other_impulse,OTHER_IMPULSE,data/processed\other_impulse\other_imp_other_imp_session_25_1028.wav,1.0,16000,1,0.6045299846970553,0.0214937762262101,28.125802421905224,3
other_imp_other_imp_session_25_1029,other_imp_session_25,other_impulse,OTHER_IMPULSE,data/processed\other_impulse\other_imp_other_imp_session_25_1029.wav,1.0,16000,1,0.6334470775896317,0.0229904246882998,27.5526359626424,3
other_imp_other_imp_session_25_1030,other_imp_session_25,other_impulse,OTHER_IMPULSE,data/processed\other_impulse\other_imp_other_imp_session_25_1030.wav,1.0,16000,1,0.5852969195011869,0.0252764587301631,23.1558025667856,3
other_imp_other_imp_session_25_1031,other_imp_session_25,other_impulse,OTHER_IMPULSE,data/processed\other_impulse\other_imp_other_imp_session_25_1031.wav,1.0,16000,1,0.5764101482053683,0.0240854088427044,23.93191299556593,3
other_imp_other_imp_session_25_1032,other_imp_session_25,other_impulse,OTHER_IMPULSE,data/processed\other_impulse\other_imp_other_imp_session_25_1032.wav,1.0,16000,1,0.6059663927255526,0.0200684017615143,30.195034860089397,3
other_imp_other_imp_session_25_1033,other_imp_session_25,other_impulse,OTHER_IMPULSE,data/processed\other_impulse\other_imp_other_imp_session_25_1033.wav,1.0,16000,1,0.6075132899251191,0.0217613430838474,27.91707333566733,3
other_imp_other_imp_session_25_1034,other_imp_session_25,other_impulse,OTHER_IMPULSE,data/processed\other_impulse\other_imp_other_imp_session_25_1034.wav,1.0,16000,1,0.5942962194032759,0.0235028278601636,25.28614727035081,3
other_imp_other_imp_session_25_1035,other_imp_session_25,other_impulse,OTHER_IMPULSE,data/processed\other_impulse\other_imp_other_imp_session_25_1035.wav,1.0,16000,1,0.571097114529135,0.0234207544364566,24.38422179082119,3
other_imp_other_imp_session_25_1036,other_imp_session_25,other_impulse,OTHER_IMPULSE,data/processed\other_impulse\other_imp_other_imp_session_25_1036.wav,1.0,16000,1,0.6029346760348614,0.0275974193541553,21.84749413785811,3
other_imp_other_imp_session_25_1037,other_imp_session_25,other_impulse,OTHER_IMPULSE,data/processed\other_impulse\other_imp_other_imp_session_25_1037.wav,1.0,16000,1,0.6027188383352597,0.0235526413907374,25.590275520839707,3
other_imp_other_imp_session_25_1038,other_imp_session_25,other_impulse,OTHER_IMPULSE,data/processed\other_impulse\other_imp_other_imp_session_25_1038.wav,1.0,16000,1,0.6142899593589353,0.0274235706740831,22.40006389608617,3
other_imp_other_imp_session_25_1039,other_imp_session_25,other_impulse,OTHER_IMPULSE,data/processed\other_impulse\other_imp_other_imp_session_25_1039.wav,1.0,16000,1,0.6019126603575455,0.0259315479651664,23.21158879717472,3
other_imp_other_imp_session_26_1040,other_imp_session_26,other_impulse,OTHER_IMPULSE,data/processed\other_impulse\other_imp_other_imp_session_26_1040.wav,1.0,16000,1,0.6806070362962018,0.0189174514988023,35.97771489262924,3
other_imp_other_imp_session_26_1041,other_imp_session_26,other_impulse,OTHER_IMPULSE,data/processed\other_impulse\other_imp_other_imp_session_26_1041.wav,1.0,16000,1,0.9440608762859234,0.0242438002899994,38.94028475694462,3
other_imp_other_imp_session_26_1042,other_imp_session_26,other_impulse,OTHER_IMPULSE,data/processed\other_impulse\other_imp_other_imp_session_26_1042.wav,1.0,16000,1,0.8433127908209563,0.0236115386086348,35.71611522814525,3
other_imp_other_imp_session_26_1043,other_imp_session_26,other_impulse,OTHER_IMPULSE,data/processed\other_impulse\other_imp_other_imp_session_26_1043.wav,1.0,16000,1,0.8648708936284084,0.0239273036182281,36.14575825050149,3
other_imp_other_imp_session_26_1044,other_imp_session_26,other_impulse,OTHER_IMPULSE,data/processed\other_impulse\other_imp_other_imp_session_26_1044.wav,1.0,16000,1,0.9440608762859234,0.0180436323615685,52.3209703101129,3
other_imp_other_imp_session_26_1045,other_imp_session_26,other_impulse,OTHER_IMPULSE,data/processed\other_impulse\other_imp_other_imp_session_26_1045.wav,1.0,16000,1,0.9440608762859234,0.021424589736977,44.06434135880509,3
other_imp_other_imp_session_26_1046,other_imp_session_26,other_impulse,OTHER_IMPULSE,data/processed\other_impulse\other_imp_other_imp_session_26_1046.wav,1.0,16000,1,0.9051638925995642,0.0239538936468994,37.78774040099832,3
other_imp_other_imp_session_26_1047,other_imp_session_26,other_impulse,OTHER_IMPULSE,data/processed\other_impulse\other_imp_other_imp_session_26_1047.wav,1.0,16000,1,0.7652519723607372,0.0190927136526959,40.080817503095226,3
other_imp_other_imp_session_26_1048,other_imp_session_26,other_impulse,OTHER_IMPULSE,data/processed\other_impulse\other_imp_other_imp_session_26_1048.wav,1.0,16000,1,0.6146874823181793,0.0211591306024145,29.05068281686425,3
other_imp_other_imp_session_26_1049,other_imp_session_26,other_impulse,OTHER_IMPULSE,data/processed\other_impulse\other_imp_other_imp_session_26_1049.wav,1.0,16000,1,0.5094403035603147,0.0194519897312561,26.18961086770577,3
other_imp_other_imp_session_26_1050,other_imp_session_26,other_impulse,OTHER_IMPULSE,data/processed\other_impulse\other_imp_other_imp_session_26_1050.wav,1.0,16000,1,0.7102424877726019,0.0229069254704263,31.00556548428524,3
other_imp_other_imp_session_26_1051,other_imp_session_26,other_impulse,OTHER_IMPULSE,data/processed\other_impulse\other_imp_other_imp_session_26_1051.wav,1.0,16000,1,0.6658627031010929,0.0223291480120569,29.82032294910312,3
other_imp_other_imp_session_26_1052,other_imp_session_26,other_impulse,OTHER_IMPULSE,data/processed\other_impulse\other_imp_other_imp_session_26_1052.wav,1.0,16000,1,0.9440608762859234,0.0207072469763451,45.59082245245565,3
other_imp_other_imp_session_26_1053,other_imp_session_26,other_impulse,OTHER_IMPULSE,data/processed\other_impulse\other_imp_other_imp_session_26_1053.wav,1.0,16000,1,0.613712757948651,0.0174603532769563,35.148911177501674,3
other_imp_other_imp_session_26_1054,other_imp_session_26,other_impulse,OTHER_IMPULSE,data/processed\other_impulse\other_imp_other_imp_session_26_1054.wav,1.0,16000,1,0.5997519043466292,0.021678935888843,27.6651783450084,3
other_imp_other_imp_session_26_1055,other_imp_session_26,other_impulse,OTHER_IMPULSE,data/processed\other_impulse\other_imp_other_imp_session_26_1055.wav,1.0,16000,1,0.6303652648646467,0.0226381276299412,27.845279287944763,3
other_imp_other_imp_session_26_1056,other_imp_session_26,other_impulse,OTHER_IMPULSE,data/processed\other_impulse\other_imp_other_imp_session_26_1056.wav,1.0,16000,1,0.6207516777834647,0.0173252652739613,35.8292533866062,3
other_imp_other_imp_session_26_1057,other_imp_session_26,other_impulse,OTHER_IMPULSE,data/processed\other_impulse\other_imp_other_imp_session_26_1057.wav,1.0,16000,1,0.8422865701243653,0.0252913486814156,33.303334183595574,3
other_imp_other_imp_session_26_1058,other_imp_session_26,other_impulse,OTHER_IMPULSE,data/processed\other_impulse\other_imp_other_imp_session_26_1058.wav,1.0,16000,1,0.4930630390844205,0.0183617979956836,26.85264104713037,3
other_imp_other_imp_session_26_1059,other_imp_session_26,other_impulse,OTHER_IMPULSE,data/processed\other_impulse\other_imp_other_imp_session_26_1059.wav,1.0,16000,1,0.5482513463980511,0.017712610064328,30.95258320942533,3
other_imp_other_imp_session_26_1060,other_imp_session_26,other_impulse,OTHER_IMPULSE,data/processed\other_impulse\other_imp_other_imp_session_26_1060.wav,1.0,16000,1,0.8428013737021814,0.0257497153026121,32.73049959941459,3
other_imp_other_imp_session_26_1061,other_imp_session_26,other_impulse,OTHER_IMPULSE,data/processed\other_impulse\other_imp_other_imp_session_26_1061.wav,1.0,16000,1,0.6587496761180635,0.0207075299665028,31.81206831828781,3
other_imp_other_imp_session_26_1062,other_imp_session_26,other_impulse,OTHER_IMPULSE,data/processed\other_impulse\other_imp_other_imp_session_26_1062.wav,1.0,16000,1,0.8906430755158008,0.0211979989570036,42.01541179279204,3
other_imp_other_imp_session_26_1063,other_imp_session_26,other_impulse,OTHER_IMPULSE,data/processed\other_impulse\other_imp_other_imp_session_26_1063.wav,1.0,16000,1,0.9440608762859234,0.0230974035078637,40.87301272778907,3
other_imp_other_imp_session_26_1064,other_imp_session_26,other_impulse,OTHER_IMPULSE,data/processed\other_impulse\other_imp_other_imp_session_26_1064.wav,1.0,16000,1,0.8911300266441442,0.0212224299729064,41.98998926522116,3
other_imp_other_imp_session_26_1065,other_imp_session_26,other_impulse,OTHER_IMPULSE,data/processed\other_impulse\other_imp_other_imp_session_26_1065.wav,1.0,16000,1,0.9440608762859234,0.0242819187922186,38.87915512660814,3
other_imp_other_imp_session_26_1066,other_imp_session_26,other_impulse,OTHER_IMPULSE,data/processed\other_impulse\other_imp_other_imp_session_26_1066.wav,1.0,16000,1,0.7102905429301725,0.0190563017204659,37.27324328806714,3
other_imp_other_imp_session_26_1067,other_imp_session_26,other_impulse,OTHER_IMPULSE,data/processed\other_impulse\other_imp_other_imp_session_26_1067.wav,1.0,16000,1,0.7145946366514739,0.0222593638292731,32.103087990360045,3
other_imp_other_imp_session_26_1068,other_imp_session_26,other_impulse,OTHER_IMPULSE,data/processed\other_impulse\other_imp_other_imp_session_26_1068.wav,1.0,16000,1,0.745774624450265,0.0212759924698026,35.052384747029095,3
other_imp_other_imp_session_26_1069,other_imp_session_26,other_impulse,OTHER_IMPULSE,data/processed\other_impulse\other_imp_other_imp_session_26_1069.wav,1.0,16000,1,0.8843650683748634,0.0225254080656188,39.26076158935734,3
other_imp_other_imp_session_26_1070,other_imp_session_26,other_impulse,OTHER_IMPULSE,data/processed\other_impulse\other_imp_other_imp_session_26_1070.wav,1.0,16000,1,0.6200224718120404,0.0160958760356341,38.52055552825071,3
other_imp_other_imp_session_26_1071,other_imp_session_26,other_impulse,OTHER_IMPULSE,data/processed\other_impulse\other_imp_other_imp_session_26_1071.wav,1.0,16000,1,0.9440608762859234,0.0181708707850061,51.95460184103595,3
other_imp_other_imp_session_26_1072,other_imp_session_26,other_impulse,OTHER_IMPULSE,data/processed\other_impulse\other_imp_other_imp_session_26_1072.wav,1.0,16000,1,0.7009896815575508,0.0206689443538097,33.91510134272196,3
other_imp_other_imp_session_26_1073,other_imp_session_26,other_impulse,OTHER_IMPULSE,data/processed\other_impulse\other_imp_other_imp_session_26_1073.wav,1.0,16000,1,0.9440608762859234,0.0214158173707174,44.08239102528295,3
other_imp_other_imp_session_26_1074,other_imp_session_26,other_impulse,OTHER_IMPULSE,data/processed\other_impulse\other_imp_other_imp_session_26_1074.wav,1.0,16000,1,0.7442825567706034,0.0230250273008386,32.32492295434827,3
other_imp_other_imp_session_26_1075,other_imp_session_26,other_impulse,OTHER_IMPULSE,data/processed\other_impulse\other_imp_other_imp_session_26_1075.wav,1.0,16000,1,0.7519614033711342,0.0174604536824631,43.06651971255422,3
other_imp_other_imp_session_26_1076,other_imp_session_26,other_impulse,OTHER_IMPULSE,data/processed\other_impulse\other_imp_other_imp_session_26_1076.wav,1.0,16000,1,0.9440608762859234,0.0219543001389481,43.00116333927094,3
other_imp_other_imp_session_26_1077,other_imp_session_26,other_impulse,OTHER_IMPULSE,data/processed\other_impulse\other_imp_other_imp_session_26_1077.wav,1.0,16000,1,0.9440608762859234,0.0186146378267261,50.71602133296775,3
other_imp_other_imp_session_26_1078,other_imp_session_26,other_impulse,OTHER_IMPULSE,data/processed\other_impulse\other_imp_other_imp_session_26_1078.wav,1.0,16000,1,0.5884667484421932,0.0191738576423161,30.691082228160568,3
other_imp_other_imp_session_26_1079,other_imp_session_26,other_impulse,OTHER_IMPULSE,data/processed\other_impulse\other_imp_other_imp_session_26_1079.wav,1.0,16000,1,0.5372439310683403,0.0178352284989329,30.122609860276476,3
other_imp_other_imp_session_27_1080,other_imp_session_27,other_impulse,OTHER_IMPULSE,data/processed\other_impulse\other_imp_other_imp_session_27_1080.wav,1.0,16000,1,0.9440608762859234,0.0247644634495869,38.12158082859101,3
other_imp_other_imp_session_27_1081,other_imp_session_27,other_impulse,OTHER_IMPULSE,data/processed\other_impulse\other_imp_other_imp_session_27_1081.wav,1.0,16000,1,0.801651413080795,0.0317646043627468,25.2372468283752,3
other_imp_other_imp_session_27_1082,other_imp_session_27,other_impulse,OTHER_IMPULSE,data/processed\other_impulse\other_imp_other_imp_session_27_1082.wav,1.0,16000,1,0.8834712781206022,0.0331739372169704,26.63147898386518,3
other_imp_other_imp_session_27_1083,other_imp_session_27,other_impulse,OTHER_IMPULSE,data/processed\other_impulse\other_imp_other_imp_session_27_1083.wav,1.0,16000,1,0.7794209219809516,0.0252157737061848,30.910041546310485,3
other_imp_other_imp_session_27_1084,other_imp_session_27,other_impulse,OTHER_IMPULSE,data/processed\other_impulse\other_imp_other_imp_session_27_1084.wav,1.0,16000,1,0.9440608762859234,0.0288499867500707,32.72308432005662,3
other_imp_other_imp_session_27_1085,other_imp_session_27,other_impulse,OTHER_IMPULSE,data/processed\other_impulse\other_imp_other_imp_session_27_1085.wav,1.0,16000,1,0.9440608762859234,0.0211063726573506,44.72869139218113,3
other_imp_other_imp_session_27_1086,other_imp_session_27,other_impulse,OTHER_IMPULSE,data/processed\other_impulse\other_imp_other_imp_session_27_1086.wav,1.0,16000,1,0.7937473032386548,0.0291541678716191,27.2258510164112,3
other_imp_other_imp_session_27_1087,other_imp_session_27,other_impulse,OTHER_IMPULSE,data/processed\other_impulse\other_imp_other_imp_session_27_1087.wav,1.0,16000,1,0.883673429911155,0.0258785971265842,34.14686986779074,3
other_imp_other_imp_session_27_1088,other_imp_session_27,other_impulse,OTHER_IMPULSE,data/processed\other_impulse\other_imp_other_imp_session_27_1088.wav,1.0,16000,1,0.782301206445032,0.0298159338598013,26.237680421036487,3
other_imp_other_imp_session_27_1089,other_imp_session_27,other_impulse,OTHER_IMPULSE,data/processed\other_impulse\other_imp_other_imp_session_27_1089.wav,1.0,16000,1,0.9440608762859234,0.0258205352571966,36.56239118431468,3
other_imp_other_imp_session_27_1090,other_imp_session_27,other_impulse,OTHER_IMPULSE,data/processed\other_impulse\other_imp_other_imp_session_27_1090.wav,1.0,16000,1,0.9440608762859234,0.0290712330094408,32.47404577710492,3
other_imp_other_imp_session_27_1091,other_imp_session_27,other_impulse,OTHER_IMPULSE,data/processed\other_impulse\other_imp_other_imp_session_27_1091.wav,1.0,16000,1,0.9412049022499918,0.0247288743322268,38.060952916642776,3
other_imp_other_imp_session_27_1092,other_imp_session_27,other_impulse,OTHER_IMPULSE,data/processed\other_impulse\other_imp_other_imp_session_27_1092.wav,1.0,16000,1,0.9440608762859234,0.0226707230417194,41.642273963908885,3
other_imp_other_imp_session_27_1093,other_imp_session_27,other_impulse,OTHER_IMPULSE,data/processed\other_impulse\other_imp_other_imp_session_27_1093.wav,1.0,16000,1,0.9440608762859234,0.0328406393595792,28.74671770187002,3
other_imp_other_imp_session_27_1094,other_imp_session_27,other_impulse,OTHER_IMPULSE,data/processed\other_impulse\other_imp_other_imp_session_27_1094.wav,1.0,16000,1,0.7553376664991129,0.0238500741410907,31.670230680560117,3
other_imp_other_imp_session_27_1095,other_imp_session_27,other_impulse,OTHER_IMPULSE,data/processed\other_impulse\other_imp_other_imp_session_27_1095.wav,1.0,16000,1,0.9440608762859234,0.0348929934214541,27.055878936046582,3
other_imp_other_imp_session_27_1096,other_imp_session_27,other_impulse,OTHER_IMPULSE,data/processed\other_impulse\other_imp_other_imp_session_27_1096.wav,1.0,16000,1,0.7810614762253386,0.0242511522825865,32.207177005539904,3
other_imp_other_imp_session_27_1097,other_imp_session_27,other_impulse,OTHER_IMPULSE,data/processed\other_impulse\other_imp_other_imp_session_27_1097.wav,1.0,16000,1,0.9209804552200144,0.032830120691555,28.05290249596601,3
other_imp_other_imp_session_27_1098,other_imp_session_27,other_impulse,OTHER_IMPULSE,data/processed\other_impulse\other_imp_other_imp_session_27_1098.wav,1.0,16000,1,0.8610606983073918,0.0347618912753567,24.770241750781636,3
other_imp_other_imp_session_27_1099,other_imp_session_27,other_impulse,OTHER_IMPULSE,data/processed\other_impulse\other_imp_other_imp_session_27_1099.wav,1.0,16000,1,0.8747505993517128,0.0255428154736095,34.246430578147695,3
other_imp_other_imp_session_27_1100,other_imp_session_27,other_impulse,OTHER_IMPULSE,data/processed\other_impulse\other_imp_other_imp_session_27_1100.wav,1.0,16000,1,0.9440608762859234,0.0290957658105667,32.446664506641845,3
other_imp_other_imp_session_27_1101,other_imp_session_27,other_impulse,OTHER_IMPULSE,data/processed\other_impulse\other_imp_other_imp_session_27_1101.wav,1.0,16000,1,0.9440608762859234,0.028866609466425,32.704240875311626,3
other_imp_other_imp_session_27_1102,other_imp_session_27,other_impulse,OTHER_IMPULSE,data/processed\other_impulse\other_imp_other_imp_session_27_1102.wav,1.0,16000,1,0.9440608762859234,0.0273735919424249,34.48800337900629,3
other_imp_other_imp_session_27_1103,other_imp_session_27,other_impulse,OTHER_IMPULSE,data/processed\other_impulse\other_imp_other_imp_session_27_1103.wav,1.0,16000,1,0.8408736289765684,0.0262623821221448,32.018165941080795,3
other_imp_other_imp_session_27_1104,other_imp_session_27,other_impulse,OTHER_IMPULSE,data/processed\other_impulse\other_imp_other_imp_session_27_1104.wav,1.0,16000,1,0.8123465533865704,0.0261939502758523,31.01274281672694,3
other_imp_other_imp_session_27_1105,other_imp_session_27,other_impulse,OTHER_IMPULSE,data/processed\other_impulse\other_imp_other_imp_session_27_1105.wav,1.0,16000,1,0.9440608762859234,0.0322371128691598,29.2848986591503,3
other_imp_other_imp_session_27_1106,other_imp_session_27,other_impulse,OTHER_IMPULSE,data/processed\other_impulse\other_imp_other_imp_session_27_1106.wav,1.0,16000,1,0.7513265483256262,0.02321415966443,32.36499772278517,3
other_imp_other_imp_session_27_1107,other_imp_session_27,other_impulse,OTHER_IMPULSE,data/processed\other_impulse\other_imp_other_imp_session_27_1107.wav,1.0,16000,1,0.9440608762859234,0.0257108846362863,36.71832076016325,3
other_imp_other_imp_session_27_1108,other_imp_session_27,other_impulse,OTHER_IMPULSE,data/processed\other_impulse\other_imp_other_imp_session_27_1108.wav,1.0,16000,1,0.7557561695627034,0.0248041783642583,30.468893336244395,3
other_imp_other_imp_session_27_1109,other_imp_session_27,other_impulse,OTHER_IMPULSE,data/processed\other_impulse\other_imp_other_imp_session_27_1109.wav,1.0,16000,1,0.9440608762859234,0.0299441297019709,31.52740020858858,3
other_imp_other_imp_session_27_1110,other_imp_session_27,other_impulse,OTHER_IMPULSE,data/processed\other_impulse\other_imp_other_imp_session_27_1110.wav,1.0,16000,1,0.9440608762859234,0.0302966104294836,31.160600189161556,3
other_imp_other_imp_session_27_1111,other_imp_session_27,other_impulse,OTHER_IMPULSE,data/processed\other_impulse\other_imp_other_imp_session_27_1111.wav,1.0,16000,1,0.7461524946313451,0.0244543718696997,30.51201615346765,3
other_imp_other_imp_session_27_1112,other_imp_session_27,other_impulse,OTHER_IMPULSE,data/processed\other_impulse\other_imp_other_imp_session_27_1112.wav,1.0,16000,1,0.7800870893318843,0.0311554038162439,25.038572555411225,3
other_imp_other_imp_session_27_1113,other_imp_session_27,other_impulse,OTHER_IMPULSE,data/processed\other_impulse\other_imp_other_imp_session_27_1113.wav,1.0,16000,1,0.9408764065676348,0.0319474117130949,29.450777437290935,3
other_imp_other_imp_session_27_1114,other_imp_session_27,other_impulse,OTHER_IMPULSE,data/processed\other_impulse\other_imp_other_imp_session_27_1114.wav,1.0,16000,1,0.8701647728921873,0.0275237429919847,31.61504803307854,3
other_imp_other_imp_session_27_1115,other_imp_session_27,other_impulse,OTHER_IMPULSE,data/processed\other_impulse\other_imp_other_imp_session_27_1115.wav,1.0,16000,1,0.9236629303257105,0.0239278988008739,38.601907839600806,3
other_imp_other_imp_session_27_1116,other_imp_session_27,other_impulse,OTHER_IMPULSE,data/processed\other_impulse\other_imp_other_imp_session_27_1116.wav,1.0,16000,1,0.8706093787526203,0.0265631150751919,32.77511122235038,3
other_imp_other_imp_session_27_1117,other_imp_session_27,other_impulse,OTHER_IMPULSE,data/processed\other_impulse\other_imp_other_imp_session_27_1117.wav,1.0,16000,1,0.709861074400695,0.0284349705696185,24.9643593974933,3
other_imp_other_imp_session_27_1118,other_imp_session_27,other_impulse,OTHER_IMPULSE,data/processed\other_impulse\other_imp_other_imp_session_27_1118.wav,1.0,16000,1,0.9440608762859234,0.0262381174023727,35.98049745732048,3
other_imp_other_imp_session_27_1119,other_imp_session_27,other_impulse,OTHER_IMPULSE,data/processed\other_impulse\other_imp_other_imp_session_27_1119.wav,1.0,16000,1,0.8135265435625783,0.0283971357692944,28.64818000273241,3
other_imp_other_imp_session_29_1160,other_imp_session_29,other_impulse,OTHER_IMPULSE,data/processed\other_impulse\other_imp_other_imp_session_29_1160.wav,1.0,16000,1,0.7272138523368171,0.0255546687598582,28.45717057023383,3
other_imp_other_imp_session_29_1161,other_imp_session_29,other_impulse,OTHER_IMPULSE,data/processed\other_impulse\other_imp_other_imp_session_29_1161.wav,1.0,16000,1,0.6482407136797247,0.0256899333004536,25.233248127420996,3
other_imp_other_imp_session_29_1162,other_imp_session_29,other_impulse,OTHER_IMPULSE,data/processed\other_impulse\other_imp_other_imp_session_29_1162.wav,1.0,16000,1,0.6864959067716141,0.024586694502623,27.921428294645025,3
other_imp_other_imp_session_29_1163,other_imp_session_29,other_impulse,OTHER_IMPULSE,data/processed\other_impulse\other_imp_other_imp_session_29_1163.wav,1.0,16000,1,0.5844418858003548,0.0242594970161312,24.09125154158054,3
other_imp_other_imp_session_29_1164,other_imp_session_29,other_impulse,OTHER_IMPULSE,data/processed\other_impulse\other_imp_other_imp_session_29_1164.wav,1.0,16000,1,0.8593785743583862,0.0307320691390631,27.9635676606742,3
other_imp_other_imp_session_29_1165,other_imp_session_29,other_impulse,OTHER_IMPULSE,data/processed\other_impulse\other_imp_other_imp_session_29_1165.wav,1.0,16000,1,0.7487390678998739,0.0296872050770268,25.22092644787279,3
other_imp_other_imp_session_29_1166,other_imp_session_29,other_impulse,OTHER_IMPULSE,data/processed\other_impulse\other_imp_other_imp_session_29_1166.wav,1.0,16000,1,0.9440608762859234,0.0235846854841863,40.02853786765738,3
other_imp_other_imp_session_29_1167,other_imp_session_29,other_impulse,OTHER_IMPULSE,data/processed\other_impulse\other_imp_other_imp_session_29_1167.wav,1.0,16000,1,0.9031512897555158,0.0321282416223253,28.110813509936875,3
other_imp_other_imp_session_29_1168,other_imp_session_29,other_impulse,OTHER_IMPULSE,data/processed\other_impulse\other_imp_other_imp_session_29_1168.wav,1.0,16000,1,0.5839928172828431,0.0261064573579412,22.369660715707635,3
other_imp_other_imp_session_29_1169,other_imp_session_29,other_impulse,OTHER_IMPULSE,data/processed\other_impulse\other_imp_other_imp_session_29_1169.wav,1.0,16000,1,0.6347805169745454,0.030016823834784,21.147484124023467,3
other_imp_other_imp_session_29_1170,other_imp_session_29,other_impulse,OTHER_IMPULSE,data/processed\other_impulse\other_imp_other_imp_session_29_1170.wav,1.0,16000,1,0.9440608762859234,0.0256792431411018,36.76356438789392,3
other_imp_other_imp_session_29_1171,other_imp_session_29,other_impulse,OTHER_IMPULSE,data/processed\other_impulse\other_imp_other_imp_session_29_1171.wav,1.0,16000,1,0.5367108489462031,0.0246382109084343,21.78366899707733,3
other_imp_other_imp_session_29_1172,other_imp_session_29,other_impulse,OTHER_IMPULSE,data/processed\other_impulse\other_imp_other_imp_session_29_1172.wav,1.0,16000,1,0.9440608762859234,0.0281858380440653,33.494144820833164,3
other_imp_other_imp_session_29_1173,other_imp_session_29,other_impulse,OTHER_IMPULSE,data/processed\other_impulse\other_imp_other_imp_session_29_1173.wav,1.0,16000,1,0.9391231983862752,0.031704607520635,29.621022798178945,3
other_imp_other_imp_session_29_1174,other_imp_session_29,other_impulse,OTHER_IMPULSE,data/processed\other_impulse\other_imp_other_imp_session_29_1174.wav,1.0,16000,1,0.6873301437678572,0.0266171236460848,25.82284602493088,3
other_imp_other_imp_session_29_1175,other_imp_session_29,other_impulse,OTHER_IMPULSE,data/processed\other_impulse\other_imp_other_imp_session_29_1175.wav,1.0,16000,1,0.8919522710857088,0.0300947194632064,29.63815548420869,3
other_imp_other_imp_session_29_1176,other_imp_session_29,other_impulse,OTHER_IMPULSE,data/processed\other_impulse\other_imp_other_imp_session_29_1176.wav,1.0,16000,1,0.9435393435824238,0.0292945591772624,32.20867792501177,3
other_imp_other_imp_session_29_1177,other_imp_session_29,other_impulse,OTHER_IMPULSE,data/processed\other_impulse\other_imp_other_imp_session_29_1177.wav,1.0,16000,1,0.9440608762859234,0.0281930200202995,33.48561242286412,3
other_imp_other_imp_session_29_1178,other_imp_session_29,other_impulse,OTHER_IMPULSE,data/processed\other_impulse\other_imp_other_imp_session_29_1178.wav,1.0,16000,1,0.842296063330954,0.0232067013126289,36.29536524947343,3
other_imp_other_imp_session_29_1179,other_imp_session_29,other_impulse,OTHER_IMPULSE,data/processed\other_impulse\other_imp_other_imp_session_29_1179.wav,1.0,16000,1,0.5961712415182129,0.0224571432884081,26.547053130992488,3
other_imp_other_imp_session_29_1180,other_imp_session_29,other_impulse,OTHER_IMPULSE,data/processed\other_impulse\other_imp_other_imp_session_29_1180.wav,1.0,16000,1,0.8547538093084168,0.0307980643515659,27.753482232403112,3
other_imp_other_imp_session_29_1181,other_imp_session_29,other_impulse,OTHER_IMPULSE,data/processed\other_impulse\other_imp_other_imp_session_29_1181.wav,1.0,16000,1,0.9440608762859234,0.0261132669677168,36.15252415286836,3
other_imp_other_imp_session_29_1182,other_imp_session_29,other_impulse,OTHER_IMPULSE,data/processed\other_impulse\other_imp_other_imp_session_29_1182.wav,1.0,16000,1,0.740724139080891,0.0260847099118701,28.396859984830325,3
other_imp_other_imp_session_29_1183,other_imp_session_29,other_impulse,OTHER_IMPULSE,data/processed\other_impulse\other_imp_other_imp_session_29_1183.wav,1.0,16000,1,0.6838530031716945,0.0255651596284153,26.749402140152487,3
other_imp_other_imp_session_29_1184,other_imp_session_29,other_impulse,OTHER_IMPULSE,data/processed\other_impulse\other_imp_other_imp_session_29_1184.wav,1.0,16000,1,0.8305910152336199,0.0271806299289064,30.55818470080575,3
other_imp_other_imp_session_29_1185,other_imp_session_29,other_impulse,OTHER_IMPULSE,data/processed\other_impulse\other_imp_other_imp_session_29_1185.wav,1.0,16000,1,0.7212011020255794,0.0296929557021784,24.28861802688397,3
other_imp_other_imp_session_29_1186,other_imp_session_29,other_impulse,OTHER_IMPULSE,data/processed\other_impulse\other_imp_other_imp_session_29_1186.wav,1.0,16000,1,0.7042093839227134,0.0253766076826525,27.75032483561075,3
other_imp_other_imp_session_29_1187,other_imp_session_29,other_impulse,OTHER_IMPULSE,data/processed\other_impulse\other_imp_other_imp_session_29_1187.wav,1.0,16000,1,0.7914915565132554,0.0234127633198251,33.80597188129979,3
other_imp_other_imp_session_29_1188,other_imp_session_29,other_impulse,OTHER_IMPULSE,data/processed\other_impulse\other_imp_other_imp_session_29_1188.wav,1.0,16000,1,0.6541955819595986,0.0212356240430238,30.80650102719723,3
other_imp_other_imp_session_29_1189,other_imp_session_29,other_impulse,OTHER_IMPULSE,data/processed\other_impulse\other_imp_other_imp_session_29_1189.wav,1.0,16000,1,0.6778906246911511,0.0303995486265616,22.299357468264112,3
other_imp_other_imp_session_29_1190,other_imp_session_29,other_impulse,OTHER_IMPULSE,data/processed\other_impulse\other_imp_other_imp_session_29_1190.wav,1.0,16000,1,0.9195083708397304,0.0305411593560379,30.107176320606275,3
other_imp_other_imp_session_29_1191,other_imp_session_29,other_impulse,OTHER_IMPULSE,data/processed\other_impulse\other_imp_other_imp_session_29_1191.wav,1.0,16000,1,0.7440697878298812,0.0293118970910473,25.38455739228034,3
other_imp_other_imp_session_29_1192,other_imp_session_29,other_impulse,OTHER_IMPULSE,data/processed\other_impulse\other_imp_other_imp_session_29_1192.wav,1.0,16000,1,0.9423037446590832,0.0291934605190304,32.27789392305451,3
other_imp_other_imp_session_29_1193,other_imp_session_29,other_impulse,OTHER_IMPULSE,data/processed\other_impulse\other_imp_other_imp_session_29_1193.wav,1.0,16000,1,0.9440608762859234,0.0336268020684294,28.074646932477297,3
other_imp_other_imp_session_29_1194,other_imp_session_29,other_impulse,OTHER_IMPULSE,data/processed\other_impulse\other_imp_other_imp_session_29_1194.wav,1.0,16000,1,0.6606025372408043,0.0251216440102363,26.29614025301156,3
other_imp_other_imp_session_29_1195,other_imp_session_29,other_impulse,OTHER_IMPULSE,data/processed\other_impulse\other_imp_other_imp_session_29_1195.wav,1.0,16000,1,0.5679800301803414,0.0240685524553081,23.59841935865501,3
other_imp_other_imp_session_29_1196,other_imp_session_29,other_impulse,OTHER_IMPULSE,data/processed\other_impulse\other_imp_other_imp_session_29_1196.wav,1.0,16000,1,0.8526562345951207,0.0283661830159071,30.05888855501224,3
other_imp_other_imp_session_29_1197,other_imp_session_29,other_impulse,OTHER_IMPULSE,data/processed\other_impulse\other_imp_other_imp_session_29_1197.wav,1.0,16000,1,0.8445345115419596,0.0365427852861499,23.110834979338485,3
other_imp_other_imp_session_29_1198,other_imp_session_29,other_impulse,OTHER_IMPULSE,data/processed\other_impulse\other_imp_other_imp_session_29_1198.wav,1.0,16000,1,0.8310692815925385,0.0340601878959914,24.40001329793644,3
other_imp_other_imp_session_29_1199,other_imp_session_29,other_impulse,OTHER_IMPULSE,data/processed\other_impulse\other_imp_other_imp_session_29_1199.wav,1.0,16000,1,0.8415825737455136,0.0321710105234195,26.159648032702773,3
