file_id,speech_file,noise_file,noise_type,snr_db,sample_rate,duration,split
mix_000000,datasets/speech\speech_speaker_session_20_0803.wav,datasets/background_noise\bg_bg_session_21_0841.wav,background_noise,15,16000,1.0,train
mix_000001,datasets/speech\speech_speaker_session_10_0406.wav,datasets/gunshot\gun_C3GD-Dataset_0-oh_farm-springfield_87A-BOB-nT21wqwhXL6h-1_w0.wav,gunshot,20,16000,1.0,train
mix_000002,datasets/speech\speech_speaker_session_10_0418.wav,datasets/other_impulse\other_imp_other_imp_session_17_0705.wav,other_impulse,10,16000,1.0,train
mix_000003,datasets/speech\speech_speaker_session_19_0766.wav,datasets/gunshot\gun_BoltAction22_Zoom_ZM_044B_S04_w0.wav,gunshot,-5,16000,1.0,train
mix_000004,datasets/speech\speech_speaker_session_22_0917.wav,datasets/background_noise\bg_bg_session_12_0517.wav,background_noise,-15,16000,1.0,train
mix_000005,datasets/speech\speech_speaker_session_29_1177.wav,datasets/gunshot\gun_C3GD-Dataset_1-ny_gravel_pit-savage_223-ALICE-9beqPU8F1HSu-3_w0.wav,gunshot,-20,16000,1.0,train
mix_000006,datasets/speech\speech_ref_0640.wav,datasets/gunshot\gun_C3GD-Dataset_15-oh_farm-steyr_C9A2-DAVE-1FdS1ZWH99F1-7_w0.wav,gunshot,5,16000,1.0,train
mix_000007,datasets/speech\speech_ref_0004.wav,datasets/gunshot\gun_C3GD-Dataset_15-oh_farm-sig_P320-BOB-jo3tPbz41Lgc-8_w0.wav,gunshot,-10,16000,1.0,train
mix_000008,datasets/speech\speech_speaker_session_06_0260.wav,datasets/gunshot\gun_C3GD-Dataset_15-oh_farm-sig_P320-ALICE-xbRU1Oiy72TW-4_w0.wav,gunshot,-5,16000,1.0,train
mix_000009,datasets/speech\speech_ref_0879.wav,datasets/gunshot\gun_C3GD-Dataset_15-oh_farm-sig_P320-ALICE-iIjGOd9pRUnf-8_w0.wav,gunshot,20,16000,1.0,train
mix_000010,datasets/speech\speech_ref_0518.wav,datasets/other_impulse\other_imp_other_imp_session_10_0418.wav,other_impulse,15,16000,1.0,train
mix_000011,datasets/speech\speech_ref_0874.wav,datasets/background_noise\bg_bg_session_25_1020.wav,background_noise,-10,16000,1.0,train
mix_000012,datasets/speech\speech_ref_0789.wav,datasets/other_impulse\other_impulse_0098.wav,other_impulse,-5,16000,1.0,train
mix_000013,datasets/speech\speech_speaker_session_07_0314.wav,datasets/other_impulse\other_impulse_0789.wav,other_impulse,5,16000,1.0,train
mix_000014,datasets/speech\speech_ref_0195.wav,datasets/gunshot\gun_C3GD-Dataset_2-oh_farm-custom_ar15_300BLK-ERIN-JT9NHIATnzMQ-42_w0.wav,gunshot,20,16000,1.0,train
mix_000015,datasets/speech\speech_speaker_session_08_0324.wav,datasets/gunshot\gun_C3GD-Dataset_15-nj_farm-sig_p365-CAROL-qhIEvS8T0FcO-47_w0.wav,gunshot,5,16000,1.0,train
mix_000016,datasets/speech\speech_ref_0194.wav,datasets/gunshot\gun_C3GD-Dataset_0-oh_farm-sw_mp22-ALICE-jmHo21ZrVDXJ-11_w0.wav,gunshot,15,16000,1.0,train
mix_000017,datasets/speech\speech_speaker_session_20_0827.wav,datasets/other_impulse\other_impulse_0334.wav,other_impulse,5,16000,1.0,train
mix_000018,datasets/speech\speech_ref_0135.wav,datasets/other_impulse\other_impulse_0550.wav,other_impulse,5,16000,1.0,train
mix_000019,datasets/speech\speech_ref_0746.wav,datasets/other_impulse\other_imp_other_imp_session_23_0939.wav,other_impulse,0,16000,1.0,train
mix_000020,datasets/speech\speech_ref_0246.wav,datasets/other_impulse\other_imp_other_imp_session_09_0395.wav,other_impulse,15,16000,1.0,train
mix_000021,datasets/speech\speech_speaker_session_28_1133.wav,datasets/gunshot\gun_C3GD-Dataset_1-ny_gravel_pit-savage_223-ALICE-IaO6gvZyLJyE-30_w0.wav,gunshot,-5,16000,1.0,train
mix_000022,datasets/speech\speech_ref_0126.wav,datasets/gunshot\gun_C3GD-Dataset_11-nj_farm-savage_mh110-ALICE-VIwh9tsGnOqt-28_w0.wav,gunshot,20,16000,1.0,train
mix_000023,datasets/speech\speech_ref_0560.wav,datasets/gunshot\gun_C3GD-Dataset_11-nj_farm-savage_mh110-CAROL-28cChRmnkvnG-0_w0.wav,gunshot,-5,16000,1.0,train
mix_000024,datasets/speech\speech_ref_0844.wav,datasets/gunshot\gun_C3GD-Dataset_11-nj_farm-savage_mh110-BUTCH-hBTAkYuwJ46l-52_w0.wav,gunshot,0,16000,1.0,train
mix_000025,datasets/speech\speech_ref_0334.wav,datasets/gunshot\gun_C3GD-Dataset_1-ny_gravel_pit-savage_223-CAROL-CWUeRPWgyLlF-13_w0.wav,gunshot,15,16000,1.0,train
mix_000026,datasets/speech\speech_speaker_session_27_1083.wav,datasets/gunshot\gun_C3GD-Dataset_11-nj_farm-savage_mh110-JON-U8Ee7IPiAWho-6_w0.wav,gunshot,15,16000,1.0,train
mix_000027,datasets/speech\speech_speaker_session_01_0044.wav,datasets/gunshot\gun_C3GD-Dataset_14-oh_farm-7mm_Mauser-ALICE-chv3xlV0eY8m-19_w0.wav,gunshot,20,16000,1.0,train
mix_000028,datasets/speech\speech_ref_1066.wav,datasets/gunshot\gun_C3GD-Dataset_10-oh_farm-spike_m4_556-PIXEL-IwgLphM2NQaw-15_w0.wav,gunshot,0,16000,1.0,train
mix_000029,datasets/speech\speech_speaker_session_15_0634.wav,datasets/background_noise\bg_noise_0796.wav,background_noise,20,16000,1.0,train
mix_000030,datasets/speech\speech_ref_0200.wav,datasets/gunshot\gun_C3GD-Dataset_15-nj_farm-sig_p365-DAVE-g19XyDQPiD9P-4_w0.wav,gunshot,10,16000,1.0,train
mix_000031,datasets/speech\speech_ref_0412.wav,datasets/gunshot\gun_C3GD-Dataset_13-oh_farm-lmt_ar10-ERIN-4yw5CT7ttEZV-37_w0.wav,gunshot,-10,16000,1.0,train
mix_000032,datasets/speech\speech_ref_0178.wav,datasets/gunshot\gun_C3GD-Dataset_11-nj_farm-savage_mh110-BOB-8c1Tg89yVR7j-54_w0.wav,gunshot,-20,16000,1.0,train
mix_000033,datasets/speech\speech_speaker_session_10_0429.wav,datasets/gunshot\gun_C3GD-Dataset_11-nj_farm-savage_mh110-BOB-8c1Tg89yVR7j-12_w0.wav,gunshot,-15,16000,1.0,train
mix_000034,datasets/speech\speech_speaker_session_05_0220.wav,datasets/gunshot\gun_C3GD-Dataset_13-oh_farm-lmt_ar10-PIXEL-R4Eu8tFn3QLJ-19_w0.wav,gunshot,15,16000,1.0,train
mix_000035,datasets/speech\speech_ref_0956.wav,datasets/other_impulse\other_imp_other_imp_session_28_1147.wav,other_impulse,0,16000,1.0,train
mix_000036,datasets/speech\speech_speaker_session_09_0396.wav,datasets/gunshot\gun_C3GD-Dataset_2-oh_farm-custom_ar15_300BLK-ERIN-JT9NHIATnzMQ-53_w0.wav,gunshot,-5,16000,1.0,train
mix_000037,datasets/speech\speech_ref_0306.wav,datasets/gunshot\gun_C3GD-Dataset_1-ny_gravel_pit-savage_223-BUTCH-vmXVMZ4vutTc-17_w0.wav,gunshot,20,16000,1.0,train
mix_000038,datasets/speech\speech_speaker_session_11_0444.wav,datasets/gunshot\gun_C3GD-Dataset_10-oh_farm-spike_m4_556-ERIN-8XJ3dMdwafQw-50_w0.wav,gunshot,20,16000,1.0,train
mix_000039,datasets/speech\speech_ref_0800.wav,datasets/gunshot\gun_C3GD-Dataset_10-oh_farm-spike_m4_556-ERIN-8XJ3dMdwafQw-58_w0.wav,gunshot,-10,16000,1.0,train
mix_000040,datasets/speech\speech_ref_1121.wav,datasets/background_noise\bg_noise_0589.wav,background_noise,-5,16000,1.0,train
mix_000041,datasets/speech\speech_ref_0817.wav,datasets/gunshot\gun_C3GD-Dataset_10-oh_farm-hk_MR556-ERIN-pUYD91DvHy1e-0_w0.wav,gunshot,-20,16000,1.0,train
mix_000042,datasets/speech\speech_ref_0099.wav,datasets/other_impulse\other_impulse_0300.wav,other_impulse,-5,16000,1.0,train
mix_000043,datasets/speech\speech_ref_0091.wav,datasets/other_impulse\other_imp_other_imp_session_21_0852.wav,other_impulse,-5,16000,1.0,train
mix_000044,datasets/speech\speech_ref_0400.wav,datasets/background_noise\bg_bg_session_21_0860.wav,background_noise,-15,16000,1.0,train
mix_000045,datasets/speech\speech_ref_0193.wav,datasets/gunshot\gun_C3GD-Dataset_15-oh_farm-sig_P320-ALICE-XMhGLZYcF3A0-0_w0.wav,gunshot,5,16000,1.0,train
mix_000046,datasets/speech\speech_speaker_session_23_0941.wav,datasets/gunshot\gun_C3GD-Dataset_2-oh_farm-custom_ar15_300BLK-DAVE-i1jOY9VPtkkU-21_w0.wav,gunshot,-15,16000,1.0,train
mix_000047,datasets/speech\speech_ref_0947.wav,datasets/background_noise\bg_noise_1052.wav,background_noise,-20,16000,1.0,train
mix_000048,datasets/speech\speech_ref_0568.wav,datasets/other_impulse\other_impulse_0616.wav,other_impulse,-10,16000,1.0,train
mix_000049,datasets/speech\speech_speaker_session_20_0815.wav,datasets/gunshot\gun_C3GD-Dataset_15-oh_farm-hk_P30L-ERIN-dOdR2LeA0Roj-7_w0.wav,gunshot,15,16000,1.0,train
mix_000050,datasets/speech\speech_speaker_session_19_0791.wav,datasets/gunshot\gun_C3GD-Dataset_2-oh_farm-custom_ar15_300BLK-ERIN-JT9NHIATnzMQ-29_w0.wav,gunshot,-5,16000,1.0,train
mix_000051,datasets/speech\speech_speaker_session_23_0946.wav,datasets/gunshot\gun_C3GD-Dataset_11-nj_farm-savage_mh110-ALICE-X1fRvwEQOSNS-83_w0.wav,gunshot,5,16000,1.0,train
mix_000052,datasets/speech\speech_ref_0374.wav,datasets/gunshot\gun_C3GD-Dataset_11-nj_farm-savage_mh110-ALICE-X1fRvwEQOSNS-56_w0.wav,gunshot,-20,16000,1.0,train
mix_000053,datasets/speech\speech_ref_1026.wav,datasets/background_noise\bg_noise_0265.wav,background_noise,-5,16000,1.0,train
mix_000054,datasets/speech\speech_ref_0580.wav,datasets/other_impulse\other_impulse_0367.wav,other_impulse,-20,16000,1.0,train
mix_000055,datasets/speech\speech_speaker_session_07_0285.wav,datasets/gunshot\gun_C3GD-Dataset_0-oh_farm-sw_mp22-ALICE-jmHo21ZrVDXJ-3_w0.wav,gunshot,10,16000,1.0,train
mix_000056,datasets/speech\speech_ref_0264.wav,datasets/gunshot\gun_C3GD-Dataset_0-oh_farm-sw_mp22-ALICE-N0u4QR95sPzr-13_w0.wav,gunshot,-20,16000,1.0,train
mix_000057,datasets/speech\speech_ref_0426.wav,datasets/gunshot\gun_C3GD-Dataset_15-oh_farm-hk_P2000-PIXEL-1uF10Kzhvwk9-2_w0.wav,gunshot,15,16000,1.0,train
mix_000058,datasets/speech\speech_ref_0609.wav,datasets/gunshot\gun_C3GD-Dataset_0-oh_farm-sw_mp22-ERIN-ILuAgA20Xl4i-20_w0.wav,gunshot,0,16000,1.0,train
mix_000059,datasets/speech\speech_speaker_session_00_0010.wav,datasets/background_noise\bg_bg_session_15_0613.wav,background_noise,-20,16000,1.0,train
mix_000060,datasets/speech\speech_ref_1192.wav,datasets/gunshot\gun_C3GD-Dataset_11-nj_farm-savage_mh110-BUTCH-hBTAkYuwJ46l-8_w0.wav,gunshot,-15,16000,1.0,train
mix_000061,datasets/speech\speech_speaker_session_16_0671.wav,datasets/gunshot\gun_C3GD-Dataset_13-oh_farm-lmt_ar10-ALICE-RHHeuXPO7N5v-32_w0.wav,gunshot,0,16000,1.0,train
mix_000062,datasets/speech\speech_ref_0422.wav,datasets/gunshot\gun_C3GD-Dataset_2-oh_farm-custom_ar15_300BLK-ALICE-EmUfikHTAf0o-67_w0.wav,gunshot,20,16000,1.0,train
mix_000063,datasets/speech\speech_speaker_session_28_1156.wav,datasets/other_impulse\other_impulse_0190.wav,other_impulse,15,16000,1.0,train
mix_000064,datasets/speech\speech_ref_1197.wav,datasets/background_noise\bg_noise_0998.wav,background_noise,20,16000,1.0,train
mix_000065,datasets/speech\speech_ref_0981.wav,datasets/gunshot\gun_C3GD-Dataset_2-oh_farm-custom_ar15_300BLK-BOB-Nyl3u1Ql1lFU-52_w0.wav,gunshot,0,16000,1.0,train
mix_000066,datasets/speech\speech_speaker_session_20_0820.wav,datasets/gunshot\gun_C3GD-Dataset_1-ny_gravel_pit-savage_223-ALICE-IaO6gvZyLJyE-39_w0.wav,gunshot,-15,16000,1.0,train
mix_000067,datasets/speech\speech_speaker_session_27_1088.wav,datasets/gunshot\gun_C3GD-Dataset_12-oh_farm-norinco_sks-PIXEL-E0i5i0DtkTlq-3_w0.wav,gunshot,-10,16000,1.0,train
mix_000068,datasets/speech\speech_speaker_session_04_0197.wav,datasets/gunshot\gun_C3GD-Dataset_2-oh_farm-custom_ar15_300BLK-ALICE-QBdIBdZ0p0dz-66_w0.wav,gunshot,0,16000,1.0,train
mix_000069,datasets/speech\speech_ref_0152.wav,datasets/gunshot\gun_C3GD-Dataset_0-oh_farm-sw_mp22-ERIN-ILuAgA20Xl4i-19_w0.wav,gunshot,-20,16000,1.0,train
mix_000070,datasets/speech\speech_ref_1160.wav,datasets/gunshot\gun_C3GD-Dataset_13-oh_farm-lmt_ar10-BOB-0T2m14m6BxyX-27_w0.wav,gunshot,0,16000,1.0,train
mix_000071,datasets/speech\speech_speaker_session_03_0124.wav,datasets/other_impulse\other_impulse_0902.wav,other_impulse,-5,16000,1.0,train
mix_000072,datasets/speech\speech_speaker_session_03_0147.wav,datasets/gunshot\gun_C3GD-Dataset_0-oh_farm-sw_mp22-ALICE-jmHo21ZrVDXJ-9_w0.wav,gunshot,10,16000,1.0,train
mix_000073,datasets/speech\speech_speaker_session_02_0093.wav,datasets/gunshot\gun_C3GD-Dataset_15-oh_farm-sig_P320-PIXEL-DcPIW81s52vj-15_w0.wav,gunshot,20,16000,1.0,train
mix_000074,datasets/speech\speech_speaker_session_22_0915.wav,datasets/gunshot\gun_C3GD-Dataset_12-oh_farm-norinco_sks-ERIN-KvP1tQktbMsn-20_w0.wav,gunshot,-15,16000,1.0,train
mix_000075,datasets/speech\speech_ref_1099.wav,datasets/gunshot\gun_C3GD-Dataset_15-oh_farm-hk_P30L-ALICE-Ra4ytZz6kt6l-7_w0.wav,gunshot,-15,16000,1.0,train
mix_000076,datasets/speech\speech_speaker_session_12_0508.wav,datasets/gunshot\gun_C3GD-Dataset_0-oh_farm-sw_mp22-DAVE-PorbzdaQTbqS-35_w0.wav,gunshot,-10,16000,1.0,train
mix_000077,datasets/speech\speech_ref_0137.wav,datasets/gunshot\gun_C3GD-Dataset_2-oh_farm-custom_ar15_300BLK-ERIN-JT9NHIATnzMQ-29_w0.wav,gunshot,5,16000,1.0,train
mix_000078,datasets/speech\speech_ref_0555.wav,datasets/gunshot\gun_C3GD-Dataset_10-oh_farm-spike_m4_556-ALICE-0D30t3lA0dYO-57_w0.wav,gunshot,-20,16000,1.0,train
mix_000079,datasets/speech\speech_speaker_session_12_0516.wav,datasets/gunshot\gun_C3GD-Dataset_10-oh_farm-spike_m4_556-BOB-Mjt4Wualmk2E-36_w0.wav,gunshot,10,16000,1.0,train
mix_000080,datasets/speech\speech_ref_1050.wav,datasets/gunshot\gun_C3GD-Dataset_10-ny_gravel_pit-sw_mp15-JON-Qoar7WPiWXH6-24_w0.wav,gunshot,15,16000,1.0,train
mix_000081,datasets/speech\speech_ref_0001.wav,datasets/gunshot\gun_C3GD-Dataset_10-oh_farm-spike_m4_556-DAVE-LJiS5z5Ad53b-59_w0.wav,gunshot,5,16000,1.0,train
mix_000082,datasets/speech\speech_speaker_session_10_0414.wav,datasets/gunshot\gun_C3GD-Dataset_11-nj_farm-savage_mh110-CAROL-28cChRmnkvnG-6_w0.wav,gunshot,-20,16000,1.0,train
mix_000083,datasets/speech\speech_speaker_session_27_1116.wav,datasets/gunshot\gun_C3GD-Dataset_10-oh_farm-spike_m4_556-BOB-Mjt4Wualmk2E-48_w0.wav,gunshot,5,16000,1.0,train
mix_000084,datasets/speech\speech_speaker_session_08_0328.wav,datasets/gunshot\gun_C3GD-Dataset_10-ny_gravel_pit-sw_mp15-JON-Qoar7WPiWXH6-9_w0.wav,gunshot,-20,16000,1.0,train
mix_000085,datasets/speech\speech_speaker_session_07_0311.wav,datasets/background_noise\bg_noise_0736.wav,background_noise,15,16000,1.0,train
mix_000086,datasets/speech\speech_speaker_session_06_0252.wav,datasets/gunshot\gun_C3GD-Dataset_11-nj_farm-savage_mh110-DAVE-3fPPqTzCQ1WZ-22_w0.wav,gunshot,-10,16000,1.0,train
mix_000087,datasets/speech\speech_ref_1153.wav,datasets/gunshot\gun_C3GD-Dataset_15-oh_farm-hk_P30L-DAVE-0CvE5CZTyzuQ-8_w0.wav,gunshot,20,16000,1.0,train
mix_000088,datasets/speech\speech_ref_0939.wav,datasets/gunshot\gun_C3GD-Dataset_11-nj_farm-savage_mh110-ERIN-TZeme1kqdhzL-30_w0.wav,gunshot,-15,16000,1.0,train
mix_000089,datasets/speech\speech_ref_0737.wav,datasets/other_impulse\other_imp_other_imp_session_21_0864.wav,other_impulse,0,16000,1.0,train
mix_000090,datasets/speech\speech_speaker_session_04_0164.wav,datasets/gunshot\gun_C3GD-Dataset_15-nj_farm-sig_p365-BOB-uY5xiJ1efHpq-35_w0.wav,gunshot,-5,16000,1.0,train
mix_000091,datasets/speech\speech_ref_0045.wav,datasets/gunshot\gun_C3GD-Dataset_10-ny_gravel_pit-sw_mp15-ALICE-o9gnNLXOh817-26_w0.wav,gunshot,-10,16000,1.0,train
mix_000092,datasets/speech\speech_speaker_session_12_0515.wav,datasets/gunshot\gun_C3GD-Dataset_2-oh_farm-custom_ar15_300BLK-ERIN-JT9NHIATnzMQ-3_w0.wav,gunshot,-10,16000,1.0,train
mix_000093,datasets/speech\speech_speaker_session_25_1011.wav,datasets/gunshot\gun_C3GD-Dataset_2-oh_farm-custom_ar15_300BLK-ALICE-EmUfikHTAf0o-8_w0.wav,gunshot,5,16000,1.0,train
mix_000094,datasets/speech\speech_speaker_session_15_0617.wav,datasets/gunshot\gun_C3GD-Dataset_15-oh_farm-sig_P320-BOB-0xPxL0niRcMJ-6_w0.wav,gunshot,20,16000,1.0,train
mix_000095,datasets/speech\speech_speaker_session_28_1143.wav,datasets/gunshot\gun_C3GD-Dataset_2-oh_farm-custom_ar15_300BLK-DAVE-Fka7YM6eegMO-12_w0.wav,gunshot,20,16000,1.0,train
mix_000096,datasets/speech\speech_ref_0631.wav,datasets/gunshot\gun_C3GD-Dataset_10-ny_gravel_pit-sw_mp15-ALICE-o9gnNLXOh817-15_w0.wav,gunshot,-5,16000,1.0,train
mix_000097,datasets/speech\speech_speaker_session_02_0119.wav,datasets/other_impulse\other_imp_other_imp_session_04_0161.wav,other_impulse,-15,16000,1.0,train
mix_000098,datasets/speech\speech_ref_0723.wav,datasets/other_impulse\other_impulse_0209.wav,other_impulse,15,16000,1.0,train
mix_000099,datasets/speech\speech_speaker_session_03_0144.wav,datasets/other_impulse\other_impulse_0253.wav,other_impulse,5,16000,1.0,train
mix_000100,datasets/speech\speech_ref_0138.wav,datasets/background_noise\bg_noise_0079.wav,background_noise,-15,16000,1.0,train
mix_000101,datasets/speech\speech_speaker_session_18_0754.wav,datasets/background_noise\bg_bg_session_25_1011.wav,background_noise,20,16000,1.0,train
mix_000102,datasets/speech\speech_ref_0563.wav,datasets/gunshot\gun_C3GD-Dataset_3-ny_gravel_pit-ruger_lcp_380ACP-CAROL-JL5HJFTpJ6Ky-42_w0.wav,gunshot,-5,16000,1.0,train
mix_000103,datasets/speech\speech_speaker_session_06_0247.wav,datasets/other_impulse\other_impulse_0983.wav,other_impulse,20,16000,1.0,train
mix_000104,datasets/speech\speech_ref_1021.wav,datasets/gunshot\gun_BoltAction22_Zoom_ZM_124A_S04_w0.wav,gunshot,-10,16000,1.0,train
mix_000105,datasets/speech\speech_speaker_session_28_1144.wav,datasets/gunshot\gun_C3GD-Dataset_12-oh_farm-norinco_sks-ERIN-KvP1tQktbMsn-23_w0.wav,gunshot,20,16000,1.0,train
mix_000106,datasets/speech\speech_ref_0576.wav,datasets/gunshot\gun_C3GD-Dataset_15-oh_farm-steyr_C9A2-DAVE-hFhPaaylRpTD-6_w0.wav,gunshot,-15,16000,1.0,train
mix_000107,datasets/speech\speech_ref_0918.wav,datasets/gunshot\gun_C3GD-Dataset_1-ny_gravel_pit-savage_223-CAROL-cF2UUwwEe48n-26_w0.wav,gunshot,15,16000,1.0,train
mix_000108,datasets/speech\speech_speaker_session_18_0753.wav,datasets/background_noise\bg_noise_0289.wav,background_noise,20,16000,1.0,train
mix_000109,datasets/speech\speech_speaker_session_20_0816.wav,datasets/gunshot\gun_C3GD-Dataset_15-oh_farm-steyr_C9A2-ERIN-RzrE6iFwG1kI-3_w0.wav,gunshot,-20,16000,1.0,train
mix_000110,datasets/speech\speech_ref_0352.wav,datasets/gunshot\gun_C3GD-Dataset_2-oh_farm-custom_ar15_300BLK-ALICE-EmUfikHTAf0o-53_w0.wav,gunshot,-10,16000,1.0,train
mix_000111,datasets/speech\speech_speaker_session_00_0003.wav,datasets/other_impulse\other_impulse_0009.wav,other_impulse,10,16000,1.0,train
mix_000112,datasets/speech\speech_ref_0206.wav,datasets/gunshot\gun_C3GD-Dataset_2-oh_farm-custom_ar15_300BLK-ALICE-QBdIBdZ0p0dz-35_w0.wav,gunshot,-20,16000,1.0,train
mix_000113,datasets/speech\speech_speaker_session_14_0577.wav,datasets/other_impulse\other_impulse_0755.wav,other_impulse,15,16000,1.0,train
mix_000114,datasets/speech\speech_speaker_session_26_1047.wav,datasets/gunshot\gun_C3GD-Dataset_11-nj_farm-savage_mh110-DAVE-3fPPqTzCQ1WZ-43_w0.wav,gunshot,-20,16000,1.0,train
mix_000115,datasets/speech\speech_ref_0299.wav,datasets/gunshot\gun_C3GD-Dataset_15-oh_farm-hk_P2000-ERIN-dcv7OmXZZ1UL-1_w0.wav,gunshot,0,16000,1.0,train
mix_000116,datasets/speech\speech_speaker_session_04_0163.wav,datasets/background_noise\bg_bg_session_01_0049.wav,background_noise,-5,16000,1.0,train
mix_000117,datasets/speech\speech_speaker_session_08_0348.wav,datasets/other_impulse\other_impulse_1075.wav,other_impulse,-15,16000,1.0,train
mix_000118,datasets/speech\speech_ref_0869.wav,datasets/background_noise\bg_bg_session_18_0742.wav,background_noise,10,16000,1.0,train
mix_000119,datasets/speech\speech_speaker_session_18_0740.wav,datasets/gunshot\gun_C3GD-Dataset_13-oh_farm-lmt_ar10-ERIN-4yw5CT7ttEZV-28_w0.wav,gunshot,-15,16000,1.0,train
mix_000120,datasets/speech\speech_ref_0215.wav,datasets/other_impulse\other_impulse_0466.wav,other_impulse,-20,16000,1.0,train
mix_000121,datasets/speech\speech_ref_0049.wav,datasets/background_noise\bg_bg_session_28_1130.wav,background_noise,15,16000,1.0,train
mix_000122,datasets/speech\speech_ref_0936.wav,datasets/background_noise\bg_bg_session_12_0519.wav,background_noise,0,16000,1.0,train
mix_000123,datasets/speech\speech_speaker_session_22_0898.wav,datasets/gunshot\gun_C3GD-Dataset_15-oh_farm-hk_P30L-PIXEL-Z8wRT1n7qwOp-1_w0.wav,gunshot,-10,16000,1.0,train
mix_000124,datasets/speech\speech_ref_0926.wav,datasets/background_noise\bg_noise_1018.wav,background_noise,10,16000,1.0,train
mix_000125,datasets/speech\speech_speaker_session_13_0555.wav,datasets/gunshot\gun_C3GD-Dataset_15-nj_farm-sig_p365-CAROL-qhIEvS8T0FcO-12_w0.wav,gunshot,10,16000,1.0,train
mix_000126,datasets/speech\speech_speaker_session_25_1003.wav,datasets/gunshot\gun_C3GD-Dataset_15-oh_farm-steyr_C9A2-PIXEL-QWxYdgBh6RFJ-7_w0.wav,gunshot,10,16000,1.0,train
mix_000127,datasets/speech\speech_ref_0595.wav,datasets/gunshot\gun_C3GD-Dataset_15-nj_farm-sig_p365-CAROL-qhIEvS8T0FcO-2_w0.wav,gunshot,-15,16000,1.0,train
mix_000128,datasets/speech\speech_speaker_session_27_1115.wav,datasets/other_impulse\other_impulse_0435.wav,other_impulse,-10,16000,1.0,train
mix_000129,datasets/speech\speech_ref_0993.wav,datasets/other_impulse\other_imp_other_imp_session_27_1107.wav,other_impulse,5,16000,1.0,train
mix_000130,datasets/speech\speech_ref_0211.wav,datasets/background_noise\bg_noise_0743.wav,background_noise,-10,16000,1.0,train
mix_000131,datasets/speech\speech_speaker_session_28_1150.wav,datasets/other_impulse\other_impulse_0402.wav,other_impulse,10,16000,1.0,train
mix_000132,datasets/speech\speech_ref_0915.wav,datasets/other_impulse\other_impulse_0264.wav,other_impulse,-10,16000,1.0,train
mix_000133,datasets/speech\speech_speaker_session_07_0317.wav,datasets/gunshot\gun_C3GD-Dataset_10-ny_gravel_pit-sw_mp15-BOB-CYijh1jcEQ6Y-24_w0.wav,gunshot,-20,16000,1.0,train
mix_000134,datasets/speech\speech_ref_0527.wav,datasets/background_noise\bg_bg_session_09_0372.wav,background_noise,0,16000,1.0,train
mix_000135,datasets/speech\speech_speaker_session_19_0783.wav,datasets/gunshot\gun_C3GD-Dataset_2-oh_farm-custom_ar15_300BLK-BOB-JLX6vf3udb1F-45_w0.wav,gunshot,20,16000,1.0,train
mix_000136,datasets/speech\speech_speaker_session_00_0004.wav,datasets/gunshot\gun_C3GD-Dataset_15-oh_farm-sig_P320-ERIN-dcO32rh9DuOV-5_w0.wav,gunshot,20,16000,1.0,train
mix_000137,datasets/speech\speech_ref_0484.wav,datasets/gunshot\gun_C3GD-Dataset_15-nj_farm-sig_p365-DAVE-g19XyDQPiD9P-40_w0.wav,gunshot,-5,16000,1.0,train
mix_000138,datasets/speech\speech_ref_1161.wav,datasets/gunshot\gun_C3GD-Dataset_10-oh_farm-spike_m4_556-ALICE-0D30t3lA0dYO-49_w0.wav,gunshot,15,16000,1.0,train
mix_000139,datasets/speech\speech_ref_1172.wav,datasets/gunshot\gun_C3GD-Dataset_13-oh_farm-lmt_ar10-PIXEL-R4Eu8tFn3QLJ-16_w0.wav,gunshot,-10,16000,1.0,train
mix_000140,datasets/speech\speech_speaker_session_24_0979.wav,datasets/gunshot\gun_C3GD-Dataset_10-oh_farm-spike_m4_556-PIXEL-IwgLphM2NQaw-48_w0.wav,gunshot,-5,16000,1.0,train
mix_000141,datasets/speech\speech_ref_0267.wav,datasets/background_noise\bg_noise_0648.wav,background_noise,-20,16000,1.0,train
mix_000142,datasets/speech\speech_ref_0036.wav,datasets/gunshot\gun_C3GD-Dataset_15-oh_farm-sig_P320-BOB-povgSzBk1SfQ-14_w0.wav,gunshot,-20,16000,1.0,train
mix_000143,datasets/speech\speech_ref_0925.wav,datasets/gunshot\gun_C3GD-Dataset_10-oh_farm-hk_MR556-BOB-6Quc5LjO0EL0-1_w0.wav,gunshot,-5,16000,1.0,train
mix_000144,datasets/speech\speech_speaker_session_08_0341.wav,datasets/background_noise\bg_bg_session_27_1102.wav,background_noise,-15,16000,1.0,train
mix_000145,datasets/speech\speech_ref_0118.wav,datasets/other_impulse\other_imp_other_imp_session_03_0131.wav,other_impulse,-20,16000,1.0,train
mix_000146,datasets/speech\speech_ref_1063.wav,datasets/gunshot\gun_C3GD-Dataset_15-oh_farm-steyr_C9A2-PIXEL-kLXRqvEsl3mI-4_w0.wav,gunshot,-20,16000,1.0,train
mix_000147,datasets/speech\speech_speaker_session_09_0395.wav,datasets/gunshot\gun_C3GD-Dataset_10-oh_farm-hk_MR556-PIXEL-qvFs07XmzXK0-7_w0.wav,gunshot,-20,16000,1.0,train
mix_000148,datasets/speech\speech_ref_0112.wav,datasets/gunshot\gun_C3GD-Dataset_15-oh_farm-hk_P30L-BOB-1yIuC40sRNc6-6_w0.wav,gunshot,15,16000,1.0,train
mix_000149,datasets/speech\speech_ref_0750.wav,datasets/gunshot\gun_C3GD-Dataset_10-ny_gravel_pit-sw_mp15-ERIN-7gR94hji5299-7_w0.wav,gunshot,20,16000,1.0,train
mix_000150,datasets/speech\speech_speaker_session_26_1049.wav,datasets/gunshot\gun_C3GD-Dataset_1-ny_gravel_pit-savage_223-JON-bqarLMmM7cLJ-39_w0.wav,gunshot,-20,16000,1.0,train
mix_000151,datasets/speech\speech_ref_0307.wav,datasets/background_noise\bg_noise_1095.wav,background_noise,20,16000,1.0,train
mix_000152,datasets/speech\speech_ref_0856.wav,datasets/gunshot\gun_C3GD-Dataset_11-nj_farm-savage_mh110-BOB-8c1Tg89yVR7j-37_w0.wav,gunshot,-5,16000,1.0,train
mix_000153,datasets/speech\speech_speaker_session_25_1005.wav,datasets/other_impulse\other_impulse_1038.wav,other_impulse,5,16000,1.0,train
mix_000154,datasets/speech\speech_speaker_session_10_0404.wav,datasets/other_impulse\other_impulse_1061.wav,other_impulse,5,16000,1.0,train
mix_000155,datasets/speech\speech_speaker_session_02_0107.wav,datasets/gunshot\gun_C3GD-Dataset_10-oh_farm-hk_MR556-ALICE-1r0HioVaKJ1H-18_w0.wav,gunshot,0,16000,1.0,train
mix_000156,datasets/speech\speech_speaker_session_21_0857.wav,datasets/background_noise\bg_noise_1147.wav,background_noise,20,16000,1.0,train
mix_000157,datasets/speech\speech_speaker_session_18_0757.wav,datasets/gunshot\gun_C3GD-Dataset_10-ny_gravel_pit-sw_mp15-ALICE-OgSQVUQ0EWCg-27_w0.wav,gunshot,10,16000,1.0,train
mix_000158,datasets/speech\speech_ref_0074.wav,datasets/gunshot\gun_C3GD-Dataset_11-nj_farm-savage_mh110-CAROL-28cChRmnkvnG-3_w0.wav,gunshot,0,16000,1.0,train
mix_000159,datasets/speech\speech_speaker_session_09_0385.wav,datasets/background_noise\bg_bg_session_24_0998.wav,background_noise,20,16000,1.0,train
mix_000160,datasets/speech\speech_speaker_session_14_0587.wav,datasets/other_impulse\other_imp_other_imp_session_02_0093.wav,other_impulse,-10,16000,1.0,train
mix_000161,datasets/speech\speech_speaker_session_00_0032.wav,datasets/other_impulse\other_imp_other_imp_session_16_0656.wav,other_impulse,10,16000,1.0,train
mix_000162,datasets/speech\speech_speaker_session_14_0574.wav,datasets/other_impulse\other_impulse_0707.wav,other_impulse,15,16000,1.0,train
mix_000163,datasets/speech\speech_ref_0775.wav,datasets/background_noise\bg_bg_session_19_0768.wav,background_noise,5,16000,1.0,train
mix_000164,datasets/speech\speech_speaker_session_01_0056.wav,datasets/other_impulse\other_imp_other_imp_session_23_0940.wav,other_impulse,10,16000,1.0,train
mix_000165,datasets/speech\speech_speaker_session_29_1186.wav,datasets/other_impulse\other_impulse_0192.wav,other_impulse,5,16000,1.0,train
mix_000166,datasets/speech\speech_ref_0282.wav,datasets/gunshot\gun_C3GD-Dataset_15-oh_farm-sig_P320-BOB-7VQjMDLoWh1N-2_w0.wav,gunshot,10,16000,1.0,train
mix_000167,datasets/speech\speech_ref_0417.wav,datasets/gunshot\gun_BoltAction22_Zoom_ZM_104A_S05_w0.wav,gunshot,0,16000,1.0,train
mix_000168,datasets/speech\speech_ref_0958.wav,datasets/gunshot\gun_C3GD-Dataset_15-nj_farm-sig_p365-CAROL-qhIEvS8T0FcO-41_w0.wav,gunshot,-10,16000,1.0,train
mix_000169,datasets/speech\speech_speaker_session_27_1111.wav,datasets/other_impulse\other_impulse_0413.wav,other_impulse,15,16000,1.0,train
mix_000170,datasets/speech\speech_ref_1173.wav,datasets/gunshot\gun_C3GD-Dataset_10-oh_farm-hk_MR556-BOB-6Quc5LjO0EL0-6_w0.wav,gunshot,-5,16000,1.0,train
mix_000171,datasets/speech\speech_ref_0431.wav,datasets/gunshot\gun_C3GD-Dataset_11-nj_farm-savage_mh110-CAROL-28cChRmnkvnG-43_w0.wav,gunshot,-10,16000,1.0,train
mix_000172,datasets/speech\speech_speaker_session_16_0651.wav,datasets/gunshot\gun_C3GD-Dataset_2-oh_farm-custom_ar15_300BLK-BOB-JLX6vf3udb1F-46_w0.wav,gunshot,-20,16000,1.0,train
mix_000173,datasets/speech\speech_ref_0743.wav,datasets/other_impulse\other_impulse_0814.wav,other_impulse,10,16000,1.0,train
mix_000174,datasets/speech\speech_speaker_session_23_0954.wav,datasets/gunshot\gun_C3GD-Dataset_15-oh_farm-sig_P320-BOB-7VQjMDLoWh1N-5_w0.wav,gunshot,20,16000,1.0,train
mix_000175,datasets/speech\speech_speaker_session_26_1068.wav,datasets/other_impulse\other_impulse_0283.wav,other_impulse,-10,16000,1.0,train
mix_000176,datasets/speech\speech_speaker_session_12_0492.wav,datasets/gunshot\gun_C3GD-Dataset_15-oh_farm-hk_P2000-ALICE-sOYEAk27l7Nu-11_w0.wav,gunshot,-5,16000,1.0,train
mix_000177,datasets/speech\speech_speaker_session_24_0988.wav,datasets/gunshot\gun_C3GD-Dataset_10-oh_farm-spike_m4_556-BOB-jQ17j9hZCGf9-1_w0.wav,gunshot,-5,16000,1.0,train
mix_000178,datasets/speech\speech_ref_0479.wav,datasets/gunshot\gun_C3GD-Dataset_12-oh_farm-norinco_sks-PIXEL-E0i5i0DtkTlq-27_w0.wav,gunshot,-15,16000,1.0,train
mix_000179,datasets/speech\speech_ref_0822.wav,datasets/gunshot\gun_C3GD-Dataset_2-oh_farm-custom_ar15_300BLK-ALICE-A0I9zcxVqo9a-12_w0.wav,gunshot,5,16000,1.0,train
mix_000180,datasets/speech\speech_ref_0168.wav,datasets/background_noise\bg_noise_0314.wav,background_noise,20,16000,1.0,train
mix_000181,datasets/speech\speech_speaker_session_12_0498.wav,datasets/gunshot\gun_C3GD-Dataset_0-oh_farm-sw_mp22-PIXEL-f5W6Yd67KJc2-8_w0.wav,gunshot,-20,16000,1.0,train
mix_000182,datasets/speech\speech_ref_0872.wav,datasets/gunshot\gun_C3GD-Dataset_10-oh_farm-spike_m4_556-ERIN-8XJ3dMdwafQw-10_w0.wav,gunshot,10,16000,1.0,train
mix_000183,datasets/speech\speech_ref_0441.wav,datasets/other_impulse\other_imp_other_imp_session_07_0311.wav,other_impulse,-20,16000,1.0,train
mix_000184,datasets/speech\speech_speaker_session_28_1126.wav,datasets/background_noise\bg_bg_session_29_1192.wav,background_noise,-5,16000,1.0,train
mix_000185,datasets/speech\speech_ref_0445.wav,datasets/other_impulse\other_imp_other_imp_session_00_0026.wav,other_impulse,20,16000,1.0,train
mix_000186,datasets/speech\speech_speaker_session_25_1016.wav,datasets/gunshot\gun_C3GD-Dataset_1-ny_gravel_pit-savage_223-JON-bqarLMmM7cLJ-35_w0.wav,gunshot,15,16000,1.0,train
mix_000187,datasets/speech\speech_speaker_session_27_1112.wav,datasets/gunshot\gun_C3GD-Dataset_1-ny_gravel_pit-savage_223-CAROL-CWUeRPWgyLlF-37_w0.wav,gunshot,5,16000,1.0,train
mix_000188,datasets/speech\speech_ref_0023.wav,datasets/gunshot\gun_C3GD-Dataset_11-nj_farm-savage_mh110-CAROL-5uK7XOyZvflm-24_w0.wav,gunshot,-20,16000,1.0,train
mix_000189,datasets/speech\speech_speaker_session_15_0606.wav,datasets/gunshot\gun_C3GD-Dataset_1-ny_gravel_pit-savage_223-DAVE-cyc89NHUIDHi-3_w0.wav,gunshot,-5,16000,1.0,train
mix_000190,datasets/speech\speech_ref_0912.wav,datasets/background_noise\bg_noise_0722.wav,background_noise,15,16000,1.0,train
mix_000191,datasets/speech\speech_speaker_session_10_0439.wav,datasets/gunshot\gun_C3GD-Dataset_10-oh_farm-hk_MR556-ERIN-pUYD91DvHy1e-11_w0.wav,gunshot,-5,16000,1.0,train
mix_000192,datasets/speech\speech_ref_0415.wav,datasets/gunshot\gun_C3GD-Dataset_15-oh_farm-hk_P2000-ERIN-oGgK0AYPOq3L-3_w0.wav,gunshot,-5,16000,1.0,train
mix_000193,datasets/speech\speech_ref_0830.wav,datasets/other_impulse\other_impulse_0645.wav,other_impulse,5,16000,1.0,train
mix_000194,datasets/speech\speech_speaker_session_06_0268.wav,datasets/gunshot\gun_C3GD-Dataset_11-nj_farm-savage_mh110-ALICE-X1fRvwEQOSNS-20_w0.wav,gunshot,10,16000,1.0,train
mix_000195,datasets/speech\speech_speaker_session_10_0432.wav,datasets/gunshot\gun_C3GD-Dataset_2-oh_farm-custom_ar15_300BLK-BOB-Nyl3u1Ql1lFU-26_w0.wav,gunshot,20,16000,1.0,train
mix_000196,datasets/speech\speech_speaker_session_23_0955.wav,datasets/other_impulse\other_imp_other_imp_session_25_1028.wav,other_impulse,5,16000,1.0,train
mix_000197,datasets/speech\speech_speaker_session_16_0656.wav,datasets/gunshot\gun_C3GD-Dataset_11-nj_farm-savage_mh110-DAVE-3fPPqTzCQ1WZ-47_w0.wav,gunshot,0,16000,1.0,train
mix_000198,datasets/speech\speech_speaker_session_13_0545.wav,datasets/gunshot\gun_C3GD-Dataset_15-nj_farm-sig_p365-ALICE-238kXOv33RM0-5_w0.wav,gunshot,20,16000,1.0,train
mix_000199,datasets/speech\speech_speaker_session_13_0559.wav,datasets/gunshot\gun_C3GD-Dataset_3-ny_gravel_pit-ruger_lcp_380ACP-BOB-yLr0oPUfbSAa-40_w0.wav,gunshot,15,16000,1.0,train
mix_000200,datasets/speech\speech_ref_0072.wav,datasets/background_noise\bg_noise_0415.wav,background_noise,15,16000,1.0,train
mix_000201,datasets/speech\speech_speaker_session_19_0775.wav,datasets/gunshot\gun_C3GD-Dataset_12-oh_farm-norinco_sks-ALICE-MLFY3TErS9EO-23_w0.wav,gunshot,-5,16000,1.0,train
mix_000202,datasets/speech\speech_speaker_session_22_0913.wav,datasets/gunshot\gun_C3GD-Dataset_15-nj_farm-sig_p365-BUTCH-nJExooYJ4R6j-40_w0.wav,gunshot,5,16000,1.0,train
mix_000203,datasets/speech\speech_speaker_session_19_0797.wav,datasets/gunshot\gun_C3GD-Dataset_15-oh_farm-sig_P320-ALICE-XMhGLZYcF3A0-4_w0.wav,gunshot,-20,16000,1.0,train
mix_000204,datasets/speech\speech_ref_0701.wav,datasets/other_impulse\other_impulse_0816.wav,other_impulse,-5,16000,1.0,train
mix_000205,datasets/speech\speech_ref_0983.wav,datasets/background_noise\bg_noise_1190.wav,background_noise,-20,16000,1.0,train
mix_000206,datasets/speech\speech_speaker_session_11_0478.wav,datasets/gunshot\gun_C3GD-Dataset_10-oh_farm-spike_m4_556-BOB-Mjt4Wualmk2E-36_w0.wav,gunshot,20,16000,1.0,train
mix_000207,datasets/speech\speech_ref_1110.wav,datasets/other_impulse\other_impulse_1168.wav,other_impulse,10,16000,1.0,train
mix_000208,datasets/speech\speech_speaker_session_01_0064.wav,datasets/gunshot\gun_C3GD-Dataset_11-nj_farm-savage_mh110-BUTCH-hBTAkYuwJ46l-16_w0.wav,gunshot,-10,16000,1.0,train
mix_000209,datasets/speech\speech_ref_0303.wav,datasets/gunshot\gun_C3GD-Dataset_1-ny_gravel_pit-savage_223-BOB-0zbsH77nmJe9-11_w0.wav,gunshot,5,16000,1.0,train
mix_000210,datasets/speech\speech_speaker_session_02_0112.wav,datasets/gunshot\gun_C3GD-Dataset_10-ny_gravel_pit-sw_mp15-CAROL-2UuBJmJHDKr0-24_w0.wav,gunshot,10,16000,1.0,train
mix_000211,datasets/speech\speech_speaker_session_16_0670.wav,datasets/other_impulse\other_impulse_0935.wav,other_impulse,-5,16000,1.0,train
mix_000212,datasets/speech\speech_ref_0369.wav,datasets/gunshot\gun_C3GD-Dataset_3-ny_gravel_pit-ruger_lcp_380ACP-BUTCH-bCvjiZaXYAFe-30_w0.wav,gunshot,20,16000,1.0,train
mix_000213,datasets/speech\speech_speaker_session_23_0942.wav,datasets/other_impulse\other_imp_other_imp_session_28_1125.wav,other_impulse,5,16000,1.0,train
mix_000214,datasets/speech\speech_speaker_session_25_1015.wav,datasets/gunshot\gun_C3GD-Dataset_10-oh_farm-spike_m4_556-BOB-jQ17j9hZCGf9-55_w0.wav,gunshot,15,16000,1.0,train
mix_000215,datasets/speech\speech_speaker_session_27_1102.wav,datasets/other_impulse\other_imp_other_imp_session_22_0913.wav,other_impulse,15,16000,1.0,train
mix_000216,datasets/speech\speech_speaker_session_09_0366.wav,datasets/gunshot\gun_C3GD-Dataset_2-oh_farm-custom_ar15_300BLK-BOB-JLX6vf3udb1F-13_w0.wav,gunshot,-10,16000,1.0,train
mix_000217,datasets/speech\speech_speaker_session_07_0308.wav,datasets/gunshot\gun_C3GD-Dataset_14-oh_farm-7mm_Mauser-BOB-kgpNCBcthM7z-15_w0.wav,gunshot,-10,16000,1.0,train
mix_000218,datasets/speech\speech_ref_0791.wav,datasets/background_noise\bg_noise_1093.wav,background_noise,20,16000,1.0,train
mix_000219,datasets/speech\speech_ref_0507.wav,datasets/gunshot\gun_C3GD-Dataset_3-ny_gravel_pit-ruger_lcp_380ACP-ALICE-iTyhHd0QesY9-27_w0.wav,gunshot,-10,16000,1.0,train
mix_000220,datasets/speech\speech_ref_0272.wav,datasets/other_impulse\other_impulse_0482.wav,other_impulse,-20,16000,1.0,train
mix_000221,datasets/speech\speech_ref_1094.wav,datasets/other_impulse\other_impulse_0184.wav,other_impulse,-20,16000,1.0,train
mix_000222,datasets/speech\speech_speaker_session_23_0922.wav,datasets/background_noise\bg_noise_0017.wav,background_noise,-20,16000,1.0,train
mix_000223,datasets/speech\speech_ref_0212.wav,datasets/background_noise\bg_bg_session_02_0104.wav,background_noise,10,16000,1.0,train
mix_000224,datasets/speech\speech_speaker_session_03_0130.wav,datasets/background_noise\bg_noise_1052.wav,background_noise,-5,16000,1.0,train
mix_000225,datasets/speech\speech_ref_0275.wav,datasets/background_noise\bg_bg_session_27_1113.wav,background_noise,-10,16000,1.0,train
mix_000226,datasets/speech\speech_ref_1030.wav,datasets/background_noise\bg_bg_session_03_0149.wav,background_noise,-5,16000,1.0,train
mix_000227,datasets/speech\speech_speaker_session_14_0592.wav,datasets/gunshot\gun_C3GD-Dataset_3-ny_gravel_pit-ruger_lcp_380ACP-CAROL-JL5HJFTpJ6Ky-6_w0.wav,gunshot,15,16000,1.0,train
mix_000228,datasets/speech\speech_speaker_session_23_0921.wav,datasets/gunshot\gun_C3GD-Dataset_15-nj_farm-sig_p365-CAROL-4c4Mgt6DlrH8-36_w0.wav,gunshot,-20,16000,1.0,train
mix_000229,datasets/speech\speech_ref_0115.wav,datasets/other_impulse\other_imp_other_imp_session_13_0522.wav,other_impulse,15,16000,1.0,train
mix_000230,datasets/speech\speech_speaker_session_08_0322.wav,datasets/gunshot\gun_C3GD-Dataset_3-ny_gravel_pit-ruger_lcp_380ACP-ALICE-iTyhHd0QesY9-20_w0.wav,gunshot,-20,16000,1.0,train
mix_000231,datasets/speech\speech_speaker_session_06_0249.wav,datasets/background_noise\bg_bg_session_02_0108.wav,background_noise,20,16000,1.0,train
mix_000232,datasets/speech\speech_ref_0399.wav,datasets/other_impulse\other_impulse_0638.wav,other_impulse,10,16000,1.0,train
mix_000233,datasets/speech\speech_ref_0630.wav,datasets/background_noise\bg_bg_session_04_0194.wav,background_noise,-20,16000,1.0,train
mix_000234,datasets/speech\speech_ref_0960.wav,datasets/other_impulse\other_impulse_0273.wav,other_impulse,0,16000,1.0,train
mix_000235,datasets/speech\speech_speaker_session_11_0475.wav,datasets/other_impulse\other_impulse_0377.wav,other_impulse,0,16000,1.0,train
mix_000236,datasets/speech\speech_speaker_session_26_1054.wav,datasets/background_noise\bg_bg_session_07_0280.wav,background_noise,20,16000,1.0,train
mix_000237,datasets/speech\speech_ref_0104.wav,datasets/gunshot\gun_C3GD-Dataset_15-oh_farm-steyr_C9A2-ALICE-3EE9jVC0gOdp-5_w0.wav,gunshot,-10,16000,1.0,train
mix_000238,datasets/speech\speech_speaker_session_17_0683.wav,datasets/background_noise\bg_noise_0553.wav,background_noise,-15,16000,1.0,train
mix_000239,datasets/speech\speech_speaker_session_02_0082.wav,datasets/other_impulse\other_impulse_0191.wav,other_impulse,-10,16000,1.0,train
mix_000240,datasets/speech\speech_speaker_session_10_0427.wav,datasets/gunshot\gun_C3GD-Dataset_10-oh_farm-hk_MR556-BOB-6Quc5LjO0EL0-6_w0.wav,gunshot,-5,16000,1.0,train
mix_000241,datasets/speech\speech_ref_0476.wav,datasets/other_impulse\other_imp_other_imp_session_13_0554.wav,other_impulse,20,16000,1.0,train
mix_000242,datasets/speech\speech_speaker_session_11_0470.wav,datasets/gunshot\gun_C3GD-Dataset_10-oh_farm-spike_m4_556-ALICE-TcUw0m1Y2pBD-51_w0.wav,gunshot,5,16000,1.0,train
mix_000243,datasets/speech\speech_ref_0183.wav,datasets/gunshot\gun_C3GD-Dataset_10-oh_farm-spike_m4_556-DAVE-LJiS5z5Ad53b-63_w0.wav,gunshot,10,16000,1.0,train
mix_000244,datasets/speech\speech_ref_0523.wav,datasets/background_noise\bg_noise_0094.wav,background_noise,5,16000,1.0,train
mix_000245,datasets/speech\speech_ref_1114.wav,datasets/gunshot\gun_C3GD-Dataset_15-oh_farm-hk_P30L-DAVE-11ztazx3afRK-5_w0.wav,gunshot,15,16000,1.0,train
mix_000246,datasets/speech\speech_speaker_session_03_0121.wav,datasets/other_impulse\other_impulse_0856.wav,other_impulse,-5,16000,1.0,train
mix_000247,datasets/speech\speech_ref_0970.wav,datasets/gunshot\gun_C3GD-Dataset_10-ny_gravel_pit-sw_mp15-BUTCH-NheG57B0Fjws-17_w0.wav,gunshot,0,16000,1.0,train
mix_000248,datasets/speech\speech_speaker_session_21_0851.wav,datasets/background_noise\bg_noise_0120.wav,background_noise,-20,16000,1.0,train
mix_000249,datasets/speech\speech_ref_0692.wav,datasets/background_noise\bg_noise_0331.wav,background_noise,10,16000,1.0,train
mix_000250,datasets/speech\speech_speaker_session_22_0889.wav,datasets/gunshot\gun_C3GD-Dataset_15-nj_farm-sig_p365-DAVE-g19XyDQPiD9P-3_w0.wav,gunshot,10,16000,1.0,train
mix_000251,datasets/speech\speech_speaker_session_13_0523.wav,datasets/other_impulse\other_impulse_0655.wav,other_impulse,15,16000,1.0,train
mix_000252,datasets/speech\speech_speaker_session_21_0863.wav,datasets/background_noise\bg_bg_session_22_0919.wav,background_noise,-20,16000,1.0,train
mix_000253,datasets/speech\speech_speaker_session_00_0009.wav,datasets/gunshot\gun_C3GD-Dataset_0-oh_farm-springfield_87A-DAVE-Tcw4E6V1PxYc-4_w0.wav,gunshot,-15,16000,1.0,train
mix_000254,datasets/speech\speech_ref_0119.wav,datasets/gunshot\gun_C3GD-Dataset_3-ny_gravel_pit-ruger_lcp_380ACP-BUTCH-bCvjiZaXYAFe-39_w0.wav,gunshot,10,16000,1.0,train
mix_000255,datasets/speech\speech_speaker_session_06_0267.wav,datasets/other_impulse\other_imp_other_imp_session_24_0966.wav,other_impulse,5,16000,1.0,train
mix_000256,datasets/speech\speech_speaker_session_07_0315.wav,datasets/other_impulse\other_impulse_0870.wav,other_impulse,-15,16000,1.0,train
mix_000257,datasets/speech\speech_ref_0584.wav,datasets/other_impulse\other_impulse_0253.wav,other_impulse,-20,16000,1.0,train
mix_000258,datasets/speech\speech_ref_0252.wav,datasets/gunshot\gun_C3GD-Dataset_10-ny_gravel_pit-sw_mp15-CAROL-2UuBJmJHDKr0-20_w0.wav,gunshot,-5,16000,1.0,train
mix_000259,datasets/speech\speech_speaker_session_28_1120.wav,datasets/other_impulse\other_impulse_0886.wav,other_impulse,15,16000,1.0,train
mix_000260,datasets/speech\speech_ref_0503.wav,datasets/gunshot\gun_C3GD-Dataset_10-oh_farm-spike_m4_556-ERIN-8XJ3dMdwafQw-4_w0.wav,gunshot,-20,16000,1.0,train
mix_000261,datasets/speech\speech_speaker_session_01_0055.wav,datasets/background_noise\bg_noise_0018.wav,background_noise,0,16000,1.0,train
mix_000262,datasets/speech\speech_ref_0645.wav,datasets/other_impulse\other_impulse_0497.wav,other_impulse,-20,16000,1.0,train
mix_000263,datasets/speech\speech_speaker_session_01_0070.wav,datasets/gunshot\gun_C3GD-Dataset_0-oh_farm-sw_mp22-BOB-L1VYwU6YJSr9-29_w0.wav,gunshot,5,16000,1.0,train
mix_000264,datasets/speech\speech_speaker_session_18_0730.wav,datasets/background_noise\bg_bg_session_06_0256.wav,background_noise,-5,16000,1.0,train
mix_000265,datasets/speech\speech_speaker_session_20_0807.wav,datasets/other_impulse\other_imp_other_imp_session_00_0017.wav,other_impulse,-10,16000,1.0,train
mix_000266,datasets/speech\speech_ref_0804.wav,datasets/gunshot\gun_C3GD-Dataset_15-oh_farm-hk_P2000-PIXEL-oU0V6l1prrM5-3_w0.wav,gunshot,-15,16000,1.0,train
mix_000267,datasets/speech\speech_speaker_session_21_0875.wav,datasets/gunshot\gun_C3GD-Dataset_11-nj_farm-savage_mh110-CAROL-28cChRmnkvnG-21_w0.wav,gunshot,-10,16000,1.0,train
mix_000268,datasets/speech\speech_ref_0705.wav,datasets/other_impulse\other_impulse_0839.wav,other_impulse,-5,16000,1.0,train
mix_000269,datasets/speech\speech_ref_0148.wav,datasets/other_impulse\other_impulse_0884.wav,other_impulse,10,16000,1.0,train
mix_000270,datasets/speech\speech_ref_0033.wav,datasets/other_impulse\other_impulse_0456.wav,other_impulse,5,16000,1.0,train
mix_000271,datasets/speech\speech_speaker_session_10_0407.wav,datasets/gunshot\gun_C3GD-Dataset_15-nj_farm-sig_p365-JON-t0RTFaS5HUst-24_w0.wav,gunshot,-10,16000,1.0,train
mix_000272,datasets/speech\speech_speaker_session_21_0861.wav,datasets/background_noise\bg_noise_0084.wav,background_noise,20,16000,1.0,train
mix_000273,datasets/speech\speech_ref_0866.wav,datasets/gunshot\gun_C3GD-Dataset_13-oh_farm-lmt_ar10-PIXEL-R4Eu8tFn3QLJ-11_w0.wav,gunshot,-20,16000,1.0,train
mix_000274,datasets/speech\speech_speaker_session_01_0067.wav,datasets/background_noise\bg_noise_0400.wav,background_noise,10,16000,1.0,train
mix_000275,datasets/speech\speech_ref_0088.wav,datasets/gunshot\gun_C3GD-Dataset_10-ny_gravel_pit-sw_mp15-DAVE-3xb6NwNyAzbC-29_w0.wav,gunshot,-15,16000,1.0,train
mix_000276,datasets/speech\speech_speaker_session_00_0014.wav,datasets/gunshot\gun_C3GD-Dataset_13-oh_farm-lmt_ar10-BOB-QbbaWYVKBm7i-6_w0.wav,gunshot,10,16000,1.0,train
mix_000277,datasets/speech\speech_ref_0037.wav,datasets/gunshot\gun_C3GD-Dataset_12-oh_farm-norinco_sks-DAVE-10CqWRilQLT1-27_w0.wav,gunshot,-20,16000,1.0,train
mix_000278,datasets/speech\speech_ref_0482.wav,datasets/other_impulse\other_imp_other_imp_session_19_0789.wav,other_impulse,0,16000,1.0,train
mix_000279,datasets/speech\speech_ref_1101.wav,datasets/gunshot\gun_C3GD-Dataset_2-oh_farm-custom_ar15_300BLK-ALICE-EmUfikHTAf0o-0_w0.wav,gunshot,15,16000,1.0,train
mix_000280,datasets/speech\speech_ref_0771.wav,datasets/gunshot\gun_C3GD-Dataset_10-ny_gravel_pit-sw_mp15-CAROL-01Wi0Q1SxFPx-23_w0.wav,gunshot,5,16000,1.0,train
mix_000281,datasets/speech\speech_ref_0251.wav,datasets/other_impulse\other_impulse_0660.wav,other_impulse,10,16000,1.0,train
mix_000282,datasets/speech\speech_speaker_session_18_0731.wav,datasets/gunshot\gun_C3GD-Dataset_15-oh_farm-steyr_C9A2-ALICE-JxjpIpg2vx3t-0_w0.wav,gunshot,-10,16000,1.0,train
mix_000283,datasets/speech\speech_speaker_session_06_0266.wav,datasets/other_impulse\other_impulse_1198.wav,other_impulse,10,16000,1.0,train
mix_000284,datasets/speech\speech_speaker_session_29_1193.wav,datasets/background_noise\bg_noise_0204.wav,background_noise,0,16000,1.0,train
mix_000285,datasets/speech\speech_speaker_session_08_0351.wav,datasets/gunshot\gun_C3GD-Dataset_10-oh_farm-spike_m4_556-ALICE-0D30t3lA0dYO-32_w0.wav,gunshot,-15,16000,1.0,train
mix_000286,datasets/speech\speech_speaker_session_06_0279.wav,datasets/background_noise\bg_noise_0144.wav,background_noise,0,16000,1.0,train
mix_000287,datasets/speech\speech_speaker_session_24_0974.wav,datasets/gunshot\gun_C3GD-Dataset_0-oh_farm-czusa_457-ALICE-R5zBOntDcTqx-7_w0.wav,gunshot,10,16000,1.0,train
mix_000288,datasets/speech\speech_ref_0287.wav,datasets/other_impulse\other_imp_other_imp_session_19_0785.wav,other_impulse,-10,16000,1.0,train
mix_000289,datasets/speech\speech_speaker_session_17_0711.wav,datasets/gunshot\gun_C3GD-Dataset_15-oh_farm-hk_P2000-BOB-AIs2OZ34pDHJ-1_w0.wav,gunshot,5,16000,1.0,train
mix_000290,datasets/speech\speech_ref_0714.wav,datasets/gunshot\gun_C3GD-Dataset_15-nj_farm-sig_p365-ALICE-T3bFUE8iLtXt-20_w0.wav,gunshot,-15,16000,1.0,train
mix_000291,datasets/speech\speech_speaker_session_20_0817.wav,datasets/background_noise\bg_noise_0299.wav,background_noise,-20,16000,1.0,train
mix_000292,datasets/speech\speech_ref_0364.wav,datasets/gunshot\gun_C3GD-Dataset_11-nj_farm-savage_mh110-DAVE-3fPPqTzCQ1WZ-44_w0.wav,gunshot,15,16000,1.0,train
mix_000293,datasets/speech\speech_speaker_session_26_1073.wav,datasets/gunshot\gun_C3GD-Dataset_15-nj_farm-sig_p365-ALICE-238kXOv33RM0-9_w0.wav,gunshot,0,16000,1.0,train
mix_000294,datasets/speech\speech_speaker_session_13_0525.wav,datasets/background_noise\bg_noise_0474.wav,background_noise,-10,16000,1.0,train
mix_000295,datasets/speech\speech_speaker_session_23_0957.wav,datasets/background_noise\bg_noise_0230.wav,background_noise,-10,16000,1.0,train
mix_000296,datasets/speech\speech_speaker_session_01_0079.wav,datasets/gunshot\gun_C3GD-Dataset_15-oh_farm-steyr_C9A2-ALICE-EYxRROyiQbOu-11_w0.wav,gunshot,15,16000,1.0,train
mix_000297,datasets/speech\speech_ref_0160.wav,datasets/other_impulse\other_impulse_0725.wav,other_impulse,20,16000,1.0,train
mix_000298,datasets/speech\speech_speaker_session_26_1058.wav,datasets/gunshot\gun_C3GD-Dataset_3-ny_gravel_pit-ruger_lcp_380ACP-JON-Wjpg9aiaTIsb-26_w0.wav,gunshot,10,16000,1.0,train
mix_000299,datasets/speech\speech_ref_0333.wav,datasets/background_noise\bg_noise_0492.wav,background_noise,-20,16000,1.0,train
mix_000300,datasets/speech\speech_speaker_session_27_1117.wav,datasets/background_noise\bg_noise_0268.wav,background_noise,5,16000,1.0,train
mix_000301,datasets/speech\speech_ref_0070.wav,datasets/other_impulse\other_impulse_0680.wav,other_impulse,-15,16000,1.0,train
mix_000302,datasets/speech\speech_speaker_session_18_0735.wav,datasets/other_impulse\other_imp_other_imp_session_04_0180.wav,other_impulse,5,16000,1.0,train
mix_000303,datasets/speech\speech_speaker_session_12_0493.wav,datasets/gunshot\gun_C3GD-Dataset_15-nj_farm-sig_p365-JON-t0RTFaS5HUst-45_w0.wav,gunshot,-20,16000,1.0,train
mix_000304,datasets/speech\speech_ref_0345.wav,datasets/gunshot\gun_C3GD-Dataset_11-nj_farm-savage_mh110-BOB-bjYKN5RtCabb-20_w0.wav,gunshot,10,16000,1.0,train
mix_000305,datasets/speech\speech_speaker_session_10_0413.wav,datasets/gunshot\gun_C3GD-Dataset_15-oh_farm-hk_P2000-ALICE-SIVQOAPJWgxw-1_w0.wav,gunshot,-15,16000,1.0,train
mix_000306,datasets/speech\speech_ref_0189.wav,datasets/other_impulse\other_impulse_0767.wav,other_impulse,-5,16000,1.0,train
mix_000307,datasets/speech\speech_ref_0230.wav,datasets/other_impulse\other_impulse_0970.wav,other_impulse,20,16000,1.0,train
mix_000308,datasets/speech\speech_ref_0667.wav,datasets/gunshot\gun_C3GD-Dataset_0-oh_farm-springfield_87A-ALICE-x9C07RP1FoxZ-8_w0.wav,gunshot,10,16000,1.0,train
mix_000309,datasets/speech\speech_ref_0309.wav,datasets/gunshot\gun_C3GD-Dataset_0-oh_farm-springfield_87A-ALICE-x9C07RP1FoxZ-7_w0.wav,gunshot,-10,16000,1.0,train
mix_000310,datasets/speech\speech_speaker_session_22_0893.wav,datasets/gunshot\gun_C3GD-Dataset_10-oh_farm-spike_m4_556-ERIN-8XJ3dMdwafQw-17_w0.wav,gunshot,0,16000,1.0,train
mix_000311,datasets/speech\speech_ref_0652.wav,datasets/gunshot\gun_C3GD-Dataset_10-oh_farm-spike_m4_556-ERIN-8XJ3dMdwafQw-0_w0.wav,gunshot,15,16000,1.0,train
mix_000312,datasets/speech\speech_speaker_session_20_0831.wav,datasets/background_noise\bg_noise_1190.wav,background_noise,-15,16000,1.0,train
mix_000313,datasets/speech\speech_ref_0573.wav,datasets/gunshot\gun_C3GD-Dataset_0-oh_farm-marlin_gfm60-ERIN-4KUnpSm0eest-4_w0.wav,gunshot,10,16000,1.0,train
mix_000314,datasets/speech\speech_ref_1056.wav,datasets/gunshot\gun_C3GD-Dataset_10-oh_farm-spike_m4_556-PIXEL-IwgLphM2NQaw-52_w0.wav,gunshot,10,16000,1.0,train
mix_000315,datasets/speech\speech_ref_0120.wav,datasets/gunshot\gun_C3GD-Dataset_11-nj_farm-savage_mh110-CAROL-28cChRmnkvnG-29_w0.wav,gunshot,15,16000,1.0,train
mix_000316,datasets/speech\speech_speaker_session_02_0098.wav,datasets/background_noise\bg_noise_0060.wav,background_noise,5,16000,1.0,train
mix_000317,datasets/speech\speech_ref_0064.wav,datasets/gunshot\gun_C3GD-Dataset_10-oh_farm-spike_m4_556-ALICE-TcUw0m1Y2pBD-40_w0.wav,gunshot,-5,16000,1.0,train
mix_000318,datasets/speech\speech_ref_0017.wav,datasets/other_impulse\other_imp_other_imp_session_16_0640.wav,other_impulse,15,16000,1.0,train
mix_000319,datasets/speech\speech_ref_0224.wav,datasets/other_impulse\other_imp_other_imp_session_03_0128.wav,other_impulse,-5,16000,1.0,train
mix_000320,datasets/speech\speech_ref_0486.wav,datasets/gunshot\gun_C3GD-Dataset_2-oh_farm-custom_ar15_300BLK-ALICE-QBdIBdZ0p0dz-50_w0.wav,gunshot,-15,16000,1.0,train
mix_000321,datasets/speech\speech_ref_0457.wav,datasets/background_noise\bg_noise_1019.wav,background_noise,0,16000,1.0,train
mix_000322,datasets/speech\speech_ref_0015.wav,datasets/background_noise\bg_bg_session_02_0110.wav,background_noise,10,16000,1.0,train
mix_000323,datasets/speech\speech_speaker_session_04_0180.wav,datasets/gunshot\gun_C3GD-Dataset_13-oh_farm-lmt_ar10-ALICE-5HOGInLkOAq1-27_w0.wav,gunshot,10,16000,1.0,train
mix_000324,datasets/speech\speech_ref_0708.wav,datasets/gunshot\gun_C3GD-Dataset_12-oh_farm-norinco_sks-PIXEL-E0i5i0DtkTlq-16_w0.wav,gunshot,15,16000,1.0,train
mix_000325,datasets/speech\speech_speaker_session_03_0155.wav,datasets/gunshot\gun_C3GD-Dataset_13-oh_farm-lmt_ar10-ALICE-RHHeuXPO7N5v-28_w0.wav,gunshot,10,16000,1.0,train
mix_000326,datasets/speech\speech_speaker_session_24_0975.wav,datasets/other_impulse\other_imp_other_imp_session_26_1066.wav,other_impulse,-10,16000,1.0,train
mix_000327,datasets/speech\speech_speaker_session_09_0380.wav,datasets/gunshot\gun_C3GD-Dataset_11-nj_farm-savage_mh110-CAROL-28cChRmnkvnG-39_w0.wav,gunshot,5,16000,1.0,train
mix_000328,datasets/speech\speech_speaker_session_16_0665.wav,datasets/other_impulse\other_imp_other_imp_session_07_0283.wav,other_impulse,-5,16000,1.0,train
mix_000329,datasets/speech\speech_ref_0859.wav,datasets/gunshot\gun_C3GD-Dataset_2-oh_farm-custom_ar15_300BLK-ERIN-JT9NHIATnzMQ-52_w0.wav,gunshot,5,16000,1.0,train
mix_000330,datasets/speech\speech_speaker_session_05_0219.wav,datasets/gunshot\gun_C3GD-Dataset_0-oh_farm-sw_mp22-ALICE-N0u4QR95sPzr-40_w0.wav,gunshot,10,16000,1.0,train
mix_000331,datasets/speech\speech_speaker_session_28_1157.wav,datasets/gunshot\gun_C3GD-Dataset_12-oh_farm-norinco_sks-ALICE-CGQDN3Sb9qo5-7_w0.wav,gunshot,0,16000,1.0,train
mix_000332,datasets/speech\speech_speaker_session_19_0785.wav,datasets/other_impulse\other_imp_other_imp_session_19_0769.wav,other_impulse,15,16000,1.0,train
mix_000333,datasets/speech\speech_speaker_session_00_0025.wav,datasets/other_impulse\other_impulse_1035.wav,other_impulse,-5,16000,1.0,train
mix_000334,datasets/speech\speech_speaker_session_22_0916.wav,datasets/gunshot\gun_C3GD-Dataset_12-oh_farm-norinco_sks-DAVE-10CqWRilQLT1-1_w0.wav,gunshot,10,16000,1.0,train
mix_000335,datasets/speech\speech_speaker_session_06_0244.wav,datasets/gunshot\gun_C3GD-Dataset_11-nj_farm-savage_mh110-ALICE-VIwh9tsGnOqt-47_w0.wav,gunshot,10,16000,1.0,train
mix_000336,datasets/speech\speech_ref_1032.wav,datasets/gunshot\gun_C3GD-Dataset_15-nj_farm-sig_p365-BOB-Q0eIMamzx0DO-3_w0.wav,gunshot,-15,16000,1.0,train
mix_000337,datasets/speech\speech_ref_0805.wav,datasets/other_impulse\other_impulse_0838.wav,other_impulse,-5,16000,1.0,train
mix_000338,datasets/speech\speech_speaker_session_15_0607.wav,datasets/other_impulse\other_imp_other_imp_session_02_0103.wav,other_impulse,20,16000,1.0,train
mix_000339,datasets/speech\speech_ref_0538.wav,datasets/gunshot\gun_C3GD-Dataset_0-oh_farm-sw_mp22-BOB-L1VYwU6YJSr9-37_w0.wav,gunshot,20,16000,1.0,train
mix_000340,datasets/speech\speech_ref_1163.wav,datasets/background_noise\bg_bg_session_11_0440.wav,background_noise,15,16000,1.0,train
mix_000341,datasets/speech\speech_ref_1006.wav,datasets/gunshot\gun_C3GD-Dataset_1-ny_gravel_pit-savage_223-CAROL-xNv8GQSGjugX-2_w0.wav,gunshot,15,16000,1.0,train
mix_000342,datasets/speech\speech_ref_0228.wav,datasets/gunshot\gun_C3GD-Dataset_11-nj_farm-savage_mh110-BOB-bjYKN5RtCabb-13_w0.wav,gunshot,-15,16000,1.0,train
mix_000343,datasets/speech\speech_speaker_session_09_0388.wav,datasets/gunshot\gun_C3GD-Dataset_15-oh_farm-hk_P30L-PIXEL-Z8wRT1n7qwOp-6_w0.wav,gunshot,15,16000,1.0,train
mix_000344,datasets/speech\speech_speaker_session_25_1014.wav,datasets/background_noise\bg_noise_1080.wav,background_noise,0,16000,1.0,train
mix_000345,datasets/speech\speech_speaker_session_19_0799.wav,datasets/gunshot\gun_C3GD-Dataset_10-oh_farm-hk_MR556-DAVE-ds0u7jQiB4nC-3_w0.wav,gunshot,0,16000,1.0,train
mix_000346,datasets/speech\speech_speaker_session_12_0495.wav,datasets/other_impulse\other_imp_other_imp_session_29_1191.wav,other_impulse,-10,16000,1.0,train
mix_000347,datasets/speech\speech_speaker_session_05_0231.wav,datasets/gunshot\gun_C3GD-Dataset_15-oh_farm-sig_P320-DAVE-tp7KqyclMos6-5_w0.wav,gunshot,10,16000,1.0,train
mix_000348,datasets/speech\speech_speaker_session_22_0904.wav,datasets/background_noise\bg_noise_0011.wav,background_noise,15,16000,1.0,train
mix_000349,datasets/speech\speech_ref_0537.wav,datasets/other_impulse\other_imp_other_imp_session_04_0196.wav,other_impulse,15,16000,1.0,train
mix_000350,datasets/speech\speech_speaker_session_28_1138.wav,datasets/other_impulse\other_impulse_1139.wav,other_impulse,10,16000,1.0,train
mix_000351,datasets/speech\speech_speaker_session_06_0269.wav,datasets/other_impulse\other_impulse_0355.wav,other_impulse,20,16000,1.0,train
mix_000352,datasets/speech\speech_speaker_session_09_0379.wav,datasets/gunshot\gun_C3GD-Dataset_15-oh_farm-sig_P320-BOB-jo3tPbz41Lgc-15_w0.wav,gunshot,20,16000,1.0,train
mix_000353,datasets/speech\speech_speaker_session_01_0053.wav,datasets/background_noise\bg_bg_session_15_0602.wav,background_noise,5,16000,1.0,train
mix_000354,datasets/speech\speech_speaker_session_15_0604.wav,datasets/other_impulse\other_impulse_0396.wav,other_impulse,-15,16000,1.0,train
mix_000355,datasets/speech\speech_speaker_session_25_1028.wav,datasets/background_noise\bg_noise_0591.wav,background_noise,-5,16000,1.0,train
mix_000356,datasets/speech\speech_speaker_session_18_0745.wav,datasets/other_impulse\other_imp_other_imp_session_29_1174.wav,other_impulse,5,16000,1.0,train
mix_000357,datasets/speech\speech_speaker_session_03_0150.wav,datasets/gunshot\gun_C3GD-Dataset_0-oh_farm-marlin_gfm60-DAVE-b8l0iIdQWqgj-3_w0.wav,gunshot,-20,16000,1.0,train
mix_000358,datasets/speech\speech_ref_0136.wav,datasets/other_impulse\other_impulse_0827.wav,other_impulse,10,16000,1.0,train
mix_000359,datasets/speech\speech_ref_0265.wav,datasets/gunshot\gun_C3GD-Dataset_13-oh_farm-lmt_ar10-ALICE-5HOGInLkOAq1-17_w0.wav,gunshot,10,16000,1.0,train
mix_000360,datasets/speech\speech_speaker_session_02_0094.wav,datasets/background_noise\bg_noise_0535.wav,background_noise,-20,16000,1.0,train
mix_000361,datasets/speech\speech_ref_0363.wav,datasets/background_noise\bg_noise_0415.wav,background_noise,0,16000,1.0,train
mix_000362,datasets/speech\speech_ref_0354.wav,datasets/gunshot\gun_C3GD-Dataset_10-ny_gravel_pit-sw_mp15-BOB-CYijh1jcEQ6Y-14_w0.wav,gunshot,20,16000,1.0,train
mix_000363,datasets/speech\speech_speaker_session_20_0800.wav,datasets/other_impulse\other_impulse_0099.wav,other_impulse,20,16000,1.0,train
mix_000364,datasets/speech\speech_ref_1156.wav,datasets/other_impulse\other_impulse_1111.wav,other_impulse,-5,16000,1.0,train
mix_000365,datasets/speech\speech_ref_1166.wav,datasets/gunshot\gun_C3GD-Dataset_15-oh_farm-steyr_C9A2-ERIN-RzrE6iFwG1kI-8_w0.wav,gunshot,5,16000,1.0,train
mix_000366,datasets/speech\speech_ref_0197.wav,datasets/gunshot\gun_C3GD-Dataset_15-oh_farm-hk_P2000-BOB-HLiRfcmasoKr-8_w0.wav,gunshot,15,16000,1.0,train
mix_000367,datasets/speech\speech_speaker_session_02_0109.wav,datasets/other_impulse\other_imp_other_imp_session_01_0043.wav,other_impulse,20,16000,1.0,train
mix_000368,datasets/speech\speech_ref_0548.wav,datasets/gunshot\gun_BoltAction22_Zoom_ZM_144A_S06_w0.wav,gunshot,5,16000,1.0,train
mix_000369,datasets/speech\speech_ref_0223.wav,datasets/background_noise\bg_bg_session_10_0402.wav,background_noise,15,16000,1.0,train
mix_000370,datasets/speech\speech_ref_0188.wav,datasets/background_noise\bg_noise_0512.wav,background_noise,0,16000,1.0,train
mix_000371,datasets/speech\speech_ref_0769.wav,datasets/gunshot\gun_C3GD-Dataset_15-oh_farm-sig_P320-BOB-0xPxL0niRcMJ-8_w0.wav,gunshot,-15,16000,1.0,train
mix_000372,datasets/speech\speech_ref_0139.wav,datasets/background_noise\bg_noise_0701.wav,background_noise,-10,16000,1.0,train
mix_000373,datasets/speech\speech_speaker_session_22_0903.wav,datasets/gunshot\gun_C3GD-Dataset_14-oh_farm-7mm_Mauser-ALICE-chv3xlV0eY8m-12_w0.wav,gunshot,0,16000,1.0,train
mix_000374,datasets/speech\speech_speaker_session_19_0768.wav,datasets/gunshot\gun_C3GD-Dataset_13-oh_farm-lmt_ar10-DAVE-71Zo9dY4k135-6_w0.wav,gunshot,15,16000,1.0,train
mix_000375,datasets/speech\speech_ref_1045.wav,datasets/gunshot\gun_C3GD-Dataset_1-ny_gravel_pit-savage_223-CAROL-cuNpYbchRi1a-2_w0.wav,gunshot,20,16000,1.0,train
mix_000376,datasets/speech\speech_ref_0504.wav,datasets/gunshot\gun_C3GD-Dataset_2-oh_farm-custom_ar15_300BLK-PIXEL-flHp02XZTlWB-15_w0.wav,gunshot,5,16000,1.0,train
mix_000377,datasets/speech\speech_speaker_session_20_0806.wav,datasets/gunshot\gun_C3GD-Dataset_2-oh_farm-custom_ar15_300BLK-ERIN-JT9NHIATnzMQ-0_w0.wav,gunshot,-15,16000,1.0,train
mix_000378,datasets/speech\speech_speaker_session_28_1122.wav,datasets/gunshot\gun_C3GD-Dataset_15-oh_farm-steyr_C9A2-BOB-qRDwv2ER8kkl-5_w0.wav,gunshot,15,16000,1.0,train
mix_000379,datasets/speech\speech_ref_0331.wav,datasets/gunshot\gun_C3GD-Dataset_12-oh_farm-norinco_sks-ALICE-CGQDN3Sb9qo5-4_w0.wav,gunshot,-15,16000,1.0,train
mix_000380,datasets/speech\speech_speaker_session_21_0876.wav,datasets/gunshot\gun_C3GD-Dataset_11-nj_farm-savage_mh110-CAROL-28cChRmnkvnG-36_w0.wav,gunshot,-20,16000,1.0,train
mix_000381,datasets/speech\speech_speaker_session_18_0756.wav,datasets/background_noise\bg_noise_0685.wav,background_noise,-20,16000,1.0,train
mix_000382,datasets/speech\speech_speaker_session_06_0259.wav,datasets/gunshot\gun_C3GD-Dataset_13-oh_farm-lmt_ar10-DAVE-71Zo9dY4k135-6_w0.wav,gunshot,-15,16000,1.0,train
mix_000383,datasets/speech\speech_ref_0774.wav,datasets/gunshot\gun_C3GD-Dataset_0-oh_farm-marlin_gfm60-ALICE-6CPZIphrIzdl-9_w0.wav,gunshot,-5,16000,1.0,train
mix_000384,datasets/speech\speech_ref_1065.wav,datasets/other_impulse\other_impulse_0054.wav,other_impulse,-10,16000,1.0,train
mix_000385,datasets/speech\speech_speaker_session_09_0374.wav,datasets/other_impulse\other_impulse_0642.wav,other_impulse,-10,16000,1.0,train
mix_000386,datasets/speech\speech_ref_1151.wav,datasets/gunshot\gun_C3GD-Dataset_12-oh_farm-norinco_sks-PIXEL-E0i5i0DtkTlq-8_w0.wav,gunshot,20,16000,1.0,train
mix_000387,datasets/speech\speech_ref_0821.wav,datasets/gunshot\gun_C3GD-Dataset_15-oh_farm-sig_P320-PIXEL-BqdD3uZj3rsi-11_w0.wav,gunshot,15,16000,1.0,train
mix_000388,datasets/speech\speech_speaker_session_03_0156.wav,datasets/gunshot\gun_C3GD-Dataset_10-ny_gravel_pit-sw_mp15-DAVE-3xb6NwNyAzbC-24_w0.wav,gunshot,10,16000,1.0,train
mix_000389,datasets/speech\speech_speaker_session_12_0509.wav,datasets/other_impulse\other_imp_other_imp_session_17_0717.wav,other_impulse,-10,16000,1.0,train
mix_000390,datasets/speech\speech_speaker_session_26_1070.wav,datasets/gunshot\gun_C3GD-Dataset_0-oh_farm-sw_mp22-ERIN-ILuAgA20Xl4i-21_w0.wav,gunshot,10,16000,1.0,train
mix_000391,datasets/speech\speech_ref_0583.wav,datasets/gunshot\gun_C3GD-Dataset_15-oh_farm-hk_P2000-ERIN-9Uf51ABxzxSV-5_w0.wav,gunshot,-20,16000,1.0,train
mix_000392,datasets/speech\speech_ref_1075.wav,datasets/other_impulse\other_imp_other_imp_session_11_0461.wav,other_impulse,-5,16000,1.0,train
mix_000393,datasets/speech\speech_speaker_session_19_0774.wav,datasets/gunshot\gun_C3GD-Dataset_2-oh_farm-custom_ar15_300BLK-ALICE-6eogwcGpfgUH-9_w0.wav,gunshot,10,16000,1.0,train
mix_000394,datasets/speech\speech_speaker_session_03_0125.wav,datasets/gunshot\gun_C3GD-Dataset_15-oh_farm-hk_P2000-ALICE-sOYEAk27l7Nu-5_w0.wav,gunshot,-20,16000,1.0,train
mix_000395,datasets/speech\speech_ref_0366.wav,datasets/gunshot\gun_C3GD-Dataset_1-ny_gravel_pit-savage_223-ERIN-5YU9A4rqIoQN-7_w0.wav,gunshot,-5,16000,1.0,train
mix_000396,datasets/speech\speech_ref_0757.wav,datasets/gunshot\gun_C3GD-Dataset_11-nj_farm-savage_mh110-ALICE-VIwh9tsGnOqt-18_w0.wav,gunshot,-15,16000,1.0,train
mix_000397,datasets/speech\speech_ref_0685.wav,datasets/other_impulse\other_impulse_1059.wav,other_impulse,-15,16000,1.0,train
mix_000398,datasets/speech\speech_ref_0531.wav,datasets/other_impulse\other_impulse_0396.wav,other_impulse,-10,16000,1.0,train
mix_000399,datasets/speech\speech_ref_0890.wav,datasets/gunshot\gun_C3GD-Dataset_15-nj_farm-sig_p365-BOB-uY5xiJ1efHpq-0_w0.wav,gunshot,5,16000,1.0,train
mix_000400,datasets/speech\speech_ref_0245.wav,datasets/gunshot\gun_C3GD-Dataset_1-ny_gravel_pit-savage_223-BOB-0zbsH77nmJe9-24_w0.wav,gunshot,15,16000,1.0,train
mix_000401,datasets/speech\speech_ref_0699.wav,datasets/background_noise\bg_noise_0667.wav,background_noise,0,16000,1.0,train
mix_000402,datasets/speech\speech_speaker_session_22_0912.wav,datasets/gunshot\gun_C3GD-Dataset_3-ny_gravel_pit-ruger_lcp_380ACP-ALICE-iTyhHd0QesY9-4_w0.wav,gunshot,20,16000,1.0,train
mix_000403,datasets/speech\speech_speaker_session_26_1048.wav,datasets/other_impulse\other_imp_other_imp_session_21_0871.wav,other_impulse,5,16000,1.0,train
mix_000404,datasets/speech\speech_speaker_session_16_0661.wav,datasets/other_impulse\other_imp_other_imp_session_04_0180.wav,other_impulse,10,16000,1.0,train
mix_000405,datasets/speech\speech_speaker_session_01_0050.wav,datasets/other_impulse\other_imp_other_imp_session_10_0415.wav,other_impulse,10,16000,1.0,train
mix_000406,datasets/speech\speech_speaker_session_29_1174.wav,datasets/other_impulse\other_imp_other_imp_session_00_0017.wav,other_impulse,-15,16000,1.0,train
mix_000407,datasets/speech\speech_speaker_session_17_0691.wav,datasets/gunshot\gun_C3GD-Dataset_13-oh_farm-lmt_ar10-PIXEL-R4Eu8tFn3QLJ-6_w0.wav,gunshot,5,16000,1.0,train
mix_000408,datasets/speech\speech_speaker_session_11_0455.wav,datasets/gunshot\gun_C3GD-Dataset_2-oh_farm-custom_ar15_300BLK-ALICE-QBdIBdZ0p0dz-50_w0.wav,gunshot,-10,16000,1.0,train
mix_000409,datasets/speech\speech_ref_0793.wav,datasets/gunshot\gun_C3GD-Dataset_11-nj_farm-savage_mh110-BUTCH-hBTAkYuwJ46l-4_w0.wav,gunshot,-15,16000,1.0,train
mix_000410,datasets/speech\speech_speaker_session_05_0237.wav,datasets/background_noise\bg_noise_0994.wav,background_noise,5,16000,1.0,train
mix_000411,datasets/speech\speech_ref_0928.wav,datasets/background_noise\bg_noise_0731.wav,background_noise,-5,16000,1.0,train
mix_000412,datasets/speech\speech_ref_0170.wav,datasets/gunshot\gun_C3GD-Dataset_11-nj_farm-savage_mh110-CAROL-5uK7XOyZvflm-57_w0.wav,gunshot,-15,16000,1.0,train
mix_000413,datasets/speech\speech_ref_0387.wav,datasets/gunshot\gun_C3GD-Dataset_0-oh_farm-sw_mp22-DAVE-PorbzdaQTbqS-0_w0.wav,gunshot,5,16000,1.0,train
mix_000414,datasets/speech\speech_speaker_session_24_0991.wav,datasets/background_noise\bg_noise_1116.wav,background_noise,20,16000,1.0,train
mix_000415,datasets/speech\speech_speaker_session_25_1030.wav,datasets/gunshot\gun_C3GD-Dataset_15-oh_farm-hk_P2000-ALICE-sOYEAk27l7Nu-12_w0.wav,gunshot,10,16000,1.0,train
mix_000416,datasets/speech\speech_speaker_session_07_0291.wav,datasets/other_impulse\other_imp_other_imp_session_04_0171.wav,other_impulse,-10,16000,1.0,train
mix_000417,datasets/speech\speech_ref_0770.wav,datasets/other_impulse\other_impulse_1017.wav,other_impulse,10,16000,1.0,train
mix_000418,datasets/speech\speech_speaker_session_05_0233.wav,datasets/gunshot\gun_C3GD-Dataset_15-oh_farm-sig_P320-DAVE-tp7KqyclMos6-4_w0.wav,gunshot,-10,16000,1.0,train
mix_000419,datasets/speech\speech_ref_0732.wav,datasets/gunshot\gun_C3GD-Dataset_2-oh_farm-custom_ar15_300BLK-PIXEL-flHp02XZTlWB-70_w0.wav,gunshot,20,16000,1.0,train
mix_000420,datasets/speech\speech_ref_0375.wav,datasets/other_impulse\other_imp_other_imp_session_24_0971.wav,other_impulse,-10,16000,1.0,train
mix_000421,datasets/speech\speech_speaker_session_14_0589.wav,datasets/other_impulse\other_impulse_0691.wav,other_impulse,-10,16000,1.0,train
mix_000422,datasets/speech\speech_ref_0689.wav,datasets/gunshot\gun_C3GD-Dataset_3-ny_gravel_pit-ruger_lcp_380ACP-ALICE-iTyhHd0QesY9-7_w0.wav,gunshot,0,16000,1.0,train
mix_000423,datasets/speech\speech_speaker_session_09_0390.wav,datasets/background_noise\bg_noise_1098.wav,background_noise,-10,16000,1.0,train
mix_000424,datasets/speech\speech_speaker_session_18_0755.wav,datasets/gunshot\gun_C3GD-Dataset_11-nj_farm-savage_mh110-JON-U8Ee7IPiAWho-2_w0.wav,gunshot,15,16000,1.0,train
mix_000425,datasets/speech\speech_ref_0182.wav,datasets/other_impulse\other_imp_other_imp_session_13_0548.wav,other_impulse,-20,16000,1.0,train
mix_000426,datasets/speech\speech_ref_0467.wav,datasets/gunshot\gun_C3GD-Dataset_15-nj_farm-sig_p365-ALICE-238kXOv33RM0-44_w0.wav,gunshot,-20,16000,1.0,train
mix_000427,datasets/speech\speech_ref_0717.wav,datasets/gunshot\gun_C3GD-Dataset_2-oh_farm-custom_ar15_300BLK-PIXEL-flHp02XZTlWB-3_w0.wav,gunshot,-10,16000,1.0,train
mix_000428,datasets/speech\speech_speaker_session_06_0275.wav,datasets/gunshot\gun_C3GD-Dataset_1-ny_gravel_pit-savage_223-ALICE-zNHc0efQT0kF-31_w0.wav,gunshot,10,16000,1.0,train
mix_000429,datasets/speech\speech_speaker_session_17_0684.wav,datasets/other_impulse\other_impulse_0800.wav,other_impulse,20,16000,1.0,train
mix_000430,datasets/speech\speech_speaker_session_03_0142.wav,datasets/other_impulse\other_imp_other_imp_session_27_1099.wav,other_impulse,15,16000,1.0,train
mix_000431,datasets/speech\speech_speaker_session_15_0612.wav,datasets/gunshot\gun_C3GD-Dataset_15-oh_farm-hk_P30L-PIXEL-Z8wRT1n7qwOp-6_w0.wav,gunshot,15,16000,1.0,train
mix_000432,datasets/speech\speech_ref_0022.wav,datasets/gunshot\gun_C3GD-Dataset_15-oh_farm-sig_P320-BOB-0xPxL0niRcMJ-2_w0.wav,gunshot,15,16000,1.0,train
mix_000433,datasets/speech\speech_speaker_session_14_0563.wav,datasets/gunshot\gun_C3GD-Dataset_3-ny_gravel_pit-ruger_lcp_380ACP-ALICE-iTyhHd0QesY9-32_w0.wav,gunshot,-10,16000,1.0,train
mix_000434,datasets/speech\speech_speaker_session_26_1040.wav,datasets/background_noise\bg_noise_0154.wav,background_noise,-20,16000,1.0,train
mix_000435,datasets/speech\speech_ref_0010.wav,datasets/gunshot\gun_C3GD-Dataset_10-ny_gravel_pit-sw_mp15-ALICE-OgSQVUQ0EWCg-1_w0.wav,gunshot,0,16000,1.0,train
mix_000436,datasets/speech\speech_speaker_session_20_0818.wav,datasets/background_noise\bg_bg_session_13_0535.wav,background_noise,0,16000,1.0,train
mix_000437,datasets/speech\speech_ref_0753.wav,datasets/gunshot\gun_C3GD-Dataset_10-ny_gravel_pit-sw_mp15-BOB-wfJLijD81RAC-29_w0.wav,gunshot,20,16000,1.0,train
mix_000438,datasets/speech\speech_ref_0402.wav,datasets/gunshot\gun_C3GD-Dataset_11-nj_farm-savage_mh110-BOB-8c1Tg89yVR7j-28_w0.wav,gunshot,-10,16000,1.0,train
mix_000439,datasets/speech\speech_ref_1025.wav,datasets/gunshot\gun_C3GD-Dataset_2-oh_farm-custom_ar15_300BLK-ALICE-QBdIBdZ0p0dz-42_w0.wav,gunshot,15,16000,1.0,train
mix_000440,datasets/speech\speech_speaker_session_05_0203.wav,datasets/other_impulse\other_impulse_0606.wav,other_impulse,20,16000,1.0,train
mix_000441,datasets/speech\speech_ref_1034.wav,datasets/background_noise\bg_noise_0654.wav,background_noise,-15,16000,1.0,train
mix_000442,datasets/speech\speech_ref_0034.wav,datasets/gunshot\gun_C3GD-Dataset_10-oh_farm-spike_m4_556-DAVE-LJiS5z5Ad53b-72_w0.wav,gunshot,20,16000,1.0,train
mix_000443,datasets/speech\speech_speaker_session_18_0747.wav,datasets/gunshot\gun_C3GD-Dataset_15-nj_farm-sig_p365-BOB-uY5xiJ1efHpq-25_w0.wav,gunshot,20,16000,1.0,train
mix_000444,datasets/speech\speech_speaker_session_12_0514.wav,datasets/background_noise\bg_bg_session_17_0681.wav,background_noise,15,16000,1.0,train
mix_000445,datasets/speech\speech_speaker_session_01_0065.wav,datasets/other_impulse\other_impulse_0551.wav,other_impulse,-5,16000,1.0,train
mix_000446,datasets/speech\speech_speaker_session_06_0245.wav,datasets/gunshot\gun_C3GD-Dataset_15-oh_farm-sig_P320-ERIN-VZ0yXt1alaTp-0_w0.wav,gunshot,-15,16000,1.0,train
mix_000447,datasets/speech\speech_speaker_session_05_0210.wav,datasets/other_impulse\other_imp_other_imp_session_27_1109.wav,other_impulse,-5,16000,1.0,train
mix_000448,datasets/speech\speech_speaker_session_06_0254.wav,datasets/gunshot\gun_C3GD-Dataset_11-nj_farm-savage_mh110-BUTCH-hBTAkYuwJ46l-53_w0.wav,gunshot,-20,16000,1.0,train
mix_000449,datasets/speech\speech_ref_0213.wav,datasets/gunshot\gun_C3GD-Dataset_2-oh_farm-custom_ar15_300BLK-ALICE-A0I9zcxVqo9a-11_w0.wav,gunshot,0,16000,1.0,train
mix_000450,datasets/speech\speech_speaker_session_28_1134.wav,datasets/gunshot\gun_C3GD-Dataset_14-oh_farm-7mm_Mauser-ALICE-chv3xlV0eY8m-16_w0.wav,gunshot,-15,16000,1.0,train
mix_000451,datasets/speech\speech_speaker_session_28_1145.wav,datasets/gunshot\gun_C3GD-Dataset_15-oh_farm-steyr_C9A2-BOB-uovdzVM1iV57-5_w0.wav,gunshot,-15,16000,1.0,train
mix_000452,datasets/speech\speech_speaker_session_03_0139.wav,datasets/gunshot\gun_C3GD-Dataset_10-oh_farm-hk_MR556-ALICE-1r0HioVaKJ1H-19_w0.wav,gunshot,-5,16000,1.0,train
mix_000453,datasets/speech\speech_ref_0314.wav,datasets/other_impulse\other_imp_other_imp_session_00_0032.wav,other_impulse,5,16000,1.0,train
mix_000454,datasets/speech\speech_speaker_session_17_0714.wav,datasets/other_impulse\other_imp_other_imp_session_09_0398.wav,other_impulse,10,16000,1.0,train
mix_000455,datasets/speech\speech_ref_0592.wav,datasets/gunshot\gun_C3GD-Dataset_0-oh_farm-marlin_gfm60-DAVE-b8l0iIdQWqgj-0_w0.wav,gunshot,-10,16000,1.0,train
mix_000456,datasets/speech\speech_ref_1199.wav,datasets/gunshot\gun_C3GD-Dataset_1-ny_gravel_pit-savage_223-CAROL-cF2UUwwEe48n-8_w0.wav,gunshot,-5,16000,1.0,train
mix_000457,datasets/speech\speech_speaker_session_21_0858.wav,datasets/background_noise\bg_bg_session_24_0972.wav,background_noise,5,16000,1.0,train
mix_000458,datasets/speech\speech_speaker_session_07_0301.wav,datasets/other_impulse\other_impulse_0320.wav,other_impulse,0,16000,1.0,train
mix_000459,datasets/speech\speech_speaker_session_06_0242.wav,datasets/other_impulse\other_imp_other_imp_session_04_0178.wav,other_impulse,20,16000,1.0,train
mix_000460,datasets/speech\speech_speaker_session_04_0192.wav,datasets/gunshot\gun_C3GD-Dataset_0-oh_farm-springfield_87A-ALICE-LHCJouw2E9X8-0_w0.wav,gunshot,5,16000,1.0,train
mix_000461,datasets/speech\speech_ref_0263.wav,datasets/gunshot\gun_C3GD-Dataset_11-nj_farm-savage_mh110-BOB-bjYKN5RtCabb-32_w0.wav,gunshot,0,16000,1.0,train
mix_000462,datasets/speech\speech_speaker_session_10_0437.wav,datasets/other_impulse\other_impulse_0983.wav,other_impulse,0,16000,1.0,train
mix_000463,datasets/speech\speech_speaker_session_24_0962.wav,datasets/other_impulse\other_impulse_0028.wav,other_impulse,-15,16000,1.0,train
mix_000464,datasets/speech\speech_ref_0274.wav,datasets/background_noise\bg_noise_1021.wav,background_noise,10,16000,1.0,train
mix_000465,datasets/speech\speech_speaker_session_05_0202.wav,datasets/background_noise\bg_bg_session_24_0971.wav,background_noise,0,16000,1.0,train
mix_000466,datasets/speech\speech_speaker_session_18_0751.wav,datasets/other_impulse\other_imp_other_imp_session_28_1146.wav,other_impulse,-10,16000,1.0,train
mix_000467,datasets/speech\speech_ref_0496.wav,datasets/background_noise\bg_noise_0974.wav,background_noise,-5,16000,1.0,train
mix_000468,datasets/speech\speech_speaker_session_22_0899.wav,datasets/background_noise\bg_noise_1196.wav,background_noise,5,16000,1.0,train
mix_000469,datasets/speech\speech_speaker_session_14_0599.wav,datasets/gunshot\gun_C3GD-Dataset_10-oh_farm-spike_m4_556-ALICE-0D30t3lA0dYO-49_w0.wav,gunshot,10,16000,1.0,train
mix_000470,datasets/speech\speech_speaker_session_27_1085.wav,datasets/gunshot\gun_C3GD-Dataset_3-ny_gravel_pit-ruger_lcp_380ACP-ALICE-iTyhHd0QesY9-4_w0.wav,gunshot,-10,16000,1.0,train
mix_000471,datasets/speech\speech_speaker_session_11_0458.wav,datasets/other_impulse\other_impulse_1060.wav,other_impulse,0,16000,1.0,train
mix_000472,datasets/speech\speech_ref_0318.wav,datasets/other_impulse\other_imp_other_imp_session_17_0686.wav,other_impulse,10,16000,1.0,train
mix_000473,datasets/speech\speech_speaker_session_15_0608.wav,datasets/gunshot\gun_C3GD-Dataset_15-nj_farm-sig_p365-CAROL-qhIEvS8T0FcO-22_w0.wav,gunshot,15,16000,1.0,train
mix_000474,datasets/speech\speech_ref_0327.wav,datasets/background_noise\bg_noise_0037.wav,background_noise,-15,16000,1.0,train
mix_000475,datasets/speech\speech_speaker_session_17_0692.wav,datasets/gunshot\gun_C3GD-Dataset_15-oh_farm-hk_P30L-BOB-3bTxNUJNidRF-4_w0.wav,gunshot,20,16000,1.0,train
mix_000476,datasets/speech\speech_speaker_session_19_0784.wav,datasets/gunshot\gun_C3GD-Dataset_11-nj_farm-savage_mh110-ALICE-VIwh9tsGnOqt-16_w0.wav,gunshot,5,16000,1.0,train
mix_000477,datasets/speech\speech_ref_0024.wav,datasets/gunshot\gun_C3GD-Dataset_2-oh_farm-custom_ar15_300BLK-ALICE-EmUfikHTAf0o-71_w0.wav,gunshot,15,16000,1.0,train
mix_000478,datasets/speech\speech_ref_0996.wav,datasets/gunshot\gun_C3GD-Dataset_12-oh_farm-norinco_sks-ERIN-KvP1tQktbMsn-11_w0.wav,gunshot,-20,16000,1.0,train
mix_000479,datasets/speech\speech_speaker_session_15_0623.wav,datasets/background_noise\bg_noise_0326.wav,background_noise,15,16000,1.0,train
mix_000480,datasets/speech\speech_ref_0121.wav,datasets/other_impulse\other_imp_other_imp_session_20_0801.wav,other_impulse,5,16000,1.0,train
mix_000481,datasets/speech\speech_speaker_session_29_1184.wav,datasets/background_noise\bg_bg_session_25_1037.wav,background_noise,20,16000,1.0,train
mix_000482,datasets/speech\speech_speaker_session_21_0840.wav,datasets/gunshot\gun_C3GD-Dataset_15-oh_farm-hk_P2000-PIXEL-b61X9e1mNIg1-5_w0.wav,gunshot,-5,16000,1.0,train
mix_000483,datasets/speech\speech_speaker_session_14_0571.wav,datasets/gunshot\gun_C3GD-Dataset_15-oh_farm-steyr_C9A2-ALICE-02DLN0qlum7B-5_w0.wav,gunshot,-5,16000,1.0,train
mix_000484,datasets/speech\speech_ref_1188.wav,datasets/gunshot\gun_C3GD-Dataset_3-ny_gravel_pit-ruger_lcp_380ACP-BOB-nG6HMBYVW1E0-42_w0.wav,gunshot,0,16000,1.0,train
mix_000485,datasets/speech\speech_speaker_session_02_0103.wav,datasets/gunshot\gun_C3GD-Dataset_12-oh_farm-norinco_sks-BOB-RHU1sy1lNto1-3_w0.wav,gunshot,0,16000,1.0,train
mix_000486,datasets/speech\speech_speaker_session_01_0045.wav,datasets/gunshot\gun_C3GD-Dataset_13-oh_farm-lmt_ar10-BOB-0T2m14m6BxyX-36_w0.wav,gunshot,20,16000,1.0,train
mix_000487,datasets/speech\speech_speaker_session_18_0738.wav,datasets/other_impulse\other_impulse_1068.wav,other_impulse,-10,16000,1.0,train
mix_000488,datasets/speech\speech_speaker_session_28_1159.wav,datasets/other_impulse\other_impulse_0875.wav,other_impulse,15,16000,1.0,train
mix_000489,datasets/speech\speech_ref_1145.wav,datasets/gunshot\gun_C3GD-Dataset_13-oh_farm-lmt_ar10-ERIN-4yw5CT7ttEZV-16_w0.wav,gunshot,-20,16000,1.0,train
mix_000490,datasets/speech\speech_ref_1089.wav,datasets/background_noise\bg_bg_session_18_0752.wav,background_noise,-15,16000,1.0,train
mix_000491,datasets/speech\speech_ref_0748.wav,datasets/other_impulse\other_imp_other_imp_session_16_0659.wav,other_impulse,15,16000,1.0,train
mix_000492,datasets/speech\speech_speaker_session_09_0387.wav,datasets/background_noise\bg_bg_session_06_0266.wav,background_noise,-15,16000,1.0,train
mix_000493,datasets/speech\speech_speaker_session_14_0576.wav,datasets/gunshot\gun_C3GD-Dataset_0-oh_farm-czusa_457-BOB-RjRNabyP9zPf-21_w0.wav,gunshot,15,16000,1.0,train
mix_000494,datasets/speech\speech_ref_0009.wav,datasets/gunshot\gun_C3GD-Dataset_2-oh_farm-custom_ar15_300BLK-ALICE-QBdIBdZ0p0dz-30_w0.wav,gunshot,-20,16000,1.0,train
mix_000495,datasets/speech\speech_ref_0641.wav,datasets/gunshot\gun_C3GD-Dataset_15-oh_farm-sig_P320-PIXEL-DcPIW81s52vj-2_w0.wav,gunshot,-5,16000,1.0,train
mix_000496,datasets/speech\speech_ref_0463.wav,datasets/background_noise\bg_noise_0961.wav,background_noise,0,16000,1.0,train
mix_000497,datasets/speech\speech_speaker_session_10_0405.wav,datasets/gunshot\gun_C3GD-Dataset_0-oh_farm-czusa_457-DAVE-Wl2BI9ECAcY0-15_w0.wav,gunshot,0,16000,1.0,train
mix_000498,datasets/speech\speech_ref_0792.wav,datasets/background_noise\bg_noise_0329.wav,background_noise,5,16000,1.0,train
mix_000499,datasets/speech\speech_ref_1100.wav,datasets/gunshot\gun_C3GD-Dataset_10-oh_farm-spike_m4_556-ALICE-TcUw0m1Y2pBD-21_w0.wav,gunshot,-15,16000,1.0,train
mix_000500,datasets/speech\speech_speaker_session_02_0097.wav,datasets/gunshot\gun_C3GD-Dataset_15-nj_farm-sig_p365-CAROL-4c4Mgt6DlrH8-16_w0.wav,gunshot,-10,16000,1.0,train
mix_000501,datasets/speech\speech_ref_0361.wav,datasets/background_noise\bg_bg_session_21_0848.wav,background_noise,10,16000,1.0,train
mix_000502,datasets/speech\speech_ref_1059.wav,datasets/other_impulse\other_imp_other_imp_session_16_0649.wav,other_impulse,0,16000,1.0,train
mix_000503,datasets/speech\speech_ref_0845.wav,datasets/gunshot\gun_C3GD-Dataset_10-ny_gravel_pit-sw_mp15-ERIN-7gR94hji5299-4_w0.wav,gunshot,10,16000,1.0,train
mix_000504,datasets/speech\speech_ref_0940.wav,datasets/other_impulse\other_imp_other_imp_session_28_1139.wav,other_impulse,-15,16000,1.0,train
mix_000505,datasets/speech\speech_speaker_session_06_0256.wav,datasets/background_noise\bg_noise_0359.wav,background_noise,-20,16000,1.0,train
mix_000506,datasets/speech\speech_speaker_session_19_0770.wav,datasets/gunshot\gun_C3GD-Dataset_1-ny_gravel_pit-savage_223-ERIN-5YU9A4rqIoQN-22_w0.wav,gunshot,15,16000,1.0,train
mix_000507,datasets/speech\speech_speaker_session_02_0117.wav,datasets/background_noise\bg_noise_0076.wav,background_noise,-10,16000,1.0,train
mix_000508,datasets/speech\speech_speaker_session_09_0360.wav,datasets/other_impulse\other_imp_other_imp_session_03_0126.wav,other_impulse,-5,16000,1.0,train
mix_000509,datasets/speech\speech_speaker_session_04_0186.wav,datasets/other_impulse\other_impulse_0110.wav,other_impulse,15,16000,1.0,train
mix_000510,datasets/speech\speech_ref_1194.wav,datasets/background_noise\bg_bg_session_03_0152.wav,background_noise,-20,16000,1.0,train
mix_000511,datasets/speech\speech_speaker_session_19_0765.wav,datasets/gunshot\gun_C3GD-Dataset_13-oh_farm-lmt_ar10-ERIN-4yw5CT7ttEZV-14_w0.wav,gunshot,-15,16000,1.0,train
mix_000512,datasets/speech\speech_ref_0709.wav,datasets/gunshot\gun_C3GD-Dataset_15-oh_farm-sig_P320-DAVE-RnHmQd98noYs-4_w0.wav,gunshot,-10,16000,1.0,train
mix_000513,datasets/speech\speech_speaker_session_11_0463.wav,datasets/gunshot\gun_C3GD-Dataset_2-oh_farm-custom_ar15_300BLK-ERIN-JT9NHIATnzMQ-32_w0.wav,gunshot,-15,16000,1.0,train
mix_000514,datasets/speech\speech_speaker_session_05_0209.wav,datasets/gunshot\gun_C3GD-Dataset_10-ny_gravel_pit-sw_mp15-CAROL-01Wi0Q1SxFPx-9_w0.wav,gunshot,10,16000,1.0,train
mix_000515,datasets/speech\speech_speaker_session_20_0836.wav,datasets/background_noise\bg_noise_0263.wav,background_noise,-15,16000,1.0,train
mix_000516,datasets/speech\speech_speaker_session_12_0487.wav,datasets/background_noise\bg_noise_0490.wav,background_noise,5,16000,1.0,train
mix_000517,datasets/speech\speech_speaker_session_15_0635.wav,datasets/gunshot\gun_C3GD-Dataset_15-nj_farm-sig_p365-BOB-uY5xiJ1efHpq-36_w0.wav,gunshot,0,16000,1.0,train
mix_000518,datasets/speech\speech_speaker_session_01_0058.wav,datasets/background_noise\bg_noise_1046.wav,background_noise,10,16000,1.0,train
mix_000519,datasets/speech\speech_ref_0955.wav,datasets/background_noise\bg_noise_0981.wav,background_noise,-10,16000,1.0,train
mix_000520,datasets/speech\speech_ref_0620.wav,datasets/background_noise\bg_bg_session_28_1120.wav,background_noise,20,16000,1.0,train
mix_000521,datasets/speech\speech_speaker_session_20_0819.wav,datasets/other_impulse\other_impulse_0828.wav,other_impulse,-20,16000,1.0,train
mix_000522,datasets/speech\speech_speaker_session_24_0973.wav,datasets/other_impulse\other_imp_other_imp_session_09_0399.wav,other_impulse,-10,16000,1.0,train
mix_000523,datasets/speech\speech_ref_0876.wav,datasets/gunshot\gun_C3GD-Dataset_15-oh_farm-steyr_C9A2-BOB-xwffRCBitu2p-7_w0.wav,gunshot,5,16000,1.0,train
mix_000524,datasets/speech\speech_ref_0728.wav,datasets/gunshot\gun_C3GD-Dataset_1-ny_gravel_pit-savage_223-ERIN-5YU9A4rqIoQN-17_w0.wav,gunshot,-10,16000,1.0,train
mix_000525,datasets/speech\speech_ref_0054.wav,datasets/gunshot\gun_C3GD-Dataset_15-oh_farm-sig_P320-ALICE-SaJRFUjFN1Ux-17_w0.wav,gunshot,15,16000,1.0,train
mix_000526,datasets/speech\speech_speaker_session_18_0720.wav,datasets/gunshot\gun_C3GD-Dataset_1-ny_gravel_pit-savage_223-JON-bqarLMmM7cLJ-39_w0.wav,gunshot,-15,16000,1.0,train
mix_000527,datasets/speech\speech_ref_0027.wav,datasets/background_noise\bg_noise_0446.wav,background_noise,-10,16000,1.0,train
mix_000528,datasets/speech\speech_ref_0715.wav,datasets/background_noise\bg_noise_0817.wav,background_noise,10,16000,1.0,train
mix_000529,datasets/speech\speech_speaker_session_26_1075.wav,datasets/gunshot\gun_C3GD-Dataset_14-oh_farm-7mm_Mauser-BOB-BcloTeR2Ekq1-5_w0.wav,gunshot,10,16000,1.0,train
mix_000530,datasets/speech\speech_ref_0227.wav,datasets/gunshot\gun_C3GD-Dataset_11-nj_farm-savage_mh110-JON-U8Ee7IPiAWho-28_w0.wav,gunshot,-10,16000,1.0,train
mix_000531,datasets/speech\speech_ref_0840.wav,datasets/gunshot\gun_C3GD-Dataset_10-oh_farm-spike_m4_556-ALICE-0D30t3lA0dYO-52_w0.wav,gunshot,0,16000,1.0,train
mix_000532,datasets/speech\speech_ref_0736.wav,datasets/other_impulse\other_imp_other_imp_session_24_0961.wav,other_impulse,-15,16000,1.0,train
mix_000533,datasets/speech\speech_ref_0150.wav,datasets/gunshot\gun_C3GD-Dataset_10-oh_farm-spike_m4_556-ALICE-0D30t3lA0dYO-58_w0.wav,gunshot,20,16000,1.0,train
mix_000534,datasets/speech\speech_ref_1016.wav,datasets/other_impulse\other_imp_other_imp_session_06_0246.wav,other_impulse,0,16000,1.0,train
mix_000535,datasets/speech\speech_ref_0656.wav,datasets/background_noise\bg_bg_session_10_0439.wav,background_noise,0,16000,1.0,train
mix_000536,datasets/speech\speech_ref_0807.wav,datasets/gunshot\gun_C3GD-Dataset_1-ny_gravel_pit-savage_223-CAROL-cF2UUwwEe48n-27_w0.wav,gunshot,20,16000,1.0,train
mix_000537,datasets/speech\speech_speaker_session_04_0181.wav,datasets/other_impulse\other_imp_other_imp_session_08_0343.wav,other_impulse,20,16000,1.0,train
mix_000538,datasets/speech\speech_ref_0085.wav,datasets/gunshot\gun_C3GD-Dataset_0-oh_farm-sw_mp22-PIXEL-f5W6Yd67KJc2-18_w0.wav,gunshot,10,16000,1.0,train
mix_000539,datasets/speech\speech_speaker_session_15_0638.wav,datasets/gunshot\gun_C3GD-Dataset_11-nj_farm-savage_mh110-BUTCH-hBTAkYuwJ46l-21_w0.wav,gunshot,-20,16000,1.0,train
mix_000540,datasets/speech\speech_speaker_session_21_0841.wav,datasets/gunshot\gun_C3GD-Dataset_10-oh_farm-hk_MR556-BOB-0m3pnVxJfZ50-18_w0.wav,gunshot,15,16000,1.0,train
mix_000541,datasets/speech\speech_ref_0528.wav,datasets/gunshot\gun_C3GD-Dataset_15-oh_farm-hk_P2000-ALICE-59X0C1qZZKdQ-0_w0.wav,gunshot,-15,16000,1.0,train
mix_000542,datasets/speech\speech_speaker_session_20_0814.wav,datasets/gunshot\gun_C3GD-Dataset_10-oh_farm-hk_MR556-BOB-6Quc5LjO0EL0-7_w0.wav,gunshot,15,16000,1.0,train
mix_000543,datasets/speech\speech_ref_0380.wav,datasets/other_impulse\other_imp_other_imp_session_21_0854.wav,other_impulse,-15,16000,1.0,train
mix_000544,datasets/speech\speech_speaker_session_08_0357.wav,datasets/other_impulse\other_impulse_0255.wav,other_impulse,-20,16000,1.0,train
mix_000545,datasets/speech\speech_speaker_session_26_1064.wav,datasets/gunshot\gun_C3GD-Dataset_15-nj_farm-sig_p365-ALICE-T3bFUE8iLtXt-27_w0.wav,gunshot,5,16000,1.0,train
mix_000546,datasets/speech\speech_ref_0256.wav,datasets/background_noise\bg_noise_0962.wav,background_noise,10,16000,1.0,train
mix_000547,datasets/speech\speech_speaker_session_10_0423.wav,datasets/other_impulse\other_impulse_0912.wav,other_impulse,10,16000,1.0,train
mix_000548,datasets/speech\speech_speaker_session_20_0824.wav,datasets/gunshot\gun_C3GD-Dataset_15-nj_farm-sig_p365-BOB-Q0eIMamzx0DO-45_w0.wav,gunshot,20,16000,1.0,train
mix_000549,datasets/speech\speech_speaker_session_14_0585.wav,datasets/gunshot\gun_C3GD-Dataset_0-oh_farm-springfield_87A-PIXEL-iLyjoZ6DEsLu-5_w0.wav,gunshot,15,16000,1.0,train
mix_000550,datasets/speech\speech_ref_0428.wav,datasets/background_noise\bg_bg_session_29_1195.wav,background_noise,-20,16000,1.0,train
mix_000551,datasets/speech\speech_ref_0540.wav,datasets/other_impulse\other_imp_other_imp_session_00_0023.wav,other_impulse,-15,16000,1.0,train
mix_000552,datasets/speech\speech_speaker_session_08_0326.wav,datasets/background_noise\bg_bg_session_05_0225.wav,background_noise,0,16000,1.0,train
mix_000553,datasets/speech\speech_speaker_session_09_0365.wav,datasets/gunshot\gun_C3GD-Dataset_1-ny_gravel_pit-savage_223-JON-bqarLMmM7cLJ-16_w0.wav,gunshot,-20,16000,1.0,train
mix_000554,datasets/speech\speech_ref_1117.wav,datasets/background_noise\bg_bg_session_24_0990.wav,background_noise,10,16000,1.0,train
mix_000555,datasets/speech\speech_ref_0943.wav,datasets/gunshot\gun_C3GD-Dataset_3-ny_gravel_pit-ruger_lcp_380ACP-DAVE-2TVNSmcBPJym-1_w0.wav,gunshot,0,16000,1.0,train
mix_000556,datasets/speech\speech_speaker_session_13_0541.wav,datasets/other_impulse\other_imp_other_imp_session_17_0698.wav,other_impulse,20,16000,1.0,train
mix_000557,datasets/speech\speech_speaker_session_08_0342.wav,datasets/gunshot\gun_C3GD-Dataset_15-oh_farm-sig_P320-BOB-0xPxL0niRcMJ-16_w0.wav,gunshot,10,16000,1.0,train
mix_000558,datasets/speech\speech_speaker_session_12_0489.wav,datasets/gunshot\gun_C3GD-Dataset_15-oh_farm-hk_P30L-BOB-1yIuC40sRNc6-6_w0.wav,gunshot,-15,16000,1.0,train
mix_000559,datasets/speech\speech_ref_0765.wav,datasets/other_impulse\other_imp_other_imp_session_22_0894.wav,other_impulse,20,16000,1.0,train
mix_000560,datasets/speech\speech_speaker_session_01_0057.wav,datasets/other_impulse\other_impulse_0408.wav,other_impulse,-10,16000,1.0,train
mix_000561,datasets/speech\speech_speaker_session_08_0320.wav,datasets/gunshot\gun_C3GD-Dataset_10-oh_farm-spike_m4_556-PIXEL-IwgLphM2NQaw-75_w0.wav,gunshot,-15,16000,1.0,train
mix_000562,datasets/speech\speech_speaker_session_02_0118.wav,datasets/gunshot\gun_C3GD-Dataset_11-nj_farm-savage_mh110-ERIN-TZeme1kqdhzL-14_w0.wav,gunshot,-15,16000,1.0,train
mix_000563,datasets/speech\speech_speaker_session_23_0951.wav,datasets/gunshot\gun_C3GD-Dataset_3-ny_gravel_pit-ruger_lcp_380ACP-JON-Wjpg9aiaTIsb-0_w0.wav,gunshot,-5,16000,1.0,train
mix_000564,datasets/speech\speech_ref_0695.wav,datasets/gunshot\gun_C3GD-Dataset_0-oh_farm-czusa_457-ALICE-YY7ceD4oezbr-3_w0.wav,gunshot,20,16000,1.0,train
mix_000565,datasets/speech\speech_speaker_session_05_0200.wav,datasets/gunshot\gun_C3GD-Dataset_12-oh_farm-norinco_sks-DAVE-10CqWRilQLT1-3_w0.wav,gunshot,10,16000,1.0,train
mix_000566,datasets/speech\speech_ref_1123.wav,datasets/other_impulse\other_imp_other_imp_session_00_0008.wav,other_impulse,-15,16000,1.0,train
mix_000567,datasets/speech\speech_ref_0243.wav,datasets/gunshot\gun_C3GD-Dataset_11-nj_farm-savage_mh110-ERIN-TZeme1kqdhzL-18_w0.wav,gunshot,10,16000,1.0,train
mix_000568,datasets/speech\speech_ref_0373.wav,datasets/gunshot\gun_C3GD-Dataset_10-oh_farm-hk_MR556-ALICE-epczwDkQOJGc-7_w0.wav,gunshot,-20,16000,1.0,train
mix_000569,datasets/speech\speech_ref_1069.wav,datasets/gunshot\gun_C3GD-Dataset_10-oh_farm-hk_MR556-PIXEL-qvFs07XmzXK0-3_w0.wav,gunshot,-15,16000,1.0,train
mix_000570,datasets/speech\speech_speaker_session_23_0927.wav,datasets/gunshot\gun_C3GD-Dataset_15-oh_farm-steyr_C9A2-ALICE-ufhIjojXvD6z-7_w0.wav,gunshot,-15,16000,1.0,train
mix_000571,datasets/speech\speech_ref_1170.wav,datasets/gunshot\gun_C3GD-Dataset_2-oh_farm-custom_ar15_300BLK-ALICE-EmUfikHTAf0o-52_w0.wav,gunshot,-20,16000,1.0,train
mix_000572,datasets/speech\speech_ref_0169.wav,datasets/gunshot\gun_C3GD-Dataset_11-nj_farm-savage_mh110-DAVE-3fPPqTzCQ1WZ-5_w0.wav,gunshot,-10,16000,1.0,train
mix_000573,datasets/speech\speech_ref_1134.wav,datasets/background_noise\bg_noise_0756.wav,background_noise,-20,16000,1.0,train
mix_000574,datasets/speech\speech_speaker_session_05_0234.wav,datasets/background_noise\bg_noise_1048.wav,background_noise,-20,16000,1.0,train
mix_000575,datasets/speech\speech_ref_0157.wav,datasets/gunshot\gun_C3GD-Dataset_0-oh_farm-marlin_gfm60-ALICE-6CPZIphrIzdl-1_w0.wav,gunshot,15,16000,1.0,train
mix_000576,datasets/speech\speech_speaker_session_16_0664.wav,datasets/gunshot\gun_C3GD-Dataset_13-oh_farm-lmt_ar10-PIXEL-R4Eu8tFn3QLJ-24_w0.wav,gunshot,20,16000,1.0,train
mix_000577,datasets/speech\speech_ref_0134.wav,datasets/other_impulse\other_impulse_0074.wav,other_impulse,0,16000,1.0,train
mix_000578,datasets/speech\speech_ref_0344.wav,datasets/gunshot\gun_C3GD-Dataset_0-oh_farm-marlin_gfm60-ERIN-4KUnpSm0eest-12_w0.wav,gunshot,5,16000,1.0,train
mix_000579,datasets/speech\speech_speaker_session_07_0287.wav,datasets/background_noise\bg_noise_0879.wav,background_noise,0,16000,1.0,train
mix_000580,datasets/speech\speech_ref_0601.wav,datasets/background_noise\bg_noise_0734.wav,background_noise,-20,16000,1.0,train
mix_000581,datasets/speech\speech_ref_0552.wav,datasets/gunshot\gun_C3GD-Dataset_13-oh_farm-lmt_ar10-ALICE-RHHeuXPO7N5v-31_w0.wav,gunshot,10,16000,1.0,train
mix_000582,datasets/speech\speech_speaker_session_03_0136.wav,datasets/gunshot\gun_C3GD-Dataset_10-oh_farm-spike_m4_556-ERIN-8XJ3dMdwafQw-63_w0.wav,gunshot,20,16000,1.0,train
mix_000583,datasets/speech\speech_speaker_session_03_0133.wav,datasets/background_noise\bg_bg_session_26_1046.wav,background_noise,0,16000,1.0,train
mix_000584,datasets/speech\speech_speaker_session_20_0802.wav,datasets/other_impulse\other_impulse_1047.wav,other_impulse,-15,16000,1.0,train
mix_000585,datasets/speech\speech_ref_0984.wav,datasets/gunshot\gun_C3GD-Dataset_3-ny_gravel_pit-ruger_lcp_380ACP-BOB-yLr0oPUfbSAa-23_w0.wav,gunshot,15,16000,1.0,train
mix_000586,datasets/speech\speech_speaker_session_17_0709.wav,datasets/gunshot\gun_C3GD-Dataset_3-ny_gravel_pit-ruger_lcp_380ACP-ERIN-7WYYO4zK0hPS-41_w0.wav,gunshot,5,16000,1.0,train
mix_000587,datasets/speech\speech_ref_0782.wav,datasets/background_noise\bg_bg_session_22_0908.wav,background_noise,15,16000,1.0,train
mix_000588,datasets/speech\speech_speaker_session_10_0426.wav,datasets/other_impulse\other_impulse_0887.wav,other_impulse,-10,16000,1.0,train
mix_000589,datasets/speech\speech_ref_0196.wav,datasets/gunshot\gun_C3GD-Dataset_15-nj_farm-sig_p365-BOB-uY5xiJ1efHpq-38_w0.wav,gunshot,-10,16000,1.0,train
mix_000590,datasets/speech\speech_ref_0811.wav,datasets/gunshot\gun_C3GD-Dataset_10-oh_farm-spike_m4_556-BOB-jQ17j9hZCGf9-21_w0.wav,gunshot,-15,16000,1.0,train
mix_000591,datasets/speech\speech_speaker_session_22_0890.wav,datasets/other_impulse\other_impulse_1002.wav,other_impulse,-15,16000,1.0,train
mix_000592,datasets/speech\speech_ref_0219.wav,datasets/gunshot\gun_C3GD-Dataset_10-ny_gravel_pit-sw_mp15-CAROL-01Wi0Q1SxFPx-28_w0.wav,gunshot,20,16000,1.0,train
mix_000593,datasets/speech\speech_ref_1079.wav,datasets/background_noise\bg_bg_session_01_0042.wav,background_noise,-20,16000,1.0,train
mix_000594,datasets/speech\speech_ref_0854.wav,datasets/background_noise\bg_bg_session_05_0201.wav,background_noise,-5,16000,1.0,train
mix_000595,datasets/speech\speech_speaker_session_18_0750.wav,datasets/background_noise\bg_bg_session_18_0753.wav,background_noise,15,16000,1.0,train
mix_000596,datasets/speech\speech_ref_0018.wav,datasets/gunshot\gun_C3GD-Dataset_15-nj_farm-sig_p365-BOB-Q0eIMamzx0DO-24_w0.wav,gunshot,10,16000,1.0,train
mix_000597,datasets/speech\speech_ref_0829.wav,datasets/gunshot\gun_BoltAction22_Zoom_ZM_124B_S01_w0.wav,gunshot,-10,16000,1.0,train
mix_000598,datasets/speech\speech_ref_1182.wav,datasets/background_noise\bg_bg_session_14_0579.wav,background_noise,20,16000,1.0,train
mix_000599,datasets/speech\speech_ref_0903.wav,datasets/other_impulse\other_imp_other_imp_session_28_1143.wav,other_impulse,10,16000,1.0,train
mix_000600,datasets/speech\speech_ref_0924.wav,datasets/gunshot\gun_C3GD-Dataset_10-ny_gravel_pit-sw_mp15-BOB-wfJLijD81RAC-24_w0.wav,gunshot,5,16000,1.0,train
mix_000601,datasets/speech\speech_ref_0794.wav,datasets/gunshot\gun_C3GD-Dataset_10-oh_farm-spike_m4_556-ALICE-0D30t3lA0dYO-5_w0.wav,gunshot,10,16000,1.0,train
mix_000602,datasets/speech\speech_speaker_session_29_1189.wav,datasets/gunshot\gun_C3GD-Dataset_12-oh_farm-norinco_sks-ALICE-MLFY3TErS9EO-19_w0.wav,gunshot,0,16000,1.0,train
mix_000603,datasets/speech\speech_ref_1125.wav,datasets/background_noise\bg_noise_0076.wav,background_noise,5,16000,1.0,train
mix_000604,datasets/speech\speech_speaker_session_09_0397.wav,datasets/background_noise\bg_noise_0756.wav,background_noise,20,16000,1.0,train
mix_000605,datasets/speech\speech_ref_0766.wav,datasets/background_noise\bg_bg_session_21_0862.wav,background_noise,-10,16000,1.0,train
mix_000606,datasets/speech\speech_ref_0825.wav,datasets/gunshot\gun_C3GD-Dataset_10-ny_gravel_pit-sw_mp15-BOB-CYijh1jcEQ6Y-4_w0.wav,gunshot,20,16000,1.0,train
mix_000607,datasets/speech\speech_speaker_session_03_0138.wav,datasets/background_noise\bg_bg_session_18_0752.wav,background_noise,10,16000,1.0,train
mix_000608,datasets/speech\speech_speaker_session_16_0653.wav,datasets/background_noise\bg_bg_session_28_1129.wav,background_noise,15,16000,1.0,train
mix_000609,datasets/speech\speech_speaker_session_24_0976.wav,datasets/gunshot\gun_C3GD-Dataset_11-nj_farm-savage_mh110-ALICE-X1fRvwEQOSNS-0_w0.wav,gunshot,0,16000,1.0,train
mix_000610,datasets/speech\speech_speaker_session_10_0417.wav,datasets/gunshot\gun_C3GD-Dataset_12-oh_farm-norinco_sks-ERIN-KvP1tQktbMsn-11_w0.wav,gunshot,-15,16000,1.0,train
mix_000611,datasets/speech\speech_ref_0885.wav,datasets/other_impulse\other_impulse_0661.wav,other_impulse,15,16000,1.0,train
mix_000612,datasets/speech\speech_ref_0144.wav,datasets/background_noise\bg_bg_session_03_0130.wav,background_noise,5,16000,1.0,train
mix_000613,datasets/speech\speech_speaker_session_26_1076.wav,datasets/gunshot\gun_C3GD-Dataset_1-ny_gravel_pit-savage_223-BOB-KJSHtpTSf1RZ-5_w0.wav,gunshot,0,16000,1.0,train
mix_000614,datasets/speech\speech_speaker_session_20_0812.wav,datasets/other_impulse\other_impulse_0837.wav,other_impulse,0,16000,1.0,train
mix_000615,datasets/speech\speech_ref_0724.wav,datasets/other_impulse\other_imp_other_imp_session_15_0602.wav,other_impulse,-5,16000,1.0,train
mix_000616,datasets/speech\speech_speaker_session_13_0530.wav,datasets/gunshot\gun_C3GD-Dataset_2-oh_farm-custom_ar15_300BLK-BOB-JLX6vf3udb1F-59_w0.wav,gunshot,5,16000,1.0,train
mix_000617,datasets/speech\speech_speaker_session_10_0436.wav,datasets/other_impulse\other_imp_other_imp_session_02_0094.wav,other_impulse,15,16000,1.0,train
mix_000618,datasets/speech\speech_speaker_session_17_0707.wav,datasets/gunshot\gun_C3GD-Dataset_1-ny_gravel_pit-savage_223-ALICE-zNHc0efQT0kF-36_w0.wav,gunshot,20,16000,1.0,train
mix_000619,datasets/speech\speech_ref_0799.wav,datasets/gunshot\gun_C3GD-Dataset_10-oh_farm-spike_m4_556-ALICE-0D30t3lA0dYO-13_w0.wav,gunshot,-10,16000,1.0,train
mix_000620,datasets/speech\speech_speaker_session_20_0813.wav,datasets/background_noise\bg_bg_session_02_0104.wav,background_noise,10,16000,1.0,train
mix_000621,datasets/speech\speech_speaker_session_09_0391.wav,datasets/background_noise\bg_bg_session_09_0391.wav,background_noise,-5,16000,1.0,train
mix_000622,datasets/speech\speech_ref_0096.wav,datasets/other_impulse\other_impulse_0472.wav,other_impulse,5,16000,1.0,train
mix_000623,datasets/speech\speech_ref_0911.wav,datasets/other_impulse\other_imp_other_imp_session_20_0819.wav,other_impulse,-20,16000,1.0,train
mix_000624,datasets/speech\speech_ref_0979.wav,datasets/gunshot\gun_C3GD-Dataset_13-oh_farm-lmt_ar10-ALICE-RHHeuXPO7N5v-31_w0.wav,gunshot,-20,16000,1.0,train
mix_000625,datasets/speech\speech_ref_0342.wav,datasets/other_impulse\other_imp_other_imp_session_29_1169.wav,other_impulse,10,16000,1.0,train
mix_000626,datasets/speech\speech_speaker_session_25_1035.wav,datasets/gunshot\gun_C3GD-Dataset_11-nj_farm-savage_mh110-DAVE-3fPPqTzCQ1WZ-33_w0.wav,gunshot,-15,16000,1.0,train
mix_000627,datasets/speech\speech_speaker_session_15_0620.wav,datasets/gunshot\gun_C3GD-Dataset_1-ny_gravel_pit-savage_223-CAROL-cF2UUwwEe48n-22_w0.wav,gunshot,20,16000,1.0,train
mix_000628,datasets/speech\speech_ref_0346.wav,datasets/gunshot\gun_C3GD-Dataset_10-oh_farm-hk_MR556-ALICE-epczwDkQOJGc-19_w0.wav,gunshot,10,16000,1.0,train
mix_000629,datasets/speech\speech_speaker_session_29_1167.wav,datasets/gunshot\gun_C3GD-Dataset_3-ny_gravel_pit-ruger_lcp_380ACP-ALICE-Zp9eQutkJS4y-42_w0.wav,gunshot,-20,16000,1.0,train
mix_000630,datasets/speech\speech_speaker_session_29_1164.wav,datasets/background_noise\bg_noise_1132.wav,background_noise,0,16000,1.0,train
mix_000631,datasets/speech\speech_ref_0289.wav,datasets/background_noise\bg_noise_0324.wav,background_noise,-20,16000,1.0,train
mix_000632,datasets/speech\speech_ref_0919.wav,datasets/gunshot\gun_C3GD-Dataset_10-ny_gravel_pit-sw_mp15-DAVE-3xb6NwNyAzbC-19_w0.wav,gunshot,20,16000,1.0,train
mix_000633,datasets/speech\speech_speaker_session_09_0378.wav,datasets/gunshot\gun_C3GD-Dataset_15-oh_farm-sig_P320-ALICE-xbRU1Oiy72TW-6_w0.wav,gunshot,5,16000,1.0,train
mix_000634,datasets/speech\speech_speaker_session_23_0933.wav,datasets/gunshot\gun_C3GD-Dataset_2-oh_farm-custom_ar15_300BLK-ALICE-QBdIBdZ0p0dz-5_w0.wav,gunshot,-15,16000,1.0,train
mix_000635,datasets/speech\speech_ref_0624.wav,datasets/other_impulse\other_impulse_1115.wav,other_impulse,-15,16000,1.0,train
mix_000636,datasets/speech\speech_speaker_session_21_0878.wav,datasets/gunshot\gun_C3GD-Dataset_3-ny_gravel_pit-ruger_lcp_380ACP-CAROL-JL5HJFTpJ6Ky-41_w0.wav,gunshot,-10,16000,1.0,train
mix_000637,datasets/speech\speech_ref_0730.wav,datasets/other_impulse\other_imp_other_imp_session_21_0840.wav,other_impulse,10,16000,1.0,train
mix_000638,datasets/speech\speech_speaker_session_13_0539.wav,datasets/background_noise\bg_noise_0026.wav,background_noise,-20,16000,1.0,train
mix_000639,datasets/speech\speech_ref_1148.wav,datasets/gunshot\gun_C3GD-Dataset_15-oh_farm-steyr_C9A2-BOB-0al9rCujzr1y-14_w0.wav,gunshot,-10,16000,1.0,train
mix_000640,datasets/speech\speech_speaker_session_04_0195.wav,datasets/gunshot\gun_C3GD-Dataset_10-oh_farm-hk_MR556-ALICE-1r0HioVaKJ1H-16_w0.wav,gunshot,0,16000,1.0,train
mix_000641,datasets/speech\speech_speaker_session_14_0561.wav,datasets/gunshot\gun_C3GD-Dataset_10-oh_farm-spike_m4_556-BOB-Mjt4Wualmk2E-3_w0.wav,gunshot,5,16000,1.0,train
mix_000642,datasets/speech\speech_ref_0176.wav,datasets/gunshot\gun_C3GD-Dataset_15-oh_farm-hk_P2000-BOB-KxBE7JEPn5Ik-5_w0.wav,gunshot,5,16000,1.0,train
mix_000643,datasets/speech\speech_speaker_session_03_0137.wav,datasets/gunshot\gun_C3GD-Dataset_12-oh_farm-norinco_sks-ALICE-CGQDN3Sb9qo5-21_w0.wav,gunshot,15,16000,1.0,train
mix_000644,datasets/speech\speech_speaker_session_04_0188.wav,datasets/gunshot\gun_C3GD-Dataset_10-oh_farm-spike_m4_556-ERIN-8XJ3dMdwafQw-62_w0.wav,gunshot,-5,16000,1.0,train
mix_000645,datasets/speech\speech_ref_0351.wav,datasets/background_noise\bg_noise_0023.wav,background_noise,-5,16000,1.0,train
mix_000646,datasets/speech\speech_speaker_session_18_0728.wav,datasets/background_noise\bg_noise_1030.wav,background_noise,-15,16000,1.0,train
mix_000647,datasets/speech\speech_ref_0461.wav,datasets/gunshot\gun_C3GD-Dataset_0-oh_farm-czusa_457-ALICE-YY7ceD4oezbr-4_w0.wav,gunshot,-15,16000,1.0,train
mix_000648,datasets/speech\speech_speaker_session_12_0481.wav,datasets/gunshot\gun_C3GD-Dataset_0-oh_farm-marlin_gfm60-BOB-uqJOIXU5KNyD-0_w0.wav,gunshot,15,16000,1.0,train
mix_000649,datasets/speech\speech_speaker_session_14_0588.wav,datasets/gunshot\gun_C3GD-Dataset_2-oh_farm-custom_ar15_300BLK-BOB-Nyl3u1Ql1lFU-22_w0.wav,gunshot,5,16000,1.0,train
mix_000650,datasets/speech\speech_speaker_session_18_0739.wav,datasets/gunshot\gun_C3GD-Dataset_15-oh_farm-hk_P30L-ERIN-dOdR2LeA0Roj-1_w0.wav,gunshot,-15,16000,1.0,train
mix_000651,datasets/speech\speech_speaker_session_23_0920.wav,datasets/other_impulse\other_impulse_0380.wav,other_impulse,5,16000,1.0,train
mix_000652,datasets/speech\speech_ref_0964.wav,datasets/gunshot\gun_C3GD-Dataset_1-ny_gravel_pit-savage_223-CAROL-CWUeRPWgyLlF-18_w0.wav,gunshot,15,16000,1.0,train
mix_000653,datasets/speech\speech_ref_0982.wav,datasets/gunshot\gun_C3GD-Dataset_11-nj_farm-savage_mh110-DAVE-3fPPqTzCQ1WZ-45_w0.wav,gunshot,15,16000,1.0,train
mix_000654,datasets/speech\speech_speaker_session_27_1095.wav,datasets/gunshot\gun_C3GD-Dataset_10-oh_farm-spike_m4_556-DAVE-LJiS5z5Ad53b-29_w0.wav,gunshot,-15,16000,1.0,train
mix_000655,datasets/speech\speech_speaker_session_14_0591.wav,datasets/background_noise\bg_noise_0281.wav,background_noise,-10,16000,1.0,train
mix_000656,datasets/speech\speech_speaker_session_23_0931.wav,datasets/gunshot\gun_C3GD-Dataset_11-nj_farm-savage_mh110-CAROL-5uK7XOyZvflm-3_w0.wav,gunshot,-20,16000,1.0,train
mix_000657,datasets/speech\speech_speaker_session_04_0170.wav,datasets/gunshot\gun_C3GD-Dataset_1-ny_gravel_pit-savage_223-ERIN-OUB56IiC0k6a-0_w0.wav,gunshot,5,16000,1.0,train
mix_000658,datasets/speech\speech_ref_1041.wav,datasets/gunshot\gun_BoltAction22_Zoom_ZM_064B_S03_w0.wav,gunshot,-15,16000,1.0,train
mix_000659,datasets/speech\speech_ref_0594.wav,datasets/gunshot\gun_C3GD-Dataset_10-oh_farm-spike_m4_556-ALICE-0D30t3lA0dYO-59_w0.wav,gunshot,5,16000,1.0,train
mix_000660,datasets/speech\speech_speaker_session_14_0582.wav,datasets/gunshot\gun_C3GD-Dataset_15-oh_farm-hk_P2000-ERIN-dcv7OmXZZ1UL-6_w0.wav,gunshot,20,16000,1.0,train
mix_000661,datasets/speech\speech_ref_0393.wav,datasets/background_noise\bg_bg_session_20_0802.wav,background_noise,0,16000,1.0,train
mix_000662,datasets/speech\speech_speaker_session_18_0748.wav,datasets/gunshot\gun_C3GD-Dataset_10-oh_farm-spike_m4_556-BOB-Mjt4Wualmk2E-27_w0.wav,gunshot,-10,16000,1.0,train
mix_000663,datasets/speech\speech_speaker_session_10_0411.wav,datasets/background_noise\bg_bg_session_12_0509.wav,background_noise,10,16000,1.0,train
mix_000664,datasets/speech\speech_ref_1009.wav,datasets/gunshot\gun_C3GD-Dataset_2-oh_farm-custom_ar15_300BLK-ALICE-EmUfikHTAf0o-34_w0.wav,gunshot,20,16000,1.0,train
mix_000665,datasets/speech\speech_ref_1090.wav,datasets/other_impulse\other_impulse_0613.wav,other_impulse,-5,16000,1.0,train
mix_000666,datasets/speech\speech_ref_0713.wav,datasets/background_noise\bg_noise_0351.wav,background_noise,15,16000,1.0,train
mix_000667,datasets/speech\speech_ref_0722.wav,datasets/background_noise\bg_noise_0469.wav,background_noise,-10,16000,1.0,train
mix_000668,datasets/speech\speech_speaker_session_23_0936.wav,datasets/background_noise\bg_noise_0789.wav,background_noise,-20,16000,1.0,train
mix_000669,datasets/speech\speech_speaker_session_06_0278.wav,datasets/background_noise\bg_bg_session_25_1010.wav,background_noise,-5,16000,1.0,train
mix_000670,datasets/speech\speech_speaker_session_09_0381.wav,datasets/background_noise\bg_noise_0941.wav,background_noise,-5,16000,1.0,train
mix_000671,datasets/speech\speech_speaker_session_22_0918.wav,datasets/gunshot\gun_C3GD-Dataset_15-oh_farm-hk_P30L-ALICE-Ra4ytZz6kt6l-3_w0.wav,gunshot,5,16000,1.0,train
mix_000672,datasets/speech\speech_ref_0948.wav,datasets/other_impulse\other_imp_other_imp_session_18_0726.wav,other_impulse,-15,16000,1.0,train
mix_000673,datasets/speech\speech_speaker_session_08_0325.wav,datasets/other_impulse\other_impulse_1140.wav,other_impulse,0,16000,1.0,train
mix_000674,datasets/speech\speech_ref_0727.wav,datasets/background_noise\bg_noise_0028.wav,background_noise,-20,16000,1.0,train
mix_000675,datasets/speech\speech_ref_0985.wav,datasets/background_noise\bg_bg_session_26_1056.wav,background_noise,-5,16000,1.0,train
mix_000676,datasets/speech\speech_speaker_session_19_0767.wav,datasets/other_impulse\other_imp_other_imp_session_24_0983.wav,other_impulse,15,16000,1.0,train
mix_000677,datasets/speech\speech_speaker_session_17_0701.wav,datasets/background_noise\bg_noise_0910.wav,background_noise,-15,16000,1.0,train
mix_000678,datasets/speech\speech_ref_0057.wav,datasets/gunshot\gun_C3GD-Dataset_13-oh_farm-lmt_ar10-ALICE-5HOGInLkOAq1-17_w0.wav,gunshot,-15,16000,1.0,train
mix_000679,datasets/speech\speech_ref_1193.wav,datasets/background_noise\bg_bg_session_17_0699.wav,background_noise,15,16000,1.0,train
mix_000680,datasets/speech\speech_speaker_session_23_0926.wav,datasets/background_noise\bg_bg_session_20_0829.wav,background_noise,-10,16000,1.0,train
mix_000681,datasets/speech\speech_speaker_session_21_0860.wav,datasets/other_impulse\other_impulse_1002.wav,other_impulse,10,16000,1.0,train
mix_000682,datasets/speech\speech_speaker_session_08_0321.wav,datasets/gunshot\gun_C3GD-Dataset_15-oh_farm-hk_P2000-DAVE-ZDUywoQvUIdV-6_w0.wav,gunshot,15,16000,1.0,train
mix_000683,datasets/speech\speech_ref_0809.wav,datasets/background_noise\bg_bg_session_12_0483.wav,background_noise,10,16000,1.0,train
mix_000684,datasets/speech\speech_speaker_session_27_1109.wav,datasets/gunshot\gun_C3GD-Dataset_15-oh_farm-sig_P320-PIXEL-BqdD3uZj3rsi-16_w0.wav,gunshot,-10,16000,1.0,train
mix_000685,datasets/speech\speech_ref_0069.wav,datasets/gunshot\gun_C3GD-Dataset_14-oh_farm-7mm_Mauser-DAVE-svaWPKhvZZtm-5_w0.wav,gunshot,-5,16000,1.0,train
mix_000686,datasets/speech\speech_ref_0450.wav,datasets/gunshot\gun_C3GD-Dataset_0-oh_farm-sw_mp22-ERIN-ILuAgA20Xl4i-33_w0.wav,gunshot,0,16000,1.0,train
mix_000687,datasets/speech\speech_speaker_session_13_0544.wav,datasets/gunshot\gun_C3GD-Dataset_11-nj_farm-savage_mh110-ALICE-VIwh9tsGnOqt-40_w0.wav,gunshot,15,16000,1.0,train
mix_000688,datasets/speech\speech_speaker_session_07_0284.wav,datasets/gunshot\gun_BoltAction22_Zoom_ZM_084A_S02_w0.wav,gunshot,-20,16000,1.0,train
mix_000689,datasets/speech\speech_speaker_session_26_1042.wav,datasets/other_impulse\other_imp_other_imp_session_11_0461.wav,other_impulse,-5,16000,1.0,train
mix_000690,datasets/speech\speech_ref_0330.wav,datasets/other_impulse\other_imp_other_imp_session_25_1005.wav,other_impulse,0,16000,1.0,train
mix_000691,datasets/speech\speech_speaker_session_13_0556.wav,datasets/gunshot\gun_C3GD-Dataset_3-ny_gravel_pit-ruger_lcp_380ACP-BUTCH-bCvjiZaXYAFe-24_w0.wav,gunshot,10,16000,1.0,train
mix_000692,datasets/speech\speech_ref_0650.wav,datasets/other_impulse\other_impulse_0622.wav,other_impulse,15,16000,1.0,train
mix_000693,datasets/speech\speech_ref_1004.wav,datasets/background_noise\bg_bg_session_24_0999.wav,background_noise,-15,16000,1.0,train
mix_000694,datasets/speech\speech_ref_0578.wav,datasets/gunshot\gun_C3GD-Dataset_11-nj_farm-savage_mh110-ALICE-VIwh9tsGnOqt-39_w0.wav,gunshot,10,16000,1.0,train
mix_000695,datasets/speech\speech_ref_1186.wav,datasets/background_noise\bg_noise_1048.wav,background_noise,10,16000,1.0,train
mix_000696,datasets/speech\speech_ref_0593.wav,datasets/gunshot\gun_C3GD-Dataset_1-ny_gravel_pit-savage_223-BOB-KJSHtpTSf1RZ-23_w0.wav,gunshot,20,16000,1.0,train
mix_000697,datasets/speech\speech_ref_0577.wav,datasets/gunshot\gun_C3GD-Dataset_10-oh_farm-spike_m4_556-ALICE-0D30t3lA0dYO-73_w0.wav,gunshot,20,16000,1.0,train
mix_000698,datasets/speech\speech_ref_1184.wav,datasets/background_noise\bg_bg_session_07_0319.wav,background_noise,10,16000,1.0,train
mix_000699,datasets/speech\speech_ref_0505.wav,datasets/gunshot\gun_C3GD-Dataset_15-nj_farm-sig_p365-ALICE-238kXOv33RM0-45_w0.wav,gunshot,15,16000,1.0,train
mix_000700,datasets/speech\speech_ref_0643.wav,datasets/other_impulse\other_impulse_0521.wav,other_impulse,15,16000,1.0,train
mix_000701,datasets/speech\speech_ref_0181.wav,datasets/gunshot\gun_C3GD-Dataset_13-oh_farm-lmt_ar10-ERIN-4yw5CT7ttEZV-20_w0.wav,gunshot,20,16000,1.0,train
mix_000702,datasets/speech\speech_ref_0077.wav,datasets/gunshot\gun_C3GD-Dataset_12-oh_farm-norinco_sks-BOB-RHU1sy1lNto1-14_w0.wav,gunshot,10,16000,1.0,train
mix_000703,datasets/speech\speech_ref_1109.wav,datasets/gunshot\gun_C3GD-Dataset_10-oh_farm-spike_m4_556-ERIN-8XJ3dMdwafQw-3_w0.wav,gunshot,-10,16000,1.0,train
mix_000704,datasets/speech\speech_speaker_session_16_0647.wav,datasets/background_noise\bg_bg_session_10_0427.wav,background_noise,5,16000,1.0,train
mix_000705,datasets/speech\speech_speaker_session_17_0718.wav,datasets/other_impulse\other_imp_other_imp_session_04_0183.wav,other_impulse,-5,16000,1.0,train
mix_000706,datasets/speech\speech_speaker_session_11_0457.wav,datasets/background_noise\bg_bg_session_12_0480.wav,background_noise,0,16000,1.0,train
mix_000707,datasets/speech\speech_speaker_session_27_1104.wav,datasets/background_noise\bg_bg_session_23_0959.wav,background_noise,15,16000,1.0,train
mix_000708,datasets/speech\speech_speaker_session_25_1025.wav,datasets/other_impulse\other_impulse_0274.wav,other_impulse,5,16000,1.0,train
mix_000709,datasets/speech\speech_speaker_session_16_0667.wav,datasets/other_impulse\other_impulse_1168.wav,other_impulse,-5,16000,1.0,train
mix_000710,datasets/speech\speech_speaker_session_03_0120.wav,datasets/gunshot\gun_C3GD-Dataset_0-oh_farm-czusa_457-DAVE-Wl2BI9ECAcY0-4_w0.wav,gunshot,-15,16000,1.0,train
mix_000711,datasets/speech\speech_speaker_session_25_1018.wav,datasets/gunshot\gun_C3GD-Dataset_10-oh_farm-spike_m4_556-ALICE-0D30t3lA0dYO-53_w0.wav,gunshot,-5,16000,1.0,train
mix_000712,datasets/speech\speech_speaker_session_28_1152.wav,datasets/gunshot\gun_C3GD-Dataset_10-oh_farm-spike_m4_556-DAVE-LJiS5z5Ad53b-51_w0.wav,gunshot,20,16000,1.0,train
mix_000713,datasets/speech\speech_speaker_session_29_1168.wav,datasets/background_noise\bg_bg_session_22_0916.wav,background_noise,-5,16000,1.0,train
mix_000714,datasets/speech\speech_speaker_session_08_0353.wav,datasets/other_impulse\other_impulse_1032.wav,other_impulse,10,16000,1.0,train
mix_000715,datasets/speech\speech_ref_1037.wav,datasets/gunshot\gun_C3GD-Dataset_14-oh_farm-7mm_Mauser-ERIN-j4Dqiw5l1IWn-18_w0.wav,gunshot,-10,16000,1.0,train
mix_000716,datasets/speech\speech_speaker_session_15_0625.wav,datasets/gunshot\gun_C3GD-Dataset_0-oh_farm-sw_mp22-ALICE-N0u4QR95sPzr-18_w0.wav,gunshot,-5,16000,1.0,train
mix_000717,datasets/speech\speech_ref_1149.wav,datasets/other_impulse\other_imp_other_imp_session_02_0107.wav,other_impulse,5,16000,1.0,train
mix_000718,datasets/speech\speech_speaker_session_08_0335.wav,datasets/gunshot\gun_C3GD-Dataset_15-nj_farm-sig_p365-ALICE-238kXOv33RM0-40_w0.wav,gunshot,-20,16000,1.0,train
mix_000719,datasets/speech\speech_ref_0803.wav,datasets/gunshot\gun_C3GD-Dataset_14-oh_farm-7mm_Mauser-BOB-BcloTeR2Ekq1-7_w0.wav,gunshot,-10,16000,1.0,train
mix_000720,datasets/speech\speech_ref_0842.wav,datasets/other_impulse\other_impulse_0825.wav,other_impulse,-5,16000,1.0,train
mix_000721,datasets/speech\speech_speaker_session_09_0384.wav,datasets/gunshot\gun_C3GD-Dataset_3-ny_gravel_pit-ruger_lcp_380ACP-ALICE-Zp9eQutkJS4y-5_w0.wav,gunshot,20,16000,1.0,train
mix_000722,datasets/speech\speech_speaker_session_19_0786.wav,datasets/gunshot\gun_C3GD-Dataset_11-nj_farm-savage_mh110-DAVE-3fPPqTzCQ1WZ-56_w0.wav,gunshot,-10,16000,1.0,train
mix_000723,datasets/speech\speech_ref_0172.wav,datasets/gunshot\gun_C3GD-Dataset_3-ny_gravel_pit-ruger_lcp_380ACP-ALICE-Zp9eQutkJS4y-19_w0.wav,gunshot,-20,16000,1.0,train
mix_000724,datasets/speech\speech_ref_0341.wav,datasets/background_noise\bg_noise_0278.wav,background_noise,-20,16000,1.0,train
mix_000725,datasets/speech\speech_speaker_session_25_1024.wav,datasets/gunshot\gun_C3GD-Dataset_10-ny_gravel_pit-sw_mp15-DAVE-3xb6NwNyAzbC-9_w0.wav,gunshot,-5,16000,1.0,train
mix_000726,datasets/speech\speech_ref_0853.wav,datasets/background_noise\bg_bg_session_08_0326.wav,background_noise,20,16000,1.0,train
mix_000727,datasets/speech\speech_ref_0317.wav,datasets/gunshot\gun_C3GD-Dataset_2-oh_farm-custom_ar15_300BLK-ERIN-JT9NHIATnzMQ-37_w0.wav,gunshot,-20,16000,1.0,train
mix_000728,datasets/speech\speech_speaker_session_16_0652.wav,datasets/gunshot\gun_C3GD-Dataset_13-oh_farm-lmt_ar10-ALICE-5HOGInLkOAq1-1_w0.wav,gunshot,-5,16000,1.0,train
mix_000729,datasets/speech\speech_ref_1143.wav,datasets/background_noise\bg_noise_0937.wav,background_noise,5,16000,1.0,train
mix_000730,datasets/speech\speech_speaker_session_04_0185.wav,datasets/gunshot\gun_C3GD-Dataset_0-oh_farm-sw_mp22-ALICE-N0u4QR95sPzr-38_w0.wav,gunshot,5,16000,1.0,train
mix_000731,datasets/speech\speech_speaker_session_03_0129.wav,datasets/background_noise\bg_bg_session_24_0975.wav,background_noise,-20,16000,1.0,train
mix_000732,datasets/speech\speech_ref_0603.wav,datasets/gunshot\gun_BoltAction22_Zoom_ZM_044B_S03_w0.wav,gunshot,-10,16000,1.0,train
mix_000733,datasets/speech\speech_speaker_session_23_0940.wav,datasets/background_noise\bg_noise_0617.wav,background_noise,20,16000,1.0,train
mix_000734,datasets/speech\speech_speaker_session_23_0950.wav,datasets/gunshot\gun_C3GD-Dataset_15-nj_farm-sig_p365-BOB-Q0eIMamzx0DO-38_w0.wav,gunshot,-15,16000,1.0,train
mix_000735,datasets/speech\speech_speaker_session_29_1183.wav,datasets/gunshot\gun_C3GD-Dataset_15-nj_farm-sig_p365-CAROL-4c4Mgt6DlrH8-41_w0.wav,gunshot,10,16000,1.0,train
mix_000736,datasets/speech\speech_speaker_session_24_0989.wav,datasets/other_impulse\other_imp_other_imp_session_00_0001.wav,other_impulse,-15,16000,1.0,train
mix_000737,datasets/speech\speech_speaker_session_19_0769.wav,datasets/gunshot\gun_C3GD-Dataset_13-oh_farm-lmt_ar10-BOB-0T2m14m6BxyX-19_w0.wav,gunshot,0,16000,1.0,train
mix_000738,datasets/speech\speech_speaker_session_06_0263.wav,datasets/gunshot\gun_C3GD-Dataset_12-oh_farm-norinco_sks-BOB-RHU1sy1lNto1-29_w0.wav,gunshot,-10,16000,1.0,train
mix_000739,datasets/speech\speech_speaker_session_01_0063.wav,datasets/gunshot\gun_C3GD-Dataset_0-oh_farm-czusa_457-BOB-RjRNabyP9zPf-14_w0.wav,gunshot,10,16000,1.0,train
mix_000740,datasets/speech\speech_ref_1150.wav,datasets/other_impulse\other_imp_other_imp_session_21_0873.wav,other_impulse,15,16000,1.0,train
mix_000741,datasets/speech\speech_ref_0819.wav,datasets/other_impulse\other_imp_other_imp_session_25_1036.wav,other_impulse,5,16000,1.0,train
mix_000742,datasets/speech\speech_speaker_session_09_0364.wav,datasets/gunshot\gun_C3GD-Dataset_0-oh_farm-sw_mp22-ALICE-jmHo21ZrVDXJ-27_w0.wav,gunshot,20,16000,1.0,train
mix_000743,datasets/speech\speech_speaker_session_15_0622.wav,datasets/other_impulse\other_imp_other_imp_session_11_0455.wav,other_impulse,5,16000,1.0,train
mix_000744,datasets/speech\speech_ref_0021.wav,datasets/gunshot\gun_C3GD-Dataset_10-ny_gravel_pit-sw_mp15-BOB-CYijh1jcEQ6Y-5_w0.wav,gunshot,-10,16000,1.0,train
mix_000745,datasets/speech\speech_speaker_session_24_0982.wav,datasets/gunshot\gun_C3GD-Dataset_15-nj_farm-sig_p365-DAVE-g19XyDQPiD9P-27_w0.wav,gunshot,0,16000,1.0,train
mix_000746,datasets/speech\speech_speaker_session_29_1169.wav,datasets/gunshot\gun_C3GD-Dataset_11-nj_farm-savage_mh110-BOB-bjYKN5RtCabb-6_w0.wav,gunshot,-10,16000,1.0,train
mix_000747,datasets/speech\speech_ref_0855.wav,datasets/gunshot\gun_C3GD-Dataset_0-oh_farm-sw_mp22-ALICE-N0u4QR95sPzr-4_w0.wav,gunshot,-20,16000,1.0,train
mix_000748,datasets/speech\speech_ref_0427.wav,datasets/other_impulse\other_impulse_0985.wav,other_impulse,10,16000,1.0,train
mix_000749,datasets/speech\speech_speaker_session_27_1092.wav,datasets/other_impulse\other_impulse_0897.wav,other_impulse,-20,16000,1.0,train
mix_000750,datasets/speech\speech_speaker_session_09_0375.wav,datasets/gunshot\gun_C3GD-Dataset_0-oh_farm-sw_mp22-BOB-yWwWPdTk8Evd-32_w0.wav,gunshot,5,16000,1.0,train
mix_000751,datasets/speech\speech_ref_0414.wav,datasets/other_impulse\other_imp_other_imp_session_10_0416.wav,other_impulse,-5,16000,1.0,train
mix_000752,datasets/speech\speech_speaker_session_14_0578.wav,datasets/other_impulse\other_imp_other_imp_session_21_0879.wav,other_impulse,-15,16000,1.0,train
mix_000753,datasets/speech\speech_speaker_session_27_1086.wav,datasets/gunshot\gun_C3GD-Dataset_3-ny_gravel_pit-ruger_lcp_380ACP-BOB-yLr0oPUfbSAa-24_w0.wav,gunshot,-10,16000,1.0,train
mix_000754,datasets/speech\speech_ref_1177.wav,datasets/gunshot\gun_C3GD-Dataset_13-oh_farm-lmt_ar10-ALICE-5HOGInLkOAq1-10_w0.wav,gunshot,-15,16000,1.0,train
mix_000755,datasets/speech\speech_speaker_session_23_0958.wav,datasets/gunshot\gun_C3GD-Dataset_10-oh_farm-hk_MR556-ALICE-epczwDkQOJGc-16_w0.wav,gunshot,5,16000,1.0,train
mix_000756,datasets/speech\speech_speaker_session_20_0830.wav,datasets/gunshot\gun_C3GD-Dataset_12-oh_farm-norinco_sks-ALICE-MLFY3TErS9EO-12_w0.wav,gunshot,-10,16000,1.0,train
mix_000757,datasets/speech\speech_ref_0470.wav,datasets/other_impulse\other_imp_other_imp_session_20_0823.wav,other_impulse,-15,16000,1.0,train
mix_000758,datasets/speech\speech_speaker_session_11_0450.wav,datasets/other_impulse\other_imp_other_imp_session_21_0871.wav,other_impulse,5,16000,1.0,train
mix_000759,datasets/speech\speech_speaker_session_15_0619.wav,datasets/gunshot\gun_C3GD-Dataset_15-oh_farm-steyr_C9A2-PIXEL-kLXRqvEsl3mI-7_w0.wav,gunshot,-20,16000,1.0,train
mix_000760,datasets/speech\speech_ref_1054.wav,datasets/gunshot\gun_C3GD-Dataset_10-oh_farm-spike_m4_556-DAVE-LJiS5z5Ad53b-32_w0.wav,gunshot,-5,16000,1.0,train
mix_000761,datasets/speech\speech_ref_1080.wav,datasets/gunshot\gun_C3GD-Dataset_10-oh_farm-spike_m4_556-ALICE-0D30t3lA0dYO-9_w0.wav,gunshot,-15,16000,1.0,train
mix_000762,datasets/speech\speech_speaker_session_11_0445.wav,datasets/gunshot\gun_C3GD-Dataset_14-oh_farm-7mm_Mauser-ALICE-coUJ1rH1Z2di-8_w0.wav,gunshot,0,16000,1.0,train
mix_000763,datasets/speech\speech_speaker_session_00_0017.wav,datasets/background_noise\bg_noise_0570.wav,background_noise,-20,16000,1.0,train
mix_000764,datasets/speech\speech_ref_0907.wav,datasets/background_noise\bg_bg_session_19_0788.wav,background_noise,10,16000,1.0,train
mix_000765,datasets/speech\speech_ref_0684.wav,datasets/gunshot\gun_C3GD-Dataset_15-oh_farm-steyr_C9A2-BOB-qRDwv2ER8kkl-6_w0.wav,gunshot,10,16000,1.0,train
mix_000766,datasets/speech\speech_ref_1073.wav,datasets/gunshot\gun_C3GD-Dataset_0-oh_farm-marlin_gfm60-DAVE-b8l0iIdQWqgj-3_w0.wav,gunshot,10,16000,1.0,train
mix_000767,datasets/speech\speech_ref_1169.wav,datasets/gunshot\gun_C3GD-Dataset_3-ny_gravel_pit-ruger_lcp_380ACP-BOB-nG6HMBYVW1E0-18_w0.wav,gunshot,10,16000,1.0,train
mix_000768,datasets/speech\speech_ref_1120.wav,datasets/gunshot\gun_C3GD-Dataset_14-oh_farm-7mm_Mauser-BOB-BcloTeR2Ekq1-19_w0.wav,gunshot,20,16000,1.0,train
mix_000769,datasets/speech\speech_speaker_session_20_0839.wav,datasets/gunshot\gun_C3GD-Dataset_15-nj_farm-sig_p365-CAROL-qhIEvS8T0FcO-25_w0.wav,gunshot,-15,16000,1.0,train
mix_000770,datasets/speech\speech_ref_0545.wav,datasets/gunshot\gun_C3GD-Dataset_2-oh_farm-custom_ar15_300BLK-ERIN-JT9NHIATnzMQ-59_w0.wav,gunshot,-5,16000,1.0,train
mix_000771,datasets/speech\speech_ref_1147.wav,datasets/gunshot\gun_C3GD-Dataset_0-oh_farm-czusa_457-PIXEL-NlllHePs66Wv-7_w0.wav,gunshot,15,16000,1.0,train
mix_000772,datasets/speech\speech_ref_0132.wav,datasets/background_noise\bg_noise_0007.wav,background_noise,-20,16000,1.0,train
mix_000773,datasets/speech\speech_ref_0179.wav,datasets/gunshot\gun_C3GD-Dataset_11-nj_farm-savage_mh110-BUTCH-hBTAkYuwJ46l-11_w0.wav,gunshot,-20,16000,1.0,train
mix_000774,datasets/speech\speech_ref_0801.wav,datasets/gunshot\gun_C3GD-Dataset_12-oh_farm-norinco_sks-ALICE-CGQDN3Sb9qo5-30_w0.wav,gunshot,0,16000,1.0,train
mix_000775,datasets/speech\speech_speaker_session_00_0031.wav,datasets/background_noise\bg_noise_0515.wav,background_noise,-15,16000,1.0,train
mix_000776,datasets/speech\speech_ref_0509.wav,datasets/gunshot\gun_C3GD-Dataset_13-oh_farm-lmt_ar10-DAVE-71Zo9dY4k135-24_w0.wav,gunshot,-10,16000,1.0,train
mix_000777,datasets/speech\speech_speaker_session_26_1074.wav,datasets/gunshot\gun_C3GD-Dataset_15-nj_farm-sig_p365-CAROL-qhIEvS8T0FcO-27_w0.wav,gunshot,-10,16000,1.0,train
mix_000778,datasets/speech\speech_speaker_session_04_0198.wav,datasets/background_noise\bg_noise_0028.wav,background_noise,20,16000,1.0,train
mix_000779,datasets/speech\speech_speaker_session_11_0456.wav,datasets/background_noise\bg_noise_0325.wav,background_noise,5,16000,1.0,train
mix_000780,datasets/speech\speech_speaker_session_05_0238.wav,datasets/other_impulse\other_imp_other_imp_session_03_0132.wav,other_impulse,15,16000,1.0,train
mix_000781,datasets/speech\speech_speaker_session_28_1148.wav,datasets/background_noise\bg_bg_session_12_0507.wav,background_noise,10,16000,1.0,train
mix_000782,datasets/speech\speech_ref_1048.wav,datasets/other_impulse\other_imp_other_imp_session_27_1109.wav,other_impulse,-10,16000,1.0,train
mix_000783,datasets/speech\speech_speaker_session_10_0416.wav,datasets/other_impulse\other_imp_other_imp_session_08_0350.wav,other_impulse,10,16000,1.0,train
mix_000784,datasets/speech\speech_ref_1001.wav,datasets/gunshot\gun_C3GD-Dataset_0-oh_farm-czusa_457-BOB-jtxibWlq18a3-8_w0.wav,gunshot,-20,16000,1.0,train
mix_000785,datasets/speech\speech_ref_0209.wav,datasets/background_noise\bg_noise_0459.wav,background_noise,5,16000,1.0,train
mix_000786,datasets/speech\speech_ref_0007.wav,datasets/gunshot\gun_C3GD-Dataset_1-ny_gravel_pit-savage_223-CAROL-cF2UUwwEe48n-28_w0.wav,gunshot,-5,16000,1.0,train
mix_000787,datasets/speech\speech_speaker_session_19_0795.wav,datasets/gunshot\gun_C3GD-Dataset_15-oh_farm-hk_P30L-PIXEL-Z8wRT1n7qwOp-8_w0.wav,gunshot,20,16000,1.0,train
mix_000788,datasets/speech\speech_speaker_session_00_0006.wav,datasets/other_impulse\other_impulse_0449.wav,other_impulse,0,16000,1.0,train
mix_000789,datasets/speech\speech_ref_0404.wav,datasets/gunshot\gun_C3GD-Dataset_11-nj_farm-savage_mh110-ALICE-VIwh9tsGnOqt-65_w0.wav,gunshot,0,16000,1.0,train
mix_000790,datasets/speech\speech_speaker_session_10_0422.wav,datasets/gunshot\gun_C3GD-Dataset_10-oh_farm-hk_MR556-ALICE-1r0HioVaKJ1H-9_w0.wav,gunshot,-15,16000,1.0,train
mix_000791,datasets/speech\speech_ref_0046.wav,datasets/background_noise\bg_bg_session_20_0813.wav,background_noise,10,16000,1.0,train
mix_000792,datasets/speech\speech_speaker_session_17_0687.wav,datasets/other_impulse\other_impulse_0967.wav,other_impulse,20,16000,1.0,train
mix_000793,datasets/speech\speech_ref_1052.wav,datasets/gunshot\gun_C3GD-Dataset_3-ny_gravel_pit-ruger_lcp_380ACP-ALICE-Zp9eQutkJS4y-26_w0.wav,gunshot,-10,16000,1.0,train
mix_000794,datasets/speech\speech_ref_0539.wav,datasets/background_noise\bg_bg_session_22_0893.wav,background_noise,5,16000,1.0,train
mix_000795,datasets/speech\speech_ref_1051.wav,datasets/background_noise\bg_bg_session_01_0062.wav,background_noise,10,16000,1.0,train
mix_000796,datasets/speech\speech_speaker_session_25_1027.wav,datasets/background_noise\bg_noise_0235.wav,background_noise,0,16000,1.0,train
mix_000797,datasets/speech\speech_speaker_session_21_0874.wav,datasets/other_impulse\other_imp_other_imp_session_16_0641.wav,other_impulse,15,16000,1.0,train
mix_000798,datasets/speech\speech_ref_0694.wav,datasets/gunshot\gun_C3GD-Dataset_1-ny_gravel_pit-savage_223-BOB-KJSHtpTSf1RZ-27_w0.wav,gunshot,-15,16000,1.0,train
mix_000799,datasets/speech\speech_speaker_session_25_1013.wav,datasets/background_noise\bg_bg_session_10_0421.wav,background_noise,-5,16000,1.0,train
mix_000800,datasets/speech\speech_ref_0113.wav,datasets/gunshot\gun_C3GD-Dataset_0-oh_farm-springfield_87A-BOB-nT21wqwhXL6h-6_w0.wav,gunshot,0,16000,1.0,train
mix_000801,datasets/speech\speech_ref_0949.wav,datasets/background_noise\bg_noise_0142.wav,background_noise,15,16000,1.0,train
mix_000802,datasets/speech\speech_ref_0353.wav,datasets/background_noise\bg_noise_0692.wav,background_noise,0,16000,1.0,train
mix_000803,datasets/speech\speech_ref_0116.wav,datasets/gunshot\gun_C3GD-Dataset_15-oh_farm-hk_P2000-PIXEL-b61X9e1mNIg1-1_w0.wav,gunshot,15,16000,1.0,train
mix_000804,datasets/speech\speech_speaker_session_11_0466.wav,datasets/gunshot\gun_C3GD-Dataset_3-ny_gravel_pit-ruger_lcp_380ACP-ALICE-iTyhHd0QesY9-39_w0.wav,gunshot,0,16000,1.0,train
mix_000805,datasets/speech\speech_ref_0773.wav,datasets/background_noise\bg_noise_0293.wav,background_noise,20,16000,1.0,train
mix_000806,datasets/speech\speech_ref_0837.wav,datasets/gunshot\gun_C3GD-Dataset_15-oh_farm-hk_P2000-ALICE-jw92jIHNwXL7-6_w0.wav,gunshot,-10,16000,1.0,train
mix_000807,datasets/speech\speech_ref_0857.wav,datasets/gunshot\gun_C3GD-Dataset_15-nj_farm-sig_p365-BUTCH-nJExooYJ4R6j-45_w0.wav,gunshot,10,16000,1.0,train
mix_000808,datasets/speech\speech_speaker_session_19_0776.wav,datasets/gunshot\gun_C3GD-Dataset_15-nj_farm-sig_p365-BUTCH-nJExooYJ4R6j-21_w0.wav,gunshot,-10,16000,1.0,train
mix_000809,datasets/speech\speech_ref_0452.wav,datasets/gunshot\gun_C3GD-Dataset_15-oh_farm-steyr_C9A2-ERIN-RzrE6iFwG1kI-8_w0.wav,gunshot,-20,16000,1.0,train
mix_000810,datasets/speech\speech_ref_0621.wav,datasets/gunshot\gun_C3GD-Dataset_10-oh_farm-spike_m4_556-BOB-Mjt4Wualmk2E-73_w0.wav,gunshot,15,16000,1.0,train
mix_000811,datasets/speech\speech_speaker_session_11_0440.wav,datasets/gunshot\gun_C3GD-Dataset_2-oh_farm-custom_ar15_300BLK-BOB-JLX6vf3udb1F-8_w0.wav,gunshot,0,16000,1.0,train
mix_000812,datasets/speech\speech_speaker_session_17_0689.wav,datasets/gunshot\gun_C3GD-Dataset_10-ny_gravel_pit-sw_mp15-BUTCH-NheG57B0Fjws-22_w0.wav,gunshot,0,16000,1.0,train
mix_000813,datasets/speech\speech_speaker_session_19_0796.wav,datasets/other_impulse\other_impulse_0844.wav,other_impulse,-20,16000,1.0,train
mix_000814,datasets/speech\speech_speaker_session_18_0758.wav,datasets/gunshot\gun_BoltAction22_Zoom_ZM_184B_S01_w0.wav,gunshot,-15,16000,1.0,train
mix_000815,datasets/speech\speech_speaker_session_23_0938.wav,datasets/background_noise\bg_noise_0204.wav,background_noise,5,16000,1.0,train
mix_000816,datasets/speech\speech_ref_0083.wav,datasets/other_impulse\other_impulse_0471.wav,other_impulse,10,16000,1.0,train
mix_000817,datasets/speech\speech_ref_0690.wav,datasets/other_impulse\other_imp_other_imp_session_01_0062.wav,other_impulse,-5,16000,1.0,train
mix_000818,datasets/speech\speech_speaker_session_16_0674.wav,datasets/other_impulse\other_impulse_0670.wav,other_impulse,-20,16000,1.0,train
mix_000819,datasets/speech\speech_speaker_session_06_0258.wav,datasets/gunshot\gun_C3GD-Dataset_15-oh_farm-hk_P2000-ALICE-Gptk0Ykk6nRW-6_w0.wav,gunshot,20,16000,1.0,train
mix_000820,datasets/speech\speech_speaker_session_26_1053.wav,datasets/gunshot\gun_C3GD-Dataset_15-oh_farm-sig_P320-BOB-jo3tPbz41Lgc-5_w0.wav,gunshot,20,16000,1.0,train
mix_000821,datasets/speech\speech_speaker_session_09_0361.wav,datasets/gunshot\gun_C3GD-Dataset_2-oh_farm-custom_ar15_300BLK-DAVE-i1jOY9VPtkkU-58_w0.wav,gunshot,-5,16000,1.0,train
mix_000822,datasets/speech\speech_ref_0159.wav,datasets/gunshot\gun_C3GD-Dataset_2-oh_farm-custom_ar15_300BLK-ERIN-JT9NHIATnzMQ-11_w0.wav,gunshot,0,16000,1.0,train
mix_000823,datasets/speech\speech_ref_0053.wav,datasets/background_noise\bg_noise_0093.wav,background_noise,10,16000,1.0,train
mix_000824,datasets/speech\speech_speaker_session_25_1023.wav,datasets/background_noise\bg_bg_session_14_0568.wav,background_noise,20,16000,1.0,train
mix_000825,datasets/speech\speech_speaker_session_22_0888.wav,datasets/other_impulse\other_impulse_0958.wav,other_impulse,20,16000,1.0,train
mix_000826,datasets/speech\speech_speaker_session_17_0690.wav,datasets/other_impulse\other_impulse_0963.wav,other_impulse,-10,16000,1.0,train
mix_000827,datasets/speech\speech_ref_1082.wav,datasets/background_noise\bg_noise_0770.wav,background_noise,15,16000,1.0,train
mix_000828,datasets/speech\speech_ref_0971.wav,datasets/gunshot\gun_C3GD-Dataset_0-oh_farm-springfield_87A-PIXEL-iLyjoZ6DEsLu-7_w0.wav,gunshot,-10,16000,1.0,train
mix_000829,datasets/speech\speech_speaker_session_00_0037.wav,datasets/gunshot\gun_C3GD-Dataset_1-ny_gravel_pit-savage_223-DAVE-cyc89NHUIDHi-4_w0.wav,gunshot,-5,16000,1.0,train
mix_000830,datasets/speech\speech_speaker_session_02_0114.wav,datasets/background_noise\bg_noise_0867.wav,background_noise,-20,16000,1.0,train
mix_000831,datasets/speech\speech_speaker_session_22_0884.wav,datasets/gunshot\gun_C3GD-Dataset_15-oh_farm-sig_P320-DAVE-tp7KqyclMos6-9_w0.wav,gunshot,-15,16000,1.0,train
mix_000832,datasets/speech\speech_speaker_session_24_0969.wav,datasets/gunshot\gun_C3GD-Dataset_15-oh_farm-steyr_C9A2-BOB-0al9rCujzr1y-6_w0.wav,gunshot,-5,16000,1.0,train
mix_000833,datasets/speech\speech_ref_0349.wav,datasets/other_impulse\other_imp_other_imp_session_16_0676.wav,other_impulse,-10,16000,1.0,train
mix_000834,datasets/speech\speech_speaker_session_20_0823.wav,datasets/other_impulse\other_imp_other_imp_session_03_0149.wav,other_impulse,0,16000,1.0,train
mix_000835,datasets/speech\speech_ref_0429.wav,datasets/gunshot\gun_C3GD-Dataset_12-oh_farm-norinco_sks-ALICE-MLFY3TErS9EO-16_w0.wav,gunshot,-15,16000,1.0,train
mix_000836,datasets/speech\speech_ref_0385.wav,datasets/background_noise\bg_noise_0225.wav,background_noise,10,16000,1.0,train
mix_000837,datasets/speech\speech_ref_1095.wav,datasets/other_impulse\other_impulse_0715.wav,other_impulse,10,16000,1.0,train
mix_000838,datasets/speech\speech_speaker_session_27_1107.wav,datasets/other_impulse\other_impulse_0644.wav,other_impulse,5,16000,1.0,train
mix_000839,datasets/speech\speech_ref_0764.wav,datasets/gunshot\gun_C3GD-Dataset_10-oh_farm-spike_m4_556-PIXEL-IwgLphM2NQaw-56_w0.wav,gunshot,20,16000,1.0,train
mix_000840,datasets/speech\speech_ref_0927.wav,datasets/gunshot\gun_C3GD-Dataset_2-oh_farm-custom_ar15_300BLK-ALICE-QBdIBdZ0p0dz-55_w0.wav,gunshot,-20,16000,1.0,train
mix_000841,datasets/speech\speech_ref_0997.wav,datasets/other_impulse\other_imp_other_imp_session_15_0608.wav,other_impulse,20,16000,1.0,train
mix_000842,datasets/speech\speech_speaker_session_08_0355.wav,datasets/gunshot\gun_C3GD-Dataset_15-oh_farm-sig_P320-BOB-povgSzBk1SfQ-5_w0.wav,gunshot,-15,16000,1.0,train
mix_000843,datasets/speech\speech_ref_1071.wav,datasets/gunshot\gun_C3GD-Dataset_15-oh_farm-sig_P320-ALICE-Zf2RpUjw2zYN-1_w0.wav,gunshot,-10,16000,1.0,train
mix_000844,datasets/speech\speech_speaker_session_05_0215.wav,datasets/gunshot\gun_BoltAction22_Zoom_ZM_064B_S01_w0.wav,gunshot,-15,16000,1.0,train
mix_000845,datasets/speech\speech_ref_0071.wav,datasets/background_noise\bg_noise_0530.wav,background_noise,-15,16000,1.0,train
mix_000846,datasets/speech\speech_ref_0410.wav,datasets/gunshot\gun_C3GD-Dataset_11-nj_farm-savage_mh110-ALICE-X1fRvwEQOSNS-66_w0.wav,gunshot,20,16000,1.0,train
mix_000847,datasets/speech\speech_speaker_session_12_0497.wav,datasets/gunshot\gun_C3GD-Dataset_13-oh_farm-lmt_ar10-ERIN-4yw5CT7ttEZV-18_w0.wav,gunshot,10,16000,1.0,train
mix_000848,datasets/speech\speech_speaker_session_11_0477.wav,datasets/gunshot\gun_C3GD-Dataset_10-oh_farm-spike_m4_556-DAVE-LJiS5z5Ad53b-16_w0.wav,gunshot,10,16000,1.0,train
mix_000849,datasets/speech\speech_speaker_session_04_0199.wav,datasets/other_impulse\other_imp_other_imp_session_28_1128.wav,other_impulse,15,16000,1.0,train
mix_000850,datasets/speech\speech_speaker_session_27_1119.wav,datasets/other_impulse\other_impulse_0972.wav,other_impulse,15,16000,1.0,train
mix_000851,datasets/speech\speech_ref_0006.wav,datasets/background_noise\bg_bg_session_15_0613.wav,background_noise,-10,16000,1.0,train
mix_000852,datasets/speech\speech_speaker_session_19_0781.wav,datasets/gunshot\gun_C3GD-Dataset_10-oh_farm-spike_m4_556-PIXEL-IwgLphM2NQaw-44_w0.wav,gunshot,10,16000,1.0,train
mix_000853,datasets/speech\speech_ref_1183.wav,datasets/background_noise\bg_noise_1156.wav,background_noise,10,16000,1.0,train
mix_000854,datasets/speech\speech_speaker_session_26_1072.wav,datasets/background_noise\bg_bg_session_15_0635.wav,background_noise,10,16000,1.0,train
mix_000855,datasets/speech\speech_speaker_session_17_0710.wav,datasets/gunshot\gun_C3GD-Dataset_13-oh_farm-lmt_ar10-ALICE-5HOGInLkOAq1-16_w0.wav,gunshot,-5,16000,1.0,train
mix_000856,datasets/speech\speech_speaker_session_20_0804.wav,datasets/background_noise\bg_bg_session_20_0807.wav,background_noise,15,16000,1.0,train
mix_000857,datasets/speech\speech_speaker_session_28_1128.wav,datasets/gunshot\gun_C3GD-Dataset_10-oh_farm-spike_m4_556-ERIN-8XJ3dMdwafQw-12_w0.wav,gunshot,5,16000,1.0,train
mix_000858,datasets/speech\speech_ref_1113.wav,datasets/background_noise\bg_bg_session_08_0331.wav,background_noise,5,16000,1.0,train
mix_000859,datasets/speech\speech_speaker_session_25_1020.wav,datasets/gunshot\gun_C3GD-Dataset_11-nj_farm-savage_mh110-CAROL-5uK7XOyZvflm-22_w0.wav,gunshot,0,16000,1.0,train
mix_000860,datasets/speech\speech_speaker_session_15_0630.wav,datasets/gunshot\gun_C3GD-Dataset_11-nj_farm-savage_mh110-ALICE-VIwh9tsGnOqt-48_w0.wav,gunshot,15,16000,1.0,train
mix_000861,datasets/speech\speech_ref_0710.wav,datasets/background_noise\bg_noise_0409.wav,background_noise,-5,16000,1.0,train
mix_000862,datasets/speech\speech_speaker_session_13_0542.wav,datasets/background_noise\bg_noise_1001.wav,background_noise,0,16000,1.0,train
mix_000863,datasets/speech\speech_ref_0673.wav,datasets/gunshot\gun_C3GD-Dataset_15-oh_farm-steyr_C9A2-ERIN-CJzVG8h4YflI-0_w0.wav,gunshot,5,16000,1.0,train
mix_000864,datasets/speech\speech_ref_1088.wav,datasets/gunshot\gun_C3GD-Dataset_10-oh_farm-spike_m4_556-ERIN-8XJ3dMdwafQw-25_w0.wav,gunshot,10,16000,1.0,train
mix_000865,datasets/speech\speech_speaker_session_29_1175.wav,datasets/other_impulse\other_imp_other_imp_session_07_0311.wav,other_impulse,-15,16000,1.0,train
mix_000866,datasets/speech\speech_speaker_session_20_0810.wav,datasets/gunshot\gun_C3GD-Dataset_0-oh_farm-sw_mp22-ERIN-ILuAgA20Xl4i-8_w0.wav,gunshot,15,16000,1.0,train
mix_000867,datasets/speech\speech_speaker_session_15_0624.wav,datasets/gunshot\gun_C3GD-Dataset_1-ny_gravel_pit-savage_223-DAVE-cyc89NHUIDHi-33_w0.wav,gunshot,10,16000,1.0,train
mix_000868,datasets/speech\speech_speaker_session_12_0502.wav,datasets/gunshot\gun_C3GD-Dataset_2-oh_farm-custom_ar15_300BLK-PIXEL-flHp02XZTlWB-38_w0.wav,gunshot,20,16000,1.0,train
mix_000869,datasets/speech\speech_ref_0628.wav,datasets/gunshot\gun_C3GD-Dataset_15-nj_farm-sig_p365-CAROL-4c4Mgt6DlrH8-4_w0.wav,gunshot,-20,16000,1.0,train
mix_000870,datasets/speech\speech_speaker_session_07_0288.wav,datasets/other_impulse\other_impulse_0042.wav,other_impulse,-10,16000,1.0,train
mix_000871,datasets/speech\speech_ref_0838.wav,datasets/background_noise\bg_bg_session_26_1075.wav,background_noise,0,16000,1.0,train
mix_000872,datasets/speech\speech_speaker_session_15_0629.wav,datasets/gunshot\gun_C3GD-Dataset_3-ny_gravel_pit-ruger_lcp_380ACP-DAVE-2TVNSmcBPJym-22_w0.wav,gunshot,10,16000,1.0,train
mix_000873,datasets/speech\speech_speaker_session_24_0984.wav,datasets/background_noise\bg_noise_1022.wav,background_noise,20,16000,1.0,train
mix_000874,datasets/speech\speech_speaker_session_04_0179.wav,datasets/other_impulse\other_impulse_0917.wav,other_impulse,-20,16000,1.0,train
mix_000875,datasets/speech\speech_ref_0439.wav,datasets/gunshot\gun_C3GD-Dataset_0-oh_farm-sw_mp22-ALICE-jmHo21ZrVDXJ-1_w0.wav,gunshot,-5,16000,1.0,train
mix_000876,datasets/speech\speech_ref_0826.wav,datasets/gunshot\gun_C3GD-Dataset_1-ny_gravel_pit-savage_223-BOB-KJSHtpTSf1RZ-6_w0.wav,gunshot,-20,16000,1.0,train
mix_000877,datasets/speech\speech_ref_0231.wav,datasets/gunshot\gun_C3GD-Dataset_10-oh_farm-spike_m4_556-ALICE-0D30t3lA0dYO-8_w0.wav,gunshot,-20,16000,1.0,train
mix_000878,datasets/speech\speech_speaker_session_24_0995.wav,datasets/gunshot\gun_C3GD-Dataset_2-oh_farm-custom_ar15_300BLK-ALICE-QBdIBdZ0p0dz-2_w0.wav,gunshot,-20,16000,1.0,train
mix_000879,datasets/speech\speech_ref_0285.wav,datasets/gunshot\gun_C3GD-Dataset_15-nj_farm-sig_p365-ALICE-T3bFUE8iLtXt-16_w0.wav,gunshot,-5,16000,1.0,train
mix_000880,datasets/speech\speech_speaker_session_10_0403.wav,datasets/gunshot\gun_C3GD-Dataset_10-oh_farm-spike_m4_556-PIXEL-IwgLphM2NQaw-22_w0.wav,gunshot,5,16000,1.0,train
mix_000881,datasets/speech\speech_ref_1176.wav,datasets/gunshot\gun_C3GD-Dataset_2-oh_farm-custom_ar15_300BLK-BOB-JLX6vf3udb1F-63_w0.wav,gunshot,20,16000,1.0,train
mix_000882,datasets/speech\speech_ref_0376.wav,datasets/gunshot\gun_C3GD-Dataset_15-oh_farm-hk_P2000-PIXEL-1uF10Kzhvwk9-1_w0.wav,gunshot,-15,16000,1.0,train
mix_000883,datasets/speech\speech_ref_0916.wav,datasets/background_noise\bg_bg_session_12_0500.wav,background_noise,-5,16000,1.0,train
mix_000884,datasets/speech\speech_ref_0865.wav,datasets/gunshot\gun_C3GD-Dataset_15-nj_farm-sig_p365-CAROL-4c4Mgt6DlrH8-25_w0.wav,gunshot,15,16000,1.0,train
mix_000885,datasets/speech\speech_ref_1190.wav,datasets/other_impulse\other_imp_other_imp_session_03_0132.wav,other_impulse,15,16000,1.0,train
mix_000886,datasets/speech\speech_speaker_session_10_0400.wav,datasets/gunshot\gun_C3GD-Dataset_0-oh_farm-sw_mp22-ALICE-N0u4QR95sPzr-3_w0.wav,gunshot,15,16000,1.0,train
mix_000887,datasets/speech\speech_speaker_session_18_0744.wav,datasets/other_impulse\other_imp_other_imp_session_00_0015.wav,other_impulse,20,16000,1.0,train
mix_000888,datasets/speech\speech_speaker_session_28_1123.wav,datasets/gunshot\gun_C3GD-Dataset_14-oh_farm-7mm_Mauser-ALICE-coUJ1rH1Z2di-15_w0.wav,gunshot,5,16000,1.0,train
mix_000889,datasets/speech\speech_speaker_session_01_0069.wav,datasets/gunshot\gun_C3GD-Dataset_0-oh_farm-marlin_gfm60-ALICE-2Zx4Q5R1qgAD-9_w0.wav,gunshot,0,16000,1.0,train
mix_000890,datasets/speech\speech_ref_1044.wav,datasets/background_noise\bg_noise_0280.wav,background_noise,0,16000,1.0,train
mix_000891,datasets/speech\speech_speaker_session_14_0593.wav,datasets/background_noise\bg_bg_session_11_0449.wav,background_noise,10,16000,1.0,train
mix_000892,datasets/speech\speech_ref_0217.wav,datasets/background_noise\bg_bg_session_20_0813.wav,background_noise,-10,16000,1.0,train
mix_000893,datasets/speech\speech_ref_0519.wav,datasets/other_impulse\other_impulse_0975.wav,other_impulse,-5,16000,1.0,train
mix_000894,datasets/speech\speech_speaker_session_26_1079.wav,datasets/gunshot\gun_C3GD-Dataset_10-ny_gravel_pit-sw_mp15-ALICE-OgSQVUQ0EWCg-4_w0.wav,gunshot,-5,16000,1.0,train
mix_000895,datasets/speech\speech_speaker_session_12_0490.wav,datasets/gunshot\gun_C3GD-Dataset_1-ny_gravel_pit-savage_223-CAROL-cuNpYbchRi1a-0_w0.wav,gunshot,0,16000,1.0,train
mix_000896,datasets/speech\speech_speaker_session_10_0408.wav,datasets/other_impulse\other_imp_other_imp_session_26_1075.wav,other_impulse,10,16000,1.0,train
mix_000897,datasets/speech\speech_ref_0319.wav,datasets/other_impulse\other_impulse_0009.wav,other_impulse,-20,16000,1.0,train
mix_000898,datasets/speech\speech_ref_0614.wav,datasets/background_noise\bg_bg_session_03_0145.wav,background_noise,15,16000,1.0,train
mix_000899,datasets/speech\speech_ref_0294.wav,datasets/background_noise\bg_noise_0967.wav,background_noise,-10,16000,1.0,train
mix_000900,datasets/speech\speech_ref_1035.wav,datasets/other_impulse\other_imp_other_imp_session_06_0249.wav,other_impulse,-20,16000,1.0,train
mix_000901,datasets/speech\speech_speaker_session_04_0172.wav,datasets/gunshot\gun_C3GD-Dataset_10-ny_gravel_pit-sw_mp15-BOB-wfJLijD81RAC-13_w0.wav,gunshot,0,16000,1.0,train
mix_000902,datasets/speech\speech_speaker_session_00_0011.wav,datasets/other_impulse\other_imp_other_imp_session_09_0367.wav,other_impulse,0,16000,1.0,train
mix_000903,datasets/speech\speech_speaker_session_14_0567.wav,datasets/other_impulse\other_imp_other_imp_session_23_0930.wav,other_impulse,0,16000,1.0,train
mix_000904,datasets/speech\speech_speaker_session_11_0448.wav,datasets/gunshot\gun_C3GD-Dataset_15-oh_farm-sig_P320-ERIN-dcO32rh9DuOV-15_w0.wav,gunshot,10,16000,1.0,train
mix_000905,datasets/speech\speech_speaker_session_15_0631.wav,datasets/gunshot\gun_C3GD-Dataset_14-oh_farm-7mm_Mauser-ALICE-chv3xlV0eY8m-18_w0.wav,gunshot,15,16000,1.0,train
mix_000906,datasets/speech\speech_ref_0894.wav,datasets/gunshot\gun_C3GD-Dataset_10-oh_farm-spike_m4_556-ALICE-TcUw0m1Y2pBD-45_w0.wav,gunshot,-5,16000,1.0,train
mix_000907,datasets/speech\speech_ref_0362.wav,datasets/gunshot\gun_C3GD-Dataset_2-oh_farm-custom_ar15_300BLK-BOB-Nyl3u1Ql1lFU-32_w0.wav,gunshot,0,16000,1.0,train
mix_000908,datasets/speech\speech_ref_1049.wav,datasets/other_impulse\other_impulse_0130.wav,other_impulse,10,16000,1.0,train
mix_000909,datasets/speech\speech_ref_0125.wav,datasets/other_impulse\other_impulse_1176.wav,other_impulse,-15,16000,1.0,train
mix_000910,datasets/speech\speech_speaker_session_18_0749.wav,datasets/background_noise\bg_bg_session_03_0120.wav,background_noise,20,16000,1.0,train
mix_000911,datasets/speech\speech_ref_0337.wav,datasets/gunshot\gun_C3GD-Dataset_15-nj_farm-sig_p365-CAROL-4c4Mgt6DlrH8-9_w0.wav,gunshot,20,16000,1.0,train
mix_000912,datasets/speech\speech_speaker_session_16_0646.wav,datasets/other_impulse\other_imp_other_imp_session_25_1006.wav,other_impulse,0,16000,1.0,train
mix_000913,datasets/speech\speech_ref_0575.wav,datasets/gunshot\gun_C3GD-Dataset_11-nj_farm-savage_mh110-CAROL-28cChRmnkvnG-0_w0.wav,gunshot,-15,16000,1.0,train
mix_000914,datasets/speech\speech_speaker_session_00_0001.wav,datasets/gunshot\gun_C3GD-Dataset_2-oh_farm-custom_ar15_300BLK-PIXEL-4Z0CgfSYn2Ez-10_w0.wav,gunshot,-15,16000,1.0,train
mix_000915,datasets/speech\speech_ref_0061.wav,datasets/gunshot\gun_C3GD-Dataset_13-oh_farm-lmt_ar10-BOB-0T2m14m6BxyX-14_w0.wav,gunshot,0,16000,1.0,train
mix_000916,datasets/speech\speech_speaker_session_18_0727.wav,datasets/other_impulse\other_imp_other_imp_session_22_0895.wav,other_impulse,5,16000,1.0,train
mix_000917,datasets/speech\speech_speaker_session_15_0618.wav,datasets/gunshot\gun_C3GD-Dataset_10-oh_farm-spike_m4_556-PIXEL-IwgLphM2NQaw-66_w0.wav,gunshot,0,16000,1.0,train
mix_000918,datasets/speech\speech_speaker_session_27_1087.wav,datasets/other_impulse\other_imp_other_imp_session_28_1149.wav,other_impulse,0,16000,1.0,train
mix_000919,datasets/speech\speech_ref_0381.wav,datasets/gunshot\gun_C3GD-Dataset_0-oh_farm-sw_mp22-PIXEL-f5W6Yd67KJc2-14_w0.wav,gunshot,-10,16000,1.0,train
mix_000920,datasets/speech\speech_ref_0756.wav,datasets/other_impulse\other_impulse_0075.wav,other_impulse,-5,16000,1.0,train
mix_000921,datasets/speech\speech_ref_0762.wav,datasets/background_noise\bg_bg_session_23_0930.wav,background_noise,10,16000,1.0,train
mix_000922,datasets/speech\speech_ref_0098.wav,datasets/gunshot\gun_C3GD-Dataset_12-oh_farm-norinco_sks-ALICE-MLFY3TErS9EO-14_w0.wav,gunshot,-10,16000,1.0,train
mix_000923,datasets/speech\speech_speaker_session_17_0699.wav,datasets/background_noise\bg_bg_session_10_0417.wav,background_noise,15,16000,1.0,train
mix_000924,datasets/speech\speech_ref_0095.wav,datasets/gunshot\gun_C3GD-Dataset_11-nj_farm-savage_mh110-BUTCH-hBTAkYuwJ46l-22_w0.wav,gunshot,0,16000,1.0,train
mix_000925,datasets/speech\speech_ref_0087.wav,datasets/gunshot\gun_C3GD-Dataset_15-oh_farm-sig_P320-BOB-jo3tPbz41Lgc-4_w0.wav,gunshot,10,16000,1.0,train
mix_000926,datasets/speech\speech_speaker_session_20_0809.wav,datasets/gunshot\gun_C3GD-Dataset_15-oh_farm-hk_P2000-ALICE-sOYEAk27l7Nu-0_w0.wav,gunshot,-20,16000,1.0,train
mix_000927,datasets/speech\speech_speaker_session_28_1140.wav,datasets/other_impulse\other_impulse_1152.wav,other_impulse,-5,16000,1.0,train
mix_000928,datasets/speech\speech_speaker_session_26_1045.wav,datasets/gunshot\gun_C3GD-Dataset_13-oh_farm-lmt_ar10-DAVE-71Zo9dY4k135-8_w0.wav,gunshot,-5,16000,1.0,train
mix_000929,datasets/speech\speech_ref_1162.wav,datasets/other_impulse\other_impulse_0359.wav,other_impulse,15,16000,1.0,train
mix_000930,datasets/speech\speech_ref_0703.wav,datasets/gunshot\gun_C3GD-Dataset_15-nj_farm-sig_p365-ALICE-238kXOv33RM0-36_w0.wav,gunshot,20,16000,1.0,train
mix_000931,datasets/speech\speech_ref_0156.wav,datasets/gunshot\gun_C3GD-Dataset_11-nj_farm-savage_mh110-CAROL-28cChRmnkvnG-35_w0.wav,gunshot,-10,16000,1.0,train
mix_000932,datasets/speech\speech_speaker_session_29_1187.wav,datasets/other_impulse\other_imp_other_imp_session_29_1174.wav,other_impulse,20,16000,1.0,train
mix_000933,datasets/speech\speech_speaker_session_13_0524.wav,datasets/gunshot\gun_C3GD-Dataset_0-oh_farm-sw_mp22-BOB-yWwWPdTk8Evd-18_w0.wav,gunshot,0,16000,1.0,train
mix_000934,datasets/speech\speech_speaker_session_24_0971.wav,datasets/background_noise\bg_noise_0399.wav,background_noise,15,16000,1.0,train
mix_000935,datasets/speech\speech_speaker_session_25_1017.wav,datasets/background_noise\bg_noise_0896.wav,background_noise,0,16000,1.0,train
mix_000936,datasets/speech\speech_speaker_session_17_0700.wav,datasets/other_impulse\other_impulse_0759.wav,other_impulse,-10,16000,1.0,train
mix_000937,datasets/speech\speech_speaker_session_07_0290.wav,datasets/gunshot\gun_C3GD-Dataset_13-oh_farm-lmt_ar10-ALICE-RHHeuXPO7N5v-5_w0.wav,gunshot,-15,16000,1.0,train
mix_000938,datasets/speech\speech_ref_0097.wav,datasets/gunshot\gun_C3GD-Dataset_10-ny_gravel_pit-sw_mp15-BOB-CYijh1jcEQ6Y-18_w0.wav,gunshot,5,16000,1.0,train
mix_000939,datasets/speech\speech_speaker_session_29_1176.wav,datasets/gunshot\gun_C3GD-Dataset_10-ny_gravel_pit-sw_mp15-BOB-CYijh1jcEQ6Y-7_w0.wav,gunshot,0,16000,1.0,train
mix_000940,datasets/speech\speech_speaker_session_13_0546.wav,datasets/gunshot\gun_C3GD-Dataset_15-oh_farm-sig_P320-BOB-SizzvbeqnhdU-8_w0.wav,gunshot,5,16000,1.0,train
mix_000941,datasets/speech\speech_speaker_session_11_0479.wav,datasets/gunshot\gun_C3GD-Dataset_15-nj_farm-sig_p365-CAROL-4c4Mgt6DlrH8-13_w0.wav,gunshot,0,16000,1.0,train
mix_000942,datasets/speech\speech_ref_0966.wav,datasets/other_impulse\other_impulse_1193.wav,other_impulse,0,16000,1.0,train
mix_000943,datasets/speech\speech_ref_0847.wav,datasets/gunshot\gun_C3GD-Dataset_2-oh_farm-custom_ar15_300BLK-BOB-JLX6vf3udb1F-57_w0.wav,gunshot,-15,16000,1.0,train
mix_000944,datasets/speech\speech_speaker_session_28_1129.wav,datasets/gunshot\gun_C3GD-Dataset_2-oh_farm-custom_ar15_300BLK-BOB-t4tXwQn7KADM-8_w0.wav,gunshot,-20,16000,1.0,train
mix_000945,datasets/speech\speech_speaker_session_14_0568.wav,datasets/other_impulse\other_imp_other_imp_session_19_0793.wav,other_impulse,-15,16000,1.0,train
mix_000946,datasets/speech\speech_speaker_session_09_0362.wav,datasets/gunshot\gun_C3GD-Dataset_2-oh_farm-custom_ar15_300BLK-DAVE-i1jOY9VPtkkU-19_w0.wav,gunshot,-5,16000,1.0,train
mix_000947,datasets/speech\speech_ref_0909.wav,datasets/gunshot\gun_C3GD-Dataset_3-ny_gravel_pit-ruger_lcp_380ACP-BUTCH-bCvjiZaXYAFe-8_w0.wav,gunshot,-15,16000,1.0,train
mix_000948,datasets/speech\speech_ref_1013.wav,datasets/gunshot\gun_C3GD-Dataset_15-nj_farm-sig_p365-ERIN-nP971FQ1dkqF-34_w0.wav,gunshot,20,16000,1.0,train
mix_000949,datasets/speech\speech_speaker_session_25_1004.wav,datasets/gunshot\gun_C3GD-Dataset_11-nj_farm-savage_mh110-BUTCH-hBTAkYuwJ46l-8_w0.wav,gunshot,10,16000,1.0,train
mix_000950,datasets/speech\speech_ref_0220.wav,datasets/background_noise\bg_bg_session_22_0885.wav,background_noise,-10,16000,1.0,train
mix_000951,datasets/speech\speech_ref_0886.wav,datasets/background_noise\bg_noise_1050.wav,background_noise,-5,16000,1.0,train
mix_000952,datasets/speech\speech_ref_0738.wav,datasets/gunshot\gun_C3GD-Dataset_13-oh_farm-lmt_ar10-DAVE-71Zo9dY4k135-37_w0.wav,gunshot,10,16000,1.0,train
mix_000953,datasets/speech\speech_ref_0564.wav,datasets/other_impulse\other_impulse_0929.wav,other_impulse,15,16000,1.0,train
mix_000954,datasets/speech\speech_speaker_session_04_0194.wav,datasets/background_noise\bg_noise_1146.wav,background_noise,5,16000,1.0,train
mix_000955,datasets/speech\speech_speaker_session_27_1100.wav,datasets/gunshot\gun_C3GD-Dataset_0-oh_farm-sw_mp22-BOB-L1VYwU6YJSr9-6_w0.wav,gunshot,-15,16000,1.0,train
mix_000956,datasets/speech\speech_speaker_session_28_1139.wav,datasets/gunshot\gun_C3GD-Dataset_3-ny_gravel_pit-ruger_lcp_380ACP-ALICE-iTyhHd0QesY9-16_w0.wav,gunshot,5,16000,1.0,train
mix_000957,datasets/speech\speech_speaker_session_12_0506.wav,datasets/other_impulse\other_imp_other_imp_session_18_0738.wav,other_impulse,-10,16000,1.0,train
mix_000958,datasets/speech\speech_speaker_session_15_0616.wav,datasets/gunshot\gun_C3GD-Dataset_11-nj_farm-savage_mh110-JON-U8Ee7IPiAWho-11_w0.wav,gunshot,-20,16000,1.0,train
mix_000959,datasets/speech\speech_ref_0117.wav,datasets/background_noise\bg_bg_session_01_0077.wav,background_noise,15,16000,1.0,train
mix_000960,datasets/speech\speech_ref_0718.wav,datasets/gunshot\gun_C3GD-Dataset_10-oh_farm-spike_m4_556-PIXEL-IwgLphM2NQaw-16_w0.wav,gunshot,-5,16000,1.0,train
mix_000961,datasets/speech\speech_speaker_session_11_0447.wav,datasets/gunshot\gun_C3GD-Dataset_0-oh_farm-springfield_87A-ALICE-LHCJouw2E9X8-3_w0.wav,gunshot,-10,16000,1.0,train
mix_000962,datasets/speech\speech_speaker_session_21_0849.wav,datasets/gunshot\gun_C3GD-Dataset_3-ny_gravel_pit-ruger_lcp_380ACP-ALICE-iTyhHd0QesY9-6_w0.wav,gunshot,-15,16000,1.0,train
mix_000963,datasets/speech\speech_ref_0440.wav,datasets/background_noise\bg_noise_0920.wav,background_noise,10,16000,1.0,train
mix_000964,datasets/speech\speech_speaker_session_07_0300.wav,datasets/other_impulse\other_imp_other_imp_session_19_0779.wav,other_impulse,10,16000,1.0,train
mix_000965,datasets/speech\speech_speaker_session_06_0276.wav,datasets/gunshot\gun_C3GD-Dataset_15-oh_farm-hk_P30L-BOB-c8cuG2wNJD5r-12_w0.wav,gunshot,10,16000,1.0,train
mix_000966,datasets/speech\speech_ref_0464.wav,datasets/gunshot\gun_C3GD-Dataset_2-oh_farm-custom_ar15_300BLK-ERIN-JT9NHIATnzMQ-28_w0.wav,gunshot,10,16000,1.0,train
mix_000967,datasets/speech\speech_speaker_session_16_0675.wav,datasets/background_noise\bg_bg_session_01_0076.wav,background_noise,-20,16000,1.0,train
mix_000968,datasets/speech\speech_speaker_session_08_0333.wav,datasets/other_impulse\other_impulse_0345.wav,other_impulse,-5,16000,1.0,train
mix_000969,datasets/speech\speech_speaker_session_06_0243.wav,datasets/gunshot\gun_C3GD-Dataset_15-nj_farm-sig_p365-CAROL-4c4Mgt6DlrH8-34_w0.wav,gunshot,-20,16000,1.0,train
mix_000970,datasets/speech\speech_speaker_session_14_0597.wav,datasets/gunshot\gun_C3GD-Dataset_12-oh_farm-norinco_sks-BOB-RHU1sy1lNto1-23_w0.wav,gunshot,20,16000,1.0,train
mix_000971,datasets/speech\speech_ref_0332.wav,datasets/gunshot\gun_C3GD-Dataset_1-ny_gravel_pit-savage_223-ALICE-9beqPU8F1HSu-0_w0.wav,gunshot,-20,16000,1.0,train
mix_000972,datasets/speech\speech_speaker_session_02_0110.wav,datasets/background_noise\bg_bg_session_01_0067.wav,background_noise,-5,16000,1.0,train
mix_000973,datasets/speech\speech_speaker_session_07_0295.wav,datasets/gunshot\gun_C3GD-Dataset_10-ny_gravel_pit-sw_mp15-BUTCH-NheG57B0Fjws-23_w0.wav,gunshot,5,16000,1.0,train
mix_000974,datasets/speech\speech_ref_0599.wav,datasets/gunshot\gun_C3GD-Dataset_11-nj_farm-savage_mh110-ERIN-TZeme1kqdhzL-47_w0.wav,gunshot,-10,16000,1.0,train
mix_000975,datasets/speech\speech_speaker_session_28_1137.wav,datasets/background_noise\bg_noise_0482.wav,background_noise,10,16000,1.0,train
mix_000976,datasets/speech\speech_ref_0639.wav,datasets/gunshot\gun_C3GD-Dataset_3-ny_gravel_pit-ruger_lcp_380ACP-CAROL-JL5HJFTpJ6Ky-10_w0.wav,gunshot,0,16000,1.0,train
mix_000977,datasets/speech\speech_speaker_session_22_0909.wav,datasets/gunshot\gun_C3GD-Dataset_0-oh_farm-marlin_gfm60-ERIN-4KUnpSm0eest-1_w0.wav,gunshot,-15,16000,1.0,train
mix_000978,datasets/speech\speech_speaker_session_27_1118.wav,datasets/background_noise\bg_bg_session_18_0749.wav,background_noise,0,16000,1.0,train
mix_000979,datasets/speech\speech_speaker_session_21_0877.wav,datasets/gunshot\gun_C3GD-Dataset_11-nj_farm-savage_mh110-BOB-8c1Tg89yVR7j-5_w0.wav,gunshot,15,16000,1.0,train
mix_000980,datasets/speech\speech_ref_1174.wav,datasets/other_impulse\other_impulse_0124.wav,other_impulse,20,16000,1.0,train
mix_000981,datasets/speech\speech_speaker_session_24_0990.wav,datasets/gunshot\gun_C3GD-Dataset_13-oh_farm-lmt_ar10-BOB-0T2m14m6BxyX-38_w0.wav,gunshot,10,16000,1.0,train
mix_000982,datasets/speech\speech_speaker_session_03_0148.wav,datasets/background_noise\bg_noise_0992.wav,background_noise,5,16000,1.0,train
mix_000983,datasets/speech\speech_speaker_session_15_0627.wav,datasets/gunshot\gun_C3GD-Dataset_3-ny_gravel_pit-ruger_lcp_380ACP-ALICE-Zp9eQutkJS4y-15_w0.wav,gunshot,5,16000,1.0,train
mix_000984,datasets/speech\speech_speaker_session_25_1026.wav,datasets/gunshot\gun_C3GD-Dataset_0-oh_farm-sw_mp22-PIXEL-f5W6Yd67KJc2-15_w0.wav,gunshot,-10,16000,1.0,train
mix_000985,datasets/speech\speech_speaker_session_11_0461.wav,datasets/gunshot\gun_C3GD-Dataset_15-oh_farm-hk_P30L-BOB-c8cuG2wNJD5r-12_w0.wav,gunshot,-20,16000,1.0,train
mix_000986,datasets/speech\speech_ref_0454.wav,datasets/gunshot\gun_C3GD-Dataset_10-ny_gravel_pit-sw_mp15-CAROL-01Wi0Q1SxFPx-28_w0.wav,gunshot,-5,16000,1.0,train
mix_000987,datasets/speech\speech_ref_1057.wav,datasets/background_noise\bg_noise_0949.wav,background_noise,-5,16000,1.0,train
mix_000988,datasets/speech\speech_ref_0729.wav,datasets/background_noise\bg_bg_session_08_0359.wav,background_noise,20,16000,1.0,train
mix_000989,datasets/speech\speech_speaker_session_09_0393.wav,datasets/gunshot\gun_C3GD-Dataset_0-oh_farm-springfield_87A-ALICE-LHCJouw2E9X8-9_w0.wav,gunshot,-15,16000,1.0,train
mix_000990,datasets/speech\speech_ref_0110.wav,datasets/gunshot\gun_C3GD-Dataset_15-nj_farm-sig_p365-BOB-uY5xiJ1efHpq-21_w0.wav,gunshot,-20,16000,1.0,train
mix_000991,datasets/speech\speech_ref_0702.wav,datasets/gunshot\gun_C3GD-Dataset_15-nj_farm-sig_p365-CAROL-qhIEvS8T0FcO-23_w0.wav,gunshot,0,16000,1.0,train
mix_000992,datasets/speech\speech_ref_0436.wav,datasets/other_impulse\other_impulse_0361.wav,other_impulse,-20,16000,1.0,train
mix_000993,datasets/speech\speech_ref_1132.wav,datasets/other_impulse\other_imp_other_imp_session_03_0130.wav,other_impulse,-20,16000,1.0,train
mix_000994,datasets/speech\speech_speaker_session_25_1037.wav,datasets/background_noise\bg_noise_0571.wav,background_noise,-20,16000,1.0,train
mix_000995,datasets/speech\speech_speaker_session_02_0108.wav,datasets/background_noise\bg_bg_session_19_0790.wav,background_noise,-15,16000,1.0,train
mix_000996,datasets/speech\speech_ref_0062.wav,datasets/gunshot\gun_C3GD-Dataset_15-oh_farm-sig_P320-BOB-7VQjMDLoWh1N-9_w0.wav,gunshot,15,16000,1.0,train
mix_000997,datasets/speech\speech_speaker_session_00_0033.wav,datasets/gunshot\gun_C3GD-Dataset_15-nj_farm-sig_p365-ERIN-nP971FQ1dkqF-13_w0.wav,gunshot,-15,16000,1.0,train
mix_000998,datasets/speech\speech_ref_0987.wav,datasets/other_impulse\other_impulse_0566.wav,other_impulse,0,16000,1.0,train
mix_000999,datasets/speech\speech_ref_0658.wav,datasets/gunshot\gun_C3GD-Dataset_2-oh_farm-custom_ar15_300BLK-DAVE-i1jOY9VPtkkU-51_w0.wav,gunshot,-10,16000,1.0,train
mix_001000,datasets/speech\speech_speaker_session_27_1082.wav,datasets/gunshot\gun_C3GD-Dataset_1-ny_gravel_pit-savage_223-CAROL-cF2UUwwEe48n-27_w0.wav,gunshot,-20,16000,1.0,train
mix_001001,datasets/speech\speech_speaker_session_14_0583.wav,datasets/gunshot\gun_C3GD-Dataset_11-nj_farm-savage_mh110-CAROL-28cChRmnkvnG-49_w0.wav,gunshot,10,16000,1.0,train
mix_001002,datasets/speech\speech_ref_0533.wav,datasets/background_noise\bg_noise_0454.wav,background_noise,20,16000,1.0,train
mix_001003,datasets/speech\speech_speaker_session_24_0964.wav,datasets/gunshot\gun_C3GD-Dataset_10-oh_farm-spike_m4_556-ERIN-8XJ3dMdwafQw-33_w0.wav,gunshot,-10,16000,1.0,train
mix_001004,datasets/speech\speech_speaker_session_10_0415.wav,datasets/gunshot\gun_C3GD-Dataset_15-oh_farm-sig_P320-BOB-jo3tPbz41Lgc-9_w0.wav,gunshot,-15,16000,1.0,train
mix_001005,datasets/speech\speech_ref_0930.wav,datasets/gunshot\gun_C3GD-Dataset_3-ny_gravel_pit-ruger_lcp_380ACP-JON-Wjpg9aiaTIsb-13_w0.wav,gunshot,-15,16000,1.0,train
mix_001006,datasets/speech\speech_ref_0802.wav,datasets/gunshot\gun_C3GD-Dataset_11-nj_farm-savage_mh110-ALICE-X1fRvwEQOSNS-15_w0.wav,gunshot,-15,16000,1.0,train
mix_001007,datasets/speech\speech_ref_0744.wav,datasets/background_noise\bg_noise_0541.wav,background_noise,15,16000,1.0,train
mix_001008,datasets/speech\speech_ref_1157.wav,datasets/gunshot\gun_C3GD-Dataset_1-ny_gravel_pit-savage_223-BOB-KJSHtpTSf1RZ-11_w0.wav,gunshot,-5,16000,1.0,train
mix_001009,datasets/speech\speech_speaker_session_04_0196.wav,datasets/gunshot\gun_C3GD-Dataset_10-oh_farm-spike_m4_556-BOB-Mjt4Wualmk2E-69_w0.wav,gunshot,20,16000,1.0,train
mix_001010,datasets/speech\speech_speaker_session_06_0241.wav,datasets/gunshot\gun_C3GD-Dataset_1-ny_gravel_pit-savage_223-BUTCH-vmXVMZ4vutTc-11_w0.wav,gunshot,5,16000,1.0,train
mix_001011,datasets/speech\speech_ref_0226.wav,datasets/gunshot\gun_C3GD-Dataset_15-oh_farm-sig_P320-ALICE-iIjGOd9pRUnf-15_w0.wav,gunshot,0,16000,1.0,train
mix_001012,datasets/speech\speech_speaker_session_26_1044.wav,datasets/gunshot\gun_C3GD-Dataset_0-oh_farm-czusa_457-ERIN-1JrN0MitwFDS-15_w0.wav,gunshot,-20,16000,1.0,train
mix_001013,datasets/speech\speech_ref_1116.wav,datasets/other_impulse\other_impulse_0580.wav,other_impulse,15,16000,1.0,train
mix_001014,datasets/speech\speech_speaker_session_28_1124.wav,datasets/gunshot\gun_C3GD-Dataset_1-ny_gravel_pit-savage_223-CAROL-CWUeRPWgyLlF-19_w0.wav,gunshot,15,16000,1.0,train
mix_001015,datasets/speech\speech_ref_0607.wav,datasets/gunshot\gun_C3GD-Dataset_12-oh_farm-norinco_sks-PIXEL-E0i5i0DtkTlq-31_w0.wav,gunshot,-5,16000,1.0,train
mix_001016,datasets/speech\speech_speaker_session_26_1043.wav,datasets/background_noise\bg_bg_session_01_0044.wav,background_noise,-20,16000,1.0,train
mix_001017,datasets/speech\speech_ref_0370.wav,datasets/background_noise\bg_noise_0258.wav,background_noise,-15,16000,1.0,train
mix_001018,datasets/speech\speech_speaker_session_22_0883.wav,datasets/other_impulse\other_impulse_1006.wav,other_impulse,15,16000,1.0,train
mix_001019,datasets/speech\speech_speaker_session_26_1071.wav,datasets/gunshot\gun_BoltAction22_Zoom_ZM_104A_S04_w0.wav,gunshot,-15,16000,1.0,train
mix_001020,datasets/speech\speech_ref_1031.wav,datasets/gunshot\gun_C3GD-Dataset_3-ny_gravel_pit-ruger_lcp_380ACP-JON-Wjpg9aiaTIsb-15_w0.wav,gunshot,-15,16000,1.0,train
mix_001021,datasets/speech\speech_ref_0065.wav,datasets/background_noise\bg_noise_0459.wav,background_noise,0,16000,1.0,train
mix_001022,datasets/speech\speech_ref_0763.wav,datasets/other_impulse\other_imp_other_imp_session_23_0956.wav,other_impulse,-5,16000,1.0,train
mix_001023,datasets/speech\speech_speaker_session_02_0099.wav,datasets/gunshot\gun_C3GD-Dataset_2-oh_farm-custom_ar15_300BLK-ALICE-QBdIBdZ0p0dz-34_w0.wav,gunshot,0,16000,1.0,train
mix_001024,datasets/speech\speech_speaker_session_22_0892.wav,datasets/gunshot\gun_C3GD-Dataset_10-oh_farm-spike_m4_556-DAVE-LJiS5z5Ad53b-16_w0.wav,gunshot,15,16000,1.0,train
mix_001025,datasets/speech\speech_speaker_session_07_0296.wav,datasets/background_noise\bg_bg_session_20_0820.wav,background_noise,-15,16000,1.0,train
mix_001026,datasets/speech\speech_ref_0107.wav,datasets/gunshot\gun_C3GD-Dataset_0-oh_farm-sw_mp22-ALICE-jmHo21ZrVDXJ-34_w0.wav,gunshot,-20,16000,1.0,train
mix_001027,datasets/speech\speech_speaker_session_19_0792.wav,datasets/gunshot\gun_C3GD-Dataset_11-nj_farm-savage_mh110-BOB-8c1Tg89yVR7j-56_w0.wav,gunshot,5,16000,1.0,train
mix_001028,datasets/speech\speech_speaker_session_18_0721.wav,datasets/gunshot\gun_C3GD-Dataset_11-nj_farm-savage_mh110-ERIN-TZeme1kqdhzL-56_w0.wav,gunshot,10,16000,1.0,train
mix_001029,datasets/speech\speech_speaker_session_22_0902.wav,datasets/background_noise\bg_noise_0698.wav,background_noise,-15,16000,1.0,train
mix_001030,datasets/speech\speech_ref_0663.wav,datasets/background_noise\bg_bg_session_18_0751.wav,background_noise,-20,16000,1.0,train
mix_001031,datasets/speech\speech_ref_0487.wav,datasets/background_noise\bg_noise_1067.wav,background_noise,-10,16000,1.0,train
mix_001032,datasets/speech\speech_ref_0733.wav,datasets/gunshot\gun_C3GD-Dataset_12-oh_farm-norinco_sks-ERIN-KvP1tQktbMsn-31_w0.wav,gunshot,5,16000,1.0,train
mix_001033,datasets/speech\speech_ref_0030.wav,datasets/gunshot\gun_C3GD-Dataset_15-oh_farm-steyr_C9A2-BOB-qRDwv2ER8kkl-12_w0.wav,gunshot,0,16000,1.0,train
mix_001034,datasets/speech\speech_speaker_session_15_0601.wav,datasets/background_noise\bg_noise_0322.wav,background_noise,5,16000,1.0,train
mix_001035,datasets/speech\speech_speaker_session_04_0175.wav,datasets/gunshot\gun_C3GD-Dataset_13-oh_farm-lmt_ar10-DAVE-71Zo9dY4k135-38_w0.wav,gunshot,-10,16000,1.0,train
mix_001036,datasets/speech\speech_ref_0225.wav,datasets/background_noise\bg_noise_0665.wav,background_noise,10,16000,1.0,train
mix_001037,datasets/speech\speech_ref_0357.wav,datasets/gunshot\gun_C3GD-Dataset_15-oh_farm-hk_P30L-ALICE-n2BSCiwWJ5aY-9_w0.wav,gunshot,15,16000,1.0,train
mix_001038,datasets/speech\speech_ref_1146.wav,datasets/gunshot\gun_C3GD-Dataset_10-oh_farm-spike_m4_556-ERIN-8XJ3dMdwafQw-60_w0.wav,gunshot,10,16000,1.0,train
mix_001039,datasets/speech\speech_ref_0266.wav,datasets/gunshot\gun_C3GD-Dataset_2-oh_farm-custom_ar15_300BLK-ERIN-JT9NHIATnzMQ-40_w0.wav,gunshot,10,16000,1.0,train
mix_001040,datasets/speech\speech_speaker_session_02_0085.wav,datasets/other_impulse\other_imp_other_imp_session_25_1030.wav,other_impulse,-10,16000,1.0,train
mix_001041,datasets/speech\speech_speaker_session_15_0602.wav,datasets/background_noise\bg_noise_0652.wav,background_noise,-10,16000,1.0,train
mix_001042,datasets/speech\speech_speaker_session_01_0073.wav,datasets/background_noise\bg_bg_session_24_0960.wav,background_noise,-10,16000,1.0,train
mix_001043,datasets/speech\speech_speaker_session_16_0654.wav,datasets/background_noise\bg_noise_0499.wav,background_noise,10,16000,1.0,train
mix_001044,datasets/speech\speech_speaker_session_00_0023.wav,datasets/other_impulse\other_imp_other_imp_session_01_0078.wav,other_impulse,15,16000,1.0,train
mix_001045,datasets/speech\speech_ref_0477.wav,datasets/other_impulse\other_impulse_0921.wav,other_impulse,15,16000,1.0,train
mix_001046,datasets/speech\speech_ref_0442.wav,datasets/gunshot\gun_C3GD-Dataset_0-oh_farm-sw_mp22-BOB-yWwWPdTk8Evd-1_w0.wav,gunshot,10,16000,1.0,train
mix_001047,datasets/speech\speech_speaker_session_22_0900.wav,datasets/gunshot\gun_C3GD-Dataset_15-nj_farm-sig_p365-ALICE-238kXOv33RM0-38_w0.wav,gunshot,-20,16000,1.0,train
mix_001048,datasets/speech\speech_speaker_session_05_0223.wav,datasets/background_noise\bg_noise_0940.wav,background_noise,15,16000,1.0,train
mix_001049,datasets/speech\speech_ref_0420.wav,datasets/gunshot\gun_C3GD-Dataset_3-ny_gravel_pit-ruger_lcp_380ACP-ALICE-iTyhHd0QesY9-24_w0.wav,gunshot,-15,16000,1.0,train
mix_001050,datasets/speech\speech_ref_0257.wav,datasets/gunshot\gun_C3GD-Dataset_15-oh_farm-sig_P320-ALICE-SaJRFUjFN1Ux-10_w0.wav,gunshot,15,16000,1.0,train
mix_001051,datasets/speech\speech_speaker_session_12_0482.wav,datasets/background_noise\bg_bg_session_18_0753.wav,background_noise,-15,16000,1.0,train
mix_001052,datasets/speech\speech_ref_0683.wav,datasets/gunshot\gun_C3GD-Dataset_10-oh_farm-spike_m4_556-BOB-Mjt4Wualmk2E-49_w0.wav,gunshot,5,16000,1.0,train
mix_001053,datasets/speech\speech_ref_0103.wav,datasets/background_noise\bg_bg_session_05_0202.wav,background_noise,20,16000,1.0,train
mix_001054,datasets/speech\speech_ref_0043.wav,datasets/other_impulse\other_impulse_1047.wav,other_impulse,-5,16000,1.0,train
mix_001055,datasets/speech\speech_speaker_session_15_0610.wav,datasets/gunshot\gun_C3GD-Dataset_13-oh_farm-lmt_ar10-BOB-0T2m14m6BxyX-8_w0.wav,gunshot,20,16000,1.0,train
mix_001056,datasets/speech\speech_speaker_session_04_0174.wav,datasets/other_impulse\other_impulse_0170.wav,other_impulse,-15,16000,1.0,train
mix_001057,datasets/speech\speech_ref_1107.wav,datasets/gunshot\gun_C3GD-Dataset_15-oh_farm-steyr_C9A2-ALICE-sNgdZj4A8zrN-10_w0.wav,gunshot,-5,16000,1.0,train
mix_001058,datasets/speech\speech_ref_0250.wav,datasets/gunshot\gun_C3GD-Dataset_2-oh_farm-custom_ar15_300BLK-PIXEL-4Z0CgfSYn2Ez-13_w0.wav,gunshot,5,16000,1.0,train
mix_001059,datasets/speech\speech_ref_0388.wav,datasets/other_impulse\other_imp_other_imp_session_22_0908.wav,other_impulse,10,16000,1.0,train
mix_001060,datasets/speech\speech_speaker_session_01_0078.wav,datasets/gunshot\gun_BoltAction22_Zoom_ZM_084A_S02_w0.wav,gunshot,20,16000,1.0,train
mix_001061,datasets/speech\speech_ref_0815.wav,datasets/other_impulse\other_imp_other_imp_session_11_0441.wav,other_impulse,-20,16000,1.0,train
mix_001062,datasets/speech\speech_ref_0124.wav,datasets/background_noise\bg_bg_session_04_0190.wav,background_noise,-10,16000,1.0,train
mix_001063,datasets/speech\speech_speaker_session_28_1153.wav,datasets/gunshot\gun_C3GD-Dataset_3-ny_gravel_pit-ruger_lcp_380ACP-CAROL-JL5HJFTpJ6Ky-4_w0.wav,gunshot,15,16000,1.0,train
mix_001064,datasets/speech\speech_ref_0752.wav,datasets/gunshot\gun_C3GD-Dataset_3-ny_gravel_pit-ruger_lcp_380ACP-BOB-yLr0oPUfbSAa-19_w0.wav,gunshot,-10,16000,1.0,train
mix_001065,datasets/speech\speech_speaker_session_06_0240.wav,datasets/background_noise\bg_noise_0026.wav,background_noise,15,16000,1.0,train
mix_001066,datasets/speech\speech_ref_0742.wav,datasets/gunshot\gun_C3GD-Dataset_12-oh_farm-norinco_sks-ALICE-MLFY3TErS9EO-2_w0.wav,gunshot,-5,16000,1.0,train
mix_001067,datasets/speech\speech_ref_0483.wav,datasets/gunshot\gun_C3GD-Dataset_12-oh_farm-norinco_sks-PIXEL-E0i5i0DtkTlq-7_w0.wav,gunshot,0,16000,1.0,train
mix_001068,datasets/speech\speech_ref_0910.wav,datasets/background_noise\bg_bg_session_20_0824.wav,background_noise,20,16000,1.0,train
mix_001069,datasets/speech\speech_speaker_session_11_0462.wav,datasets/gunshot\gun_C3GD-Dataset_10-ny_gravel_pit-sw_mp15-BOB-CYijh1jcEQ6Y-24_w0.wav,gunshot,20,16000,1.0,train
mix_001070,datasets/speech\speech_ref_0444.wav,datasets/other_impulse\other_imp_other_imp_session_23_0940.wav,other_impulse,10,16000,1.0,train
mix_001071,datasets/speech\speech_speaker_session_10_0424.wav,datasets/gunshot\gun_C3GD-Dataset_15-oh_farm-hk_P30L-BOB-c8cuG2wNJD5r-10_w0.wav,gunshot,-5,16000,1.0,train
mix_001072,datasets/speech\speech_ref_0067.wav,datasets/background_noise\bg_noise_0091.wav,background_noise,15,16000,1.0,train
mix_001073,datasets/speech\speech_speaker_session_09_0372.wav,datasets/gunshot\gun_C3GD-Dataset_15-oh_farm-steyr_C9A2-ERIN-N7AmVZr8PqHw-12_w0.wav,gunshot,15,16000,1.0,train
mix_001074,datasets/speech\speech_speaker_session_02_0102.wav,datasets/background_noise\bg_noise_0242.wav,background_noise,15,16000,1.0,train
mix_001075,datasets/speech\speech_speaker_session_17_0686.wav,datasets/gunshot\gun_C3GD-Dataset_15-oh_farm-steyr_C9A2-PIXEL-OPs0rOimSBOE-13_w0.wav,gunshot,5,16000,1.0,train
mix_001076,datasets/speech\speech_ref_0202.wav,datasets/background_noise\bg_noise_0744.wav,background_noise,15,16000,1.0,train
mix_001077,datasets/speech\speech_speaker_session_01_0077.wav,datasets/other_impulse\other_imp_other_imp_session_27_1104.wav,other_impulse,-20,16000,1.0,train
mix_001078,datasets/speech\speech_speaker_session_00_0030.wav,datasets/background_noise\bg_noise_0481.wav,background_noise,10,16000,1.0,train
mix_001079,datasets/speech\speech_speaker_session_13_0548.wav,datasets/gunshot\gun_C3GD-Dataset_15-oh_farm-sig_P320-ALICE-xbRU1Oiy72TW-0_w0.wav,gunshot,-20,16000,1.0,train
mix_001080,datasets/speech\speech_ref_0759.wav,datasets/other_impulse\other_impulse_0728.wav,other_impulse,20,16000,1.0,train
mix_001081,datasets/speech\speech_speaker_session_08_0345.wav,datasets/background_noise\bg_bg_session_00_0002.wav,background_noise,-15,16000,1.0,train
mix_001082,datasets/speech\speech_ref_0795.wav,datasets/other_impulse\other_imp_other_imp_session_07_0299.wav,other_impulse,0,16000,1.0,train
mix_001083,datasets/speech\speech_speaker_session_12_0512.wav,datasets/gunshot\gun_C3GD-Dataset_3-ny_gravel_pit-ruger_lcp_380ACP-DAVE-2TVNSmcBPJym-5_w0.wav,gunshot,20,16000,1.0,train
mix_001084,datasets/speech\speech_speaker_session_23_0953.wav,datasets/gunshot\gun_C3GD-Dataset_1-ny_gravel_pit-savage_223-CAROL-cuNpYbchRi1a-2_w0.wav,gunshot,15,16000,1.0,train
mix_001085,datasets/speech\speech_ref_0199.wav,datasets/gunshot\gun_C3GD-Dataset_13-oh_farm-lmt_ar10-DAVE-71Zo9dY4k135-0_w0.wav,gunshot,5,16000,1.0,train
mix_001086,datasets/speech\speech_speaker_session_03_0135.wav,datasets/background_noise\bg_bg_session_22_0889.wav,background_noise,-5,16000,1.0,train
mix_001087,datasets/speech\speech_speaker_session_23_0934.wav,datasets/gunshot\gun_C3GD-Dataset_2-oh_farm-custom_ar15_300BLK-ALICE-EmUfikHTAf0o-68_w0.wav,gunshot,5,16000,1.0,train
mix_001088,datasets/speech\speech_ref_0623.wav,datasets/other_impulse\other_impulse_0777.wav,other_impulse,15,16000,1.0,train
mix_001089,datasets/speech\speech_ref_0076.wav,datasets/other_impulse\other_imp_other_imp_session_29_1167.wav,other_impulse,5,16000,1.0,train
mix_001090,datasets/speech\speech_ref_0092.wav,datasets/gunshot\gun_C3GD-Dataset_2-oh_farm-custom_ar15_300BLK-ALICE-EmUfikHTAf0o-3_w0.wav,gunshot,-15,16000,1.0,train
mix_001091,datasets/speech\speech_ref_0286.wav,datasets/background_noise\bg_noise_0396.wav,background_noise,-5,16000,1.0,train
mix_001092,datasets/speech\speech_ref_0238.wav,datasets/background_noise\bg_bg_session_00_0035.wav,background_noise,5,16000,1.0,train
mix_001093,datasets/speech\speech_speaker_session_05_0235.wav,datasets/gunshot\gun_C3GD-Dataset_14-oh_farm-7mm_Mauser-ERIN-j4Dqiw5l1IWn-4_w0.wav,gunshot,0,16000,1.0,train
mix_001094,datasets/speech\speech_speaker_session_10_0401.wav,datasets/other_impulse\other_impulse_0573.wav,other_impulse,20,16000,1.0,train
mix_001095,datasets/speech\speech_ref_0950.wav,datasets/gunshot\gun_C3GD-Dataset_15-nj_farm-sig_p365-CAROL-4c4Mgt6DlrH8-46_w0.wav,gunshot,-15,16000,1.0,train
mix_001096,datasets/speech\speech_ref_0129.wav,datasets/background_noise\bg_bg_session_18_0750.wav,background_noise,-10,16000,1.0,train
mix_001097,datasets/speech\speech_speaker_session_08_0347.wav,datasets/gunshot\gun_C3GD-Dataset_3-ny_gravel_pit-ruger_lcp_380ACP-ALICE-Zp9eQutkJS4y-8_w0.wav,gunshot,-10,16000,1.0,train
mix_001098,datasets/speech\speech_ref_0671.wav,datasets/gunshot\gun_C3GD-Dataset_15-oh_farm-hk_P30L-PIXEL-Z8wRT1n7qwOp-7_w0.wav,gunshot,-15,16000,1.0,train
mix_001099,datasets/speech\speech_ref_0051.wav,datasets/gunshot\gun_C3GD-Dataset_10-oh_farm-spike_m4_556-BOB-jQ17j9hZCGf9-0_w0.wav,gunshot,-5,16000,1.0,train
mix_001100,datasets/speech\speech_ref_0965.wav,datasets/gunshot\gun_C3GD-Dataset_0-oh_farm-sw_mp22-ERIN-ILuAgA20Xl4i-39_w0.wav,gunshot,-15,16000,1.0,train
mix_001101,datasets/speech\speech_speaker_session_01_0052.wav,datasets/gunshot\gun_C3GD-Dataset_15-oh_farm-hk_P2000-BOB-KxBE7JEPn5Ik-4_w0.wav,gunshot,-5,16000,1.0,train
mix_001102,datasets/speech\speech_speaker_session_11_0454.wav,datasets/gunshot\gun_C3GD-Dataset_2-oh_farm-custom_ar15_300BLK-ALICE-QBdIBdZ0p0dz-39_w0.wav,gunshot,-5,16000,1.0,train
mix_001103,datasets/speech\speech_ref_0760.wav,datasets/gunshot\gun_C3GD-Dataset_13-oh_farm-lmt_ar10-BOB-0T2m14m6BxyX-39_w0.wav,gunshot,-15,16000,1.0,train
mix_001104,datasets/speech\speech_speaker_session_01_0047.wav,datasets/gunshot\gun_C3GD-Dataset_15-oh_farm-sig_P320-ALICE-Zf2RpUjw2zYN-1_w0.wav,gunshot,-20,16000,1.0,train
mix_001105,datasets/speech\speech_speaker_session_23_0923.wav,datasets/other_impulse\other_imp_other_imp_session_19_0775.wav,other_impulse,-15,16000,1.0,train
mix_001106,datasets/speech\speech_ref_0754.wav,datasets/gunshot\gun_C3GD-Dataset_2-oh_farm-custom_ar15_300BLK-ALICE-EmUfikHTAf0o-0_w0.wav,gunshot,15,16000,1.0,train
mix_001107,datasets/speech\speech_speaker_session_21_0845.wav,datasets/other_impulse\other_imp_other_imp_session_29_1188.wav,other_impulse,20,16000,1.0,train
mix_001108,datasets/speech\speech_ref_0253.wav,datasets/background_noise\bg_noise_1005.wav,background_noise,15,16000,1.0,train
mix_001109,datasets/speech\speech_speaker_session_19_0798.wav,datasets/background_noise\bg_bg_session_01_0071.wav,background_noise,20,16000,1.0,train
mix_001110,datasets/speech\speech_speaker_session_05_0212.wav,datasets/background_noise\bg_bg_session_19_0795.wav,background_noise,20,16000,1.0,train
mix_001111,datasets/speech\speech_speaker_session_02_0104.wav,datasets/gunshot\gun_C3GD-Dataset_15-oh_farm-steyr_C9A2-ALICE-sNgdZj4A8zrN-10_w0.wav,gunshot,15,16000,1.0,train
mix_001112,datasets/speech\speech_ref_0808.wav,datasets/gunshot\gun_C3GD-Dataset_3-ny_gravel_pit-ruger_lcp_380ACP-DAVE-2TVNSmcBPJym-5_w0.wav,gunshot,-10,16000,1.0,train
mix_001113,datasets/speech\speech_speaker_session_08_0359.wav,datasets/other_impulse\other_impulse_1079.wav,other_impulse,-10,16000,1.0,train
mix_001114,datasets/speech\speech_ref_1129.wav,datasets/background_noise\bg_noise_0903.wav,background_noise,-15,16000,1.0,train
mix_001115,datasets/speech\speech_ref_0813.wav,datasets/gunshot\gun_C3GD-Dataset_15-oh_farm-hk_P2000-ALICE-jw92jIHNwXL7-4_w0.wav,gunshot,5,16000,1.0,train
mix_001116,datasets/speech\speech_speaker_session_06_0253.wav,datasets/gunshot\gun_C3GD-Dataset_3-ny_gravel_pit-ruger_lcp_380ACP-CAROL-JL5HJFTpJ6Ky-22_w0.wav,gunshot,10,16000,1.0,train
mix_001117,datasets/speech\speech_ref_0288.wav,datasets/gunshot\gun_C3GD-Dataset_15-oh_farm-sig_P320-BOB-jo3tPbz41Lgc-6_w0.wav,gunshot,-5,16000,1.0,train
mix_001118,datasets/speech\speech_ref_0154.wav,datasets/gunshot\gun_C3GD-Dataset_10-oh_farm-spike_m4_556-PIXEL-IwgLphM2NQaw-17_w0.wav,gunshot,10,16000,1.0,train
mix_001119,datasets/speech\speech_speaker_session_29_1173.wav,datasets/gunshot\gun_C3GD-Dataset_13-oh_farm-lmt_ar10-DAVE-71Zo9dY4k135-3_w0.wav,gunshot,0,16000,1.0,train
mix_001120,datasets/speech\speech_speaker_session_19_0761.wav,datasets/gunshot\gun_C3GD-Dataset_2-oh_farm-custom_ar15_300BLK-ALICE-EmUfikHTAf0o-44_w0.wav,gunshot,-10,16000,1.0,train
mix_001121,datasets/speech\speech_speaker_session_22_0901.wav,datasets/background_noise\bg_noise_1063.wav,background_noise,10,16000,1.0,train
mix_001122,datasets/speech\speech_ref_1136.wav,datasets/other_impulse\other_imp_other_imp_session_06_0271.wav,other_impulse,20,16000,1.0,train
mix_001123,datasets/speech\speech_speaker_session_26_1050.wav,datasets/gunshot\gun_C3GD-Dataset_11-nj_farm-savage_mh110-CAROL-28cChRmnkvnG-16_w0.wav,gunshot,20,16000,1.0,train
mix_001124,datasets/speech\speech_ref_0526.wav,datasets/gunshot\gun_C3GD-Dataset_11-nj_farm-savage_mh110-JON-U8Ee7IPiAWho-1_w0.wav,gunshot,20,16000,1.0,train
mix_001125,datasets/speech\speech_ref_0336.wav,datasets/other_impulse\other_imp_other_imp_session_19_0764.wav,other_impulse,-5,16000,1.0,train
mix_001126,datasets/speech\speech_speaker_session_13_0538.wav,datasets/gunshot\gun_C3GD-Dataset_1-ny_gravel_pit-savage_223-BOB-KJSHtpTSf1RZ-9_w0.wav,gunshot,-5,16000,1.0,train
mix_001127,datasets/speech\speech_ref_1027.wav,datasets/other_impulse\other_imp_other_imp_session_15_0626.wav,other_impulse,0,16000,1.0,train
mix_001128,datasets/speech\speech_ref_1195.wav,datasets/gunshot\gun_C3GD-Dataset_13-oh_farm-lmt_ar10-ERIN-4yw5CT7ttEZV-3_w0.wav,gunshot,-10,16000,1.0,train
mix_001129,datasets/speech\speech_ref_0749.wav,datasets/other_impulse\other_imp_other_imp_session_26_1051.wav,other_impulse,-10,16000,1.0,train
mix_001130,datasets/speech\speech_speaker_session_12_0491.wav,datasets/gunshot\gun_C3GD-Dataset_3-ny_gravel_pit-ruger_lcp_380ACP-CAROL-JL5HJFTpJ6Ky-19_w0.wav,gunshot,20,16000,1.0,train
mix_001131,datasets/speech\speech_ref_0270.wav,datasets/other_impulse\other_imp_other_imp_session_20_0834.wav,other_impulse,5,16000,1.0,train
mix_001132,datasets/speech\speech_ref_0411.wav,datasets/background_noise\bg_noise_0690.wav,background_noise,5,16000,1.0,train
mix_001133,datasets/speech\speech_ref_0359.wav,datasets/other_impulse\other_impulse_0812.wav,other_impulse,15,16000,1.0,train
mix_001134,datasets/speech\speech_speaker_session_02_0091.wav,datasets/other_impulse\other_impulse_1148.wav,other_impulse,10,16000,1.0,train
mix_001135,datasets/speech\speech_speaker_session_12_0503.wav,datasets/other_impulse\other_impulse_0347.wav,other_impulse,0,16000,1.0,train
mix_001136,datasets/speech\speech_ref_1158.wav,datasets/gunshot\gun_C3GD-Dataset_15-oh_farm-sig_P320-DAVE-RnHmQd98noYs-5_w0.wav,gunshot,-20,16000,1.0,train
mix_001137,datasets/speech\speech_ref_0184.wav,datasets/other_impulse\other_impulse_0164.wav,other_impulse,-15,16000,1.0,train
mix_001138,datasets/speech\speech_ref_0269.wav,datasets/background_noise\bg_bg_session_10_0414.wav,background_noise,10,16000,1.0,train
mix_001139,datasets/speech\speech_ref_0747.wav,datasets/background_noise\bg_noise_1181.wav,background_noise,-20,16000,1.0,train
mix_001140,datasets/speech\speech_ref_0068.wav,datasets/background_noise\bg_bg_session_23_0927.wav,background_noise,-5,16000,1.0,train
mix_001141,datasets/speech\speech_speaker_session_07_0280.wav,datasets/gunshot\gun_C3GD-Dataset_10-oh_farm-spike_m4_556-DAVE-LJiS5z5Ad53b-59_w0.wav,gunshot,-10,16000,1.0,train
mix_001142,datasets/speech\speech_ref_0632.wav,datasets/gunshot\gun_C3GD-Dataset_11-nj_farm-savage_mh110-ALICE-X1fRvwEQOSNS-73_w0.wav,gunshot,0,16000,1.0,train
mix_001143,datasets/speech\speech_ref_0080.wav,datasets/background_noise\bg_noise_1199.wav,background_noise,-20,16000,1.0,train
mix_001144,datasets/speech\speech_ref_0198.wav,datasets/gunshot\gun_C3GD-Dataset_11-nj_farm-savage_mh110-BUTCH-hBTAkYuwJ46l-15_w0.wav,gunshot,-5,16000,1.0,train
mix_001145,datasets/speech\speech_speaker_session_23_0939.wav,datasets/other_impulse\other_impulse_0466.wav,other_impulse,-20,16000,1.0,train
mix_001146,datasets/speech\speech_ref_0513.wav,datasets/gunshot\gun_C3GD-Dataset_15-nj_farm-sig_p365-ALICE-238kXOv33RM0-39_w0.wav,gunshot,15,16000,1.0,train
mix_001147,datasets/speech\speech_speaker_session_28_1154.wav,datasets/background_noise\bg_noise_0479.wav,background_noise,20,16000,1.0,train
mix_001148,datasets/speech\speech_speaker_session_19_0773.wav,datasets/gunshot\gun_C3GD-Dataset_10-ny_gravel_pit-sw_mp15-BOB-wfJLijD81RAC-21_w0.wav,gunshot,20,16000,1.0,train
mix_001149,datasets/speech\speech_ref_0721.wav,datasets/gunshot\gun_C3GD-Dataset_15-oh_farm-hk_P2000-ALICE-sOYEAk27l7Nu-6_w0.wav,gunshot,-5,16000,1.0,train
mix_001150,datasets/speech\speech_ref_0471.wav,datasets/gunshot\gun_C3GD-Dataset_3-ny_gravel_pit-ruger_lcp_380ACP-ERIN-7WYYO4zK0hPS-43_w0.wav,gunshot,0,16000,1.0,train
mix_001151,datasets/speech\speech_ref_0586.wav,datasets/background_noise\bg_bg_session_19_0769.wav,background_noise,10,16000,1.0,train
mix_001152,datasets/speech\speech_ref_1017.wav,datasets/gunshot\gun_C3GD-Dataset_15-oh_farm-hk_P2000-ALICE-jw92jIHNwXL7-6_w0.wav,gunshot,10,16000,1.0,train
mix_001153,datasets/speech\speech_ref_0100.wav,datasets/gunshot\gun_C3GD-Dataset_11-nj_farm-savage_mh110-ERIN-TZeme1kqdhzL-55_w0.wav,gunshot,20,16000,1.0,train
mix_001154,datasets/speech\speech_ref_0016.wav,datasets/background_noise\bg_bg_session_22_0881.wav,background_noise,-20,16000,1.0,train
mix_001155,datasets/speech\speech_speaker_session_14_0595.wav,datasets/gunshot\gun_C3GD-Dataset_10-oh_farm-spike_m4_556-ALICE-TcUw0m1Y2pBD-35_w0.wav,gunshot,-5,16000,1.0,train
mix_001156,datasets/speech\speech_ref_0810.wav,datasets/other_impulse\other_imp_other_imp_session_14_0567.wav,other_impulse,15,16000,1.0,train
mix_001157,datasets/speech\speech_ref_0044.wav,datasets/gunshot\gun_C3GD-Dataset_10-ny_gravel_pit-sw_mp15-BUTCH-NheG57B0Fjws-12_w0.wav,gunshot,5,16000,1.0,train
mix_001158,datasets/speech\speech_ref_0604.wav,datasets/other_impulse\other_imp_other_imp_session_01_0040.wav,other_impulse,20,16000,1.0,train
mix_001159,datasets/speech\speech_speaker_session_18_0732.wav,datasets/other_impulse\other_imp_other_imp_session_07_0285.wav,other_impulse,-5,16000,1.0,train
mix_001160,datasets/speech\speech_ref_0735.wav,datasets/gunshot\gun_C3GD-Dataset_1-ny_gravel_pit-savage_223-ALICE-U8R1seWsdHIr-3_w0.wav,gunshot,0,16000,1.0,train
mix_001161,datasets/speech\speech_ref_0781.wav,datasets/gunshot\gun_C3GD-Dataset_2-oh_farm-custom_ar15_300BLK-ALICE-6eogwcGpfgUH-11_w0.wav,gunshot,-10,16000,1.0,train
mix_001162,datasets/speech\speech_ref_0485.wav,datasets/background_noise\bg_noise_0020.wav,background_noise,-10,16000,1.0,train
mix_001163,datasets/speech\speech_speaker_session_17_0696.wav,datasets/gunshot\gun_C3GD-Dataset_0-oh_farm-sw_mp22-ALICE-jmHo21ZrVDXJ-20_w0.wav,gunshot,20,16000,1.0,train
mix_001164,datasets/speech\speech_ref_0989.wav,datasets/background_noise\bg_noise_0755.wav,background_noise,10,16000,1.0,train
mix_001165,datasets/speech\speech_speaker_session_28_1151.wav,datasets/background_noise\bg_bg_session_16_0665.wav,background_noise,10,16000,1.0,train
mix_001166,datasets/speech\speech_speaker_session_16_0676.wav,datasets/gunshot\gun_C3GD-Dataset_11-nj_farm-savage_mh110-ALICE-VIwh9tsGnOqt-29_w0.wav,gunshot,20,16000,1.0,train
mix_001167,datasets/speech\speech_ref_0618.wav,datasets/gunshot\gun_C3GD-Dataset_10-oh_farm-spike_m4_556-DAVE-LJiS5z5Ad53b-18_w0.wav,gunshot,-10,16000,1.0,train
mix_001168,datasets/speech\speech_speaker_session_00_0034.wav,datasets/gunshot\gun_C3GD-Dataset_0-oh_farm-czusa_457-ERIN-1JrN0MitwFDS-2_w0.wav,gunshot,0,16000,1.0,train
mix_001169,datasets/speech\speech_speaker_session_04_0176.wav,datasets/background_noise\bg_bg_session_02_0092.wav,background_noise,5,16000,1.0,train
mix_001170,datasets/speech\speech_ref_0868.wav,datasets/gunshot\gun_C3GD-Dataset_2-oh_farm-custom_ar15_300BLK-BOB-Nyl3u1Ql1lFU-27_w0.wav,gunshot,-10,16000,1.0,train
mix_001171,datasets/speech\speech_ref_0612.wav,datasets/background_noise\bg_bg_session_16_0654.wav,background_noise,-10,16000,1.0,train
mix_001172,datasets/speech\speech_speaker_session_19_0782.wav,datasets/gunshot\gun_C3GD-Dataset_12-oh_farm-norinco_sks-BOB-RHU1sy1lNto1-29_w0.wav,gunshot,-20,16000,1.0,train
mix_001173,datasets/speech\speech_speaker_session_17_0703.wav,datasets/other_impulse\other_imp_other_imp_session_16_0646.wav,other_impulse,0,16000,1.0,train
mix_001174,datasets/speech\speech_speaker_session_29_1163.wav,datasets/gunshot\gun_C3GD-Dataset_3-ny_gravel_pit-ruger_lcp_380ACP-ALICE-Zp9eQutkJS4y-20_w0.wav,gunshot,20,16000,1.0,train
mix_001175,datasets/speech\speech_ref_0323.wav,datasets/gunshot\gun_C3GD-Dataset_15-nj_farm-sig_p365-ALICE-238kXOv33RM0-2_w0.wav,gunshot,-15,16000,1.0,train
mix_001176,datasets/speech\speech_ref_1119.wav,datasets/gunshot\gun_C3GD-Dataset_12-oh_farm-norinco_sks-ALICE-CGQDN3Sb9qo5-18_w0.wav,gunshot,20,16000,1.0,train
mix_001177,datasets/speech\speech_speaker_session_02_0115.wav,datasets/gunshot\gun_C3GD-Dataset_10-ny_gravel_pit-sw_mp15-ALICE-OgSQVUQ0EWCg-10_w0.wav,gunshot,-10,16000,1.0,train
mix_001178,datasets/speech\speech_speaker_session_12_0485.wav,datasets/other_impulse\other_impulse_0129.wav,other_impulse,-15,16000,1.0,train
mix_001179,datasets/speech\speech_ref_0019.wav,datasets/gunshot\gun_C3GD-Dataset_3-ny_gravel_pit-ruger_lcp_380ACP-CAROL-JL5HJFTpJ6Ky-38_w0.wav,gunshot,-10,16000,1.0,train
mix_001180,datasets/speech\speech_speaker_session_21_0865.wav,datasets/gunshot\gun_C3GD-Dataset_15-oh_farm-sig_P320-BOB-0xPxL0niRcMJ-7_w0.wav,gunshot,20,16000,1.0,train
mix_001181,datasets/speech\speech_speaker_session_20_0835.wav,datasets/other_impulse\other_impulse_0398.wav,other_impulse,10,16000,1.0,train
mix_001182,datasets/speech\speech_ref_0520.wav,datasets/background_noise\bg_noise_0306.wav,background_noise,5,16000,1.0,train
mix_001183,datasets/speech\speech_ref_0944.wav,datasets/gunshot\gun_C3GD-Dataset_10-ny_gravel_pit-sw_mp15-ALICE-OgSQVUQ0EWCg-2_w0.wav,gunshot,-5,16000,1.0,train
mix_001184,datasets/speech\speech_ref_0475.wav,datasets/gunshot\gun_C3GD-Dataset_13-oh_farm-lmt_ar10-ALICE-5HOGInLkOAq1-21_w0.wav,gunshot,5,16000,1.0,train
mix_001185,datasets/speech\speech_ref_0293.wav,datasets/gunshot\gun_C3GD-Dataset_15-nj_farm-sig_p365-ALICE-T3bFUE8iLtXt-22_w0.wav,gunshot,0,16000,1.0,train
mix_001186,datasets/speech\speech_ref_1019.wav,datasets/gunshot\gun_C3GD-Dataset_10-ny_gravel_pit-sw_mp15-ALICE-o9gnNLXOh817-16_w0.wav,gunshot,20,16000,1.0,train
mix_001187,datasets/speech\speech_ref_0493.wav,datasets/gunshot\gun_C3GD-Dataset_2-oh_farm-custom_ar15_300BLK-DAVE-i1jOY9VPtkkU-59_w0.wav,gunshot,20,16000,1.0,train
mix_001188,datasets/speech\speech_speaker_session_20_0832.wav,datasets/other_impulse\other_imp_other_imp_session_25_1038.wav,other_impulse,-20,16000,1.0,train
mix_001189,datasets/speech\speech_ref_0161.wav,datasets/background_noise\bg_noise_0679.wav,background_noise,5,16000,1.0,train
mix_001190,datasets/speech\speech_speaker_session_27_1084.wav,datasets/gunshot\gun_C3GD-Dataset_15-oh_farm-steyr_C9A2-ERIN-RzrE6iFwG1kI-6_w0.wav,gunshot,-5,16000,1.0,train
mix_001191,datasets/speech\speech_ref_0348.wav,datasets/other_impulse\other_imp_other_imp_session_23_0922.wav,other_impulse,-5,16000,1.0,train
mix_001192,datasets/speech\speech_ref_0368.wav,datasets/background_noise\bg_bg_session_16_0653.wav,background_noise,5,16000,1.0,train
mix_001193,datasets/speech\speech_speaker_session_10_0431.wav,datasets/gunshot\gun_C3GD-Dataset_15-nj_farm-sig_p365-ERIN-nP971FQ1dkqF-2_w0.wav,gunshot,-15,16000,1.0,train
mix_001194,datasets/speech\speech_speaker_session_03_0146.wav,datasets/gunshot\gun_C3GD-Dataset_15-oh_farm-hk_P2000-ALICE-59X0C1qZZKdQ-0_w0.wav,gunshot,0,16000,1.0,train
mix_001195,datasets/speech\speech_speaker_session_25_1029.wav,datasets/other_impulse\other_impulse_0451.wav,other_impulse,0,16000,1.0,train
mix_001196,datasets/speech\speech_ref_0500.wav,datasets/background_noise\bg_bg_session_10_0404.wav,background_noise,20,16000,1.0,train
mix_001197,datasets/speech\speech_ref_0298.wav,datasets/gunshot\gun_C3GD-Dataset_15-nj_farm-sig_p365-CAROL-qhIEvS8T0FcO-1_w0.wav,gunshot,20,16000,1.0,train
mix_001198,datasets/speech\speech_ref_0882.wav,datasets/gunshot\gun_C3GD-Dataset_3-ny_gravel_pit-ruger_lcp_380ACP-ERIN-7WYYO4zK0hPS-11_w0.wav,gunshot,15,16000,1.0,train
mix_001199,datasets/speech\speech_ref_0767.wav,datasets/gunshot\gun_C3GD-Dataset_2-oh_farm-custom_ar15_300BLK-PIXEL-flHp02XZTlWB-72_w0.wav,gunshot,-20,16000,1.0,train
mix_001200,datasets/speech\speech_speaker_session_21_0848.wav,datasets/gunshot\gun_C3GD-Dataset_11-nj_farm-savage_mh110-BUTCH-hBTAkYuwJ46l-34_w0.wav,gunshot,-5,16000,1.0,train
mix_001201,datasets/speech\speech_ref_0600.wav,datasets/gunshot\gun_C3GD-Dataset_12-oh_farm-norinco_sks-ALICE-MLFY3TErS9EO-25_w0.wav,gunshot,20,16000,1.0,train
mix_001202,datasets/speech\speech_ref_0114.wav,datasets/background_noise\bg_noise_0149.wav,background_noise,-15,16000,1.0,train
mix_001203,datasets/speech\speech_ref_0664.wav,datasets/gunshot\gun_C3GD-Dataset_0-oh_farm-marlin_gfm60-ERIN-4KUnpSm0eest-7_w0.wav,gunshot,20,16000,1.0,train
mix_001204,datasets/speech\speech_speaker_session_16_0673.wav,datasets/other_impulse\other_impulse_0336.wav,other_impulse,-20,16000,1.0,train
mix_001205,datasets/speech\speech_speaker_session_02_0111.wav,datasets/other_impulse\other_imp_other_imp_session_16_0671.wav,other_impulse,-15,16000,1.0,train
mix_001206,datasets/speech\speech_ref_0613.wav,datasets/gunshot\gun_C3GD-Dataset_1-ny_gravel_pit-savage_223-DAVE-cyc89NHUIDHi-24_w0.wav,gunshot,-5,16000,1.0,train
mix_001207,datasets/speech\speech_ref_0340.wav,datasets/gunshot\gun_C3GD-Dataset_15-oh_farm-sig_P320-ERIN-dcO32rh9DuOV-7_w0.wav,gunshot,-15,16000,1.0,train
mix_001208,datasets/speech\speech_ref_0908.wav,datasets/gunshot\gun_C3GD-Dataset_1-ny_gravel_pit-savage_223-CAROL-cF2UUwwEe48n-29_w0.wav,gunshot,20,16000,1.0,train
mix_001209,datasets/speech\speech_speaker_session_00_0038.wav,datasets/gunshot\gun_C3GD-Dataset_15-oh_farm-steyr_C9A2-BOB-0al9rCujzr1y-3_w0.wav,gunshot,-15,16000,1.0,train
mix_001210,datasets/speech\speech_ref_0201.wav,datasets/gunshot\gun_C3GD-Dataset_0-oh_farm-czusa_457-ALICE-R5zBOntDcTqx-21_w0.wav,gunshot,-20,16000,1.0,train
mix_001211,datasets/speech\speech_ref_0888.wav,datasets/gunshot\gun_C3GD-Dataset_2-oh_farm-custom_ar15_300BLK-ALICE-QBdIBdZ0p0dz-70_w0.wav,gunshot,5,16000,1.0,train
mix_001212,datasets/speech\speech_ref_0185.wav,datasets/background_noise\bg_bg_session_15_0620.wav,background_noise,-15,16000,1.0,train
mix_001213,datasets/speech\speech_speaker_session_07_0303.wav,datasets/background_noise\bg_noise_0000.wav,background_noise,-20,16000,1.0,train
mix_001214,datasets/speech\speech_ref_0588.wav,datasets/gunshot\gun_C3GD-Dataset_0-oh_farm-sw_mp22-ALICE-N0u4QR95sPzr-9_w0.wav,gunshot,0,16000,1.0,train
mix_001215,datasets/speech\speech_speaker_session_14_0590.wav,datasets/other_impulse\other_impulse_0743.wav,other_impulse,-15,16000,1.0,train
mix_001216,datasets/speech\speech_speaker_session_12_0486.wav,datasets/other_impulse\other_impulse_1020.wav,other_impulse,-5,16000,1.0,train
mix_001217,datasets/speech\speech_ref_0073.wav,datasets/gunshot\gun_C3GD-Dataset_10-oh_farm-spike_m4_556-BOB-jQ17j9hZCGf9-74_w0.wav,gunshot,10,16000,1.0,train
mix_001218,datasets/speech\speech_ref_1108.wav,datasets/gunshot\gun_C3GD-Dataset_15-oh_farm-hk_P2000-ALICE-SIVQOAPJWgxw-5_w0.wav,gunshot,15,16000,1.0,train
mix_001219,datasets/speech\speech_speaker_session_16_0669.wav,datasets/other_impulse\other_imp_other_imp_session_18_0725.wav,other_impulse,10,16000,1.0,train
mix_001220,datasets/speech\speech_ref_0648.wav,datasets/gunshot\gun_C3GD-Dataset_15-oh_farm-steyr_C9A2-ALICE-sNgdZj4A8zrN-13_w0.wav,gunshot,5,16000,1.0,train
mix_001221,datasets/speech\speech_ref_0778.wav,datasets/background_noise\bg_bg_session_06_0276.wav,background_noise,10,16000,1.0,train
mix_001222,datasets/speech\speech_speaker_session_27_1080.wav,datasets/background_noise\bg_noise_0738.wav,background_noise,20,16000,1.0,train
mix_001223,datasets/speech\speech_speaker_session_20_0811.wav,datasets/background_noise\bg_bg_session_02_0096.wav,background_noise,-15,16000,1.0,train
mix_001224,datasets/speech\speech_speaker_session_04_0182.wav,datasets/other_impulse\other_impulse_1194.wav,other_impulse,-20,16000,1.0,train
mix_001225,datasets/speech\speech_speaker_session_26_1065.wav,datasets/background_noise\bg_bg_session_29_1189.wav,background_noise,5,16000,1.0,train
mix_001226,datasets/speech\speech_ref_0693.wav,datasets/gunshot\gun_C3GD-Dataset_3-ny_gravel_pit-ruger_lcp_380ACP-CAROL-cAhkPVua21Ap-43_w0.wav,gunshot,-15,16000,1.0,train
mix_001227,datasets/speech\speech_speaker_session_22_0911.wav,datasets/gunshot\gun_C3GD-Dataset_11-nj_farm-savage_mh110-BOB-8c1Tg89yVR7j-45_w0.wav,gunshot,0,16000,1.0,train
mix_001228,datasets/speech\speech_speaker_session_27_1101.wav,datasets/other_impulse\other_imp_other_imp_session_08_0337.wav,other_impulse,-15,16000,1.0,train
mix_001229,datasets/speech\speech_speaker_session_22_0910.wav,datasets/gunshot\gun_C3GD-Dataset_11-nj_farm-savage_mh110-ALICE-VIwh9tsGnOqt-65_w0.wav,gunshot,15,16000,1.0,train
mix_001230,datasets/speech\speech_ref_0316.wav,datasets/gunshot\gun_C3GD-Dataset_15-nj_farm-sig_p365-ERIN-nP971FQ1dkqF-30_w0.wav,gunshot,10,16000,1.0,train
mix_001231,datasets/speech\speech_ref_0839.wav,datasets/background_noise\bg_bg_session_12_0504.wav,background_noise,15,16000,1.0,train
mix_001232,datasets/speech\speech_ref_0295.wav,datasets/gunshot\gun_C3GD-Dataset_0-oh_farm-czusa_457-BOB-jtxibWlq18a3-18_w0.wav,gunshot,20,16000,1.0,train
mix_001233,datasets/speech\speech_ref_0031.wav,datasets/gunshot\gun_C3GD-Dataset_10-ny_gravel_pit-sw_mp15-ALICE-OgSQVUQ0EWCg-0_w0.wav,gunshot,-10,16000,1.0,train
mix_001234,datasets/speech\speech_speaker_session_02_0087.wav,datasets/gunshot\gun_C3GD-Dataset_15-oh_farm-hk_P2000-BOB-HLiRfcmasoKr-6_w0.wav,gunshot,20,16000,1.0,train
mix_001235,datasets/speech\speech_ref_1077.wav,datasets/gunshot\gun_C3GD-Dataset_11-nj_farm-savage_mh110-BUTCH-hBTAkYuwJ46l-12_w0.wav,gunshot,-10,16000,1.0,train
mix_001236,datasets/speech\speech_ref_0204.wav,datasets/gunshot\gun_C3GD-Dataset_11-nj_farm-savage_mh110-BUTCH-hBTAkYuwJ46l-59_w0.wav,gunshot,5,16000,1.0,train
mix_001237,datasets/speech\speech_ref_0901.wav,datasets/background_noise\bg_bg_session_04_0182.wav,background_noise,20,16000,1.0,train
mix_001238,datasets/speech\speech_speaker_session_07_0306.wav,datasets/other_impulse\other_impulse_0694.wav,other_impulse,-10,16000,1.0,train
mix_001239,datasets/speech\speech_ref_0679.wav,datasets/background_noise\bg_noise_0819.wav,background_noise,-20,16000,1.0,train
mix_001240,datasets/speech\speech_speaker_session_00_0008.wav,datasets/background_noise\bg_bg_session_02_0082.wav,background_noise,10,16000,1.0,train
mix_001241,datasets/speech\speech_speaker_session_22_0886.wav,datasets/other_impulse\other_impulse_0400.wav,other_impulse,20,16000,1.0,train
mix_001242,datasets/speech\speech_speaker_session_07_0289.wav,datasets/background_noise\bg_noise_0194.wav,background_noise,0,16000,1.0,train
mix_001243,datasets/speech\speech_speaker_session_03_0141.wav,datasets/gunshot\gun_C3GD-Dataset_1-ny_gravel_pit-savage_223-DAVE-cyc89NHUIDHi-13_w0.wav,gunshot,5,16000,1.0,train
mix_001244,datasets/speech\speech_speaker_session_03_0145.wav,datasets/gunshot\gun_C3GD-Dataset_1-ny_gravel_pit-savage_223-DAVE-cyc89NHUIDHi-39_w0.wav,gunshot,10,16000,1.0,train
mix_001245,datasets/speech\speech_ref_0311.wav,datasets/other_impulse\other_imp_other_imp_session_24_0982.wav,other_impulse,20,16000,1.0,train
mix_001246,datasets/speech\speech_ref_0790.wav,datasets/background_noise\bg_noise_1133.wav,background_noise,-10,16000,1.0,train
mix_001247,datasets/speech\speech_ref_0780.wav,datasets/gunshot\gun_C3GD-Dataset_0-oh_farm-sw_mp22-DAVE-PorbzdaQTbqS-23_w0.wav,gunshot,-5,16000,1.0,train
mix_001248,datasets/speech\speech_speaker_session_26_1060.wav,datasets/other_impulse\other_imp_other_imp_session_12_0507.wav,other_impulse,0,16000,1.0,train
mix_001249,datasets/speech\speech_ref_0651.wav,datasets/gunshot\gun_C3GD-Dataset_1-ny_gravel_pit-savage_223-ALICE-zNHc0efQT0kF-1_w0.wav,gunshot,-15,16000,1.0,train
mix_001250,datasets/speech\speech_ref_0089.wav,datasets/gunshot\gun_C3GD-Dataset_0-oh_farm-sw_mp22-BOB-yWwWPdTk8Evd-21_w0.wav,gunshot,-20,16000,1.0,train
mix_001251,datasets/speech\speech_ref_0841.wav,datasets/other_impulse\other_impulse_0592.wav,other_impulse,15,16000,1.0,train
mix_001252,datasets/speech\speech_speaker_session_07_0318.wav,datasets/other_impulse\other_imp_other_imp_session_24_0962.wav,other_impulse,20,16000,1.0,train
mix_001253,datasets/speech\speech_speaker_session_14_0581.wav,datasets/background_noise\bg_bg_session_29_1198.wav,background_noise,0,16000,1.0,train
mix_001254,datasets/speech\speech_ref_1171.wav,datasets/background_noise\bg_bg_session_27_1103.wav,background_noise,0,16000,1.0,train
mix_001255,datasets/speech\speech_speaker_session_23_0956.wav,datasets/background_noise\bg_noise_0408.wav,background_noise,-5,16000,1.0,train
mix_001256,datasets/speech\speech_speaker_session_25_1001.wav,datasets/other_impulse\other_impulse_1112.wav,other_impulse,15,16000,1.0,train
mix_001257,datasets/speech\speech_speaker_session_17_0705.wav,datasets/gunshot\gun_C3GD-Dataset_12-oh_farm-norinco_sks-PIXEL-E0i5i0DtkTlq-6_w0.wav,gunshot,5,16000,1.0,train
mix_001258,datasets/speech\speech_speaker_session_16_0666.wav,datasets/background_noise\bg_noise_0900.wav,background_noise,-5,16000,1.0,train
mix_001259,datasets/speech\speech_ref_0772.wav,datasets/background_noise\bg_noise_0439.wav,background_noise,0,16000,1.0,train
mix_001260,datasets/speech\speech_ref_1112.wav,datasets/other_impulse\other_imp_other_imp_session_13_0550.wav,other_impulse,-15,16000,1.0,train
mix_001261,datasets/speech\speech_speaker_session_05_0230.wav,datasets/gunshot\gun_C3GD-Dataset_1-ny_gravel_pit-savage_223-ALICE-U8R1seWsdHIr-3_w0.wav,gunshot,5,16000,1.0,train
mix_001262,datasets/speech\speech_ref_0680.wav,datasets/gunshot\gun_C3GD-Dataset_2-oh_farm-custom_ar15_300BLK-PIXEL-flHp02XZTlWB-59_w0.wav,gunshot,15,16000,1.0,train
mix_001263,datasets/speech\speech_ref_0706.wav,datasets/gunshot\gun_C3GD-Dataset_12-oh_farm-norinco_sks-ERIN-KvP1tQktbMsn-27_w0.wav,gunshot,0,16000,1.0,train
mix_001264,datasets/speech\speech_speaker_session_22_0907.wav,datasets/other_impulse\other_impulse_1171.wav,other_impulse,-10,16000,1.0,train
mix_001265,datasets/speech\speech_ref_1103.wav,datasets/other_impulse\other_impulse_0866.wav,other_impulse,5,16000,1.0,train
mix_001266,datasets/speech\speech_speaker_session_29_1195.wav,datasets/gunshot\gun_C3GD-Dataset_11-nj_farm-savage_mh110-JON-U8Ee7IPiAWho-55_w0.wav,gunshot,10,16000,1.0,train
mix_001267,datasets/speech\speech_ref_0304.wav,datasets/gunshot\gun_C3GD-Dataset_0-oh_farm-springfield_87A-ALICE-LHCJouw2E9X8-3_w0.wav,gunshot,-20,16000,1.0,train
mix_001268,datasets/speech\speech_speaker_session_28_1131.wav,datasets/gunshot\gun_C3GD-Dataset_11-nj_farm-savage_mh110-ERIN-TZeme1kqdhzL-9_w0.wav,gunshot,-5,16000,1.0,train
mix_001269,datasets/speech\speech_speaker_session_17_0708.wav,datasets/gunshot\gun_C3GD-Dataset_10-ny_gravel_pit-sw_mp15-ALICE-OgSQVUQ0EWCg-7_w0.wav,gunshot,10,16000,1.0,train
mix_001270,datasets/speech\speech_speaker_session_20_0825.wav,datasets/gunshot\gun_C3GD-Dataset_10-oh_farm-spike_m4_556-PIXEL-IwgLphM2NQaw-63_w0.wav,gunshot,5,16000,1.0,train
mix_001271,datasets/speech\speech_speaker_session_13_0553.wav,datasets/background_noise\bg_noise_1000.wav,background_noise,5,16000,1.0,train
mix_001272,datasets/speech\speech_speaker_session_05_0217.wav,datasets/gunshot\gun_C3GD-Dataset_2-oh_farm-custom_ar15_300BLK-ERIN-JT9NHIATnzMQ-66_w0.wav,gunshot,15,16000,1.0,train
mix_001273,datasets/speech\speech_speaker_session_13_0543.wav,datasets/gunshot\gun_C3GD-Dataset_15-oh_farm-steyr_C9A2-ERIN-RzrE6iFwG1kI-1_w0.wav,gunshot,5,16000,1.0,train
mix_001274,datasets/speech\speech_ref_0547.wav,datasets/gunshot\gun_C3GD-Dataset_11-nj_farm-savage_mh110-CAROL-5uK7XOyZvflm-58_w0.wav,gunshot,15,16000,1.0,train
mix_001275,datasets/speech\speech_ref_1039.wav,datasets/other_impulse\other_impulse_0638.wav,other_impulse,-15,16000,1.0,train
mix_001276,datasets/speech\speech_ref_0696.wav,datasets/gunshot\gun_C3GD-Dataset_0-oh_farm-sw_mp22-ALICE-N0u4QR95sPzr-12_w0.wav,gunshot,-15,16000,1.0,train
mix_001277,datasets/speech\speech_speaker_session_14_0575.wav,datasets/gunshot\gun_C3GD-Dataset_11-nj_farm-savage_mh110-ALICE-VIwh9tsGnOqt-51_w0.wav,gunshot,-10,16000,1.0,train
mix_001278,datasets/speech\speech_speaker_session_09_0369.wav,datasets/other_impulse\other_impulse_0424.wav,other_impulse,-5,16000,1.0,train
mix_001279,datasets/speech\speech_speaker_session_20_0808.wav,datasets/gunshot\gun_C3GD-Dataset_10-oh_farm-spike_m4_556-BOB-Mjt4Wualmk2E-72_w0.wav,gunshot,-15,16000,1.0,train
mix_001280,datasets/speech\speech_ref_0279.wav,datasets/background_noise\bg_noise_0035.wav,background_noise,-20,16000,1.0,train
mix_001281,datasets/speech\speech_ref_1040.wav,datasets/gunshot\gun_C3GD-Dataset_3-ny_gravel_pit-ruger_lcp_380ACP-DAVE-2TVNSmcBPJym-28_w0.wav,gunshot,-20,16000,1.0,train
mix_001282,datasets/speech\speech_speaker_session_00_0027.wav,datasets/other_impulse\other_impulse_1133.wav,other_impulse,10,16000,1.0,train
mix_001283,datasets/speech\speech_ref_0390.wav,datasets/other_impulse\other_imp_other_imp_session_01_0067.wav,other_impulse,-5,16000,1.0,train
mix_001284,datasets/speech\speech_ref_0785.wav,datasets/background_noise\bg_bg_session_15_0600.wav,background_noise,20,16000,1.0,train
mix_001285,datasets/speech\speech_ref_0296.wav,datasets/gunshot\gun_C3GD-Dataset_10-oh_farm-spike_m4_556-BOB-Mjt4Wualmk2E-33_w0.wav,gunshot,20,16000,1.0,train
mix_001286,datasets/speech\speech_speaker_session_15_0603.wav,datasets/other_impulse\other_impulse_0442.wav,other_impulse,15,16000,1.0,train
mix_001287,datasets/speech\speech_ref_0935.wav,datasets/other_impulse\other_imp_other_imp_session_27_1113.wav,other_impulse,-10,16000,1.0,train
mix_001288,datasets/speech\speech_speaker_session_09_0389.wav,datasets/gunshot\gun_C3GD-Dataset_15-nj_farm-sig_p365-BOB-uY5xiJ1efHpq-0_w0.wav,gunshot,10,16000,1.0,train
mix_001289,datasets/speech\speech_ref_0967.wav,datasets/gunshot\gun_C3GD-Dataset_10-ny_gravel_pit-sw_mp15-BOB-CYijh1jcEQ6Y-6_w0.wav,gunshot,0,16000,1.0,train
mix_001290,datasets/speech\speech_ref_0988.wav,datasets/background_noise\bg_noise_0993.wav,background_noise,15,16000,1.0,train
mix_001291,datasets/speech\speech_ref_0850.wav,datasets/gunshot\gun_C3GD-Dataset_3-ny_gravel_pit-ruger_lcp_380ACP-CAROL-cAhkPVua21Ap-18_w0.wav,gunshot,20,16000,1.0,train
mix_001292,datasets/speech\speech_ref_0559.wav,datasets/background_noise\bg_noise_0283.wav,background_noise,10,16000,1.0,train
mix_001293,datasets/speech\speech_ref_1042.wav,datasets/gunshot\gun_C3GD-Dataset_15-nj_farm-sig_p365-BOB-Q0eIMamzx0DO-22_w0.wav,gunshot,20,16000,1.0,train
mix_001294,datasets/speech\speech_ref_0597.wav,datasets/background_noise\bg_bg_session_04_0173.wav,background_noise,-5,16000,1.0,train
mix_001295,datasets/speech\speech_speaker_session_03_0123.wav,datasets/other_impulse\other_imp_other_imp_session_11_0460.wav,other_impulse,-10,16000,1.0,train
mix_001296,datasets/speech\speech_ref_0315.wav,datasets/other_impulse\other_impulse_0023.wav,other_impulse,-10,16000,1.0,train
mix_001297,datasets/speech\speech_speaker_session_24_0965.wav,datasets/gunshot\gun_C3GD-Dataset_15-oh_farm-steyr_C9A2-PIXEL-kLXRqvEsl3mI-14_w0.wav,gunshot,-10,16000,1.0,train
mix_001298,datasets/speech\speech_speaker_session_13_0549.wav,datasets/gunshot\gun_C3GD-Dataset_0-oh_farm-sw_mp22-BOB-L1VYwU6YJSr9-26_w0.wav,gunshot,-10,16000,1.0,train
mix_001299,datasets/speech\speech_speaker_session_23_0943.wav,datasets/gunshot\gun_C3GD-Dataset_2-oh_farm-custom_ar15_300BLK-PIXEL-flHp02XZTlWB-23_w0.wav,gunshot,5,16000,1.0,train
mix_001300,datasets/speech\speech_speaker_session_22_0891.wav,datasets/background_noise\bg_bg_session_16_0662.wav,background_noise,-5,16000,1.0,train
mix_001301,datasets/speech\speech_speaker_session_08_0349.wav,datasets/gunshot\gun_C3GD-Dataset_3-ny_gravel_pit-ruger_lcp_380ACP-ALICE-iTyhHd0QesY9-17_w0.wav,gunshot,-5,16000,1.0,train
mix_001302,datasets/speech\speech_ref_0835.wav,datasets/background_noise\bg_bg_session_25_1029.wav,background_noise,0,16000,1.0,train
mix_001303,datasets/speech\speech_ref_1131.wav,datasets/gunshot\gun_C3GD-Dataset_15-nj_farm-sig_p365-BUTCH-nJExooYJ4R6j-21_w0.wav,gunshot,-5,16000,1.0,train
mix_001304,datasets/speech\speech_speaker_session_07_0299.wav,datasets/background_noise\bg_bg_session_17_0701.wav,background_noise,-5,16000,1.0,train
mix_001305,datasets/speech\speech_ref_1128.wav,datasets/other_impulse\other_impulse_0085.wav,other_impulse,5,16000,1.0,train
mix_001306,datasets/speech\speech_speaker_session_22_0895.wav,datasets/gunshot\gun_C3GD-Dataset_15-oh_farm-hk_P2000-ALICE-SIVQOAPJWgxw-6_w0.wav,gunshot,15,16000,1.0,train
mix_001307,datasets/speech\speech_ref_0324.wav,datasets/gunshot\gun_C3GD-Dataset_2-oh_farm-custom_ar15_300BLK-ALICE-EmUfikHTAf0o-70_w0.wav,gunshot,-20,16000,1.0,train
mix_001308,datasets/speech\speech_ref_0490.wav,datasets/background_noise\bg_bg_session_16_0653.wav,background_noise,5,16000,1.0,train
mix_001309,datasets/speech\speech_speaker_session_01_0046.wav,datasets/background_noise\bg_noise_0491.wav,background_noise,20,16000,1.0,train
mix_001310,datasets/speech\speech_speaker_session_02_0090.wav,datasets/other_impulse\other_imp_other_imp_session_19_0780.wav,other_impulse,0,16000,1.0,train
mix_001311,datasets/speech\speech_speaker_session_13_0535.wav,datasets/gunshot\gun_C3GD-Dataset_10-oh_farm-spike_m4_556-BOB-Mjt4Wualmk2E-74_w0.wav,gunshot,20,16000,1.0,train
mix_001312,datasets/speech\speech_speaker_session_15_0632.wav,datasets/other_impulse\other_impulse_0941.wav,other_impulse,-10,16000,1.0,train
mix_001313,datasets/speech\speech_speaker_session_14_0598.wav,datasets/gunshot\gun_C3GD-Dataset_15-nj_farm-sig_p365-CAROL-qhIEvS8T0FcO-45_w0.wav,gunshot,10,16000,1.0,train
mix_001314,datasets/speech\speech_ref_0897.wav,datasets/gunshot\gun_C3GD-Dataset_15-nj_farm-sig_p365-BOB-Q0eIMamzx0DO-44_w0.wav,gunshot,-15,16000,1.0,train
mix_001315,datasets/speech\speech_ref_0589.wav,datasets/other_impulse\other_impulse_0065.wav,other_impulse,0,16000,1.0,train
mix_001316,datasets/speech\speech_ref_0268.wav,datasets/gunshot\gun_C3GD-Dataset_15-nj_farm-sig_p365-CAROL-qhIEvS8T0FcO-3_w0.wav,gunshot,-5,16000,1.0,train
mix_001317,datasets/speech\speech_ref_1124.wav,datasets/other_impulse\other_impulse_0060.wav,other_impulse,10,16000,1.0,train
mix_001318,datasets/speech\speech_speaker_session_20_0837.wav,datasets/gunshot\gun_C3GD-Dataset_14-oh_farm-7mm_Mauser-BOB-kgpNCBcthM7z-7_w0.wav,gunshot,5,16000,1.0,train
mix_001319,datasets/speech\speech_ref_0416.wav,datasets/gunshot\gun_C3GD-Dataset_2-oh_farm-custom_ar15_300BLK-PIXEL-flHp02XZTlWB-73_w0.wav,gunshot,15,16000,1.0,train
mix_001320,datasets/speech\speech_speaker_session_15_0611.wav,datasets/other_impulse\other_imp_other_imp_session_07_0299.wav,other_impulse,-20,16000,1.0,train
mix_001321,datasets/speech\speech_speaker_session_04_0162.wav,datasets/gunshot\gun_C3GD-Dataset_3-ny_gravel_pit-ruger_lcp_380ACP-CAROL-cAhkPVua21Ap-29_w0.wav,gunshot,-10,16000,1.0,train
mix_001322,datasets/speech\speech_speaker_session_18_0722.wav,datasets/gunshot\gun_C3GD-Dataset_15-oh_farm-steyr_C9A2-BOB-xwffRCBitu2p-4_w0.wav,gunshot,-10,16000,1.0,train
mix_001323,datasets/speech\speech_ref_1020.wav,datasets/gunshot\gun_C3GD-Dataset_10-ny_gravel_pit-sw_mp15-CAROL-2UuBJmJHDKr0-24_w0.wav,gunshot,-15,16000,1.0,train
mix_001324,datasets/speech\speech_speaker_session_01_0075.wav,datasets/other_impulse\other_impulse_0030.wav,other_impulse,0,16000,1.0,train
mix_001325,datasets/speech\speech_ref_0740.wav,datasets/gunshot\gun_C3GD-Dataset_1-ny_gravel_pit-savage_223-DAVE-cyc89NHUIDHi-35_w0.wav,gunshot,-10,16000,1.0,train
mix_001326,datasets/speech\speech_ref_1061.wav,datasets/gunshot\gun_C3GD-Dataset_0-oh_farm-sw_mp22-ERIN-ILuAgA20Xl4i-2_w0.wav,gunshot,-10,16000,1.0,train
mix_001327,datasets/speech\speech_ref_0384.wav,datasets/gunshot\gun_C3GD-Dataset_15-nj_farm-sig_p365-ALICE-T3bFUE8iLtXt-43_w0.wav,gunshot,-15,16000,1.0,train
mix_001328,datasets/speech\speech_speaker_session_21_0862.wav,datasets/gunshot\gun_C3GD-Dataset_10-ny_gravel_pit-sw_mp15-CAROL-2UuBJmJHDKr0-29_w0.wav,gunshot,10,16000,1.0,train
mix_001329,datasets/speech\speech_ref_0846.wav,datasets/gunshot\gun_C3GD-Dataset_12-oh_farm-norinco_sks-PIXEL-E0i5i0DtkTlq-26_w0.wav,gunshot,-15,16000,1.0,train
mix_001330,datasets/speech\speech_ref_0946.wav,datasets/gunshot\gun_C3GD-Dataset_2-oh_farm-custom_ar15_300BLK-ERIN-KtpBXpInjxuT-8_w0.wav,gunshot,15,16000,1.0,train
mix_001331,datasets/speech\speech_speaker_session_14_0572.wav,datasets/gunshot\gun_C3GD-Dataset_2-oh_farm-custom_ar15_300BLK-ERIN-JT9NHIATnzMQ-52_w0.wav,gunshot,-5,16000,1.0,train
mix_001332,datasets/speech\speech_speaker_session_26_1059.wav,datasets/other_impulse\other_imp_other_imp_session_01_0079.wav,other_impulse,-10,16000,1.0,train
mix_001333,datasets/speech\speech_ref_1053.wav,datasets/other_impulse\other_imp_other_imp_session_25_1004.wav,other_impulse,10,16000,1.0,train
mix_001334,datasets/speech\speech_ref_0827.wav,datasets/background_noise\bg_bg_session_09_0367.wav,background_noise,-5,16000,1.0,train
mix_001335,datasets/speech\speech_speaker_session_26_1051.wav,datasets/background_noise\bg_bg_session_17_0706.wav,background_noise,-10,16000,1.0,train
mix_001336,datasets/speech\speech_ref_0662.wav,datasets/other_impulse\other_impulse_0996.wav,other_impulse,-10,16000,1.0,train
mix_001337,datasets/speech\speech_speaker_session_12_0496.wav,datasets/background_noise\bg_noise_1007.wav,background_noise,20,16000,1.0,train
mix_001338,datasets/speech\speech_speaker_session_23_0944.wav,datasets/background_noise\bg_bg_session_16_0642.wav,background_noise,-10,16000,1.0,train
mix_001339,datasets/speech\speech_speaker_session_22_0881.wav,datasets/background_noise\bg_bg_session_22_0916.wav,background_noise,-10,16000,1.0,train
mix_001340,datasets/speech\speech_speaker_session_12_0504.wav,datasets/gunshot\gun_C3GD-Dataset_10-oh_farm-spike_m4_556-BOB-jQ17j9hZCGf9-69_w0.wav,gunshot,-10,16000,1.0,train
mix_001341,datasets/speech\speech_ref_0075.wav,datasets/other_impulse\other_impulse_0064.wav,other_impulse,10,16000,1.0,train
mix_001342,datasets/speech\speech_speaker_session_29_1197.wav,datasets/other_impulse\other_imp_other_imp_session_05_0219.wav,other_impulse,-20,16000,1.0,train
mix_001343,datasets/speech\speech_speaker_session_06_0272.wav,datasets/gunshot\gun_C3GD-Dataset_11-nj_farm-savage_mh110-ALICE-X1fRvwEQOSNS-27_w0.wav,gunshot,-15,16000,1.0,train
mix_001344,datasets/speech\speech_speaker_session_05_0218.wav,datasets/gunshot\gun_C3GD-Dataset_1-ny_gravel_pit-savage_223-JON-bqarLMmM7cLJ-29_w0.wav,gunshot,15,16000,1.0,train
mix_001345,datasets/speech\speech_ref_1014.wav,datasets/other_impulse\other_imp_other_imp_session_08_0337.wav,other_impulse,15,16000,1.0,train
mix_001346,datasets/speech\speech_speaker_session_27_1113.wav,datasets/gunshot\gun_C3GD-Dataset_2-oh_farm-custom_ar15_300BLK-PIXEL-4Z0CgfSYn2Ez-0_w0.wav,gunshot,-10,16000,1.0,train
mix_001347,datasets/speech\speech_ref_0675.wav,datasets/gunshot\gun_C3GD-Dataset_10-ny_gravel_pit-sw_mp15-ALICE-o9gnNLXOh817-2_w0.wav,gunshot,10,16000,1.0,train
mix_001348,datasets/speech\speech_ref_0329.wav,datasets/other_impulse\other_imp_other_imp_session_06_0244.wav,other_impulse,-10,16000,1.0,train
mix_001349,datasets/speech\speech_ref_0214.wav,datasets/other_impulse\other_impulse_1146.wav,other_impulse,-10,16000,1.0,train
mix_001350,datasets/speech\speech_ref_0657.wav,datasets/other_impulse\other_imp_other_imp_session_15_0610.wav,other_impulse,20,16000,1.0,train
mix_001351,datasets/speech\speech_ref_0682.wav,datasets/gunshot\gun_C3GD-Dataset_10-oh_farm-spike_m4_556-DAVE-LJiS5z5Ad53b-21_w0.wav,gunshot,-10,16000,1.0,train
mix_001352,datasets/speech\speech_speaker_session_16_0659.wav,datasets/gunshot\gun_C3GD-Dataset_13-oh_farm-lmt_ar10-DAVE-71Zo9dY4k135-37_w0.wav,gunshot,15,16000,1.0,train
mix_001353,datasets/speech\speech_ref_0712.wav,datasets/other_impulse\other_imp_other_imp_session_04_0173.wav,other_impulse,-15,16000,1.0,train
mix_001354,datasets/speech\speech_speaker_session_05_0222.wav,datasets/gunshot\gun_C3GD-Dataset_10-ny_gravel_pit-sw_mp15-CAROL-2UuBJmJHDKr0-21_w0.wav,gunshot,10,16000,1.0,train
mix_001355,datasets/speech\speech_ref_0186.wav,datasets/gunshot\gun_C3GD-Dataset_15-nj_farm-sig_p365-JON-t0RTFaS5HUst-49_w0.wav,gunshot,-10,16000,1.0,train
mix_001356,datasets/speech\speech_speaker_session_11_0459.wav,datasets/background_noise\bg_noise_0578.wav,background_noise,-20,16000,1.0,train
mix_001357,datasets/speech\speech_speaker_session_02_0100.wav,datasets/gunshot\gun_C3GD-Dataset_1-ny_gravel_pit-savage_223-BUTCH-vmXVMZ4vutTc-21_w0.wav,gunshot,20,16000,1.0,train
mix_001358,datasets/speech\speech_speaker_session_09_0398.wav,datasets/gunshot\gun_C3GD-Dataset_3-ny_gravel_pit-ruger_lcp_380ACP-CAROL-JL5HJFTpJ6Ky-26_w0.wav,gunshot,10,16000,1.0,train
mix_001359,datasets/speech\speech_ref_1198.wav,datasets/gunshot\gun_BoltAction22_Zoom_ZM_104B_S05_w0.wav,gunshot,-15,16000,1.0,train
mix_001360,datasets/speech\speech_ref_0371.wav,datasets/gunshot\gun_C3GD-Dataset_0-oh_farm-sw_mp22-ALICE-N0u4QR95sPzr-37_w0.wav,gunshot,15,16000,1.0,train
mix_001361,datasets/speech\speech_speaker_session_12_0499.wav,datasets/other_impulse\other_imp_other_imp_session_11_0472.wav,other_impulse,-20,16000,1.0,train
mix_001362,datasets/speech\speech_speaker_session_17_0702.wav,datasets/other_impulse\other_impulse_0306.wav,other_impulse,20,16000,1.0,train
mix_001363,datasets/speech\speech_speaker_session_12_0484.wav,datasets/background_noise\bg_noise_0725.wav,background_noise,-15,16000,1.0,train
mix_001364,datasets/speech\speech_ref_1062.wav,datasets/gunshot\gun_C3GD-Dataset_2-oh_farm-custom_ar15_300BLK-PIXEL-4Z0CgfSYn2Ez-5_w0.wav,gunshot,-10,16000,1.0,train
mix_001365,datasets/speech\speech_speaker_session_12_0494.wav,datasets/other_impulse\other_imp_other_imp_session_07_0287.wav,other_impulse,20,16000,1.0,train
mix_001366,datasets/speech\speech_ref_0358.wav,datasets/background_noise\bg_bg_session_00_0019.wav,background_noise,10,16000,1.0,train
mix_001367,datasets/speech\speech_speaker_session_28_1158.wav,datasets/other_impulse\other_impulse_0153.wav,other_impulse,10,16000,1.0,train
mix_001368,datasets/speech\speech_speaker_session_19_0772.wav,datasets/gunshot\gun_C3GD-Dataset_15-nj_farm-sig_p365-BUTCH-nJExooYJ4R6j-36_w0.wav,gunshot,-20,16000,1.0,train
mix_001369,datasets/speech\speech_ref_0551.wav,datasets/other_impulse\other_impulse_0280.wav,other_impulse,10,16000,1.0,train
mix_001370,datasets/speech\speech_ref_0042.wav,datasets/gunshot\gun_C3GD-Dataset_10-ny_gravel_pit-sw_mp15-CAROL-2UuBJmJHDKr0-16_w0.wav,gunshot,15,16000,1.0,train
mix_001371,datasets/speech\speech_speaker_session_26_1077.wav,datasets/gunshot\gun_C3GD-Dataset_15-nj_farm-sig_p365-ERIN-nP971FQ1dkqF-28_w0.wav,gunshot,5,16000,1.0,train
mix_001372,datasets/speech\speech_speaker_session_16_0662.wav,datasets/other_impulse\other_imp_other_imp_session_01_0050.wav,other_impulse,-15,16000,1.0,train
mix_001373,datasets/speech\speech_ref_0468.wav,datasets/gunshot\gun_C3GD-Dataset_15-oh_farm-sig_P320-ERIN-VZ0yXt1alaTp-15_w0.wav,gunshot,-10,16000,1.0,train
mix_001374,datasets/speech\speech_speaker_session_28_1149.wav,datasets/gunshot\gun_C3GD-Dataset_10-oh_farm-spike_m4_556-BOB-jQ17j9hZCGf9-13_w0.wav,gunshot,15,16000,1.0,train
mix_001375,datasets/speech\speech_speaker_session_11_0452.wav,datasets/gunshot\gun_C3GD-Dataset_10-ny_gravel_pit-sw_mp15-DAVE-3xb6NwNyAzbC-7_w0.wav,gunshot,-15,16000,1.0,train
mix_001376,datasets/speech\speech_ref_0512.wav,datasets/gunshot\gun_C3GD-Dataset_11-nj_farm-savage_mh110-ALICE-X1fRvwEQOSNS-24_w0.wav,gunshot,20,16000,1.0,train
mix_001377,datasets/speech\speech_speaker_session_00_0036.wav,datasets/gunshot\gun_C3GD-Dataset_15-oh_farm-hk_P30L-PIXEL-Z8wRT1n7qwOp-10_w0.wav,gunshot,0,16000,1.0,train
mix_001378,datasets/speech\speech_speaker_session_16_0644.wav,datasets/gunshot\gun_C3GD-Dataset_0-oh_farm-sw_mp22-PIXEL-f5W6Yd67KJc2-23_w0.wav,gunshot,-20,16000,1.0,train
mix_001379,datasets/speech\speech_ref_0884.wav,datasets/background_noise\bg_bg_session_02_0116.wav,background_noise,20,16000,1.0,train
mix_001380,datasets/speech\speech_ref_0081.wav,datasets/background_noise\bg_noise_0730.wav,background_noise,20,16000,1.0,train
mix_001381,datasets/speech\speech_speaker_session_00_0024.wav,datasets/background_noise\bg_bg_session_02_0117.wav,background_noise,10,16000,1.0,train
mix_001382,datasets/speech\speech_ref_0164.wav,datasets/other_impulse\other_imp_other_imp_session_28_1124.wav,other_impulse,-5,16000,1.0,train
mix_001383,datasets/speech\speech_ref_0896.wav,datasets/gunshot\gun_C3GD-Dataset_11-nj_farm-savage_mh110-JON-U8Ee7IPiAWho-49_w0.wav,gunshot,10,16000,1.0,train
mix_001384,datasets/speech\speech_ref_1011.wav,datasets/gunshot\gun_C3GD-Dataset_15-nj_farm-sig_p365-ALICE-T3bFUE8iLtXt-44_w0.wav,gunshot,-15,16000,1.0,train
mix_001385,datasets/speech\speech_speaker_session_28_1127.wav,datasets/gunshot\gun_C3GD-Dataset_0-oh_farm-czusa_457-ALICE-YY7ceD4oezbr-15_w0.wav,gunshot,10,16000,1.0,train
mix_001386,datasets/speech\speech_ref_1024.wav,datasets/other_impulse\other_imp_other_imp_session_26_1075.wav,other_impulse,0,16000,1.0,train
mix_001387,datasets/speech\speech_ref_0557.wav,datasets/gunshot\gun_C3GD-Dataset_10-oh_farm-spike_m4_556-BOB-Mjt4Wualmk2E-44_w0.wav,gunshot,20,16000,1.0,train
mix_001388,datasets/speech\speech_speaker_session_18_0734.wav,datasets/gunshot\gun_C3GD-Dataset_15-oh_farm-sig_P320-ERIN-dcO32rh9DuOV-11_w0.wav,gunshot,5,16000,1.0,train
mix_001389,datasets/speech\speech_speaker_session_06_0262.wav,datasets/other_impulse\other_imp_other_imp_session_10_0425.wav,other_impulse,0,16000,1.0,train
mix_001390,datasets/speech\speech_ref_0959.wav,datasets/gunshot\gun_C3GD-Dataset_15-oh_farm-hk_P2000-PIXEL-b61X9e1mNIg1-0_w0.wav,gunshot,-5,16000,1.0,train
mix_001391,datasets/speech\speech_ref_0254.wav,datasets/gunshot\gun_C3GD-Dataset_15-oh_farm-sig_P320-ALICE-xbRU1Oiy72TW-9_w0.wav,gunshot,20,16000,1.0,train
mix_001392,datasets/speech\speech_speaker_session_28_1125.wav,datasets/other_impulse\other_impulse_0735.wav,other_impulse,15,16000,1.0,train
mix_001393,datasets/speech\speech_ref_0591.wav,datasets/gunshot\gun_C3GD-Dataset_0-oh_farm-sw_mp22-BOB-L1VYwU6YJSr9-1_w0.wav,gunshot,5,16000,1.0,train
mix_001394,datasets/speech\speech_speaker_session_17_0719.wav,datasets/other_impulse\other_impulse_0760.wav,other_impulse,20,16000,1.0,train
mix_001395,datasets/speech\speech_speaker_session_00_0018.wav,datasets/gunshot\gun_C3GD-Dataset_2-oh_farm-custom_ar15_300BLK-PIXEL-flHp02XZTlWB-27_w0.wav,gunshot,0,16000,1.0,train
mix_001396,datasets/speech\speech_ref_0629.wav,datasets/gunshot\gun_C3GD-Dataset_11-nj_farm-savage_mh110-DAVE-3fPPqTzCQ1WZ-20_w0.wav,gunshot,5,16000,1.0,train
mix_001397,datasets/speech\speech_ref_0339.wav,datasets/gunshot\gun_C3GD-Dataset_15-oh_farm-hk_P2000-PIXEL-oU0V6l1prrM5-13_w0.wav,gunshot,-10,16000,1.0,train
mix_001398,datasets/speech\speech_speaker_session_29_1188.wav,datasets/background_noise\bg_noise_0751.wav,background_noise,-5,16000,1.0,train
mix_001399,datasets/speech\speech_ref_0146.wav,datasets/gunshot\gun_C3GD-Dataset_15-oh_farm-steyr_C9A2-PIXEL-kLXRqvEsl3mI-7_w0.wav,gunshot,-10,16000,1.0,train
mix_001400,datasets/speech\speech_ref_0291.wav,datasets/background_noise\bg_noise_0442.wav,background_noise,-5,16000,1.0,train
mix_001401,datasets/speech\speech_ref_0544.wav,datasets/gunshot\gun_C3GD-Dataset_3-ny_gravel_pit-ruger_lcp_380ACP-DAVE-2TVNSmcBPJym-5_w0.wav,gunshot,10,16000,1.0,train
mix_001402,datasets/speech\speech_speaker_session_16_0640.wav,datasets/gunshot\gun_C3GD-Dataset_13-oh_farm-lmt_ar10-BOB-QbbaWYVKBm7i-0_w0.wav,gunshot,20,16000,1.0,train
mix_001403,datasets/speech\speech_speaker_session_23_0924.wav,datasets/other_impulse\other_imp_other_imp_session_11_0460.wav,other_impulse,-20,16000,1.0,train
mix_001404,datasets/speech\speech_speaker_session_16_0678.wav,datasets/gunshot\gun_C3GD-Dataset_0-oh_farm-czusa_457-ERIN-1JrN0MitwFDS-20_w0.wav,gunshot,10,16000,1.0,train
mix_001405,datasets/speech\speech_speaker_session_22_0894.wav,datasets/other_impulse\other_imp_other_imp_session_20_0818.wav,other_impulse,-20,16000,1.0,train
mix_001406,datasets/speech\speech_ref_0235.wav,datasets/background_noise\bg_noise_0292.wav,background_noise,-10,16000,1.0,train
mix_001407,datasets/speech\speech_speaker_session_18_0741.wav,datasets/gunshot\gun_C3GD-Dataset_2-oh_farm-custom_ar15_300BLK-DAVE-i1jOY9VPtkkU-10_w0.wav,gunshot,10,16000,1.0,train
mix_001408,datasets/speech\speech_ref_0405.wav,datasets/background_noise\bg_noise_0244.wav,background_noise,-15,16000,1.0,train
mix_001409,datasets/speech\speech_speaker_session_17_0697.wav,datasets/gunshot\gun_C3GD-Dataset_10-oh_farm-spike_m4_556-BOB-Mjt4Wualmk2E-70_w0.wav,gunshot,-5,16000,1.0,train
mix_001410,datasets/speech\speech_speaker_session_07_0310.wav,datasets/gunshot\gun_C3GD-Dataset_15-nj_farm-sig_p365-BUTCH-nJExooYJ4R6j-42_w0.wav,gunshot,-15,16000,1.0,train
mix_001411,datasets/speech\speech_speaker_session_02_0080.wav,datasets/other_impulse\other_imp_other_imp_session_09_0378.wav,other_impulse,-20,16000,1.0,train
mix_001412,datasets/speech\speech_speaker_session_11_0465.wav,datasets/gunshot\gun_C3GD-Dataset_15-nj_farm-sig_p365-JON-t0RTFaS5HUst-31_w0.wav,gunshot,10,16000,1.0,train
mix_001413,datasets/speech\speech_ref_0478.wav,datasets/other_impulse\other_imp_other_imp_session_11_0459.wav,other_impulse,20,16000,1.0,train
mix_001414,datasets/speech\speech_speaker_session_05_0207.wav,datasets/gunshot\gun_C3GD-Dataset_11-nj_farm-savage_mh110-ALICE-X1fRvwEQOSNS-71_w0.wav,gunshot,-20,16000,1.0,train
mix_001415,datasets/speech\speech_ref_0145.wav,datasets/gunshot\gun_C3GD-Dataset_0-oh_farm-sw_mp22-ALICE-jmHo21ZrVDXJ-5_w0.wav,gunshot,15,16000,1.0,train
mix_001416,datasets/speech\speech_speaker_session_29_1180.wav,datasets/gunshot\gun_C3GD-Dataset_15-oh_farm-steyr_C9A2-BOB-uovdzVM1iV57-4_w0.wav,gunshot,-20,16000,1.0,train
mix_001417,datasets/speech\speech_speaker_session_24_0980.wav,datasets/gunshot\gun_C3GD-Dataset_1-ny_gravel_pit-savage_223-BUTCH-vmXVMZ4vutTc-11_w0.wav,gunshot,20,16000,1.0,train
mix_001418,datasets/speech\speech_ref_0590.wav,datasets/gunshot\gun_C3GD-Dataset_11-nj_farm-savage_mh110-ALICE-X1fRvwEQOSNS-64_w0.wav,gunshot,-5,16000,1.0,train
mix_001419,datasets/speech\speech_ref_0474.wav,datasets/background_noise\bg_bg_session_13_0550.wav,background_noise,20,16000,1.0,train
mix_001420,datasets/speech\speech_ref_0066.wav,datasets/other_impulse\other_impulse_0051.wav,other_impulse,-5,16000,1.0,train
mix_001421,datasets/speech\speech_ref_0596.wav,datasets/other_impulse\other_imp_other_imp_session_11_0479.wav,other_impulse,-10,16000,1.0,train
mix_001422,datasets/speech\speech_ref_0962.wav,datasets/background_noise\bg_bg_session_14_0590.wav,background_noise,5,16000,1.0,train
mix_001423,datasets/speech\speech_speaker_session_00_0016.wav,datasets/gunshot\gun_C3GD-Dataset_10-oh_farm-hk_MR556-BOB-0m3pnVxJfZ50-16_w0.wav,gunshot,-20,16000,1.0,train
mix_001424,datasets/speech\speech_speaker_session_05_0211.wav,datasets/gunshot\gun_C3GD-Dataset_0-oh_farm-czusa_457-BOB-RjRNabyP9zPf-13_w0.wav,gunshot,-15,16000,1.0,train
mix_001425,datasets/speech\speech_speaker_session_07_0298.wav,datasets/gunshot\gun_C3GD-Dataset_10-oh_farm-spike_m4_556-PIXEL-IwgLphM2NQaw-51_w0.wav,gunshot,10,16000,1.0,train
mix_001426,datasets/speech\speech_speaker_session_25_1006.wav,datasets/gunshot\gun_C3GD-Dataset_14-oh_farm-7mm_Mauser-DAVE-svaWPKhvZZtm-10_w0.wav,gunshot,10,16000,1.0,train
mix_001427,datasets/speech\speech_ref_0005.wav,datasets/gunshot\gun_C3GD-Dataset_15-oh_farm-hk_P30L-DAVE-0CvE5CZTyzuQ-8_w0.wav,gunshot,-5,16000,1.0,train
mix_001428,datasets/speech\speech_ref_0320.wav,datasets/other_impulse\other_impulse_0082.wav,other_impulse,-20,16000,1.0,train
mix_001429,datasets/speech\speech_ref_0153.wav,datasets/background_noise\bg_bg_session_28_1124.wav,background_noise,-15,16000,1.0,train
mix_001430,datasets/speech\speech_ref_1130.wav,datasets/other_impulse\other_impulse_0604.wav,other_impulse,0,16000,1.0,train
mix_001431,datasets/speech\speech_ref_0355.wav,datasets/other_impulse\other_impulse_0760.wav,other_impulse,5,16000,1.0,train
mix_001432,datasets/speech\speech_speaker_session_23_0935.wav,datasets/gunshot\gun_C3GD-Dataset_13-oh_farm-lmt_ar10-PIXEL-R4Eu8tFn3QLJ-36_w0.wav,gunshot,0,16000,1.0,train
mix_001433,datasets/speech\speech_ref_0321.wav,datasets/gunshot\gun_C3GD-Dataset_10-ny_gravel_pit-sw_mp15-BUTCH-NheG57B0Fjws-23_w0.wav,gunshot,-5,16000,1.0,train
mix_001434,datasets/speech\speech_ref_0166.wav,datasets/gunshot\gun_C3GD-Dataset_2-oh_farm-custom_ar15_300BLK-ALICE-EmUfikHTAf0o-72_w0.wav,gunshot,10,16000,1.0,train
mix_001435,datasets/speech\speech_speaker_session_03_0152.wav,datasets/other_impulse\other_impulse_1019.wav,other_impulse,-20,16000,1.0,train
mix_001436,datasets/speech\speech_speaker_session_27_1105.wav,datasets/gunshot\gun_C3GD-Dataset_10-oh_farm-spike_m4_556-BOB-Mjt4Wualmk2E-40_w0.wav,gunshot,-10,16000,1.0,train
mix_001437,datasets/speech\speech_ref_0432.wav,datasets/gunshot\gun_C3GD-Dataset_15-oh_farm-hk_P30L-ERIN-fmxRC1N0KAxq-10_w0.wav,gunshot,20,16000,1.0,train
mix_001438,datasets/speech\speech_speaker_session_02_0081.wav,datasets/background_noise\bg_noise_0544.wav,background_noise,20,16000,1.0,train
mix_001439,datasets/speech\speech_ref_0425.wav,datasets/background_noise\bg_bg_session_29_1185.wav,background_noise,20,16000,1.0,train
mix_001440,datasets/speech\speech_ref_0203.wav,datasets/gunshot\gun_C3GD-Dataset_11-nj_farm-savage_mh110-BOB-bjYKN5RtCabb-57_w0.wav,gunshot,5,16000,1.0,train
mix_001441,datasets/speech\speech_speaker_session_01_0048.wav,datasets/background_noise\bg_noise_0717.wav,background_noise,20,16000,1.0,train
mix_001442,datasets/speech\speech_ref_0123.wav,datasets/gunshot\gun_C3GD-Dataset_10-oh_farm-spike_m4_556-BOB-jQ17j9hZCGf9-60_w0.wav,gunshot,20,16000,1.0,train
mix_001443,datasets/speech\speech_speaker_session_01_0071.wav,datasets/other_impulse\other_impulse_1019.wav,other_impulse,0,16000,1.0,train
mix_001444,datasets/speech\speech_ref_1164.wav,datasets/gunshot\gun_C3GD-Dataset_15-oh_farm-steyr_C9A2-DAVE-pFf52N16Bk7H-5_w0.wav,gunshot,10,16000,1.0,train
mix_001445,datasets/speech\speech_speaker_session_27_1097.wav,datasets/other_impulse\other_impulse_0826.wav,other_impulse,15,16000,1.0,train
mix_001446,datasets/speech\speech_ref_0878.wav,datasets/gunshot\gun_C3GD-Dataset_10-oh_farm-hk_MR556-ERIN-pUYD91DvHy1e-3_w0.wav,gunshot,5,16000,1.0,train
mix_001447,datasets/speech\speech_speaker_session_00_0005.wav,datasets/gunshot\gun_C3GD-Dataset_2-oh_farm-custom_ar15_300BLK-ALICE-QBdIBdZ0p0dz-65_w0.wav,gunshot,15,16000,1.0,train
mix_001448,datasets/speech\speech_ref_0608.wav,datasets/other_impulse\other_imp_other_imp_session_00_0014.wav,other_impulse,-20,16000,1.0,train
mix_001449,datasets/speech\speech_speaker_session_15_0621.wav,datasets/gunshot\gun_C3GD-Dataset_2-oh_farm-custom_ar15_300BLK-PIXEL-4Z0CgfSYn2Ez-14_w0.wav,gunshot,-15,16000,1.0,train
mix_001450,datasets/speech\speech_ref_0922.wav,datasets/gunshot\gun_C3GD-Dataset_10-oh_farm-spike_m4_556-BOB-jQ17j9hZCGf9-62_w0.wav,gunshot,-15,16000,1.0,train
mix_001451,datasets/speech\speech_speaker_session_13_0557.wav,datasets/gunshot\gun_C3GD-Dataset_15-nj_farm-sig_p365-ERIN-nP971FQ1dkqF-7_w0.wav,gunshot,-5,16000,1.0,train
mix_001452,datasets/speech\speech_ref_1070.wav,datasets/gunshot\gun_C3GD-Dataset_10-ny_gravel_pit-sw_mp15-CAROL-2UuBJmJHDKr0-23_w0.wav,gunshot,5,16000,1.0,train
mix_001453,datasets/speech\speech_ref_0462.wav,datasets/gunshot\gun_C3GD-Dataset_15-oh_farm-sig_P320-ALICE-xbRU1Oiy72TW-11_w0.wav,gunshot,5,16000,1.0,train
mix_001454,datasets/speech\speech_speaker_session_01_0066.wav,datasets/other_impulse\other_impulse_0062.wav,other_impulse,20,16000,1.0,train
mix_001455,datasets/speech\speech_speaker_session_09_0371.wav,datasets/background_noise\bg_bg_session_03_0159.wav,background_noise,0,16000,1.0,train
mix_001456,datasets/speech\speech_speaker_session_19_0777.wav,datasets/gunshot\gun_C3GD-Dataset_10-oh_farm-spike_m4_556-ALICE-0D30t3lA0dYO-5_w0.wav,gunshot,0,16000,1.0,train
mix_001457,datasets/speech\speech_ref_0852.wav,datasets/background_noise\bg_noise_0323.wav,background_noise,10,16000,1.0,train
mix_001458,datasets/speech\speech_ref_1142.wav,datasets/gunshot\gun_C3GD-Dataset_13-oh_farm-lmt_ar10-DAVE-71Zo9dY4k135-27_w0.wav,gunshot,-15,16000,1.0,train
mix_001459,datasets/speech\speech_ref_0242.wav,datasets/other_impulse\other_impulse_0685.wav,other_impulse,-10,16000,1.0,train
mix_001460,datasets/speech\speech_speaker_session_20_0838.wav,datasets/gunshot\gun_C3GD-Dataset_2-oh_farm-custom_ar15_300BLK-ERIN-JT9NHIATnzMQ-15_w0.wav,gunshot,5,16000,1.0,train
mix_001461,datasets/speech\speech_ref_0174.wav,datasets/gunshot\gun_C3GD-Dataset_14-oh_farm-7mm_Mauser-DAVE-svaWPKhvZZtm-17_w0.wav,gunshot,-5,16000,1.0,train
mix_001462,datasets/speech\speech_speaker_session_17_0713.wav,datasets/other_impulse\other_impulse_0999.wav,other_impulse,0,16000,1.0,train
mix_001463,datasets/speech\speech_ref_1152.wav,datasets/gunshot\gun_C3GD-Dataset_0-oh_farm-sw_mp22-BOB-yWwWPdTk8Evd-5_w0.wav,gunshot,-5,16000,1.0,train
mix_001464,datasets/speech\speech_ref_0305.wav,datasets/gunshot\gun_C3GD-Dataset_3-ny_gravel_pit-ruger_lcp_380ACP-BUTCH-bCvjiZaXYAFe-26_w0.wav,gunshot,-5,16000,1.0,train
mix_001465,datasets/speech\speech_ref_0310.wav,datasets/gunshot\gun_C3GD-Dataset_10-ny_gravel_pit-sw_mp15-JON-Qoar7WPiWXH6-14_w0.wav,gunshot,-5,16000,1.0,train
mix_001466,datasets/speech\speech_ref_0109.wav,datasets/gunshot\gun_C3GD-Dataset_10-oh_farm-spike_m4_556-DAVE-LJiS5z5Ad53b-35_w0.wav,gunshot,-5,16000,1.0,train
mix_001467,datasets/speech\speech_speaker_session_05_0205.wav,datasets/gunshot\gun_C3GD-Dataset_10-ny_gravel_pit-sw_mp15-CAROL-2UuBJmJHDKr0-12_w0.wav,gunshot,-5,16000,1.0,train
mix_001468,datasets/speech\speech_speaker_session_23_0959.wav,datasets/gunshot\gun_C3GD-Dataset_10-oh_farm-spike_m4_556-ALICE-TcUw0m1Y2pBD-11_w0.wav,gunshot,5,16000,1.0,train
mix_001469,datasets/speech\speech_ref_1181.wav,datasets/gunshot\gun_C3GD-Dataset_0-oh_farm-czusa_457-BOB-jtxibWlq18a3-12_w0.wav,gunshot,-15,16000,1.0,train
mix_001470,datasets/speech\speech_ref_0151.wav,datasets/background_noise\bg_noise_0764.wav,background_noise,-15,16000,1.0,train
mix_001471,datasets/speech\speech_ref_1007.wav,datasets/gunshot\gun_C3GD-Dataset_3-ny_gravel_pit-ruger_lcp_380ACP-BOB-nG6HMBYVW1E0-11_w0.wav,gunshot,-20,16000,1.0,train
mix_001472,datasets/speech\speech_ref_0820.wav,datasets/other_impulse\other_impulse_0471.wav,other_impulse,-20,16000,1.0,train
mix_001473,datasets/speech\speech_ref_0133.wav,datasets/gunshot\gun_C3GD-Dataset_2-oh_farm-custom_ar15_300BLK-PIXEL-4Z0CgfSYn2Ez-5_w0.wav,gunshot,5,16000,1.0,train
mix_001474,datasets/speech\speech_ref_0233.wav,datasets/other_impulse\other_imp_other_imp_session_14_0569.wav,other_impulse,5,16000,1.0,train
mix_001475,datasets/speech\speech_ref_0978.wav,datasets/gunshot\gun_C3GD-Dataset_3-ny_gravel_pit-ruger_lcp_380ACP-ALICE-Zp9eQutkJS4y-7_w0.wav,gunshot,0,16000,1.0,train
mix_001476,datasets/speech\speech_ref_0517.wav,datasets/gunshot\gun_C3GD-Dataset_3-ny_gravel_pit-ruger_lcp_380ACP-ALICE-Zp9eQutkJS4y-24_w0.wav,gunshot,-10,16000,1.0,train
mix_001477,datasets/speech\speech_ref_0105.wav,datasets/gunshot\gun_C3GD-Dataset_3-ny_gravel_pit-ruger_lcp_380ACP-ERIN-7WYYO4zK0hPS-7_w0.wav,gunshot,0,16000,1.0,train
mix_001478,datasets/speech\speech_ref_0377.wav,datasets/gunshot\gun_C3GD-Dataset_15-oh_farm-hk_P2000-PIXEL-oU0V6l1prrM5-0_w0.wav,gunshot,-5,16000,1.0,train
mix_001479,datasets/speech\speech_speaker_session_16_0668.wav,datasets/other_impulse\other_impulse_1048.wav,other_impulse,-10,16000,1.0,train
mix_001480,datasets/speech\speech_speaker_session_25_1021.wav,datasets/background_noise\bg_bg_session_22_0887.wav,background_noise,20,16000,1.0,train
mix_001481,datasets/speech\speech_speaker_session_26_1052.wav,datasets/gunshot\gun_C3GD-Dataset_15-oh_farm-sig_P320-DAVE-tp7KqyclMos6-6_w0.wav,gunshot,15,16000,1.0,train
mix_001482,datasets/speech\speech_ref_0961.wav,datasets/other_impulse\other_impulse_0459.wav,other_impulse,-20,16000,1.0,train
mix_001483,datasets/speech\speech_ref_0582.wav,datasets/gunshot\gun_C3GD-Dataset_3-ny_gravel_pit-ruger_lcp_380ACP-CAROL-cAhkPVua21Ap-38_w0.wav,gunshot,5,16000,1.0,train
mix_001484,datasets/speech\speech_ref_1175.wav,datasets/gunshot\gun_C3GD-Dataset_15-oh_farm-hk_P2000-DAVE-F2NlCwX9C1c1-4_w0.wav,gunshot,-10,16000,1.0,train
mix_001485,datasets/speech\speech_speaker_session_10_0419.wav,datasets/gunshot\gun_C3GD-Dataset_2-oh_farm-custom_ar15_300BLK-ALICE-QBdIBdZ0p0dz-40_w0.wav,gunshot,-15,16000,1.0,train
mix_001486,datasets/speech\speech_ref_0210.wav,datasets/other_impulse\other_impulse_0090.wav,other_impulse,15,16000,1.0,train
mix_001487,datasets/speech\speech_speaker_session_24_0977.wav,datasets/gunshot\gun_C3GD-Dataset_11-nj_farm-savage_mh110-JON-U8Ee7IPiAWho-45_w0.wav,gunshot,-20,16000,1.0,train
mix_001488,datasets/speech\speech_speaker_session_02_0106.wav,datasets/background_noise\bg_bg_session_04_0193.wav,background_noise,-5,16000,1.0,train
mix_001489,datasets/speech\speech_speaker_session_11_0474.wav,datasets/gunshot\gun_C3GD-Dataset_15-nj_farm-sig_p365-DAVE-g19XyDQPiD9P-42_w0.wav,gunshot,-15,16000,1.0,train
mix_001490,datasets/speech\speech_speaker_session_05_0228.wav,datasets/gunshot\gun_C3GD-Dataset_12-oh_farm-norinco_sks-DAVE-10CqWRilQLT1-12_w0.wav,gunshot,5,16000,1.0,train
mix_001491,datasets/speech\speech_ref_0598.wav,datasets/other_impulse\other_imp_other_imp_session_10_0439.wav,other_impulse,0,16000,1.0,train
mix_001492,datasets/speech\speech_speaker_session_17_0682.wav,datasets/gunshot\gun_C3GD-Dataset_0-oh_farm-sw_mp22-ERIN-ILuAgA20Xl4i-33_w0.wav,gunshot,20,16000,1.0,train
mix_001493,datasets/speech\speech_ref_0111.wav,datasets/gunshot\gun_C3GD-Dataset_10-oh_farm-spike_m4_556-BOB-Mjt4Wualmk2E-67_w0.wav,gunshot,-5,16000,1.0,train
mix_001494,datasets/speech\speech_ref_0093.wav,datasets/gunshot\gun_C3GD-Dataset_10-oh_farm-spike_m4_556-ERIN-8XJ3dMdwafQw-24_w0.wav,gunshot,15,16000,1.0,train
mix_001495,datasets/speech\speech_ref_0561.wav,datasets/other_impulse\other_imp_other_imp_session_11_0444.wav,other_impulse,5,16000,1.0,train
mix_001496,datasets/speech\speech_ref_0259.wav,datasets/gunshot\gun_C3GD-Dataset_15-nj_farm-sig_p365-BOB-uY5xiJ1efHpq-11_w0.wav,gunshot,-10,16000,1.0,train
mix_001497,datasets/speech\speech_speaker_session_13_0522.wav,datasets/gunshot\gun_C3GD-Dataset_3-ny_gravel_pit-ruger_lcp_380ACP-BUTCH-bCvjiZaXYAFe-22_w0.wav,gunshot,10,16000,1.0,train
mix_001498,datasets/speech\speech_speaker_session_06_0250.wav,datasets/gunshot\gun_C3GD-Dataset_1-ny_gravel_pit-savage_223-DAVE-cyc89NHUIDHi-20_w0.wav,gunshot,10,16000,1.0,train
mix_001499,datasets/speech\speech_ref_0028.wav,datasets/gunshot\gun_C3GD-Dataset_15-nj_farm-sig_p365-CAROL-4c4Mgt6DlrH8-22_w0.wav,gunshot,5,16000,1.0,train
mix_001500,datasets/speech\speech_ref_0619.wav,datasets/gunshot\gun_C3GD-Dataset_15-oh_farm-hk_P30L-ALICE-Ra4ytZz6kt6l-3_w0.wav,gunshot,0,16000,1.0,train
mix_001501,datasets/speech\speech_ref_0367.wav,datasets/gunshot\gun_C3GD-Dataset_2-oh_farm-custom_ar15_300BLK-ALICE-EmUfikHTAf0o-12_w0.wav,gunshot,-10,16000,1.0,train
mix_001502,datasets/speech\speech_ref_0739.wav,datasets/other_impulse\other_impulse_0961.wav,other_impulse,-10,16000,1.0,train
mix_001503,datasets/speech\speech_ref_0465.wav,datasets/other_impulse\other_impulse_1035.wav,other_impulse,-5,16000,1.0,train
mix_001504,datasets/speech\speech_speaker_session_21_0867.wav,datasets/background_noise\bg_noise_0436.wav,background_noise,0,16000,1.0,train
mix_001505,datasets/speech\speech_speaker_session_25_1000.wav,datasets/gunshot\gun_C3GD-Dataset_10-ny_gravel_pit-sw_mp15-JON-Qoar7WPiWXH6-29_w0.wav,gunshot,20,16000,1.0,train
mix_001506,datasets/speech\speech_speaker_session_23_0947.wav,datasets/gunshot\gun_C3GD-Dataset_15-oh_farm-steyr_C9A2-ALICE-JxjpIpg2vx3t-1_w0.wav,gunshot,10,16000,1.0,train
mix_001507,datasets/speech\speech_ref_0579.wav,datasets/gunshot\gun_C3GD-Dataset_1-ny_gravel_pit-savage_223-BOB-0zbsH77nmJe9-0_w0.wav,gunshot,-10,16000,1.0,train
mix_001508,datasets/speech\speech_speaker_session_26_1067.wav,datasets/gunshot\gun_BoltAction22_Zoom_ZM_104B_S05_w0.wav,gunshot,15,16000,1.0,train
mix_001509,datasets/speech\speech_ref_1074.wav,datasets/background_noise\bg_bg_session_03_0159.wav,background_noise,-10,16000,1.0,train
mix_001510,datasets/speech\speech_speaker_session_00_0007.wav,datasets/gunshot\gun_C3GD-Dataset_15-oh_farm-sig_P320-DAVE-B3N5GTYhUMbA-7_w0.wav,gunshot,15,16000,1.0,train
mix_001511,datasets/speech\speech_speaker_session_24_0983.wav,datasets/background_noise\bg_noise_1003.wav,background_noise,20,16000,1.0,train
mix_001512,datasets/speech\speech_speaker_session_27_1106.wav,datasets/other_impulse\other_impulse_0348.wav,other_impulse,5,16000,1.0,train
mix_001513,datasets/speech\speech_ref_0991.wav,datasets/gunshot\gun_C3GD-Dataset_2-oh_farm-custom_ar15_300BLK-PIXEL-flHp02XZTlWB-6_w0.wav,gunshot,0,16000,1.0,train
mix_001514,datasets/speech\speech_speaker_session_21_0868.wav,datasets/gunshot\gun_C3GD-Dataset_10-oh_farm-spike_m4_556-ALICE-TcUw0m1Y2pBD-2_w0.wav,gunshot,20,16000,1.0,train
mix_001515,datasets/speech\speech_ref_0443.wav,datasets/other_impulse\other_impulse_0903.wav,other_impulse,-20,16000,1.0,train
mix_001516,datasets/speech\speech_speaker_session_18_0729.wav,datasets/gunshot\gun_C3GD-Dataset_15-oh_farm-hk_P2000-PIXEL-oU0V6l1prrM5-5_w0.wav,gunshot,-15,16000,1.0,train
mix_001517,datasets/speech\speech_speaker_session_29_1166.wav,datasets/gunshot\gun_C3GD-Dataset_0-oh_farm-marlin_gfm60-ALICE-2Zx4Q5R1qgAD-6_w0.wav,gunshot,-20,16000,1.0,train
mix_001518,datasets/speech\speech_speaker_session_05_0213.wav,datasets/gunshot\gun_C3GD-Dataset_1-ny_gravel_pit-savage_223-JON-bqarLMmM7cLJ-12_w0.wav,gunshot,0,16000,1.0,train
mix_001519,datasets/speech\speech_ref_1097.wav,datasets/gunshot\gun_C3GD-Dataset_2-oh_farm-custom_ar15_300BLK-ERIN-JT9NHIATnzMQ-15_w0.wav,gunshot,-15,16000,1.0,train
mix_001520,datasets/speech\speech_ref_0244.wav,datasets/gunshot\gun_C3GD-Dataset_2-oh_farm-custom_ar15_300BLK-ALICE-A0I9zcxVqo9a-13_w0.wav,gunshot,5,16000,1.0,train
mix_001521,datasets/speech\speech_speaker_session_25_1012.wav,datasets/gunshot\gun_C3GD-Dataset_10-oh_farm-spike_m4_556-BOB-Mjt4Wualmk2E-21_w0.wav,gunshot,5,16000,1.0,train
mix_001522,datasets/speech\speech_ref_0394.wav,datasets/gunshot\gun_C3GD-Dataset_15-nj_farm-sig_p365-ALICE-T3bFUE8iLtXt-15_w0.wav,gunshot,20,16000,1.0,train
mix_001523,datasets/speech\speech_speaker_session_06_0277.wav,datasets/other_impulse\other_impulse_0733.wav,other_impulse,0,16000,1.0,train
mix_001524,datasets/speech\speech_speaker_session_10_0433.wav,datasets/gunshot\gun_C3GD-Dataset_13-oh_farm-lmt_ar10-ERIN-4yw5CT7ttEZV-22_w0.wav,gunshot,-20,16000,1.0,train
mix_001525,datasets/speech\speech_speaker_session_22_0897.wav,datasets/gunshot\gun_C3GD-Dataset_15-oh_farm-sig_P320-ALICE-SaJRFUjFN1Ux-1_w0.wav,gunshot,-15,16000,1.0,train
mix_001526,datasets/speech\speech_ref_0514.wav,datasets/gunshot\gun_C3GD-Dataset_14-oh_farm-7mm_Mauser-BOB-BcloTeR2Ekq1-17_w0.wav,gunshot,-5,16000,1.0,train
mix_001527,datasets/speech\speech_speaker_session_13_0552.wav,datasets/other_impulse\other_impulse_1051.wav,other_impulse,20,16000,1.0,train
mix_001528,datasets/speech\speech_ref_0554.wav,datasets/gunshot\gun_C3GD-Dataset_0-oh_farm-sw_mp22-ALICE-jmHo21ZrVDXJ-31_w0.wav,gunshot,0,16000,1.0,train
mix_001529,datasets/speech\speech_ref_0929.wav,datasets/gunshot\gun_C3GD-Dataset_14-oh_farm-7mm_Mauser-ERIN-j4Dqiw5l1IWn-4_w0.wav,gunshot,5,16000,1.0,train
mix_001530,datasets/speech\speech_speaker_session_05_0239.wav,datasets/gunshot\gun_C3GD-Dataset_3-ny_gravel_pit-ruger_lcp_380ACP-ERIN-7WYYO4zK0hPS-37_w0.wav,gunshot,15,16000,1.0,train
mix_001531,datasets/speech\speech_speaker_session_21_0866.wav,datasets/gunshot\gun_C3GD-Dataset_15-oh_farm-steyr_C9A2-PIXEL-OPs0rOimSBOE-11_w0.wav,gunshot,-15,16000,1.0,train
mix_001532,datasets/speech\speech_speaker_session_14_0573.wav,datasets/gunshot\gun_C3GD-Dataset_15-nj_farm-sig_p365-ERIN-nP971FQ1dkqF-25_w0.wav,gunshot,0,16000,1.0,train
mix_001533,datasets/speech\speech_ref_1127.wav,datasets/gunshot\gun_C3GD-Dataset_2-oh_farm-custom_ar15_300BLK-BOB-JLX6vf3udb1F-57_w0.wav,gunshot,-10,16000,1.0,train
mix_001534,datasets/speech\speech_speaker_session_08_0327.wav,datasets/gunshot\gun_C3GD-Dataset_0-oh_farm-marlin_gfm60-PIXEL-ZFq4OGGhHOSf-0_w0.wav,gunshot,5,16000,1.0,train
mix_001535,datasets/speech\speech_ref_0871.wav,datasets/gunshot\gun_C3GD-Dataset_15-oh_farm-sig_P320-DAVE-RnHmQd98noYs-11_w0.wav,gunshot,10,16000,1.0,train
mix_001536,datasets/speech\speech_ref_0704.wav,datasets/background_noise\bg_bg_session_29_1168.wav,background_noise,-15,16000,1.0,train
mix_001537,datasets/speech\speech_speaker_session_15_0626.wav,datasets/gunshot\gun_C3GD-Dataset_0-oh_farm-czusa_457-PIXEL-NlllHePs66Wv-19_w0.wav,gunshot,5,16000,1.0,train
mix_001538,datasets/speech\speech_speaker_session_22_0882.wav,datasets/gunshot\gun_C3GD-Dataset_10-ny_gravel_pit-sw_mp15-CAROL-01Wi0Q1SxFPx-25_w0.wav,gunshot,5,16000,1.0,train
mix_001539,datasets/speech\speech_speaker_session_11_0473.wav,datasets/gunshot\gun_C3GD-Dataset_11-nj_farm-savage_mh110-JON-U8Ee7IPiAWho-63_w0.wav,gunshot,0,16000,1.0,train
mix_001540,datasets/speech\speech_speaker_session_21_0855.wav,datasets/gunshot\gun_C3GD-Dataset_10-oh_farm-spike_m4_556-DAVE-LJiS5z5Ad53b-66_w0.wav,gunshot,10,16000,1.0,train
mix_001541,datasets/speech\speech_ref_1191.wav,datasets/gunshot\gun_C3GD-Dataset_10-oh_farm-spike_m4_556-ERIN-8XJ3dMdwafQw-52_w0.wav,gunshot,15,16000,1.0,train
mix_001542,datasets/speech\speech_speaker_session_17_0688.wav,datasets/gunshot\gun_C3GD-Dataset_15-nj_farm-sig_p365-BOB-Q0eIMamzx0DO-12_w0.wav,gunshot,20,16000,1.0,train
mix_001543,datasets/speech\speech_ref_0627.wav,datasets/gunshot\gun_C3GD-Dataset_2-oh_farm-custom_ar15_300BLK-ALICE-A0I9zcxVqo9a-6_w0.wav,gunshot,10,16000,1.0,train
mix_001544,datasets/speech\speech_ref_0498.wav,datasets/gunshot\gun_C3GD-Dataset_0-oh_farm-marlin_gfm60-ERIN-4KUnpSm0eest-6_w0.wav,gunshot,-10,16000,1.0,train
mix_001545,datasets/speech\speech_speaker_session_05_0216.wav,datasets/background_noise\bg_bg_session_09_0378.wav,background_noise,-10,16000,1.0,train
mix_001546,datasets/speech\speech_speaker_session_27_1091.wav,datasets/gunshot\gun_C3GD-Dataset_10-ny_gravel_pit-sw_mp15-JON-Qoar7WPiWXH6-11_w0.wav,gunshot,0,16000,1.0,train
mix_001547,datasets/speech\speech_ref_0453.wav,datasets/background_noise\bg_noise_0111.wav,background_noise,-5,16000,1.0,train
mix_001548,datasets/speech\speech_ref_0602.wav,datasets/gunshot\gun_C3GD-Dataset_0-oh_farm-marlin_gfm60-ERIN-4KUnpSm0eest-11_w0.wav,gunshot,10,16000,1.0,train
mix_001549,datasets/speech\speech_ref_0190.wav,datasets/background_noise\bg_noise_0487.wav,background_noise,-15,16000,1.0,train
mix_001550,datasets/speech\speech_ref_0035.wav,datasets/background_noise\bg_bg_session_26_1045.wav,background_noise,15,16000,1.0,train
mix_001551,datasets/speech\speech_ref_0917.wav,datasets/other_impulse\other_impulse_0585.wav,other_impulse,-20,16000,1.0,train
mix_001552,datasets/speech\speech_ref_1005.wav,datasets/background_noise\bg_bg_session_10_0431.wav,background_noise,10,16000,1.0,train
mix_001553,datasets/speech\speech_speaker_session_06_0257.wav,datasets/other_impulse\other_impulse_0184.wav,other_impulse,-15,16000,1.0,train
mix_001554,datasets/speech\speech_speaker_session_03_0122.wav,datasets/background_noise\bg_noise_0502.wav,background_noise,0,16000,1.0,train
mix_001555,datasets/speech\speech_ref_0975.wav,datasets/other_impulse\other_imp_other_imp_session_13_0526.wav,other_impulse,-10,16000,1.0,train
mix_001556,datasets/speech\speech_speaker_session_21_0843.wav,datasets/background_noise\bg_noise_0181.wav,background_noise,10,16000,1.0,train
mix_001557,datasets/speech\speech_ref_0492.wav,datasets/gunshot\gun_C3GD-Dataset_11-nj_farm-savage_mh110-DAVE-3fPPqTzCQ1WZ-6_w0.wav,gunshot,-5,16000,1.0,train
mix_001558,datasets/speech\speech_speaker_session_24_0963.wav,datasets/gunshot\gun_C3GD-Dataset_10-oh_farm-spike_m4_556-ALICE-0D30t3lA0dYO-47_w0.wav,gunshot,0,16000,1.0,train
mix_001559,datasets/speech\speech_ref_1137.wav,datasets/gunshot\gun_C3GD-Dataset_15-oh_farm-steyr_C9A2-ERIN-CJzVG8h4YflI-10_w0.wav,gunshot,-10,16000,1.0,train
mix_001560,datasets/speech\speech_speaker_session_22_0908.wav,datasets/background_noise\bg_noise_0950.wav,background_noise,20,16000,1.0,train
mix_001561,datasets/speech\speech_ref_0832.wav,datasets/gunshot\gun_C3GD-Dataset_0-oh_farm-springfield_87A-BOB-nT21wqwhXL6h-3_w0.wav,gunshot,-20,16000,1.0,train
mix_001562,datasets/speech\speech_speaker_session_18_0742.wav,datasets/background_noise\bg_bg_session_14_0575.wav,background_noise,5,16000,1.0,train
mix_001563,datasets/speech\speech_ref_0494.wav,datasets/gunshot\gun_C3GD-Dataset_12-oh_farm-norinco_sks-DAVE-10CqWRilQLT1-0_w0.wav,gunshot,15,16000,1.0,train
mix_001564,datasets/speech\speech_ref_0175.wav,datasets/gunshot\gun_C3GD-Dataset_2-oh_farm-custom_ar15_300BLK-BOB-Nyl3u1Ql1lFU-3_w0.wav,gunshot,20,16000,1.0,train
mix_001565,datasets/speech\speech_ref_0391.wav,datasets/gunshot\gun_C3GD-Dataset_10-oh_farm-spike_m4_556-ERIN-8XJ3dMdwafQw-6_w0.wav,gunshot,20,16000,1.0,train
mix_001566,datasets/speech\speech_ref_1058.wav,datasets/gunshot\gun_C3GD-Dataset_15-oh_farm-steyr_C9A2-ERIN-N7AmVZr8PqHw-9_w0.wav,gunshot,-10,16000,1.0,train
mix_001567,datasets/speech\speech_ref_0020.wav,datasets/other_impulse\other_impulse_0435.wav,other_impulse,-10,16000,1.0,train
mix_001568,datasets/speech\speech_speaker_session_28_1142.wav,datasets/other_impulse\other_imp_other_imp_session_02_0080.wav,other_impulse,15,16000,1.0,train
mix_001569,datasets/speech\speech_ref_0565.wav,datasets/other_impulse\other_imp_other_imp_session_18_0739.wav,other_impulse,10,16000,1.0,train
mix_001570,datasets/speech\speech_speaker_session_20_0834.wav,datasets/other_impulse\other_impulse_0176.wav,other_impulse,20,16000,1.0,train
mix_001571,datasets/speech\speech_speaker_session_00_0020.wav,datasets/gunshot\gun_C3GD-Dataset_11-nj_farm-savage_mh110-ERIN-TZeme1kqdhzL-10_w0.wav,gunshot,5,16000,1.0,train
mix_001572,datasets/speech\speech_ref_0572.wav,datasets/gunshot\gun_C3GD-Dataset_2-oh_farm-custom_ar15_300BLK-PIXEL-4Z0CgfSYn2Ez-0_w0.wav,gunshot,20,16000,1.0,train
mix_001573,datasets/speech\speech_ref_0697.wav,datasets/gunshot\gun_C3GD-Dataset_10-ny_gravel_pit-sw_mp15-BUTCH-NheG57B0Fjws-9_w0.wav,gunshot,-15,16000,1.0,train
mix_001574,datasets/speech\speech_ref_0529.wav,datasets/gunshot\gun_C3GD-Dataset_15-oh_farm-steyr_C9A2-DAVE-hFhPaaylRpTD-6_w0.wav,gunshot,0,16000,1.0,train
mix_001575,datasets/speech\speech_ref_0726.wav,datasets/gunshot\gun_C3GD-Dataset_15-nj_farm-sig_p365-BOB-Q0eIMamzx0DO-9_w0.wav,gunshot,10,16000,1.0,train
mix_001576,datasets/speech\speech_ref_0434.wav,datasets/gunshot\gun_C3GD-Dataset_10-oh_farm-spike_m4_556-BOB-Mjt4Wualmk2E-21_w0.wav,gunshot,-10,16000,1.0,train
mix_001577,datasets/speech\speech_ref_0998.wav,datasets/gunshot\gun_C3GD-Dataset_11-nj_farm-savage_mh110-CAROL-5uK7XOyZvflm-2_w0.wav,gunshot,-20,16000,1.0,train
mix_001578,datasets/speech\speech_speaker_session_12_0510.wav,datasets/background_noise\bg_bg_session_00_0001.wav,background_noise,20,16000,1.0,train
mix_001579,datasets/speech\speech_speaker_session_21_0852.wav,datasets/background_noise\bg_noise_1033.wav,background_noise,5,16000,1.0,train
mix_001580,datasets/speech\speech_speaker_session_28_1141.wav,datasets/gunshot\gun_C3GD-Dataset_11-nj_farm-savage_mh110-ALICE-X1fRvwEQOSNS-76_w0.wav,gunshot,15,16000,1.0,train
mix_001581,datasets/speech\speech_ref_0058.wav,datasets/other_impulse\other_impulse_0367.wav,other_impulse,-20,16000,1.0,train
mix_001582,datasets/speech\speech_speaker_session_25_1038.wav,datasets/gunshot\gun_C3GD-Dataset_3-ny_gravel_pit-ruger_lcp_380ACP-ALICE-Zp9eQutkJS4y-40_w0.wav,gunshot,15,16000,1.0,train
mix_001583,datasets/speech\speech_speaker_session_12_0500.wav,datasets/gunshot\gun_C3GD-Dataset_11-nj_farm-savage_mh110-CAROL-28cChRmnkvnG-26_w0.wav,gunshot,-20,16000,1.0,train
mix_001584,datasets/speech\speech_speaker_session_04_0168.wav,datasets/gunshot\gun_C3GD-Dataset_15-oh_farm-steyr_C9A2-ALICE-3EE9jVC0gOdp-3_w0.wav,gunshot,0,16000,1.0,train
mix_001585,datasets/speech\speech_speaker_session_01_0049.wav,datasets/other_impulse\other_imp_other_imp_session_04_0181.wav,other_impulse,-5,16000,1.0,train
mix_001586,datasets/speech\speech_speaker_session_22_0906.wav,datasets/background_noise\bg_bg_session_02_0118.wav,background_noise,20,16000,1.0,train
mix_001587,datasets/speech\speech_speaker_session_16_0650.wav,datasets/gunshot\gun_C3GD-Dataset_15-nj_farm-sig_p365-CAROL-4c4Mgt6DlrH8-42_w0.wav,gunshot,-5,16000,1.0,train
mix_001588,datasets/speech\speech_speaker_session_08_0336.wav,datasets/gunshot\gun_C3GD-Dataset_15-oh_farm-sig_P320-ALICE-SaJRFUjFN1Ux-17_w0.wav,gunshot,20,16000,1.0,train
mix_001589,datasets/speech\speech_speaker_session_16_0655.wav,datasets/gunshot\gun_C3GD-Dataset_15-oh_farm-steyr_C9A2-BOB-qOgJm8Wc1fB0-3_w0.wav,gunshot,10,16000,1.0,train
mix_001590,datasets/speech\speech_ref_0923.wav,datasets/gunshot\gun_C3GD-Dataset_10-oh_farm-spike_m4_556-ALICE-TcUw0m1Y2pBD-14_w0.wav,gunshot,-10,16000,1.0,train
mix_001591,datasets/speech\speech_speaker_session_20_0805.wav,datasets/other_impulse\other_imp_other_imp_session_24_0983.wav,other_impulse,10,16000,1.0,train
mix_001592,datasets/speech\speech_speaker_session_29_1160.wav,datasets/gunshot\gun_C3GD-Dataset_15-nj_farm-sig_p365-DAVE-g19XyDQPiD9P-27_w0.wav,gunshot,-5,16000,1.0,train
mix_001593,datasets/speech\speech_ref_0502.wav,datasets/gunshot\gun_C3GD-Dataset_10-oh_farm-spike_m4_556-BOB-Mjt4Wualmk2E-69_w0.wav,gunshot,-15,16000,1.0,train
mix_001594,datasets/speech\speech_ref_0660.wav,datasets/gunshot\gun_C3GD-Dataset_15-oh_farm-sig_P320-DAVE-RnHmQd98noYs-2_w0.wav,gunshot,-5,16000,1.0,train
mix_001595,datasets/speech\speech_ref_0549.wav,datasets/other_impulse\other_impulse_0064.wav,other_impulse,0,16000,1.0,train
mix_001596,datasets/speech\speech_speaker_session_00_0013.wav,datasets/gunshot\gun_C3GD-Dataset_11-nj_farm-savage_mh110-ALICE-X1fRvwEQOSNS-45_w0.wav,gunshot,20,16000,1.0,train
mix_001597,datasets/speech\speech_speaker_session_07_0297.wav,datasets/gunshot\gun_C3GD-Dataset_10-oh_farm-spike_m4_556-ERIN-8XJ3dMdwafQw-16_w0.wav,gunshot,10,16000,1.0,train
mix_001598,datasets/speech\speech_speaker_session_15_0633.wav,datasets/gunshot\gun_C3GD-Dataset_0-oh_farm-sw_mp22-ERIN-ILuAgA20Xl4i-9_w0.wav,gunshot,-15,16000,1.0,train
mix_001599,datasets/speech\speech_speaker_session_11_0468.wav,datasets/gunshot\gun_C3GD-Dataset_0-oh_farm-sw_mp22-BOB-yWwWPdTk8Evd-37_w0.wav,gunshot,-10,16000,1.0,train
mix_001600,datasets/speech\speech_ref_0990.wav,datasets/gunshot\gun_C3GD-Dataset_11-nj_farm-savage_mh110-BOB-8c1Tg89yVR7j-41_w0.wav,gunshot,-15,16000,1.0,train
mix_001601,datasets/speech\speech_speaker_session_09_0386.wav,datasets/other_impulse\other_imp_other_imp_session_20_0834.wav,other_impulse,15,16000,1.0,train
mix_001602,datasets/speech\speech_speaker_session_13_0550.wav,datasets/other_impulse\other_imp_other_imp_session_13_0520.wav,other_impulse,15,16000,1.0,train
mix_001603,datasets/speech\speech_speaker_session_01_0061.wav,datasets/gunshot\gun_C3GD-Dataset_10-oh_farm-spike_m4_556-ERIN-8XJ3dMdwafQw-65_w0.wav,gunshot,15,16000,1.0,train
mix_001604,datasets/speech\speech_ref_0553.wav,datasets/gunshot\gun_C3GD-Dataset_0-oh_farm-sw_mp22-ERIN-ILuAgA20Xl4i-5_w0.wav,gunshot,5,16000,1.0,train
mix_001605,datasets/speech\speech_speaker_session_03_0132.wav,datasets/background_noise\bg_bg_session_07_0317.wav,background_noise,-10,16000,1.0,train
mix_001606,datasets/speech\speech_speaker_session_23_0929.wav,datasets/background_noise\bg_bg_session_20_0813.wav,background_noise,20,16000,1.0,train
mix_001607,datasets/speech\speech_speaker_session_07_0302.wav,datasets/background_noise\bg_bg_session_09_0362.wav,background_noise,-10,16000,1.0,train
mix_001608,datasets/speech\speech_speaker_session_16_0641.wav,datasets/background_noise\bg_noise_0475.wav,background_noise,0,16000,1.0,train
mix_001609,datasets/speech\speech_speaker_session_23_0952.wav,datasets/gunshot\gun_C3GD-Dataset_10-oh_farm-spike_m4_556-ERIN-8XJ3dMdwafQw-21_w0.wav,gunshot,-10,16000,1.0,train
mix_001610,datasets/speech\speech_ref_0313.wav,datasets/gunshot\gun_C3GD-Dataset_15-oh_farm-steyr_C9A2-BOB-uovdzVM1iV57-0_w0.wav,gunshot,-20,16000,1.0,train
mix_001611,datasets/speech\speech_speaker_session_21_0856.wav,datasets/gunshot\gun_C3GD-Dataset_10-ny_gravel_pit-sw_mp15-ERIN-7gR94hji5299-11_w0.wav,gunshot,-15,16000,1.0,train
mix_001612,datasets/speech\speech_ref_0941.wav,datasets/gunshot\gun_BoltAction22_Zoom_ZM_144A_S05_w0.wav,gunshot,-20,16000,1.0,train
mix_001613,datasets/speech\speech_speaker_session_02_0101.wav,datasets/gunshot\gun_C3GD-Dataset_3-ny_gravel_pit-ruger_lcp_380ACP-BOB-nG6HMBYVW1E0-25_w0.wav,gunshot,-5,16000,1.0,train
mix_001614,datasets/speech\speech_ref_0741.wav,datasets/gunshot\gun_C3GD-Dataset_13-oh_farm-lmt_ar10-DAVE-71Zo9dY4k135-25_w0.wav,gunshot,10,16000,1.0,train
mix_001615,datasets/speech\speech_ref_0887.wav,datasets/gunshot\gun_C3GD-Dataset_11-nj_farm-savage_mh110-ERIN-TZeme1kqdhzL-39_w0.wav,gunshot,15,16000,1.0,train
mix_001616,datasets/speech\speech_ref_0216.wav,datasets/gunshot\gun_C3GD-Dataset_15-nj_farm-sig_p365-BUTCH-nJExooYJ4R6j-9_w0.wav,gunshot,15,16000,1.0,train
mix_001617,datasets/speech\speech_speaker_session_29_1196.wav,datasets/background_noise\bg_bg_session_12_0519.wav,background_noise,5,16000,1.0,train
mix_001618,datasets/speech\speech_speaker_session_14_0566.wav,datasets/background_noise\bg_noise_0114.wav,background_noise,-10,16000,1.0,train
mix_001619,datasets/speech\speech_ref_0025.wav,datasets/background_noise\bg_bg_session_22_0918.wav,background_noise,0,16000,1.0,train
mix_001620,datasets/speech\speech_ref_0698.wav,datasets/gunshot\gun_C3GD-Dataset_15-oh_farm-hk_P2000-BOB-jbfu0WckjyQq-6_w0.wav,gunshot,-15,16000,1.0,train
mix_001621,datasets/speech\speech_speaker_session_03_0126.wav,datasets/other_impulse\other_impulse_0499.wav,other_impulse,15,16000,1.0,train
mix_001622,datasets/speech\speech_ref_1036.wav,datasets/gunshot\gun_C3GD-Dataset_0-oh_farm-sw_mp22-BOB-yWwWPdTk8Evd-25_w0.wav,gunshot,-5,16000,1.0,train
mix_001623,datasets/speech\speech_ref_0141.wav,datasets/gunshot\gun_C3GD-Dataset_10-oh_farm-spike_m4_556-ALICE-TcUw0m1Y2pBD-17_w0.wav,gunshot,10,16000,1.0,train
mix_001624,datasets/speech\speech_ref_0758.wav,datasets/background_noise\bg_bg_session_05_0206.wav,background_noise,-15,16000,1.0,train
mix_001625,datasets/speech\speech_speaker_session_03_0154.wav,datasets/gunshot\gun_C3GD-Dataset_10-oh_farm-spike_m4_556-ALICE-0D30t3lA0dYO-6_w0.wav,gunshot,10,16000,1.0,train
mix_001626,datasets/speech\speech_speaker_session_12_0513.wav,datasets/gunshot\gun_C3GD-Dataset_15-oh_farm-steyr_C9A2-DAVE-pFf52N16Bk7H-8_w0.wav,gunshot,-5,16000,1.0,train
mix_001627,datasets/speech\speech_ref_1091.wav,datasets/background_noise\bg_bg_session_13_0549.wav,background_noise,-5,16000,1.0,train
mix_001628,datasets/speech\speech_ref_0711.wav,datasets/gunshot\gun_C3GD-Dataset_2-oh_farm-custom_ar15_300BLK-BOB-JLX6vf3udb1F-13_w0.wav,gunshot,-15,16000,1.0,train
mix_001629,datasets/speech\speech_ref_0084.wav,datasets/other_impulse\other_impulse_0138.wav,other_impulse,-5,16000,1.0,train
mix_001630,datasets/speech\speech_speaker_session_21_0846.wav,datasets/gunshot\gun_C3GD-Dataset_2-oh_farm-custom_ar15_300BLK-DAVE-i1jOY9VPtkkU-28_w0.wav,gunshot,10,16000,1.0,train
mix_001631,datasets/speech\speech_ref_1159.wav,datasets/gunshot\gun_C3GD-Dataset_11-nj_farm-savage_mh110-ERIN-TZeme1kqdhzL-47_w0.wav,gunshot,5,16000,1.0,train
mix_001632,datasets/speech\speech_speaker_session_19_0764.wav,datasets/gunshot\gun_C3GD-Dataset_0-oh_farm-czusa_457-DAVE-Wl2BI9ECAcY0-0_w0.wav,gunshot,-20,16000,1.0,train
mix_001633,datasets/speech\speech_ref_0247.wav,datasets/other_impulse\other_impulse_0604.wav,other_impulse,20,16000,1.0,train
mix_001634,datasets/speech\speech_speaker_session_00_0029.wav,datasets/background_noise\bg_noise_0801.wav,background_noise,0,16000,1.0,train
mix_001635,datasets/speech\speech_speaker_session_05_0201.wav,datasets/gunshot\gun_C3GD-Dataset_2-oh_farm-custom_ar15_300BLK-ERIN-KtpBXpInjxuT-3_w0.wav,gunshot,0,16000,1.0,train
mix_001636,datasets/speech\speech_ref_0617.wav,datasets/gunshot\gun_C3GD-Dataset_1-ny_gravel_pit-savage_223-BOB-KJSHtpTSf1RZ-12_w0.wav,gunshot,5,16000,1.0,train
mix_001637,datasets/speech\speech_speaker_session_09_0382.wav,datasets/background_noise\bg_bg_session_21_0853.wav,background_noise,-5,16000,1.0,train
mix_001638,datasets/speech\speech_speaker_session_18_0733.wav,datasets/background_noise\bg_noise_0650.wav,background_noise,-5,16000,1.0,train
mix_001639,datasets/speech\speech_speaker_session_22_0885.wav,datasets/other_impulse\other_imp_other_imp_session_19_0769.wav,other_impulse,10,16000,1.0,train
mix_001640,datasets/speech\speech_ref_0497.wav,datasets/gunshot\gun_C3GD-Dataset_12-oh_farm-norinco_sks-BOB-yXDXpxpia0E3-28_w0.wav,gunshot,-20,16000,1.0,train
mix_001641,datasets/speech\speech_speaker_session_23_0949.wav,datasets/gunshot\gun_C3GD-Dataset_0-oh_farm-marlin_gfm60-ERIN-4KUnpSm0eest-7_w0.wav,gunshot,0,16000,1.0,train
mix_001642,datasets/speech\speech_speaker_session_05_0214.wav,datasets/other_impulse\other_impulse_1179.wav,other_impulse,-15,16000,1.0,train
mix_001643,datasets/speech\speech_speaker_session_12_0519.wav,datasets/gunshot\gun_C3GD-Dataset_15-oh_farm-hk_P2000-ERIN-9Uf51ABxzxSV-8_w0.wav,gunshot,-5,16000,1.0,train
mix_001644,datasets/speech\speech_ref_0155.wav,datasets/background_noise\bg_bg_session_03_0146.wav,background_noise,-20,16000,1.0,train
mix_001645,datasets/speech\speech_ref_0406.wav,datasets/other_impulse\other_impulse_1120.wav,other_impulse,15,16000,1.0,train
mix_001646,datasets/speech\speech_speaker_session_06_0264.wav,datasets/other_impulse\other_imp_other_imp_session_04_0168.wav,other_impulse,-10,16000,1.0,train
mix_001647,datasets/speech\speech_ref_0812.wav,datasets/gunshot\gun_C3GD-Dataset_15-nj_farm-sig_p365-BUTCH-nJExooYJ4R6j-9_w0.wav,gunshot,-15,16000,1.0,train
mix_001648,datasets/speech\speech_ref_0768.wav,datasets/gunshot\gun_C3GD-Dataset_10-oh_farm-spike_m4_556-ALICE-0D30t3lA0dYO-67_w0.wav,gunshot,-10,16000,1.0,train
mix_001649,datasets/speech\speech_speaker_session_18_0724.wav,datasets/gunshot\gun_C3GD-Dataset_3-ny_gravel_pit-ruger_lcp_380ACP-BUTCH-bCvjiZaXYAFe-3_w0.wav,gunshot,-15,16000,1.0,train
mix_001650,datasets/speech\speech_speaker_session_20_0829.wav,datasets/other_impulse\other_imp_other_imp_session_13_0535.wav,other_impulse,5,16000,1.0,train
mix_001651,datasets/speech\speech_ref_0638.wav,datasets/other_impulse\other_imp_other_imp_session_16_0642.wav,other_impulse,-20,16000,1.0,train
mix_001652,datasets/speech\speech_ref_0052.wav,datasets/background_noise\bg_bg_session_24_0979.wav,background_noise,5,16000,1.0,train
mix_001653,datasets/speech\speech_speaker_session_28_1147.wav,datasets/other_impulse\other_imp_other_imp_session_24_0960.wav,other_impulse,-10,16000,1.0,train
mix_001654,datasets/speech\speech_speaker_session_20_0833.wav,datasets/other_impulse\other_impulse_0387.wav,other_impulse,-15,16000,1.0,train
mix_001655,datasets/speech\speech_ref_0637.wav,datasets/background_noise\bg_noise_0861.wav,background_noise,15,16000,1.0,train
mix_001656,datasets/speech\speech_speaker_session_23_0932.wav,datasets/gunshot\gun_C3GD-Dataset_10-ny_gravel_pit-sw_mp15-ERIN-7gR94hji5299-0_w0.wav,gunshot,5,16000,1.0,train
mix_001657,datasets/speech\speech_speaker_session_15_0600.wav,datasets/other_impulse\other_impulse_0748.wav,other_impulse,5,16000,1.0,train
mix_001658,datasets/speech\speech_speaker_session_11_0471.wav,datasets/gunshot\gun_C3GD-Dataset_15-oh_farm-steyr_C9A2-BOB-uovdzVM1iV57-13_w0.wav,gunshot,-5,16000,1.0,train
mix_001659,datasets/speech\speech_speaker_session_16_0660.wav,datasets/background_noise\bg_bg_session_08_0349.wav,background_noise,10,16000,1.0,train
mix_001660,datasets/speech\speech_speaker_session_26_1063.wav,datasets/gunshot\gun_C3GD-Dataset_15-nj_farm-sig_p365-ALICE-238kXOv33RM0-31_w0.wav,gunshot,-10,16000,1.0,train
mix_001661,datasets/speech\speech_speaker_session_01_0043.wav,datasets/gunshot\gun_C3GD-Dataset_10-oh_farm-spike_m4_556-ALICE-TcUw0m1Y2pBD-26_w0.wav,gunshot,-20,16000,1.0,train
mix_001662,datasets/speech\speech_speaker_session_01_0040.wav,datasets/gunshot\gun_C3GD-Dataset_2-oh_farm-custom_ar15_300BLK-PIXEL-flHp02XZTlWB-50_w0.wav,gunshot,15,16000,1.0,train
mix_001663,datasets/speech\speech_ref_0343.wav,datasets/other_impulse\other_impulse_0759.wav,other_impulse,0,16000,1.0,train
mix_001664,datasets/speech\speech_ref_0755.wav,datasets/other_impulse\other_impulse_0492.wav,other_impulse,15,16000,1.0,train
mix_001665,datasets/speech\speech_speaker_session_09_0370.wav,datasets/gunshot\gun_C3GD-Dataset_0-oh_farm-sw_mp22-PIXEL-f5W6Yd67KJc2-35_w0.wav,gunshot,-10,16000,1.0,train
mix_001666,datasets/speech\speech_ref_0524.wav,datasets/other_impulse\other_impulse_0506.wav,other_impulse,5,16000,1.0,train
mix_001667,datasets/speech\speech_speaker_session_05_0232.wav,datasets/gunshot\gun_C3GD-Dataset_12-oh_farm-norinco_sks-BOB-yXDXpxpia0E3-16_w0.wav,gunshot,15,16000,1.0,train
mix_001668,datasets/speech\speech_speaker_session_17_0704.wav,datasets/gunshot\gun_C3GD-Dataset_10-oh_farm-spike_m4_556-PIXEL-IwgLphM2NQaw-42_w0.wav,gunshot,20,16000,1.0,train
mix_001669,datasets/speech\speech_ref_0446.wav,datasets/gunshot\gun_C3GD-Dataset_0-oh_farm-czusa_457-ERIN-1JrN0MitwFDS-15_w0.wav,gunshot,-15,16000,1.0,train
mix_001670,datasets/speech\speech_speaker_session_29_1179.wav,datasets/other_impulse\other_impulse_0302.wav,other_impulse,-10,16000,1.0,train
mix_001671,datasets/speech\speech_speaker_session_23_0948.wav,datasets/gunshot\gun_C3GD-Dataset_2-oh_farm-custom_ar15_300BLK-ALICE-6eogwcGpfgUH-6_w0.wav,gunshot,0,16000,1.0,train
mix_001672,datasets/speech\speech_speaker_session_21_0842.wav,datasets/gunshot\gun_C3GD-Dataset_10-oh_farm-spike_m4_556-BOB-Mjt4Wualmk2E-74_w0.wav,gunshot,20,16000,1.0,train
mix_001673,datasets/speech\speech_speaker_session_17_0698.wav,datasets/gunshot\gun_C3GD-Dataset_15-nj_farm-sig_p365-BOB-uY5xiJ1efHpq-29_w0.wav,gunshot,15,16000,1.0,train
mix_001674,datasets/speech\speech_ref_0258.wav,datasets/background_noise\bg_bg_session_00_0011.wav,background_noise,20,16000,1.0,train
mix_001675,datasets/speech\speech_ref_0488.wav,datasets/gunshot\gun_C3GD-Dataset_15-nj_farm-sig_p365-DAVE-g19XyDQPiD9P-37_w0.wav,gunshot,-10,16000,1.0,train
mix_001676,datasets/speech\speech_speaker_session_14_0579.wav,datasets/background_noise\bg_bg_session_07_0306.wav,background_noise,5,16000,1.0,train
mix_001677,datasets/speech\speech_speaker_session_01_0072.wav,datasets/other_impulse\other_imp_other_imp_session_14_0561.wav,other_impulse,-5,16000,1.0,train
mix_001678,datasets/speech\speech_ref_0041.wav,datasets/gunshot\gun_C3GD-Dataset_12-oh_farm-norinco_sks-ALICE-MLFY3TErS9EO-30_w0.wav,gunshot,-15,16000,1.0,train
mix_001679,datasets/speech\speech_speaker_session_20_0826.wav,datasets/other_impulse\other_imp_other_imp_session_29_1185.wav,other_impulse,20,16000,1.0,train
mix_001680,datasets/speech\speech_speaker_session_15_0605.wav,datasets/gunshot\gun_C3GD-Dataset_15-oh_farm-hk_P2000-ALICE-jw92jIHNwXL7-5_w0.wav,gunshot,-5,16000,1.0,train
mix_001681,datasets/speech\speech_ref_0063.wav,datasets/other_impulse\other_impulse_0186.wav,other_impulse,15,16000,1.0,train
mix_001682,datasets/speech\speech_speaker_session_08_0344.wav,datasets/other_impulse\other_impulse_0635.wav,other_impulse,-10,16000,1.0,train
mix_001683,datasets/speech\speech_ref_0082.wav,datasets/other_impulse\other_imp_other_imp_session_11_0444.wav,other_impulse,0,16000,1.0,train
mix_001684,datasets/speech\speech_speaker_session_03_0134.wav,datasets/gunshot\gun_C3GD-Dataset_12-oh_farm-norinco_sks-BOB-RHU1sy1lNto1-29_w0.wav,gunshot,10,16000,1.0,train
mix_001685,datasets/speech\speech_speaker_session_25_1039.wav,datasets/other_impulse\other_imp_other_imp_session_22_0900.wav,other_impulse,5,16000,1.0,train
mix_001686,datasets/speech\speech_ref_0140.wav,datasets/background_noise\bg_noise_0609.wav,background_noise,-15,16000,1.0,train
mix_001687,datasets/speech\speech_speaker_session_03_0131.wav,datasets/other_impulse\other_impulse_0172.wav,other_impulse,-15,16000,1.0,train
mix_001688,datasets/speech\speech_ref_0459.wav,datasets/background_noise\bg_bg_session_17_0717.wav,background_noise,-10,16000,1.0,train
mix_001689,datasets/speech\speech_speaker_session_20_0822.wav,datasets/gunshot\gun_C3GD-Dataset_0-oh_farm-sw_mp22-BOB-L1VYwU6YJSr9-18_w0.wav,gunshot,-20,16000,1.0,train
mix_001690,datasets/speech\speech_ref_0106.wav,datasets/gunshot\gun_C3GD-Dataset_1-ny_gravel_pit-savage_223-BUTCH-vmXVMZ4vutTc-17_w0.wav,gunshot,-15,16000,1.0,train
mix_001691,datasets/speech\speech_ref_1104.wav,datasets/gunshot\gun_C3GD-Dataset_2-oh_farm-custom_ar15_300BLK-PIXEL-flHp02XZTlWB-51_w0.wav,gunshot,-5,16000,1.0,train
mix_001692,datasets/speech\speech_speaker_session_08_0334.wav,datasets/background_noise\bg_noise_0417.wav,background_noise,-20,16000,1.0,train
mix_001693,datasets/speech\speech_speaker_session_21_0873.wav,datasets/other_impulse\other_impulse_0955.wav,other_impulse,10,16000,1.0,train
mix_001694,datasets/speech\speech_speaker_session_20_0828.wav,datasets/other_impulse\other_imp_other_imp_session_29_1179.wav,other_impulse,15,16000,1.0,train
mix_001695,datasets/speech\speech_ref_0167.wav,datasets/other_impulse\other_impulse_0215.wav,other_impulse,0,16000,1.0,train
mix_001696,datasets/speech\speech_ref_0516.wav,datasets/background_noise\bg_bg_session_20_0804.wav,background_noise,5,16000,1.0,train
mix_001697,datasets/speech\speech_ref_0863.wav,datasets/gunshot\gun_C3GD-Dataset_10-ny_gravel_pit-sw_mp15-ALICE-OgSQVUQ0EWCg-22_w0.wav,gunshot,-15,16000,1.0,train
mix_001698,datasets/speech\speech_speaker_session_08_0340.wav,datasets/background_noise\bg_bg_session_05_0214.wav,background_noise,-5,16000,1.0,train
mix_001699,datasets/speech\speech_ref_0569.wav,datasets/other_impulse\other_imp_other_imp_session_28_1143.wav,other_impulse,15,16000,1.0,train
mix_001700,datasets/speech\speech_speaker_session_17_0715.wav,datasets/background_noise\bg_noise_0110.wav,background_noise,15,16000,1.0,train
mix_001701,datasets/speech\speech_speaker_session_08_0358.wav,datasets/other_impulse\other_imp_other_imp_session_21_0868.wav,other_impulse,-20,16000,1.0,train
mix_001702,datasets/speech\speech_ref_0691.wav,datasets/gunshot\gun_C3GD-Dataset_15-nj_farm-sig_p365-ALICE-T3bFUE8iLtXt-24_w0.wav,gunshot,20,16000,1.0,train
mix_001703,datasets/speech\speech_speaker_session_28_1130.wav,datasets/gunshot\gun_C3GD-Dataset_15-oh_farm-sig_P320-BOB-0xPxL0niRcMJ-7_w0.wav,gunshot,5,16000,1.0,train
mix_001704,datasets/speech\speech_ref_0931.wav,datasets/background_noise\bg_bg_session_23_0955.wav,background_noise,0,16000,1.0,train
mix_001705,datasets/speech\speech_ref_0433.wav,datasets/other_impulse\other_impulse_0267.wav,other_impulse,-20,16000,1.0,train
mix_001706,datasets/speech\speech_ref_0670.wav,datasets/background_noise\bg_bg_session_28_1153.wav,background_noise,0,16000,1.0,train
mix_001707,datasets/speech\speech_speaker_session_18_0726.wav,datasets/background_noise\bg_noise_0076.wav,background_noise,-5,16000,1.0,train
mix_001708,datasets/speech\speech_ref_0532.wav,datasets/other_impulse\other_impulse_0111.wav,other_impulse,-15,16000,1.0,train
mix_001709,datasets/speech\speech_speaker_session_15_0636.wav,datasets/background_noise\bg_noise_0458.wav,background_noise,-5,16000,1.0,train
mix_001710,datasets/speech\speech_speaker_session_27_1096.wav,datasets/other_impulse\other_impulse_0310.wav,other_impulse,10,16000,1.0,train
mix_001711,datasets/speech\speech_ref_0945.wav,datasets/gunshot\gun_C3GD-Dataset_0-oh_farm-sw_mp22-PIXEL-f5W6Yd67KJc2-30_w0.wav,gunshot,-5,16000,1.0,train
mix_001712,datasets/speech\speech_ref_0277.wav,datasets/other_impulse\other_impulse_0221.wav,other_impulse,-5,16000,1.0,train
mix_001713,datasets/speech\speech_speaker_session_25_1036.wav,datasets/other_impulse\other_impulse_0939.wav,other_impulse,-10,16000,1.0,train
mix_001714,datasets/speech\speech_speaker_session_02_0116.wav,datasets/other_impulse\other_impulse_0749.wav,other_impulse,20,16000,1.0,train
mix_001715,datasets/speech\speech_speaker_session_21_0864.wav,datasets/gunshot\gun_C3GD-Dataset_15-oh_farm-sig_P320-BOB-0xPxL0niRcMJ-12_w0.wav,gunshot,-15,16000,1.0,train
mix_001716,datasets/speech\speech_speaker_session_13_0526.wav,datasets/other_impulse\other_imp_other_imp_session_21_0863.wav,other_impulse,5,16000,1.0,train
mix_001717,datasets/speech\speech_speaker_session_03_0157.wav,datasets/gunshot\gun_C3GD-Dataset_2-oh_farm-custom_ar15_300BLK-ALICE-QBdIBdZ0p0dz-63_w0.wav,gunshot,10,16000,1.0,train
mix_001718,datasets/speech\speech_ref_1155.wav,datasets/background_noise\bg_noise_0505.wav,background_noise,-10,16000,1.0,train
mix_001719,datasets/speech\speech_speaker_session_00_0012.wav,datasets/gunshot\gun_C3GD-Dataset_0-oh_farm-sw_mp22-BOB-L1VYwU6YJSr9-7_w0.wav,gunshot,20,16000,1.0,train
mix_001720,datasets/speech\speech_ref_0806.wav,datasets/gunshot\gun_C3GD-Dataset_15-oh_farm-hk_P30L-ALICE-ZqFDwfoCsvH9-7_w0.wav,gunshot,20,16000,1.0,train
mix_001721,datasets/speech\speech_ref_0055.wav,datasets/gunshot\gun_C3GD-Dataset_13-oh_farm-lmt_ar10-BOB-0T2m14m6BxyX-32_w0.wav,gunshot,-10,16000,1.0,train
mix_001722,datasets/speech\speech_speaker_session_28_1135.wav,datasets/other_impulse\other_impulse_0347.wav,other_impulse,15,16000,1.0,train
mix_001723,datasets/speech\speech_speaker_session_01_0074.wav,datasets/gunshot\gun_C3GD-Dataset_14-oh_farm-7mm_Mauser-BOB-kgpNCBcthM7z-17_w0.wav,gunshot,5,16000,1.0,train
mix_001724,datasets/speech\speech_ref_0261.wav,datasets/other_impulse\other_impulse_0612.wav,other_impulse,5,16000,1.0,train
mix_001725,datasets/speech\speech_ref_0957.wav,datasets/gunshot\gun_C3GD-Dataset_15-nj_farm-sig_p365-CAROL-4c4Mgt6DlrH8-14_w0.wav,gunshot,10,16000,1.0,train
mix_001726,datasets/speech\speech_speaker_session_13_0521.wav,datasets/other_impulse\other_imp_other_imp_session_19_0775.wav,other_impulse,10,16000,1.0,train
mix_001727,datasets/speech\speech_ref_0338.wav,datasets/gunshot\gun_C3GD-Dataset_12-oh_farm-norinco_sks-BOB-yXDXpxpia0E3-12_w0.wav,gunshot,-5,16000,1.0,train
mix_001728,datasets/speech\speech_speaker_session_07_0283.wav,datasets/other_impulse\other_impulse_0826.wav,other_impulse,20,16000,1.0,train
mix_001729,datasets/speech\speech_ref_0828.wav,datasets/gunshot\gun_C3GD-Dataset_1-ny_gravel_pit-savage_223-ERIN-5YU9A4rqIoQN-2_w0.wav,gunshot,10,16000,1.0,train
mix_001730,datasets/speech\speech_speaker_session_29_1192.wav,datasets/other_impulse\other_impulse_0615.wav,other_impulse,0,16000,1.0,train
mix_001731,datasets/speech\speech_speaker_session_04_0190.wav,datasets/gunshot\gun_C3GD-Dataset_15-nj_farm-sig_p365-ALICE-T3bFUE8iLtXt-10_w0.wav,gunshot,15,16000,1.0,train
mix_001732,datasets/speech\speech_speaker_session_04_0169.wav,datasets/gunshot\gun_C3GD-Dataset_15-oh_farm-steyr_C9A2-PIXEL-OPs0rOimSBOE-6_w0.wav,gunshot,10,16000,1.0,train
mix_001733,datasets/speech\speech_ref_0688.wav,datasets/background_noise\bg_bg_session_00_0003.wav,background_noise,-20,16000,1.0,train
mix_001734,datasets/speech\speech_ref_0796.wav,datasets/gunshot\gun_C3GD-Dataset_11-nj_farm-savage_mh110-ALICE-X1fRvwEQOSNS-41_w0.wav,gunshot,-20,16000,1.0,train
mix_001735,datasets/speech\speech_ref_0059.wav,datasets/other_impulse\other_impulse_0080.wav,other_impulse,-10,16000,1.0,train
mix_001736,datasets/speech\speech_ref_0994.wav,datasets/gunshot\gun_C3GD-Dataset_11-nj_farm-savage_mh110-CAROL-28cChRmnkvnG-5_w0.wav,gunshot,-20,16000,1.0,train
mix_001737,datasets/speech\speech_ref_0892.wav,datasets/gunshot\gun_C3GD-Dataset_11-nj_farm-savage_mh110-CAROL-28cChRmnkvnG-37_w0.wav,gunshot,-5,16000,1.0,train
mix_001738,datasets/speech\speech_ref_0558.wav,datasets/gunshot\gun_C3GD-Dataset_1-ny_gravel_pit-savage_223-ERIN-5YU9A4rqIoQN-7_w0.wav,gunshot,5,16000,1.0,train
mix_001739,datasets/speech\speech_speaker_session_27_1094.wav,datasets/background_noise\bg_bg_session_08_0355.wav,background_noise,0,16000,1.0,train
mix_001740,datasets/speech\speech_ref_0999.wav,datasets/other_impulse\other_impulse_0671.wav,other_impulse,20,16000,1.0,train
mix_001741,datasets/speech\speech_ref_0451.wav,datasets/other_impulse\other_impulse_0714.wav,other_impulse,-10,16000,1.0,train
mix_001742,datasets/speech\speech_speaker_session_00_0035.wav,datasets/background_noise\bg_noise_0344.wav,background_noise,-20,16000,1.0,train
mix_001743,datasets/speech\speech_speaker_session_10_0438.wav,datasets/gunshot\gun_C3GD-Dataset_2-oh_farm-custom_ar15_300BLK-BOB-8wonxAD8gLD7-6_w0.wav,gunshot,5,16000,1.0,train
mix_001744,datasets/speech\speech_ref_1118.wav,datasets/gunshot\gun_C3GD-Dataset_0-oh_farm-czusa_457-BOB-jtxibWlq18a3-14_w0.wav,gunshot,-10,16000,1.0,train
mix_001745,datasets/speech\speech_speaker_session_07_0304.wav,datasets/gunshot\gun_C3GD-Dataset_10-oh_farm-spike_m4_556-DAVE-LJiS5z5Ad53b-29_w0.wav,gunshot,5,16000,1.0,train
mix_001746,datasets/speech\speech_speaker_session_08_0330.wav,datasets/other_impulse\other_impulse_1138.wav,other_impulse,-5,16000,1.0,train
mix_001747,datasets/speech\speech_speaker_session_19_0762.wav,datasets/gunshot\gun_C3GD-Dataset_10-ny_gravel_pit-sw_mp15-ERIN-7gR94hji5299-14_w0.wav,gunshot,0,16000,1.0,train
mix_001748,datasets/speech\speech_speaker_session_28_1136.wav,datasets/gunshot\gun_C3GD-Dataset_11-nj_farm-savage_mh110-CAROL-28cChRmnkvnG-37_w0.wav,gunshot,-15,16000,1.0,train
mix_001749,datasets/speech\speech_speaker_session_12_0511.wav,datasets/other_impulse\other_impulse_0946.wav,other_impulse,10,16000,1.0,train
mix_001750,datasets/speech\speech_speaker_session_13_0547.wav,datasets/other_impulse\other_impulse_0923.wav,other_impulse,-5,16000,1.0,train
mix_001751,datasets/speech\speech_ref_0798.wav,datasets/background_noise\bg_noise_0064.wav,background_noise,5,16000,1.0,train
mix_001752,datasets/speech\speech_speaker_session_08_0343.wav,datasets/gunshot\gun_C3GD-Dataset_2-oh_farm-custom_ar15_300BLK-PIXEL-4Z0CgfSYn2Ez-9_w0.wav,gunshot,-10,16000,1.0,train
mix_001753,datasets/speech\speech_ref_0611.wav,datasets/gunshot\gun_C3GD-Dataset_3-ny_gravel_pit-ruger_lcp_380ACP-ALICE-iTyhHd0QesY9-26_w0.wav,gunshot,-15,16000,1.0,train
mix_001754,datasets/speech\speech_ref_0720.wav,datasets/other_impulse\other_imp_other_imp_session_03_0152.wav,other_impulse,0,16000,1.0,train
mix_001755,datasets/speech\speech_ref_0012.wav,datasets/background_noise\bg_bg_session_15_0612.wav,background_noise,10,16000,1.0,train
mix_001756,datasets/speech\speech_ref_0976.wav,datasets/background_noise\bg_noise_0085.wav,background_noise,-20,16000,1.0,train
mix_001757,datasets/speech\speech_speaker_session_24_0986.wav,datasets/gunshot\gun_C3GD-Dataset_13-oh_farm-lmt_ar10-ALICE-RHHeuXPO7N5v-22_w0.wav,gunshot,5,16000,1.0,train
mix_001758,datasets/speech\speech_ref_1179.wav,datasets/gunshot\gun_C3GD-Dataset_15-oh_farm-steyr_C9A2-ALICE-ufhIjojXvD6z-4_w0.wav,gunshot,10,16000,1.0,train
mix_001759,datasets/speech\speech_speaker_session_09_0367.wav,datasets/background_noise\bg_noise_0774.wav,background_noise,-5,16000,1.0,train
mix_001760,datasets/speech\speech_speaker_session_27_1103.wav,datasets/other_impulse\other_imp_other_imp_session_27_1095.wav,other_impulse,-20,16000,1.0,train
mix_001761,datasets/speech\speech_ref_0040.wav,datasets/other_impulse\other_imp_other_imp_session_19_0785.wav,other_impulse,10,16000,1.0,train
mix_001762,datasets/speech\speech_speaker_session_05_0224.wav,datasets/background_noise\bg_bg_session_22_0886.wav,background_noise,0,16000,1.0,train
mix_001763,datasets/speech\speech_ref_1196.wav,datasets/other_impulse\other_impulse_0191.wav,other_impulse,-20,16000,1.0,train
mix_001764,datasets/speech\speech_speaker_session_27_1089.wav,datasets/gunshot\gun_C3GD-Dataset_12-oh_farm-norinco_sks-ALICE-MLFY3TErS9EO-0_w0.wav,gunshot,20,16000,1.0,train
mix_001765,datasets/speech\speech_ref_0797.wav,datasets/other_impulse\other_impulse_0855.wav,other_impulse,-10,16000,1.0,train
mix_001766,datasets/speech\speech_speaker_session_23_0945.wav,datasets/gunshot\gun_C3GD-Dataset_12-oh_farm-norinco_sks-DAVE-10CqWRilQLT1-4_w0.wav,gunshot,20,16000,1.0,train
mix_001767,datasets/speech\speech_speaker_session_12_0505.wav,datasets/gunshot\gun_C3GD-Dataset_10-ny_gravel_pit-sw_mp15-ALICE-OgSQVUQ0EWCg-23_w0.wav,gunshot,-10,16000,1.0,train
mix_001768,datasets/speech\speech_ref_0423.wav,datasets/background_noise\bg_bg_session_20_0827.wav,background_noise,10,16000,1.0,train
mix_001769,datasets/speech\speech_ref_0127.wav,datasets/gunshot\gun_C3GD-Dataset_15-oh_farm-steyr_C9A2-ERIN-RzrE6iFwG1kI-5_w0.wav,gunshot,20,16000,1.0,train
mix_001770,datasets/speech\speech_ref_0851.wav,datasets/background_noise\bg_noise_0275.wav,background_noise,-5,16000,1.0,train
mix_001771,datasets/speech\speech_ref_0954.wav,datasets/gunshot\gun_C3GD-Dataset_15-oh_farm-steyr_C9A2-ALICE-JxjpIpg2vx3t-10_w0.wav,gunshot,0,16000,1.0,train
mix_001772,datasets/speech\speech_ref_1111.wav,datasets/gunshot\gun_C3GD-Dataset_15-oh_farm-hk_P2000-DAVE-p0QlbguBHG1Z-4_w0.wav,gunshot,-10,16000,1.0,train
mix_001773,datasets/speech\speech_ref_0677.wav,datasets/background_noise\bg_noise_0965.wav,background_noise,5,16000,1.0,train
mix_001774,datasets/speech\speech_ref_0834.wav,datasets/background_noise\bg_noise_0152.wav,background_noise,15,16000,1.0,train
mix_001775,datasets/speech\speech_ref_0849.wav,datasets/other_impulse\other_impulse_0962.wav,other_impulse,-20,16000,1.0,train
mix_001776,datasets/speech\speech_speaker_session_28_1121.wav,datasets/other_impulse\other_impulse_0580.wav,other_impulse,10,16000,1.0,train
mix_001777,datasets/speech\speech_speaker_session_22_0896.wav,datasets/gunshot\gun_C3GD-Dataset_10-oh_farm-spike_m4_556-BOB-Mjt4Wualmk2E-62_w0.wav,gunshot,-15,16000,1.0,train
mix_001778,datasets/speech\speech_speaker_session_06_0246.wav,datasets/gunshot\gun_C3GD-Dataset_15-oh_farm-hk_P2000-PIXEL-oU0V6l1prrM5-7_w0.wav,gunshot,20,16000,1.0,train
mix_001779,datasets/speech\speech_ref_0312.wav,datasets/gunshot\gun_C3GD-Dataset_15-oh_farm-steyr_C9A2-ALICE-ufhIjojXvD6z-7_w0.wav,gunshot,-10,16000,1.0,train
mix_001780,datasets/speech\speech_speaker_session_05_0221.wav,datasets/background_noise\bg_noise_1009.wav,background_noise,15,16000,1.0,train
mix_001781,datasets/speech\speech_speaker_session_28_1132.wav,datasets/other_impulse\other_impulse_0763.wav,other_impulse,-5,16000,1.0,train
mix_001782,datasets/speech\speech_ref_0473.wav,datasets/gunshot\gun_C3GD-Dataset_3-ny_gravel_pit-ruger_lcp_380ACP-ALICE-iTyhHd0QesY9-20_w0.wav,gunshot,10,16000,1.0,train
mix_001783,datasets/speech\speech_speaker_session_21_0871.wav,datasets/other_impulse\other_imp_other_imp_session_27_1086.wav,other_impulse,-5,16000,1.0,train
mix_001784,datasets/speech\speech_speaker_session_26_1046.wav,datasets/other_impulse\other_impulse_0794.wav,other_impulse,20,16000,1.0,train
mix_001785,datasets/speech\speech_ref_0165.wav,datasets/gunshot\gun_C3GD-Dataset_10-oh_farm-spike_m4_556-ALICE-0D30t3lA0dYO-2_w0.wav,gunshot,-5,16000,1.0,train
mix_001786,datasets/speech\speech_ref_1106.wav,datasets/background_noise\bg_bg_session_29_1173.wav,background_noise,0,16000,1.0,train
mix_001787,datasets/speech\speech_ref_0654.wav,datasets/gunshot\gun_C3GD-Dataset_15-oh_farm-steyr_C9A2-ALICE-3EE9jVC0gOdp-11_w0.wav,gunshot,5,16000,1.0,train
mix_001788,datasets/speech\speech_ref_0687.wav,datasets/other_impulse\other_impulse_1037.wav,other_impulse,-15,16000,1.0,train
mix_001789,datasets/speech\speech_ref_0556.wav,datasets/background_noise\bg_noise_0643.wav,background_noise,10,16000,1.0,train
mix_001790,datasets/speech\speech_ref_0480.wav,datasets/gunshot\gun_C3GD-Dataset_15-oh_farm-sig_P320-ERIN-dcO32rh9DuOV-11_w0.wav,gunshot,5,16000,1.0,train
mix_001791,datasets/speech\speech_speaker_session_27_1110.wav,datasets/gunshot\gun_C3GD-Dataset_14-oh_farm-7mm_Mauser-ALICE-chv3xlV0eY8m-11_w0.wav,gunshot,-5,16000,1.0,train
mix_001792,datasets/speech\speech_speaker_session_06_0261.wav,datasets/gunshot\gun_C3GD-Dataset_12-oh_farm-norinco_sks-ALICE-MLFY3TErS9EO-30_w0.wav,gunshot,5,16000,1.0,train
mix_001793,datasets/speech\speech_ref_0158.wav,datasets/other_impulse\other_imp_other_imp_session_03_0130.wav,other_impulse,-20,16000,1.0,train
mix_001794,datasets/speech\speech_ref_0900.wav,datasets/gunshot\gun_C3GD-Dataset_11-nj_farm-savage_mh110-CAROL-5uK7XOyZvflm-49_w0.wav,gunshot,-10,16000,1.0,train
mix_001795,datasets/speech\speech_ref_0562.wav,datasets/gunshot\gun_C3GD-Dataset_14-oh_farm-7mm_Mauser-ALICE-coUJ1rH1Z2di-14_w0.wav,gunshot,15,16000,1.0,train
mix_001796,datasets/speech\speech_ref_0489.wav,datasets/other_impulse\other_imp_other_imp_session_15_0610.wav,other_impulse,-10,16000,1.0,train
mix_001797,datasets/speech\speech_speaker_session_02_0083.wav,datasets/gunshot\gun_C3GD-Dataset_15-oh_farm-steyr_C9A2-DAVE-1FdS1ZWH99F1-12_w0.wav,gunshot,-20,16000,1.0,train
mix_001798,datasets/speech\speech_ref_0992.wav,datasets/gunshot\gun_C3GD-Dataset_10-ny_gravel_pit-sw_mp15-ERIN-7gR94hji5299-21_w0.wav,gunshot,-5,16000,1.0,train
mix_001799,datasets/speech\speech_ref_1067.wav,datasets/gunshot\gun_C3GD-Dataset_15-nj_farm-sig_p365-CAROL-4c4Mgt6DlrH8-45_w0.wav,gunshot,-10,16000,1.0,train
mix_001800,datasets/speech\speech_speaker_session_09_0392.wav,datasets/background_noise\bg_noise_0205.wav,background_noise,-15,16000,1.0,train
mix_001801,datasets/speech\speech_speaker_session_09_0368.wav,datasets/background_noise\bg_bg_session_22_0893.wav,background_noise,-5,16000,1.0,train
mix_001802,datasets/speech\speech_ref_0567.wav,datasets/other_impulse\other_imp_other_imp_session_14_0574.wav,other_impulse,-10,16000,1.0,train
mix_001803,datasets/speech\speech_speaker_session_02_0105.wav,datasets/gunshot\gun_C3GD-Dataset_11-nj_farm-savage_mh110-BOB-8c1Tg89yVR7j-13_w0.wav,gunshot,-20,16000,1.0,train
mix_001804,datasets/speech\speech_speaker_session_13_0520.wav,datasets/gunshot\gun_C3GD-Dataset_13-oh_farm-lmt_ar10-ERIN-4yw5CT7ttEZV-0_w0.wav,gunshot,-15,16000,1.0,train
mix_001805,datasets/speech\speech_ref_0506.wav,datasets/gunshot\gun_C3GD-Dataset_11-nj_farm-savage_mh110-CAROL-5uK7XOyZvflm-53_w0.wav,gunshot,15,16000,1.0,train
mix_001806,datasets/speech\speech_speaker_session_08_0339.wav,datasets/gunshot\gun_C3GD-Dataset_2-oh_farm-custom_ar15_300BLK-DAVE-Fka7YM6eegMO-3_w0.wav,gunshot,-20,16000,1.0,train
mix_001807,datasets/speech\speech_ref_0530.wav,datasets/gunshot\gun_C3GD-Dataset_13-oh_farm-lmt_ar10-ALICE-5HOGInLkOAq1-21_w0.wav,gunshot,-5,16000,1.0,train
mix_001808,datasets/speech\speech_ref_0921.wav,datasets/other_impulse\other_impulse_0414.wav,other_impulse,-5,16000,1.0,train
mix_001809,datasets/speech\speech_ref_0972.wav,datasets/gunshot\gun_C3GD-Dataset_1-ny_gravel_pit-savage_223-BUTCH-vmXVMZ4vutTc-7_w0.wav,gunshot,20,16000,1.0,train
mix_001810,datasets/speech\speech_speaker_session_14_0564.wav,datasets/other_impulse\other_impulse_0173.wav,other_impulse,0,16000,1.0,train
mix_001811,datasets/speech\speech_speaker_session_08_0323.wav,datasets/other_impulse\other_impulse_0591.wav,other_impulse,15,16000,1.0,train
mix_001812,datasets/speech\speech_ref_0325.wav,datasets/other_impulse\other_imp_other_imp_session_15_0607.wav,other_impulse,-10,16000,1.0,train
mix_001813,datasets/speech\speech_ref_0913.wav,datasets/background_noise\bg_bg_session_07_0301.wav,background_noise,10,16000,1.0,train
mix_001814,datasets/speech\speech_speaker_session_17_0716.wav,datasets/other_impulse\other_impulse_1151.wav,other_impulse,20,16000,1.0,train
mix_001815,datasets/speech\speech_speaker_session_12_0501.wav,datasets/background_noise\bg_bg_session_17_0712.wav,background_noise,0,16000,1.0,train
mix_001816,datasets/speech\speech_speaker_session_22_0914.wav,datasets/gunshot\gun_C3GD-Dataset_0-oh_farm-springfield_87A-BOB-1ZAvJ27ZWTul-9_w0.wav,gunshot,-20,16000,1.0,train
mix_001817,datasets/speech\speech_ref_1033.wav,datasets/gunshot\gun_C3GD-Dataset_11-nj_farm-savage_mh110-ALICE-X1fRvwEQOSNS-35_w0.wav,gunshot,-5,16000,1.0,train
mix_001818,datasets/speech\speech_speaker_session_19_0760.wav,datasets/other_impulse\other_imp_other_imp_session_13_0524.wav,other_impulse,0,16000,1.0,train
mix_001819,datasets/speech\speech_speaker_session_11_0469.wav,datasets/background_noise\bg_bg_session_21_0869.wav,background_noise,15,16000,1.0,train
mix_001820,datasets/speech\speech_speaker_session_01_0054.wav,datasets/other_impulse\other_imp_other_imp_session_28_1127.wav,other_impulse,-20,16000,1.0,train
mix_001821,datasets/speech\speech_ref_0906.wav,datasets/background_noise\bg_bg_session_27_1091.wav,background_noise,10,16000,1.0,train
mix_001822,datasets/speech\speech_speaker_session_08_0346.wav,datasets/gunshot\gun_C3GD-Dataset_10-oh_farm-spike_m4_556-ERIN-8XJ3dMdwafQw-53_w0.wav,gunshot,5,16000,1.0,train
mix_001823,datasets/speech\speech_ref_0649.wav,datasets/background_noise\bg_noise_0567.wav,background_noise,-20,16000,1.0,train
mix_001824,datasets/speech\speech_speaker_session_00_0019.wav,datasets/gunshot\gun_C3GD-Dataset_11-nj_farm-savage_mh110-BOB-bjYKN5RtCabb-30_w0.wav,gunshot,10,16000,1.0,train
mix_001825,datasets/speech\speech_ref_1144.wav,datasets/gunshot\gun_C3GD-Dataset_10-ny_gravel_pit-sw_mp15-DAVE-3xb6NwNyAzbC-14_w0.wav,gunshot,10,16000,1.0,train
mix_001826,datasets/speech\speech_speaker_session_23_0925.wav,datasets/gunshot\gun_C3GD-Dataset_3-ny_gravel_pit-ruger_lcp_380ACP-DAVE-2TVNSmcBPJym-8_w0.wav,gunshot,-15,16000,1.0,train
mix_001827,datasets/speech\speech_speaker_session_04_0167.wav,datasets/gunshot\gun_C3GD-Dataset_11-nj_farm-savage_mh110-JON-U8Ee7IPiAWho-42_w0.wav,gunshot,15,16000,1.0,train
mix_001828,datasets/speech\speech_speaker_session_24_0985.wav,datasets/other_impulse\other_imp_other_imp_session_04_0182.wav,other_impulse,20,16000,1.0,train
mix_001829,datasets/speech\speech_speaker_session_11_0441.wav,datasets/background_noise\bg_noise_0242.wav,background_noise,-10,16000,1.0,train
mix_001830,datasets/speech\speech_ref_0273.wav,datasets/gunshot\gun_C3GD-Dataset_1-ny_gravel_pit-savage_223-BOB-KJSHtpTSf1RZ-15_w0.wav,gunshot,20,16000,1.0,train
mix_001831,datasets/speech\speech_ref_0934.wav,datasets/gunshot\gun_C3GD-Dataset_2-oh_farm-custom_ar15_300BLK-ALICE-QBdIBdZ0p0dz-52_w0.wav,gunshot,20,16000,1.0,train
mix_001832,datasets/speech\speech_speaker_session_24_0992.wav,datasets/background_noise\bg_bg_session_08_0352.wav,background_noise,-20,16000,1.0,train
mix_001833,datasets/speech\speech_speaker_session_13_0537.wav,datasets/gunshot\gun_C3GD-Dataset_10-oh_farm-spike_m4_556-ALICE-0D30t3lA0dYO-47_w0.wav,gunshot,20,16000,1.0,train
mix_001834,datasets/speech\speech_ref_0510.wav,datasets/gunshot\gun_C3GD-Dataset_11-nj_farm-savage_mh110-CAROL-5uK7XOyZvflm-4_w0.wav,gunshot,5,16000,1.0,train
mix_001835,datasets/speech\speech_ref_1141.wav,datasets/gunshot\gun_C3GD-Dataset_3-ny_gravel_pit-ruger_lcp_380ACP-ALICE-Zp9eQutkJS4y-11_w0.wav,gunshot,10,16000,1.0,train
mix_001836,datasets/speech\speech_speaker_session_29_1198.wav,datasets/gunshot\gun_C3GD-Dataset_0-oh_farm-czusa_457-BOB-jtxibWlq18a3-7_w0.wav,gunshot,-20,16000,1.0,train
mix_001837,datasets/speech\speech_ref_0951.wav,datasets/gunshot\gun_C3GD-Dataset_13-oh_farm-lmt_ar10-PIXEL-R4Eu8tFn3QLJ-25_w0.wav,gunshot,5,16000,1.0,train
mix_001838,datasets/speech\speech_ref_1060.wav,datasets/gunshot\gun_C3GD-Dataset_14-oh_farm-7mm_Mauser-ERIN-j4Dqiw5l1IWn-8_w0.wav,gunshot,0,16000,1.0,train
mix_001839,datasets/speech\speech_speaker_session_05_0225.wav,datasets/gunshot\gun_C3GD-Dataset_10-ny_gravel_pit-sw_mp15-JON-Qoar7WPiWXH6-7_w0.wav,gunshot,20,16000,1.0,train
mix_001840,datasets/speech\speech_speaker_session_11_0446.wav,datasets/gunshot\gun_C3GD-Dataset_10-oh_farm-spike_m4_556-PIXEL-IwgLphM2NQaw-50_w0.wav,gunshot,-20,16000,1.0,train
mix_001841,datasets/speech\speech_ref_0360.wav,datasets/other_impulse\other_imp_other_imp_session_16_0652.wav,other_impulse,0,16000,1.0,train
mix_001842,datasets/speech\speech_ref_0448.wav,datasets/gunshot\gun_C3GD-Dataset_15-oh_farm-hk_P2000-ALICE-jw92jIHNwXL7-0_w0.wav,gunshot,-20,16000,1.0,train
mix_001843,datasets/speech\speech_speaker_session_27_1114.wav,datasets/other_impulse\other_impulse_0692.wav,other_impulse,0,16000,1.0,train
mix_001844,datasets/speech\speech_speaker_session_09_0394.wav,datasets/gunshot\gun_C3GD-Dataset_10-ny_gravel_pit-sw_mp15-BUTCH-NheG57B0Fjws-12_w0.wav,gunshot,-10,16000,1.0,train
mix_001845,datasets/speech\speech_ref_0218.wav,datasets/gunshot\gun_C3GD-Dataset_13-oh_farm-lmt_ar10-DAVE-71Zo9dY4k135-23_w0.wav,gunshot,10,16000,1.0,train
mix_001846,datasets/speech\speech_speaker_session_15_0613.wav,datasets/other_impulse\other_imp_other_imp_session_29_1163.wav,other_impulse,-10,16000,1.0,train
mix_001847,datasets/speech\speech_speaker_session_09_0377.wav,datasets/background_noise\bg_noise_0238.wav,background_noise,10,16000,1.0,train
mix_001848,datasets/speech\speech_speaker_session_14_0562.wav,datasets/other_impulse\other_impulse_0131.wav,other_impulse,-5,16000,1.0,train
mix_001849,datasets/speech\speech_speaker_session_08_0337.wav,datasets/gunshot\gun_C3GD-Dataset_15-oh_farm-sig_P320-BOB-jjC6gHfGnXzf-17_w0.wav,gunshot,-5,16000,1.0,train
mix_001850,datasets/speech\speech_speaker_session_15_0628.wav,datasets/other_impulse\other_impulse_0986.wav,other_impulse,-10,16000,1.0,train
mix_001851,datasets/speech\speech_ref_0011.wav,datasets/gunshot\gun_C3GD-Dataset_15-oh_farm-sig_P320-PIXEL-BqdD3uZj3rsi-13_w0.wav,gunshot,0,16000,1.0,train
mix_001852,datasets/speech\speech_speaker_session_29_1162.wav,datasets/other_impulse\other_imp_other_imp_session_07_0318.wav,other_impulse,5,16000,1.0,train
mix_001853,datasets/speech\speech_speaker_session_03_0143.wav,datasets/gunshot\gun_C3GD-Dataset_2-oh_farm-custom_ar15_300BLK-ALICE-6eogwcGpfgUH-3_w0.wav,gunshot,20,16000,1.0,train
mix_001854,datasets/speech\speech_ref_0302.wav,datasets/background_noise\bg_noise_0958.wav,background_noise,-5,16000,1.0,train
mix_001855,datasets/speech\speech_ref_0499.wav,datasets/other_impulse\other_imp_other_imp_session_27_1090.wav,other_impulse,-10,16000,1.0,train
mix_001856,datasets/speech\speech_speaker_session_29_1182.wav,datasets/other_impulse\other_impulse_1119.wav,other_impulse,20,16000,1.0,train
mix_001857,datasets/speech\speech_ref_1012.wav,datasets/gunshot\gun_C3GD-Dataset_1-ny_gravel_pit-savage_223-BUTCH-vmXVMZ4vutTc-20_w0.wav,gunshot,-10,16000,1.0,train
mix_001858,datasets/speech\speech_ref_0786.wav,datasets/gunshot\gun_C3GD-Dataset_11-nj_farm-savage_mh110-DAVE-3fPPqTzCQ1WZ-55_w0.wav,gunshot,20,16000,1.0,train
mix_001859,datasets/speech\speech_speaker_session_05_0226.wav,datasets/background_noise\bg_noise_1015.wav,background_noise,10,16000,1.0,train
mix_001860,datasets/speech\speech_speaker_session_06_0271.wav,datasets/background_noise\bg_noise_1178.wav,background_noise,-10,16000,1.0,train
mix_001861,datasets/speech\speech_ref_0398.wav,datasets/gunshot\gun_C3GD-Dataset_12-oh_farm-norinco_sks-ALICE-CGQDN3Sb9qo5-12_w0.wav,gunshot,-15,16000,1.0,train
mix_001862,datasets/speech\speech_ref_1178.wav,datasets/other_impulse\other_impulse_0731.wav,other_impulse,20,16000,1.0,train
mix_001863,datasets/speech\speech_speaker_session_02_0089.wav,datasets/background_noise\bg_noise_0739.wav,background_noise,-10,16000,1.0,train
mix_001864,datasets/speech\speech_speaker_session_15_0614.wav,datasets/gunshot\gun_C3GD-Dataset_12-oh_farm-norinco_sks-ALICE-CGQDN3Sb9qo5-14_w0.wav,gunshot,-10,16000,1.0,train
mix_001865,datasets/speech\speech_ref_0848.wav,datasets/background_noise\bg_bg_session_12_0483.wav,background_noise,5,16000,1.0,train
mix_001866,datasets/speech\speech_ref_0932.wav,datasets/gunshot\gun_C3GD-Dataset_15-oh_farm-sig_P320-ALICE-XMhGLZYcF3A0-6_w0.wav,gunshot,10,16000,1.0,train
mix_001867,datasets/speech\speech_ref_0149.wav,datasets/gunshot\gun_C3GD-Dataset_11-nj_farm-savage_mh110-CAROL-5uK7XOyZvflm-27_w0.wav,gunshot,15,16000,1.0,train
mix_001868,datasets/speech\speech_speaker_session_09_0373.wav,datasets/other_impulse\other_imp_other_imp_session_20_0834.wav,other_impulse,0,16000,1.0,train
mix_001869,datasets/speech\speech_speaker_session_13_0540.wav,datasets/gunshot\gun_BoltAction22_Zoom_ZM_184D_S02_w0.wav,gunshot,-5,16000,1.0,train
mix_001870,datasets/speech\speech_speaker_session_01_0051.wav,datasets/background_noise\bg_noise_0549.wav,background_noise,-10,16000,1.0,train
mix_001871,datasets/speech\speech_ref_0973.wav,datasets/gunshot\gun_C3GD-Dataset_0-oh_farm-sw_mp22-DAVE-PorbzdaQTbqS-34_w0.wav,gunshot,-20,16000,1.0,train
mix_001872,datasets/speech\speech_ref_0501.wav,datasets/other_impulse\other_imp_other_imp_session_10_0426.wav,other_impulse,0,16000,1.0,train
mix_001873,datasets/speech\speech_ref_0094.wav,datasets/other_impulse\other_imp_other_imp_session_08_0322.wav,other_impulse,-5,16000,1.0,train
mix_001874,datasets/speech\speech_ref_0050.wav,datasets/other_impulse\other_imp_other_imp_session_04_0170.wav,other_impulse,-5,16000,1.0,train
mix_001875,datasets/speech\speech_ref_0301.wav,datasets/gunshot\gun_C3GD-Dataset_10-ny_gravel_pit-sw_mp15-DAVE-3xb6NwNyAzbC-10_w0.wav,gunshot,-20,16000,1.0,train
mix_001876,datasets/speech\speech_ref_0407.wav,datasets/gunshot\gun_C3GD-Dataset_15-nj_farm-sig_p365-ALICE-238kXOv33RM0-48_w0.wav,gunshot,-15,16000,1.0,train
mix_001877,datasets/speech\speech_speaker_session_19_0763.wav,datasets/gunshot\gun_C3GD-Dataset_2-oh_farm-custom_ar15_300BLK-ERIN-JT9NHIATnzMQ-16_w0.wav,gunshot,-10,16000,1.0,train
mix_001878,datasets/speech\speech_ref_0460.wav,datasets/gunshot\gun_C3GD-Dataset_3-ny_gravel_pit-ruger_lcp_380ACP-CAROL-cAhkPVua21Ap-36_w0.wav,gunshot,15,16000,1.0,train
mix_001879,datasets/speech\speech_ref_0635.wav,datasets/other_impulse\other_imp_other_imp_session_26_1042.wav,other_impulse,5,16000,1.0,train
mix_001880,datasets/speech\speech_speaker_session_04_0177.wav,datasets/gunshot\gun_C3GD-Dataset_0-oh_farm-sw_mp22-DAVE-PorbzdaQTbqS-23_w0.wav,gunshot,10,16000,1.0,train
mix_001881,datasets/speech\speech_ref_0481.wav,datasets/gunshot\gun_C3GD-Dataset_3-ny_gravel_pit-ruger_lcp_380ACP-ALICE-Zp9eQutkJS4y-33_w0.wav,gunshot,15,16000,1.0,train
mix_001882,datasets/speech\speech_speaker_session_08_0338.wav,datasets/background_noise\bg_noise_1053.wav,background_noise,-10,16000,1.0,train
mix_001883,datasets/speech\speech_speaker_session_11_0476.wav,datasets/gunshot\gun_C3GD-Dataset_1-ny_gravel_pit-savage_223-ALICE-IaO6gvZyLJyE-9_w0.wav,gunshot,-5,16000,1.0,train
mix_001884,datasets/speech\speech_ref_0191.wav,datasets/background_noise\bg_bg_session_13_0528.wav,background_noise,10,16000,1.0,train
mix_001885,datasets/speech\speech_ref_0686.wav,datasets/background_noise\bg_bg_session_06_0245.wav,background_noise,0,16000,1.0,train
mix_001886,datasets/speech\speech_speaker_session_01_0068.wav,datasets/gunshot\gun_C3GD-Dataset_15-oh_farm-sig_P320-ALICE-xbRU1Oiy72TW-6_w0.wav,gunshot,-5,16000,1.0,train
mix_001887,datasets/speech\speech_speaker_session_02_0096.wav,datasets/gunshot\gun_C3GD-Dataset_1-ny_gravel_pit-savage_223-BUTCH-vmXVMZ4vutTc-29_w0.wav,gunshot,-5,16000,1.0,train
mix_001888,datasets/speech\speech_speaker_session_03_0159.wav,datasets/background_noise\bg_bg_session_27_1083.wav,background_noise,-10,16000,1.0,train
mix_001889,datasets/speech\speech_ref_1055.wav,datasets/gunshot\gun_C3GD-Dataset_15-oh_farm-steyr_C9A2-BOB-uovdzVM1iV57-9_w0.wav,gunshot,15,16000,1.0,train
mix_001890,datasets/speech\speech_ref_0581.wav,datasets/gunshot\gun_C3GD-Dataset_12-oh_farm-norinco_sks-BOB-yXDXpxpia0E3-5_w0.wav,gunshot,15,16000,1.0,train
mix_001891,datasets/speech\speech_ref_0173.wav,datasets/gunshot\gun_C3GD-Dataset_10-oh_farm-spike_m4_556-ALICE-0D30t3lA0dYO-38_w0.wav,gunshot,10,16000,1.0,train
mix_001892,datasets/speech\speech_speaker_session_03_0149.wav,datasets/gunshot\gun_C3GD-Dataset_15-oh_farm-hk_P30L-DAVE-0CvE5CZTyzuQ-10_w0.wav,gunshot,-20,16000,1.0,train
mix_001893,datasets/speech\speech_ref_0347.wav,datasets/other_impulse\other_imp_other_imp_session_09_0360.wav,other_impulse,10,16000,1.0,train
mix_001894,datasets/speech\speech_speaker_session_07_0307.wav,datasets/gunshot\gun_C3GD-Dataset_11-nj_farm-savage_mh110-ERIN-TZeme1kqdhzL-59_w0.wav,gunshot,10,16000,1.0,train
mix_001895,datasets/speech\speech_speaker_session_10_0430.wav,datasets/other_impulse\other_imp_other_imp_session_10_0418.wav,other_impulse,20,16000,1.0,train
mix_001896,datasets/speech\speech_speaker_session_16_0645.wav,datasets/other_impulse\other_impulse_0205.wav,other_impulse,-20,16000,1.0,train
mix_001897,datasets/speech\speech_speaker_session_10_0425.wav,datasets/other_impulse\other_impulse_0130.wav,other_impulse,-15,16000,1.0,train
mix_001898,datasets/speech\speech_speaker_session_21_0853.wav,datasets/gunshot\gun_C3GD-Dataset_2-oh_farm-custom_ar15_300BLK-ALICE-EmUfikHTAf0o-26_w0.wav,gunshot,15,16000,1.0,train
mix_001899,datasets/speech\speech_ref_1046.wav,datasets/background_noise\bg_bg_session_17_0694.wav,background_noise,-5,16000,1.0,train
mix_001900,datasets/speech\speech_ref_0437.wav,datasets/other_impulse\other_impulse_0098.wav,other_impulse,20,16000,1.0,train
mix_001901,datasets/speech\speech_speaker_session_04_0183.wav,datasets/gunshot\gun_C3GD-Dataset_15-oh_farm-hk_P2000-ERIN-9Uf51ABxzxSV-5_w0.wav,gunshot,-20,16000,1.0,train
mix_001902,datasets/speech\speech_ref_0905.wav,datasets/other_impulse\other_impulse_0737.wav,other_impulse,10,16000,1.0,train
mix_001903,datasets/speech\speech_ref_0904.wav,datasets/other_impulse\other_impulse_0056.wav,other_impulse,-20,16000,1.0,train
mix_001904,datasets/speech\speech_speaker_session_29_1185.wav,datasets/gunshot\gun_C3GD-Dataset_0-oh_farm-sw_mp22-PIXEL-f5W6Yd67KJc2-36_w0.wav,gunshot,0,16000,1.0,train
mix_001905,datasets/speech\speech_ref_0659.wav,datasets/gunshot\gun_C3GD-Dataset_15-oh_farm-steyr_C9A2-BOB-xwffRCBitu2p-12_w0.wav,gunshot,10,16000,1.0,train
mix_001906,datasets/speech\speech_speaker_session_03_0140.wav,datasets/gunshot\gun_C3GD-Dataset_11-nj_farm-savage_mh110-CAROL-5uK7XOyZvflm-44_w0.wav,gunshot,0,16000,1.0,train
mix_001907,datasets/speech\speech_speaker_session_01_0042.wav,datasets/gunshot\gun_C3GD-Dataset_2-oh_farm-custom_ar15_300BLK-BOB-JLX6vf3udb1F-20_w0.wav,gunshot,-10,16000,1.0,train
mix_001908,datasets/speech\speech_ref_1187.wav,datasets/gunshot\gun_C3GD-Dataset_15-oh_farm-sig_P320-DAVE-RnHmQd98noYs-6_w0.wav,gunshot,0,16000,1.0,train
mix_001909,datasets/speech\speech_speaker_session_10_0409.wav,datasets/other_impulse\other_imp_other_imp_session_11_0445.wav,other_impulse,-20,16000,1.0,train
mix_001910,datasets/speech\speech_ref_0880.wav,datasets/other_impulse\other_impulse_0070.wav,other_impulse,-10,16000,1.0,train
mix_001911,datasets/speech\speech_ref_0430.wav,datasets/gunshot\gun_C3GD-Dataset_2-oh_farm-custom_ar15_300BLK-BOB-JLX6vf3udb1F-54_w0.wav,gunshot,15,16000,1.0,train
mix_001912,datasets/speech\speech_ref_0587.wav,datasets/background_noise\bg_noise_0281.wav,background_noise,20,16000,1.0,train
mix_001913,datasets/speech\speech_ref_0622.wav,datasets/background_noise\bg_noise_0654.wav,background_noise,-10,16000,1.0,train
mix_001914,datasets/speech\speech_ref_0000.wav,datasets/other_impulse\other_impulse_1191.wav,other_impulse,20,16000,1.0,train
mix_001915,datasets/speech\speech_speaker_session_12_0507.wav,datasets/background_noise\bg_noise_1016.wav,background_noise,10,16000,1.0,train
mix_001916,datasets/speech\speech_ref_1122.wav,datasets/gunshot\gun_C3GD-Dataset_15-oh_farm-sig_P320-ALICE-XMhGLZYcF3A0-13_w0.wav,gunshot,5,16000,1.0,train
mix_001917,datasets/speech\speech_ref_0831.wav,datasets/gunshot\gun_C3GD-Dataset_2-oh_farm-custom_ar15_300BLK-ALICE-EmUfikHTAf0o-15_w0.wav,gunshot,-20,16000,1.0,train
mix_001918,datasets/speech\speech_ref_0616.wav,datasets/gunshot\gun_C3GD-Dataset_0-oh_farm-sw_mp22-BOB-L1VYwU6YJSr9-21_w0.wav,gunshot,15,16000,1.0,train
mix_001919,datasets/speech\speech_ref_1165.wav,datasets/other_impulse\other_imp_other_imp_session_01_0071.wav,other_impulse,-5,16000,1.0,train
mix_001920,datasets/speech\speech_speaker_session_01_0060.wav,datasets/gunshot\gun_C3GD-Dataset_2-oh_farm-custom_ar15_300BLK-ALICE-EmUfikHTAf0o-71_w0.wav,gunshot,-15,16000,1.0,validation
mix_001921,datasets/speech\speech_speaker_session_29_1191.wav,datasets/gunshot\gun_C3GD-Dataset_10-oh_farm-spike_m4_556-ALICE-TcUw0m1Y2pBD-17_w0.wav,gunshot,5,16000,1.0,validation
mix_001922,datasets/speech\speech_speaker_session_16_0648.wav,datasets/other_impulse\other_imp_other_imp_session_25_1026.wav,other_impulse,-10,16000,1.0,validation
mix_001923,datasets/speech\speech_speaker_session_08_0332.wav,datasets/background_noise\bg_noise_0824.wav,background_noise,-15,16000,1.0,validation
mix_001924,datasets/speech\speech_speaker_session_04_0187.wav,datasets/background_noise\bg_noise_0670.wav,background_noise,15,16000,1.0,validation
mix_001925,datasets/speech\speech_ref_0776.wav,datasets/other_impulse\other_imp_other_imp_session_19_0788.wav,other_impulse,5,16000,1.0,validation
mix_001926,datasets/speech\speech_speaker_session_18_0759.wav,datasets/background_noise\bg_noise_0197.wav,background_noise,20,16000,1.0,validation
mix_001927,datasets/speech\speech_speaker_session_04_0161.wav,datasets/gunshot\gun_C3GD-Dataset_15-nj_farm-sig_p365-JON-t0RTFaS5HUst-28_w0.wav,gunshot,20,16000,1.0,validation
mix_001928,datasets/speech\speech_ref_0861.wav,datasets/other_impulse\other_imp_other_imp_session_10_0428.wav,other_impulse,-10,16000,1.0,validation
mix_001929,datasets/speech\speech_ref_0392.wav,datasets/gunshot\gun_C3GD-Dataset_15-nj_farm-sig_p365-DAVE-g19XyDQPiD9P-31_w0.wav,gunshot,20,16000,1.0,validation
mix_001930,datasets/speech\speech_speaker_session_27_1090.wav,datasets/gunshot\gun_C3GD-Dataset_15-nj_farm-sig_p365-ERIN-nP971FQ1dkqF-18_w0.wav,gunshot,-20,16000,1.0,validation
mix_001931,datasets/speech\speech_ref_1135.wav,datasets/gunshot\gun_C3GD-Dataset_0-oh_farm-springfield_87A-BOB-nT21wqwhXL6h-7_w0.wav,gunshot,5,16000,1.0,validation
mix_001932,datasets/speech\speech_ref_0605.wav,datasets/other_impulse\other_impulse_0865.wav,other_impulse,-10,16000,1.0,validation
mix_001933,datasets/speech\speech_speaker_session_05_0227.wav,datasets/gunshot\gun_C3GD-Dataset_0-oh_farm-czusa_457-PIXEL-NlllHePs66Wv-20_w0.wav,gunshot,-10,16000,1.0,validation
mix_001934,datasets/speech\speech_ref_0824.wav,datasets/gunshot\gun_C3GD-Dataset_0-oh_farm-sw_mp22-BOB-L1VYwU6YJSr9-21_w0.wav,gunshot,-20,16000,1.0,validation
mix_001935,datasets/speech\speech_ref_0668.wav,datasets/gunshot\gun_C3GD-Dataset_15-oh_farm-sig_P320-BOB-povgSzBk1SfQ-5_w0.wav,gunshot,0,16000,1.0,validation
mix_001936,datasets/speech\speech_speaker_session_23_0928.wav,datasets/gunshot\gun_C3GD-Dataset_11-nj_farm-savage_mh110-DAVE-3fPPqTzCQ1WZ-9_w0.wav,gunshot,15,16000,1.0,validation
mix_001937,datasets/speech\speech_speaker_session_04_0165.wav,datasets/gunshot\gun_C3GD-Dataset_11-nj_farm-savage_mh110-BOB-8c1Tg89yVR7j-2_w0.wav,gunshot,-10,16000,1.0,validation
mix_001938,datasets/speech\speech_speaker_session_21_0854.wav,datasets/background_noise\bg_noise_0726.wav,background_noise,-10,16000,1.0,validation
mix_001939,datasets/speech\speech_ref_1038.wav,datasets/gunshot\gun_C3GD-Dataset_1-ny_gravel_pit-savage_223-BUTCH-vmXVMZ4vutTc-29_w0.wav,gunshot,-20,16000,1.0,validation
mix_001940,datasets/speech\speech_ref_0615.wav,datasets/other_impulse\other_imp_other_imp_session_15_0600.wav,other_impulse,0,16000,1.0,validation
mix_001941,datasets/speech\speech_speaker_session_16_0643.wav,datasets/background_noise\bg_bg_session_05_0200.wav,background_noise,15,16000,1.0,validation
mix_001942,datasets/speech\speech_speaker_session_06_0274.wav,datasets/gunshot\gun_C3GD-Dataset_3-ny_gravel_pit-ruger_lcp_380ACP-BOB-yLr0oPUfbSAa-6_w0.wav,gunshot,15,16000,1.0,validation
mix_001943,datasets/speech\speech_ref_0255.wav,datasets/other_impulse\other_impulse_0504.wav,other_impulse,-20,16000,1.0,validation
mix_001944,datasets/speech\speech_speaker_session_13_0536.wav,datasets/other_impulse\other_imp_other_imp_session_09_0361.wav,other_impulse,15,16000,1.0,validation
mix_001945,datasets/speech\speech_speaker_session_03_0158.wav,datasets/gunshot\gun_C3GD-Dataset_10-oh_farm-hk_MR556-ALICE-epczwDkQOJGc-14_w0.wav,gunshot,-5,16000,1.0,validation
mix_001946,datasets/speech\speech_speaker_session_19_0779.wav,datasets/other_impulse\other_imp_other_imp_session_01_0047.wav,other_impulse,15,16000,1.0,validation
mix_001947,datasets/speech\speech_speaker_session_25_1034.wav,datasets/gunshot\gun_C3GD-Dataset_2-oh_farm-custom_ar15_300BLK-ALICE-EmUfikHTAf0o-58_w0.wav,gunshot,10,16000,1.0,validation
mix_001948,datasets/speech\speech_speaker_session_26_1041.wav,datasets/gunshot\gun_C3GD-Dataset_15-oh_farm-steyr_C9A2-DAVE-hFhPaaylRpTD-6_w0.wav,gunshot,-15,16000,1.0,validation
mix_001949,datasets/speech\speech_speaker_session_17_0685.wav,datasets/other_impulse\other_imp_other_imp_session_06_0250.wav,other_impulse,-20,16000,1.0,validation
mix_001950,datasets/speech\speech_speaker_session_21_0847.wav,datasets/gunshot\gun_C3GD-Dataset_10-oh_farm-hk_MR556-PIXEL-qvFs07XmzXK0-7_w0.wav,gunshot,20,16000,1.0,validation
mix_001951,datasets/speech\speech_speaker_session_18_0743.wav,datasets/gunshot\gun_C3GD-Dataset_11-nj_farm-savage_mh110-ALICE-VIwh9tsGnOqt-14_w0.wav,gunshot,20,16000,1.0,validation
mix_001952,datasets/speech\speech_ref_0143.wav,datasets/gunshot\gun_C3GD-Dataset_1-ny_gravel_pit-savage_223-CAROL-CWUeRPWgyLlF-18_w0.wav,gunshot,-20,16000,1.0,validation
mix_001953,datasets/speech\speech_ref_0883.wav,datasets/gunshot\gun_C3GD-Dataset_0-oh_farm-sw_mp22-DAVE-PorbzdaQTbqS-36_w0.wav,gunshot,-10,16000,1.0,validation
mix_001954,datasets/speech\speech_ref_0745.wav,datasets/background_noise\bg_bg_session_22_0902.wav,background_noise,5,16000,1.0,validation
mix_001955,datasets/speech\speech_speaker_session_24_0993.wav,datasets/background_noise\bg_bg_session_15_0601.wav,background_noise,-10,16000,1.0,validation
mix_001956,datasets/speech\speech_speaker_session_04_0173.wav,datasets/background_noise\bg_bg_session_13_0531.wav,background_noise,0,16000,1.0,validation
mix_001957,datasets/speech\speech_speaker_session_07_0309.wav,datasets/gunshot\gun_C3GD-Dataset_13-oh_farm-lmt_ar10-ALICE-5HOGInLkOAq1-0_w0.wav,gunshot,-15,16000,1.0,validation
mix_001958,datasets/speech\speech_speaker_session_07_0319.wav,datasets/background_noise\bg_bg_session_20_0803.wav,background_noise,-15,16000,1.0,validation
mix_001959,datasets/speech\speech_speaker_session_18_0725.wav,datasets/gunshot\gun_C3GD-Dataset_15-oh_farm-sig_P320-BOB-jjC6gHfGnXzf-11_w0.wav,gunshot,-10,16000,1.0,validation
mix_001960,datasets/speech\speech_speaker_session_06_0273.wav,datasets/gunshot\gun_C3GD-Dataset_0-oh_farm-czusa_457-ERIN-1JrN0MitwFDS-9_w0.wav,gunshot,0,16000,1.0,validation
mix_001961,datasets/speech\speech_speaker_session_05_0206.wav,datasets/other_impulse\other_imp_other_imp_session_10_0412.wav,other_impulse,20,16000,1.0,validation
mix_001962,datasets/speech\speech_ref_1102.wav,datasets/gunshot\gun_C3GD-Dataset_0-oh_farm-sw_mp22-ALICE-N0u4QR95sPzr-37_w0.wav,gunshot,15,16000,1.0,validation
mix_001963,datasets/speech\speech_speaker_session_11_0451.wav,datasets/other_impulse\other_impulse_1085.wav,other_impulse,5,16000,1.0,validation
mix_001964,datasets/speech\speech_speaker_session_17_0695.wav,datasets/background_noise\bg_bg_session_14_0587.wav,background_noise,-15,16000,1.0,validation
mix_001965,datasets/speech\speech_ref_1064.wav,datasets/gunshot\gun_C3GD-Dataset_11-nj_farm-savage_mh110-CAROL-28cChRmnkvnG-21_w0.wav,gunshot,5,16000,1.0,validation
mix_001966,datasets/speech\speech_ref_0003.wav,datasets/gunshot\gun_C3GD-Dataset_15-nj_farm-sig_p365-BOB-uY5xiJ1efHpq-9_w0.wav,gunshot,10,16000,1.0,validation
mix_001967,datasets/speech\speech_speaker_session_19_0778.wav,datasets/background_noise\bg_bg_session_27_1108.wav,background_noise,10,16000,1.0,validation
mix_001968,datasets/speech\speech_speaker_session_24_0998.wav,datasets/other_impulse\other_impulse_0618.wav,other_impulse,-15,16000,1.0,validation
mix_001969,datasets/speech\speech_ref_0090.wav,datasets/gunshot\gun_C3GD-Dataset_11-nj_farm-savage_mh110-BOB-bjYKN5RtCabb-35_w0.wav,gunshot,15,16000,1.0,validation
mix_001970,datasets/speech\speech_ref_0521.wav,datasets/background_noise\bg_noise_1004.wav,background_noise,-15,16000,1.0,validation
mix_001971,datasets/speech\speech_ref_0389.wav,datasets/gunshot\gun_C3GD-Dataset_10-oh_farm-spike_m4_556-PIXEL-IwgLphM2NQaw-2_w0.wav,gunshot,5,16000,1.0,validation
mix_001972,datasets/speech\speech_ref_1180.wav,datasets/other_impulse\other_impulse_0235.wav,other_impulse,10,16000,1.0,validation
mix_001973,datasets/speech\speech_speaker_session_16_0642.wav,datasets/other_impulse\other_impulse_0195.wav,other_impulse,-5,16000,1.0,validation
mix_001974,datasets/speech\speech_ref_0788.wav,datasets/gunshot\gun_C3GD-Dataset_1-ny_gravel_pit-savage_223-CAROL-CWUeRPWgyLlF-3_w0.wav,gunshot,-20,16000,1.0,validation
mix_001975,datasets/speech\speech_speaker_session_19_0794.wav,datasets/background_noise\bg_noise_0590.wav,background_noise,20,16000,1.0,validation
mix_001976,datasets/speech\speech_ref_1047.wav,datasets/background_noise\bg_noise_0236.wav,background_noise,15,16000,1.0,validation
mix_001977,datasets/speech\speech_speaker_session_01_0041.wav,datasets/other_impulse\other_imp_other_imp_session_07_0308.wav,other_impulse,0,16000,1.0,validation
mix_001978,datasets/speech\speech_ref_0893.wav,datasets/gunshot\gun_C3GD-Dataset_15-oh_farm-sig_P320-PIXEL-BqdD3uZj3rsi-5_w0.wav,gunshot,5,16000,1.0,validation
mix_001979,datasets/speech\speech_ref_0642.wav,datasets/gunshot\gun_C3GD-Dataset_10-oh_farm-spike_m4_556-BOB-Mjt4Wualmk2E-1_w0.wav,gunshot,20,16000,1.0,validation
mix_001980,datasets/speech\speech_speaker_session_10_0410.wav,datasets/other_impulse\other_impulse_1023.wav,other_impulse,5,16000,1.0,validation
mix_001981,datasets/speech\speech_speaker_session_07_0292.wav,datasets/background_noise\bg_noise_0925.wav,background_noise,15,16000,1.0,validation
mix_001982,datasets/speech\speech_ref_0707.wav,datasets/other_impulse\other_impulse_0114.wav,other_impulse,15,16000,1.0,validation
mix_001983,datasets/speech\speech_ref_0889.wav,datasets/gunshot\gun_C3GD-Dataset_3-ny_gravel_pit-ruger_lcp_380ACP-BOB-nG6HMBYVW1E0-0_w0.wav,gunshot,-10,16000,1.0,validation
mix_001984,datasets/speech\speech_speaker_session_00_0021.wav,datasets/other_impulse\other_imp_other_imp_session_09_0384.wav,other_impulse,-5,16000,1.0,validation
mix_001985,datasets/speech\speech_ref_0222.wav,datasets/gunshot\gun_C3GD-Dataset_11-nj_farm-savage_mh110-BOB-8c1Tg89yVR7j-55_w0.wav,gunshot,-5,16000,1.0,validation
mix_001986,datasets/speech\speech_ref_0078.wav,datasets/background_noise\bg_bg_session_00_0025.wav,background_noise,-15,16000,1.0,validation
mix_001987,datasets/speech\speech_ref_0543.wav,datasets/background_noise\bg_bg_session_09_0392.wav,background_noise,15,16000,1.0,validation
mix_001988,datasets/speech\speech_speaker_session_24_0968.wav,datasets/other_impulse\other_imp_other_imp_session_16_0647.wav,other_impulse,-15,16000,1.0,validation
mix_001989,datasets/speech\speech_ref_1189.wav,datasets/gunshot\gun_C3GD-Dataset_1-ny_gravel_pit-savage_223-CAROL-CWUeRPWgyLlF-13_w0.wav,gunshot,10,16000,1.0,validation
mix_001990,datasets/speech\speech_ref_0365.wav,datasets/gunshot\gun_C3GD-Dataset_15-oh_farm-sig_P320-ALICE-XMhGLZYcF3A0-6_w0.wav,gunshot,-20,16000,1.0,validation
mix_001991,datasets/speech\speech_ref_0534.wav,datasets/gunshot\gun_C3GD-Dataset_13-oh_farm-lmt_ar10-ALICE-RHHeuXPO7N5v-13_w0.wav,gunshot,5,16000,1.0,validation
mix_001992,datasets/speech\speech_speaker_session_19_0787.wav,datasets/other_impulse\other_impulse_0781.wav,other_impulse,-5,16000,1.0,validation
mix_001993,datasets/speech\speech_speaker_session_14_0596.wav,datasets/background_noise\bg_bg_session_04_0185.wav,background_noise,-5,16000,1.0,validation
mix_001994,datasets/speech\speech_ref_0236.wav,datasets/gunshot\gun_C3GD-Dataset_11-nj_farm-savage_mh110-ALICE-VIwh9tsGnOqt-67_w0.wav,gunshot,0,16000,1.0,validation
mix_001995,datasets/speech\speech_ref_0056.wav,datasets/background_noise\bg_bg_session_27_1111.wav,background_noise,0,16000,1.0,validation
mix_001996,datasets/speech\speech_speaker_session_18_0723.wav,datasets/gunshot\gun_C3GD-Dataset_11-nj_farm-savage_mh110-CAROL-28cChRmnkvnG-36_w0.wav,gunshot,20,16000,1.0,validation
mix_001997,datasets/speech\speech_ref_0678.wav,datasets/other_impulse\other_impulse_0611.wav,other_impulse,5,16000,1.0,validation
mix_001998,datasets/speech\speech_ref_1098.wav,datasets/background_noise\bg_bg_session_02_0100.wav,background_noise,-15,16000,1.0,validation
mix_001999,datasets/speech\speech_speaker_session_13_0527.wav,datasets/gunshot\gun_C3GD-Dataset_13-oh_farm-lmt_ar10-ALICE-5HOGInLkOAq1-6_w0.wav,gunshot,5,16000,1.0,validation
mix_002000,datasets/speech\speech_speaker_session_04_0191.wav,datasets/gunshot\gun_C3GD-Dataset_15-oh_farm-hk_P2000-ERIN-dcv7OmXZZ1UL-2_w0.wav,gunshot,-20,16000,1.0,validation
mix_002001,datasets/speech\speech_ref_0818.wav,datasets/gunshot\gun_C3GD-Dataset_0-oh_farm-sw_mp22-ALICE-N0u4QR95sPzr-10_w0.wav,gunshot,-5,16000,1.0,validation
mix_002002,datasets/speech\speech_ref_1043.wav,datasets/gunshot\gun_C3GD-Dataset_12-oh_farm-norinco_sks-PIXEL-E0i5i0DtkTlq-30_w0.wav,gunshot,5,16000,1.0,validation
mix_002003,datasets/speech\speech_speaker_session_02_0113.wav,datasets/gunshot\gun_C3GD-Dataset_2-oh_farm-custom_ar15_300BLK-ERIN-JT9NHIATnzMQ-53_w0.wav,gunshot,15,16000,1.0,validation
mix_002004,datasets/speech\speech_ref_0719.wav,datasets/background_noise\bg_bg_session_14_0582.wav,background_noise,-10,16000,1.0,validation
mix_002005,datasets/speech\speech_speaker_session_27_1108.wav,datasets/gunshot\gun_C3GD-Dataset_2-oh_farm-custom_ar15_300BLK-ERIN-KtpBXpInjxuT-7_w0.wav,gunshot,-10,16000,1.0,validation
mix_002006,datasets/speech\speech_speaker_session_09_0383.wav,datasets/other_impulse\other_imp_other_imp_session_16_0676.wav,other_impulse,15,16000,1.0,validation
mix_002007,datasets/speech\speech_speaker_session_19_0780.wav,datasets/other_impulse\other_impulse_0397.wav,other_impulse,5,16000,1.0,validation
mix_002008,datasets/speech\speech_ref_0142.wav,datasets/gunshot\gun_C3GD-Dataset_2-oh_farm-custom_ar15_300BLK-BOB-JLX6vf3udb1F-38_w0.wav,gunshot,10,16000,1.0,validation
mix_002009,datasets/speech\speech_speaker_session_14_0570.wav,datasets/background_noise\bg_bg_session_22_0917.wav,background_noise,20,16000,1.0,validation
mix_002010,datasets/speech\speech_ref_0570.wav,datasets/gunshot\gun_C3GD-Dataset_11-nj_farm-savage_mh110-CAROL-28cChRmnkvnG-22_w0.wav,gunshot,5,16000,1.0,validation
mix_002011,datasets/speech\speech_ref_0672.wav,datasets/other_impulse\other_impulse_0696.wav,other_impulse,20,16000,1.0,validation
mix_002012,datasets/speech\speech_ref_0816.wav,datasets/background_noise\bg_bg_session_07_0306.wav,background_noise,-5,16000,1.0,validation
mix_002013,datasets/speech\speech_ref_0395.wav,datasets/other_impulse\other_impulse_1060.wav,other_impulse,5,16000,1.0,validation
mix_002014,datasets/speech\speech_speaker_session_03_0151.wav,datasets/gunshot\gun_C3GD-Dataset_14-oh_farm-7mm_Mauser-DAVE-svaWPKhvZZtm-18_w0.wav,gunshot,-15,16000,1.0,validation
mix_002015,datasets/speech\speech_ref_0048.wav,datasets/gunshot\gun_BoltAction22_Zoom_ZM_104B_S01_w0.wav,gunshot,0,16000,1.0,validation
mix_002016,datasets/speech\speech_speaker_session_26_1078.wav,datasets/background_noise\bg_bg_session_12_0510.wav,background_noise,5,16000,1.0,validation
mix_002017,datasets/speech\speech_ref_0466.wav,datasets/gunshot\gun_C3GD-Dataset_15-nj_farm-sig_p365-CAROL-qhIEvS8T0FcO-23_w0.wav,gunshot,20,16000,1.0,validation
mix_002018,datasets/speech\speech_speaker_session_14_0584.wav,datasets/gunshot\gun_C3GD-Dataset_0-oh_farm-marlin_gfm60-DAVE-b8l0iIdQWqgj-0_w0.wav,gunshot,10,16000,1.0,validation
mix_002019,datasets/speech\speech_speaker_session_10_0428.wav,datasets/gunshot\gun_C3GD-Dataset_0-oh_farm-sw_mp22-ERIN-ILuAgA20Xl4i-37_w0.wav,gunshot,-15,16000,1.0,validation
mix_002020,datasets/speech\speech_speaker_session_12_0480.wav,datasets/gunshot\gun_C3GD-Dataset_11-nj_farm-savage_mh110-DAVE-3fPPqTzCQ1WZ-44_w0.wav,gunshot,5,16000,1.0,validation
mix_002021,datasets/speech\speech_ref_0625.wav,datasets/background_noise\bg_bg_session_12_0518.wav,background_noise,0,16000,1.0,validation
mix_002022,datasets/speech\speech_ref_0716.wav,datasets/gunshot\gun_C3GD-Dataset_15-oh_farm-sig_P320-ALICE-XMhGLZYcF3A0-3_w0.wav,gunshot,-15,16000,1.0,validation
mix_002023,datasets/speech\speech_speaker_session_25_1022.wav,datasets/gunshot\gun_C3GD-Dataset_3-ny_gravel_pit-ruger_lcp_380ACP-BOB-yLr0oPUfbSAa-37_w0.wav,gunshot,-5,16000,1.0,validation
mix_002024,datasets/speech\speech_speaker_session_17_0680.wav,datasets/gunshot\gun_C3GD-Dataset_15-nj_farm-sig_p365-CAROL-4c4Mgt6DlrH8-12_w0.wav,gunshot,15,16000,1.0,validation
mix_002025,datasets/speech\speech_speaker_session_11_0472.wav,datasets/gunshot\gun_C3GD-Dataset_11-nj_farm-savage_mh110-CAROL-5uK7XOyZvflm-16_w0.wav,gunshot,-5,16000,1.0,validation
mix_002026,datasets/speech\speech_ref_0408.wav,datasets/other_impulse\other_impulse_0203.wav,other_impulse,0,16000,1.0,validation
mix_002027,datasets/speech\speech_ref_0455.wav,datasets/gunshot\gun_C3GD-Dataset_0-oh_farm-sw_mp22-ALICE-jmHo21ZrVDXJ-39_w0.wav,gunshot,-15,16000,1.0,validation
mix_002028,datasets/speech\speech_speaker_session_23_0937.wav,datasets/gunshot\gun_C3GD-Dataset_15-nj_farm-sig_p365-CAROL-4c4Mgt6DlrH8-9_w0.wav,gunshot,-20,16000,1.0,validation
mix_002029,datasets/speech\speech_speaker_session_13_0558.wav,datasets/gunshot\gun_C3GD-Dataset_1-ny_gravel_pit-savage_223-BUTCH-vmXVMZ4vutTc-18_w0.wav,gunshot,-15,16000,1.0,validation
mix_002030,datasets/speech\speech_speaker_session_26_1056.wav,datasets/gunshot\gun_C3GD-Dataset_15-oh_farm-steyr_C9A2-ERIN-CJzVG8h4YflI-6_w0.wav,gunshot,20,16000,1.0,validation
mix_002031,datasets/speech\speech_speaker_session_14_0586.wav,datasets/background_noise\bg_bg_session_10_0408.wav,background_noise,15,16000,1.0,validation
mix_002032,datasets/speech\speech_ref_0783.wav,datasets/gunshot\gun_C3GD-Dataset_3-ny_gravel_pit-ruger_lcp_380ACP-BUTCH-bCvjiZaXYAFe-41_w0.wav,gunshot,-10,16000,1.0,validation
mix_002033,datasets/speech\speech_speaker_session_24_0994.wav,datasets/gunshot\gun_C3GD-Dataset_0-oh_farm-sw_mp22-PIXEL-f5W6Yd67KJc2-4_w0.wav,gunshot,5,16000,1.0,validation
mix_002034,datasets/speech\speech_speaker_session_05_0236.wav,datasets/gunshot\gun_C3GD-Dataset_2-oh_farm-custom_ar15_300BLK-PIXEL-flHp02XZTlWB-23_w0.wav,gunshot,20,16000,1.0,validation
mix_002035,datasets/speech\speech_speaker_session_10_0412.wav,datasets/gunshot\gun_C3GD-Dataset_11-nj_farm-savage_mh110-ERIN-TZeme1kqdhzL-20_w0.wav,gunshot,5,16000,1.0,validation
mix_002036,datasets/speech\speech_speaker_session_28_1146.wav,datasets/background_noise\bg_noise_1147.wav,background_noise,-15,16000,1.0,validation
mix_002037,datasets/speech\speech_ref_0546.wav,datasets/other_impulse\other_impulse_0056.wav,other_impulse,-10,16000,1.0,validation
mix_002038,datasets/speech\speech_ref_0508.wav,datasets/gunshot\gun_C3GD-Dataset_1-ny_gravel_pit-savage_223-CAROL-cF2UUwwEe48n-22_w0.wav,gunshot,-20,16000,1.0,validation
mix_002039,datasets/speech\speech_speaker_session_11_0460.wav,datasets/gunshot\gun_C3GD-Dataset_2-oh_farm-custom_ar15_300BLK-ALICE-QBdIBdZ0p0dz-73_w0.wav,gunshot,10,16000,1.0,validation
mix_002040,datasets/speech\speech_speaker_session_07_0305.wav,datasets/other_impulse\other_impulse_0158.wav,other_impulse,-15,16000,1.0,validation
mix_002041,datasets/speech\speech_speaker_session_14_0569.wav,datasets/background_noise\bg_bg_session_01_0067.wav,background_noise,0,16000,1.0,validation
mix_002042,datasets/speech\speech_speaker_session_04_0171.wav,datasets/background_noise\bg_bg_session_18_0721.wav,background_noise,-15,16000,1.0,validation
mix_002043,datasets/speech\speech_speaker_session_24_0966.wav,datasets/gunshot\gun_C3GD-Dataset_13-oh_farm-lmt_ar10-ALICE-5HOGInLkOAq1-6_w0.wav,gunshot,15,16000,1.0,validation
mix_002044,datasets/speech\speech_ref_0843.wav,datasets/background_noise\bg_bg_session_18_0755.wav,background_noise,-15,16000,1.0,validation
mix_002045,datasets/speech\speech_speaker_session_17_0706.wav,datasets/other_impulse\other_impulse_0129.wav,other_impulse,0,16000,1.0,validation
mix_002046,datasets/speech\speech_speaker_session_10_0402.wav,datasets/background_noise\bg_bg_session_09_0368.wav,background_noise,0,16000,1.0,validation
mix_002047,datasets/speech\speech_speaker_session_04_0160.wav,datasets/other_impulse\other_imp_other_imp_session_21_0866.wav,other_impulse,-5,16000,1.0,validation
mix_002048,datasets/speech\speech_ref_0734.wav,datasets/gunshot\gun_C3GD-Dataset_12-oh_farm-norinco_sks-ALICE-MLFY3TErS9EO-3_w0.wav,gunshot,-5,16000,1.0,validation
mix_002049,datasets/speech\speech_ref_0101.wav,datasets/gunshot\gun_C3GD-Dataset_1-ny_gravel_pit-savage_223-ALICE-IaO6gvZyLJyE-34_w0.wav,gunshot,0,16000,1.0,validation
mix_002050,datasets/speech\speech_speaker_session_12_0488.wav,datasets/gunshot\gun_C3GD-Dataset_10-oh_farm-spike_m4_556-PIXEL-IwgLphM2NQaw-62_w0.wav,gunshot,20,16000,1.0,validation
mix_002051,datasets/speech\speech_ref_0725.wav,datasets/gunshot\gun_C3GD-Dataset_12-oh_farm-norinco_sks-ALICE-CGQDN3Sb9qo5-7_w0.wav,gunshot,15,16000,1.0,validation
mix_002052,datasets/speech\speech_ref_0665.wav,datasets/background_noise\bg_noise_0727.wav,background_noise,0,16000,1.0,validation
mix_002053,datasets/speech\speech_ref_0969.wav,datasets/gunshot\gun_BoltAction22_Zoom_ZM_104B_S01_w0.wav,gunshot,-10,16000,1.0,validation
mix_002054,datasets/speech\speech_ref_0633.wav,datasets/gunshot\gun_C3GD-Dataset_10-oh_farm-spike_m4_556-PIXEL-IwgLphM2NQaw-18_w0.wav,gunshot,-15,16000,1.0,validation
mix_002055,datasets/speech\speech_speaker_session_24_0970.wav,datasets/background_noise\bg_bg_session_06_0249.wav,background_noise,20,16000,1.0,validation
mix_002056,datasets/speech\speech_speaker_session_06_0248.wav,datasets/other_impulse\other_impulse_0022.wav,other_impulse,-15,16000,1.0,validation
mix_002057,datasets/speech\speech_ref_0421.wav,datasets/gunshot\gun_C3GD-Dataset_1-ny_gravel_pit-savage_223-CAROL-cF2UUwwEe48n-7_w0.wav,gunshot,20,16000,1.0,validation
mix_002058,datasets/speech\speech_ref_1022.wav,datasets/gunshot\gun_C3GD-Dataset_14-oh_farm-7mm_Mauser-ALICE-coUJ1rH1Z2di-5_w0.wav,gunshot,20,16000,1.0,validation
mix_002059,datasets/speech\speech_ref_0860.wav,datasets/gunshot\gun_C3GD-Dataset_12-oh_farm-norinco_sks-ALICE-CGQDN3Sb9qo5-28_w0.wav,gunshot,0,16000,1.0,validation
mix_002060,datasets/speech\speech_speaker_session_06_0265.wav,datasets/background_noise\bg_noise_1119.wav,background_noise,0,16000,1.0,validation
mix_002061,datasets/speech\speech_ref_0163.wav,datasets/other_impulse\other_impulse_1005.wav,other_impulse,-5,16000,1.0,validation
mix_002062,datasets/speech\speech_speaker_session_07_0293.wav,datasets/gunshot\gun_C3GD-Dataset_0-oh_farm-springfield_87A-DAVE-Tcw4E6V1PxYc-3_w0.wav,gunshot,-15,16000,1.0,validation
mix_002063,datasets/speech\speech_speaker_session_01_0062.wav,datasets/gunshot\gun_C3GD-Dataset_11-nj_farm-savage_mh110-ERIN-TZeme1kqdhzL-36_w0.wav,gunshot,5,16000,1.0,validation
mix_002064,datasets/speech\speech_ref_0171.wav,datasets/other_impulse\other_impulse_0456.wav,other_impulse,15,16000,1.0,validation
mix_002065,datasets/speech\speech_ref_0522.wav,datasets/background_noise\bg_bg_session_20_0831.wav,background_noise,-10,16000,1.0,validation
mix_002066,datasets/speech\speech_speaker_session_14_0560.wav,datasets/background_noise\bg_bg_session_11_0475.wav,background_noise,15,16000,1.0,validation
mix_002067,datasets/speech\speech_ref_0606.wav,datasets/background_noise\bg_bg_session_20_0826.wav,background_noise,-15,16000,1.0,validation
mix_002068,datasets/speech\speech_speaker_session_07_0312.wav,datasets/gunshot\gun_C3GD-Dataset_15-nj_farm-sig_p365-JON-t0RTFaS5HUst-20_w0.wav,gunshot,-20,16000,1.0,validation
mix_002069,datasets/speech\speech_ref_0147.wav,datasets/background_noise\bg_noise_0210.wav,background_noise,10,16000,1.0,validation
mix_002070,datasets/speech\speech_ref_0610.wav,datasets/gunshot\gun_C3GD-Dataset_15-oh_farm-hk_P2000-BOB-jbfu0WckjyQq-11_w0.wav,gunshot,-10,16000,1.0,validation
mix_002071,datasets/speech\speech_speaker_session_24_0978.wav,datasets/other_impulse\other_imp_other_imp_session_04_0166.wav,other_impulse,15,16000,1.0,validation
mix_002072,datasets/speech\speech_speaker_session_26_1055.wav,datasets/other_impulse\other_imp_other_imp_session_12_0497.wav,other_impulse,5,16000,1.0,validation
mix_002073,datasets/speech\speech_ref_0039.wav,datasets/gunshot\gun_C3GD-Dataset_11-nj_farm-savage_mh110-ERIN-TZeme1kqdhzL-52_w0.wav,gunshot,5,16000,1.0,validation
mix_002074,datasets/speech\speech_speaker_session_13_0551.wav,datasets/gunshot\gun_C3GD-Dataset_1-ny_gravel_pit-savage_223-BOB-0zbsH77nmJe9-4_w0.wav,gunshot,20,16000,1.0,validation
mix_002075,datasets/speech\speech_speaker_session_15_0609.wav,datasets/background_noise\bg_noise_0086.wav,background_noise,15,16000,1.0,validation
mix_002076,datasets/speech\speech_speaker_session_26_1062.wav,datasets/other_impulse\other_impulse_0902.wav,other_impulse,-10,16000,1.0,validation
mix_002077,datasets/speech\speech_ref_1072.wav,datasets/background_noise\bg_noise_0322.wav,background_noise,15,16000,1.0,validation
mix_002078,datasets/speech\speech_ref_0535.wav,datasets/background_noise\bg_noise_0393.wav,background_noise,15,16000,1.0,validation
mix_002079,datasets/speech\speech_speaker_session_04_0166.wav,datasets/gunshot\gun_C3GD-Dataset_11-nj_farm-savage_mh110-ERIN-TZeme1kqdhzL-21_w0.wav,gunshot,15,16000,1.0,validation
mix_002080,datasets/speech\speech_ref_0014.wav,datasets/gunshot\gun_C3GD-Dataset_2-oh_farm-custom_ar15_300BLK-BOB-t4tXwQn7KADM-8_w0.wav,gunshot,-5,16000,1.0,validation
mix_002081,datasets/speech\speech_ref_0180.wav,datasets/gunshot\gun_C3GD-Dataset_10-ny_gravel_pit-sw_mp15-BOB-wfJLijD81RAC-13_w0.wav,gunshot,-10,16000,1.0,validation
mix_002082,datasets/speech\speech_ref_1133.wav,datasets/other_impulse\other_imp_other_imp_session_12_0507.wav,other_impulse,0,16000,1.0,validation
mix_002083,datasets/speech\speech_speaker_session_24_0997.wav,datasets/gunshot\gun_C3GD-Dataset_15-nj_farm-sig_p365-BOB-Q0eIMamzx0DO-16_w0.wav,gunshot,10,16000,1.0,validation
mix_002084,datasets/speech\speech_ref_0378.wav,datasets/gunshot\gun_C3GD-Dataset_0-oh_farm-sw_mp22-DAVE-PorbzdaQTbqS-14_w0.wav,gunshot,5,16000,1.0,validation
mix_002085,datasets/speech\speech_ref_0208.wav,datasets/gunshot\gun_C3GD-Dataset_12-oh_farm-norinco_sks-BOB-yXDXpxpia0E3-31_w0.wav,gunshot,15,16000,1.0,validation
mix_002086,datasets/speech\speech_ref_1028.wav,datasets/gunshot\gun_C3GD-Dataset_3-ny_gravel_pit-ruger_lcp_380ACP-ALICE-iTyhHd0QesY9-15_w0.wav,gunshot,-20,16000,1.0,validation
mix_002087,datasets/speech\speech_speaker_session_26_1057.wav,datasets/background_noise\bg_bg_session_26_1070.wav,background_noise,15,16000,1.0,validation
mix_002088,datasets/speech\speech_speaker_session_21_0870.wav,datasets/background_noise\bg_noise_0649.wav,background_noise,5,16000,1.0,validation
mix_002089,datasets/speech\speech_ref_1081.wav,datasets/gunshot\gun_C3GD-Dataset_2-oh_farm-custom_ar15_300BLK-ERIN-JT9NHIATnzMQ-47_w0.wav,gunshot,15,16000,1.0,validation
mix_002090,datasets/speech\speech_ref_0833.wav,datasets/gunshot\gun_C3GD-Dataset_0-oh_farm-springfield_87A-BOB-nT21wqwhXL6h-6_w0.wav,gunshot,0,16000,1.0,validation
mix_002091,datasets/speech\speech_speaker_session_05_0204.wav,datasets/gunshot\gun_C3GD-Dataset_14-oh_farm-7mm_Mauser-ALICE-chv3xlV0eY8m-16_w0.wav,gunshot,-10,16000,1.0,validation
mix_002092,datasets/speech\speech_ref_0862.wav,datasets/gunshot\gun_C3GD-Dataset_3-ny_gravel_pit-ruger_lcp_380ACP-DAVE-2TVNSmcBPJym-3_w0.wav,gunshot,-15,16000,1.0,validation
mix_002093,datasets/speech\speech_ref_1154.wav,datasets/gunshot\gun_C3GD-Dataset_15-oh_farm-hk_P30L-DAVE-11ztazx3afRK-11_w0.wav,gunshot,-15,16000,1.0,validation
mix_002094,datasets/speech\speech_ref_1115.wav,datasets/gunshot\gun_C3GD-Dataset_12-oh_farm-norinco_sks-DAVE-10CqWRilQLT1-1_w0.wav,gunshot,20,16000,1.0,validation
mix_002095,datasets/speech\speech_speaker_session_29_1170.wav,datasets/other_impulse\other_imp_other_imp_session_26_1040.wav,other_impulse,-15,16000,1.0,validation
mix_002096,datasets/speech\speech_ref_0438.wav,datasets/gunshot\gun_C3GD-Dataset_11-nj_farm-savage_mh110-CAROL-28cChRmnkvnG-8_w0.wav,gunshot,20,16000,1.0,validation
mix_002097,datasets/speech\speech_ref_0472.wav,datasets/gunshot\gun_C3GD-Dataset_2-oh_farm-custom_ar15_300BLK-BOB-JLX6vf3udb1F-15_w0.wav,gunshot,10,16000,1.0,validation
mix_002098,datasets/speech\speech_speaker_session_29_1161.wav,datasets/other_impulse\other_imp_other_imp_session_01_0075.wav,other_impulse,10,16000,1.0,validation
mix_002099,datasets/speech\speech_ref_0550.wav,datasets/gunshot\gun_C3GD-Dataset_10-oh_farm-hk_MR556-ALICE-epczwDkQOJGc-6_w0.wav,gunshot,-5,16000,1.0,validation
mix_002100,datasets/speech\speech_ref_0424.wav,datasets/other_impulse\other_impulse_0577.wav,other_impulse,-10,16000,1.0,validation
mix_002101,datasets/speech\speech_speaker_session_00_0026.wav,datasets/gunshot\gun_C3GD-Dataset_2-oh_farm-custom_ar15_300BLK-PIXEL-4Z0CgfSYn2Ez-7_w0.wav,gunshot,10,16000,1.0,validation
mix_002102,datasets/speech\speech_ref_0032.wav,datasets/background_noise\bg_bg_session_27_1082.wav,background_noise,5,16000,1.0,validation
mix_002103,datasets/speech\speech_speaker_session_00_0039.wav,datasets/gunshot\gun_C3GD-Dataset_1-ny_gravel_pit-savage_223-CAROL-CWUeRPWgyLlF-27_w0.wav,gunshot,10,16000,1.0,validation
mix_002104,datasets/speech\speech_speaker_session_25_1031.wav,datasets/gunshot\gun_C3GD-Dataset_15-oh_farm-steyr_C9A2-BOB-0al9rCujzr1y-5_w0.wav,gunshot,5,16000,1.0,validation
mix_002105,datasets/speech\speech_ref_0646.wav,datasets/other_impulse\other_impulse_0521.wav,other_impulse,-5,16000,1.0,validation
mix_002106,datasets/speech\speech_ref_1167.wav,datasets/gunshot\gun_C3GD-Dataset_0-oh_farm-sw_mp22-ALICE-jmHo21ZrVDXJ-0_w0.wav,gunshot,-15,16000,1.0,validation
mix_002107,datasets/speech\speech_speaker_session_07_0313.wav,datasets/other_impulse\other_impulse_1007.wav,other_impulse,15,16000,1.0,validation
mix_002108,datasets/speech\speech_ref_1000.wav,datasets/background_noise\bg_noise_0673.wav,background_noise,15,16000,1.0,validation
mix_002109,datasets/speech\speech_ref_0281.wav,datasets/gunshot\gun_C3GD-Dataset_12-oh_farm-norinco_sks-DAVE-10CqWRilQLT1-11_w0.wav,gunshot,20,16000,1.0,validation
mix_002110,datasets/speech\speech_speaker_session_05_0229.wav,datasets/background_noise\bg_noise_0399.wav,background_noise,15,16000,1.0,validation
mix_002111,datasets/speech\speech_ref_0542.wav,datasets/gunshot\gun_C3GD-Dataset_0-oh_farm-sw_mp22-ALICE-N0u4QR95sPzr-19_w0.wav,gunshot,0,16000,1.0,validation
mix_002112,datasets/speech\speech_speaker_session_24_0960.wav,datasets/gunshot\gun_C3GD-Dataset_15-oh_farm-hk_P30L-DAVE-11ztazx3afRK-1_w0.wav,gunshot,-15,16000,1.0,validation
mix_002113,datasets/speech\speech_speaker_session_21_0872.wav,datasets/other_impulse\other_imp_other_imp_session_05_0201.wav,other_impulse,-15,16000,1.0,validation
mix_002114,datasets/speech\speech_ref_0873.wav,datasets/other_impulse\other_imp_other_imp_session_04_0171.wav,other_impulse,10,16000,1.0,validation
mix_002115,datasets/speech\speech_ref_0300.wav,datasets/gunshot\gun_C3GD-Dataset_12-oh_farm-norinco_sks-ERIN-KvP1tQktbMsn-13_w0.wav,gunshot,15,16000,1.0,validation
mix_002116,datasets/speech\speech_ref_0409.wav,datasets/other_impulse\other_imp_other_imp_session_24_0967.wav,other_impulse,-20,16000,1.0,validation
mix_002117,datasets/speech\speech_speaker_session_16_0677.wav,datasets/background_noise\bg_noise_0283.wav,background_noise,-5,16000,1.0,validation
mix_002118,datasets/speech\speech_ref_0038.wav,datasets/background_noise\bg_noise_1076.wav,background_noise,-20,16000,1.0,validation
mix_002119,datasets/speech\speech_ref_0297.wav,datasets/gunshot\gun_BoltAction22_Zoom_ZM_004A_S04_w0.wav,gunshot,-10,16000,1.0,validation
mix_002120,datasets/speech\speech_speaker_session_23_0930.wav,datasets/gunshot\gun_C3GD-Dataset_2-oh_farm-custom_ar15_300BLK-ALICE-EmUfikHTAf0o-46_w0.wav,gunshot,20,16000,1.0,validation
mix_002121,datasets/speech\speech_speaker_session_16_0672.wav,datasets/gunshot\gun_C3GD-Dataset_11-nj_farm-savage_mh110-BOB-bjYKN5RtCabb-15_w0.wav,gunshot,10,16000,1.0,validation
mix_002122,datasets/speech\speech_speaker_session_00_0028.wav,datasets/other_impulse\other_imp_other_imp_session_12_0485.wav,other_impulse,15,16000,1.0,validation
mix_002123,datasets/speech\speech_ref_0536.wav,datasets/gunshot\gun_C3GD-Dataset_1-ny_gravel_pit-savage_223-ALICE-zNHc0efQT0kF-3_w0.wav,gunshot,-5,16000,1.0,validation
mix_002124,datasets/speech\speech_speaker_session_10_0421.wav,datasets/gunshot\gun_C3GD-Dataset_11-nj_farm-savage_mh110-JON-U8Ee7IPiAWho-5_w0.wav,gunshot,0,16000,1.0,validation
mix_002125,datasets/speech\speech_ref_1087.wav,datasets/other_impulse\other_impulse_0943.wav,other_impulse,0,16000,1.0,validation
mix_002126,datasets/speech\speech_ref_0977.wav,datasets/gunshot\gun_C3GD-Dataset_15-oh_farm-steyr_C9A2-BOB-0al9rCujzr1y-10_w0.wav,gunshot,5,16000,1.0,validation
mix_002127,datasets/speech\speech_speaker_session_02_0086.wav,datasets/background_noise\bg_noise_0262.wav,background_noise,-20,16000,1.0,validation
mix_002128,datasets/speech\speech_ref_0836.wav,datasets/other_impulse\other_imp_other_imp_session_10_0418.wav,other_impulse,20,16000,1.0,validation
mix_002129,datasets/speech\speech_ref_1068.wav,datasets/gunshot\gun_C3GD-Dataset_15-oh_farm-hk_P30L-BOB-rHwzhI1Hb8BA-12_w0.wav,gunshot,-10,16000,1.0,validation
mix_002130,datasets/speech\speech_speaker_session_02_0095.wav,datasets/gunshot\gun_C3GD-Dataset_11-nj_farm-savage_mh110-BOB-bjYKN5RtCabb-55_w0.wav,gunshot,-20,16000,1.0,validation
mix_002131,datasets/speech\speech_speaker_session_12_0517.wav,datasets/gunshot\gun_C3GD-Dataset_15-nj_farm-sig_p365-BUTCH-nJExooYJ4R6j-19_w0.wav,gunshot,20,16000,1.0,validation
mix_002132,datasets/speech\speech_ref_0335.wav,datasets/background_noise\bg_bg_session_21_0870.wav,background_noise,-20,16000,1.0,validation
mix_002133,datasets/speech\speech_ref_0162.wav,datasets/other_impulse\other_impulse_0775.wav,other_impulse,5,16000,1.0,validation
mix_002134,datasets/speech\speech_ref_1008.wav,datasets/background_noise\bg_noise_0597.wav,background_noise,0,16000,1.0,validation
mix_002135,datasets/speech\speech_ref_0491.wav,datasets/background_noise\bg_bg_session_12_0510.wav,background_noise,-5,16000,1.0,validation
mix_002136,datasets/speech\speech_speaker_session_11_0453.wav,datasets/gunshot\gun_C3GD-Dataset_15-oh_farm-steyr_C9A2-ALICE-EYxRROyiQbOu-8_w0.wav,gunshot,10,16000,1.0,validation
mix_002137,datasets/speech\speech_ref_0963.wav,datasets/other_impulse\other_imp_other_imp_session_16_0643.wav,other_impulse,5,16000,1.0,validation
mix_002138,datasets/speech\speech_ref_0278.wav,datasets/gunshot\gun_C3GD-Dataset_15-nj_farm-sig_p365-ERIN-nP971FQ1dkqF-9_w0.wav,gunshot,10,16000,1.0,validation
mix_002139,datasets/speech\speech_ref_0280.wav,datasets/gunshot\gun_C3GD-Dataset_15-nj_farm-sig_p365-ERIN-nP971FQ1dkqF-32_w0.wav,gunshot,10,16000,1.0,validation
mix_002140,datasets/speech\speech_ref_0761.wav,datasets/other_impulse\other_impulse_0531.wav,other_impulse,-5,16000,1.0,validation
mix_002141,datasets/speech\speech_ref_0328.wav,datasets/gunshot\gun_C3GD-Dataset_0-oh_farm-sw_mp22-ALICE-jmHo21ZrVDXJ-15_w0.wav,gunshot,15,16000,1.0,validation
mix_002142,datasets/speech\speech_speaker_session_22_0880.wav,datasets/background_noise\bg_noise_1078.wav,background_noise,-5,16000,1.0,validation
mix_002143,datasets/speech\speech_ref_0232.wav,datasets/other_impulse\other_impulse_0700.wav,other_impulse,10,16000,1.0,validation
mix_002144,datasets/speech\speech_ref_0644.wav,datasets/gunshot\gun_C3GD-Dataset_15-nj_farm-sig_p365-ALICE-T3bFUE8iLtXt-14_w0.wav,gunshot,10,16000,1.0,validation
mix_002145,datasets/speech\speech_speaker_session_21_0859.wav,datasets/gunshot\gun_C3GD-Dataset_0-oh_farm-czusa_457-ALICE-R5zBOntDcTqx-8_w0.wav,gunshot,0,16000,1.0,validation
mix_002146,datasets/speech\speech_speaker_session_18_0752.wav,datasets/background_noise\bg_noise_0856.wav,background_noise,-10,16000,1.0,validation
mix_002147,datasets/speech\speech_ref_0205.wav,datasets/background_noise\bg_bg_session_04_0190.wav,background_noise,-15,16000,1.0,validation
mix_002148,datasets/speech\speech_ref_0234.wav,datasets/other_impulse\other_imp_other_imp_session_25_1023.wav,other_impulse,-20,16000,1.0,validation
mix_002149,datasets/speech\speech_speaker_session_02_0084.wav,datasets/background_noise\bg_noise_1159.wav,background_noise,15,16000,1.0,validation
mix_002150,datasets/speech\speech_ref_0249.wav,datasets/other_impulse\other_imp_other_imp_session_29_1179.wav,other_impulse,10,16000,1.0,validation
mix_002151,datasets/speech\speech_ref_0239.wav,datasets/background_noise\bg_noise_1024.wav,background_noise,-15,16000,1.0,validation
mix_002152,datasets/speech\speech_ref_0891.wav,datasets/background_noise\bg_noise_1048.wav,background_noise,10,16000,1.0,validation
mix_002153,datasets/speech\speech_speaker_session_00_0015.wav,datasets/gunshot\gun_C3GD-Dataset_2-oh_farm-custom_ar15_300BLK-ALICE-QBdIBdZ0p0dz-23_w0.wav,gunshot,10,16000,1.0,validation
mix_002154,datasets/speech\speech_ref_0777.wav,datasets/other_impulse\other_imp_other_imp_session_15_0611.wav,other_impulse,-10,16000,1.0,validation
mix_002155,datasets/speech\speech_ref_0634.wav,datasets/gunshot\gun_C3GD-Dataset_2-oh_farm-custom_ar15_300BLK-ALICE-EmUfikHTAf0o-67_w0.wav,gunshot,20,16000,1.0,validation
mix_002156,datasets/speech\speech_speaker_session_19_0793.wav,datasets/gunshot\gun_C3GD-Dataset_15-oh_farm-sig_P320-ERIN-dcO32rh9DuOV-5_w0.wav,gunshot,20,16000,1.0,validation
mix_002157,datasets/speech\speech_speaker_session_13_0532.wav,datasets/gunshot\gun_C3GD-Dataset_2-oh_farm-custom_ar15_300BLK-ALICE-A0I9zcxVqo9a-2_w0.wav,gunshot,10,16000,1.0,validation
mix_002158,datasets/speech\speech_ref_1168.wav,datasets/gunshot\gun_C3GD-Dataset_14-oh_farm-7mm_Mauser-ERIN-j4Dqiw5l1IWn-7_w0.wav,gunshot,-5,16000,1.0,validation
mix_002159,datasets/speech\speech_speaker_session_16_0663.wav,datasets/gunshot\gun_C3GD-Dataset_0-oh_farm-sw_mp22-ERIN-ILuAgA20Xl4i-13_w0.wav,gunshot,10,16000,1.0,validation
mix_002160,datasets/speech\speech_ref_1086.wav,datasets/other_impulse\other_imp_other_imp_session_07_0305.wav,other_impulse,-20,16000,1.0,test
mix_002161,datasets/speech\speech_speaker_session_09_0399.wav,datasets/other_impulse\other_impulse_1068.wav,other_impulse,15,16000,1.0,test
mix_002162,datasets/speech\speech_ref_0008.wav,datasets/gunshot\gun_C3GD-Dataset_10-oh_farm-hk_MR556-ALICE-1r0HioVaKJ1H-15_w0.wav,gunshot,20,16000,1.0,test
mix_002163,datasets/speech\speech_speaker_session_08_0352.wav,datasets/gunshot\gun_C3GD-Dataset_10-oh_farm-spike_m4_556-ERIN-8XJ3dMdwafQw-22_w0.wav,gunshot,10,16000,1.0,test
mix_002164,datasets/speech\speech_ref_0674.wav,datasets/other_impulse\other_impulse_0548.wav,other_impulse,5,16000,1.0,test
mix_002165,datasets/speech\speech_ref_0240.wav,datasets/background_noise\bg_bg_session_13_0548.wav,background_noise,-20,16000,1.0,test
mix_002166,datasets/speech\speech_speaker_session_11_0442.wav,datasets/other_impulse\other_impulse_0908.wav,other_impulse,15,16000,1.0,test
mix_002167,datasets/speech\speech_ref_0875.wav,datasets/gunshot\gun_C3GD-Dataset_15-nj_farm-sig_p365-BOB-uY5xiJ1efHpq-9_w0.wav,gunshot,-15,16000,1.0,test
mix_002168,datasets/speech\speech_speaker_session_19_0771.wav,datasets/other_impulse\other_impulse_1107.wav,other_impulse,15,16000,1.0,test
mix_002169,datasets/speech\speech_speaker_session_19_0789.wav,datasets/background_noise\bg_noise_0111.wav,background_noise,-10,16000,1.0,test
mix_002170,datasets/speech\speech_speaker_session_11_0464.wav,datasets/other_impulse\other_impulse_0224.wav,other_impulse,0,16000,1.0,test
mix_002171,datasets/speech\speech_ref_0681.wav,datasets/gunshot\gun_C3GD-Dataset_2-oh_farm-custom_ar15_300BLK-BOB-JLX6vf3udb1F-74_w0.wav,gunshot,20,16000,1.0,test
mix_002172,datasets/speech\speech_ref_0968.wav,datasets/background_noise\bg_noise_0081.wav,background_noise,20,16000,1.0,test
mix_002173,datasets/speech\speech_ref_0382.wav,datasets/other_impulse\other_imp_other_imp_session_09_0395.wav,other_impulse,-15,16000,1.0,test
mix_002174,datasets/speech\speech_ref_0060.wav,datasets/gunshot\gun_C3GD-Dataset_10-oh_farm-spike_m4_556-ALICE-0D30t3lA0dYO-14_w0.wav,gunshot,15,16000,1.0,test
mix_002175,datasets/speech\speech_ref_0207.wav,datasets/other_impulse\other_imp_other_imp_session_18_0732.wav,other_impulse,-15,16000,1.0,test
mix_002176,datasets/speech\speech_ref_0401.wav,datasets/other_impulse\other_imp_other_imp_session_19_0782.wav,other_impulse,20,16000,1.0,test
mix_002177,datasets/speech\speech_speaker_session_15_0615.wav,datasets/other_impulse\other_impulse_1096.wav,other_impulse,0,16000,1.0,test
mix_002178,datasets/speech\speech_ref_0308.wav,datasets/other_impulse\other_imp_other_imp_session_11_0444.wav,other_impulse,-20,16000,1.0,test
mix_002179,datasets/speech\speech_ref_1023.wav,datasets/gunshot\gun_C3GD-Dataset_13-oh_farm-lmt_ar10-ERIN-4yw5CT7ttEZV-13_w0.wav,gunshot,20,16000,1.0,test
mix_002180,datasets/speech\speech_speaker_session_17_0694.wav,datasets/background_noise\bg_bg_session_04_0176.wav,background_noise,15,16000,1.0,test
mix_002181,datasets/speech\speech_speaker_session_25_1010.wav,datasets/gunshot\gun_C3GD-Dataset_2-oh_farm-custom_ar15_300BLK-ALICE-EmUfikHTAf0o-61_w0.wav,gunshot,20,16000,1.0,test
mix_002182,datasets/speech\speech_ref_0751.wav,datasets/gunshot\gun_C3GD-Dataset_2-oh_farm-custom_ar15_300BLK-BOB-Nyl3u1Ql1lFU-6_w0.wav,gunshot,5,16000,1.0,test
mix_002183,datasets/speech\speech_speaker_session_29_1190.wav,datasets/gunshot\gun_C3GD-Dataset_15-oh_farm-sig_P320-DAVE-B3N5GTYhUMbA-15_w0.wav,gunshot,5,16000,1.0,test
mix_002184,datasets/speech\speech_ref_0574.wav,datasets/gunshot\gun_C3GD-Dataset_11-nj_farm-savage_mh110-BOB-bjYKN5RtCabb-8_w0.wav,gunshot,0,16000,1.0,test
mix_002185,datasets/speech\speech_speaker_session_15_0637.wav,datasets/gunshot\gun_C3GD-Dataset_0-oh_farm-marlin_gfm60-ERIN-4KUnpSm0eest-9_w0.wav,gunshot,-20,16000,1.0,test
mix_002186,datasets/speech\speech_speaker_session_25_1002.wav,datasets/other_impulse\other_imp_other_imp_session_04_0191.wav,other_impulse,0,16000,1.0,test
mix_002187,datasets/speech\speech_ref_0784.wav,datasets/other_impulse\other_impulse_0835.wav,other_impulse,0,16000,1.0,test
mix_002188,datasets/speech\speech_ref_1018.wav,datasets/background_noise\bg_bg_session_25_1006.wav,background_noise,15,16000,1.0,test
mix_002189,datasets/speech\speech_ref_0447.wav,datasets/other_impulse\other_impulse_1072.wav,other_impulse,-10,16000,1.0,test
mix_002190,datasets/speech\speech_speaker_session_04_0189.wav,datasets/other_impulse\other_impulse_0985.wav,other_impulse,-20,16000,1.0,test
mix_002191,datasets/speech\speech_speaker_session_11_0449.wav,datasets/other_impulse\other_imp_other_imp_session_28_1153.wav,other_impulse,0,16000,1.0,test
mix_002192,datasets/speech\speech_ref_0248.wav,datasets/other_impulse\other_imp_other_imp_session_15_0628.wav,other_impulse,-20,16000,1.0,test
mix_002193,datasets/speech\speech_ref_0403.wav,datasets/gunshot\gun_C3GD-Dataset_11-nj_farm-savage_mh110-ALICE-X1fRvwEQOSNS-77_w0.wav,gunshot,15,16000,1.0,test
mix_002194,datasets/speech\speech_ref_0221.wav,datasets/background_noise\bg_noise_0151.wav,background_noise,-10,16000,1.0,test
mix_002195,datasets/speech\speech_speaker_session_17_0712.wav,datasets/gunshot\gun_C3GD-Dataset_3-ny_gravel_pit-ruger_lcp_380ACP-CAROL-JL5HJFTpJ6Ky-4_w0.wav,gunshot,-15,16000,1.0,test
mix_002196,datasets/speech\speech_speaker_session_12_0483.wav,datasets/gunshot\gun_C3GD-Dataset_11-nj_farm-savage_mh110-ALICE-VIwh9tsGnOqt-10_w0.wav,gunshot,0,16000,1.0,test
mix_002197,datasets/speech\speech_speaker_session_13_0534.wav,datasets/background_noise\bg_noise_0971.wav,background_noise,0,16000,1.0,test
mix_002198,datasets/speech\speech_speaker_session_06_0251.wav,datasets/gunshot\gun_C3GD-Dataset_10-oh_farm-spike_m4_556-PIXEL-IwgLphM2NQaw-41_w0.wav,gunshot,0,16000,1.0,test
mix_002199,datasets/speech\speech_speaker_session_14_0565.wav,datasets/background_noise\bg_bg_session_05_0232.wav,background_noise,-15,16000,1.0,test
mix_002200,datasets/speech\speech_ref_0397.wav,datasets/other_impulse\other_imp_other_imp_session_07_0293.wav,other_impulse,-10,16000,1.0,test
mix_002201,datasets/speech\speech_ref_0386.wav,datasets/other_impulse\other_imp_other_imp_session_02_0095.wav,other_impulse,-10,16000,1.0,test
mix_002202,datasets/speech\speech_ref_0779.wav,datasets/other_impulse\other_imp_other_imp_session_29_1199.wav,other_impulse,15,16000,1.0,test
mix_002203,datasets/speech\speech_speaker_session_11_0467.wav,datasets/gunshot\gun_C3GD-Dataset_15-nj_farm-sig_p365-BUTCH-nJExooYJ4R6j-27_w0.wav,gunshot,-10,16000,1.0,test
mix_002204,datasets/speech\speech_speaker_session_18_0737.wav,datasets/gunshot\gun_C3GD-Dataset_10-oh_farm-spike_m4_556-BOB-Mjt4Wualmk2E-43_w0.wav,gunshot,-5,16000,1.0,test
mix_002205,datasets/speech\speech_ref_0995.wav,datasets/gunshot\gun_C3GD-Dataset_2-oh_farm-custom_ar15_300BLK-PIXEL-flHp02XZTlWB-44_w0.wav,gunshot,-10,16000,1.0,test
mix_002206,datasets/speech\speech_speaker_session_18_0736.wav,datasets/other_impulse\other_impulse_0240.wav,other_impulse,-20,16000,1.0,test
mix_002207,datasets/speech\speech_ref_0541.wav,datasets/gunshot\gun_C3GD-Dataset_13-oh_farm-lmt_ar10-DAVE-71Zo9dY4k135-3_w0.wav,gunshot,-15,16000,1.0,test
mix_002208,datasets/speech\speech_ref_0877.wav,datasets/background_noise\bg_noise_1176.wav,background_noise,-10,16000,1.0,test
mix_002209,datasets/speech\speech_speaker_session_19_0788.wav,datasets/gunshot\gun_C3GD-Dataset_3-ny_gravel_pit-ruger_lcp_380ACP-BOB-yLr0oPUfbSAa-20_w0.wav,gunshot,10,16000,1.0,test
mix_002210,datasets/speech\speech_ref_1140.wav,datasets/gunshot\gun_C3GD-Dataset_15-nj_farm-sig_p365-JON-t0RTFaS5HUst-14_w0.wav,gunshot,-5,16000,1.0,test
mix_002211,datasets/speech\speech_ref_0974.wav,datasets/gunshot\gun_C3GD-Dataset_15-oh_farm-steyr_C9A2-BOB-xwffRCBitu2p-8_w0.wav,gunshot,-10,16000,1.0,test
mix_002212,datasets/speech\speech_speaker_session_22_0905.wav,datasets/gunshot\gun_C3GD-Dataset_1-ny_gravel_pit-savage_223-DAVE-cyc89NHUIDHi-25_w0.wav,gunshot,5,16000,1.0,test
mix_002213,datasets/speech\speech_speaker_session_25_1019.wav,datasets/background_noise\bg_bg_session_22_0890.wav,background_noise,0,16000,1.0,test
mix_002214,datasets/speech\speech_speaker_session_03_0153.wav,datasets/background_noise\bg_noise_0700.wav,background_noise,-20,16000,1.0,test
mix_002215,datasets/speech\speech_ref_0128.wav,datasets/gunshot\gun_C3GD-Dataset_0-oh_farm-marlin_gfm60-PIXEL-ZFq4OGGhHOSf-0_w0.wav,gunshot,15,16000,1.0,test
mix_002216,datasets/speech\speech_ref_0276.wav,datasets/gunshot\gun_C3GD-Dataset_15-oh_farm-hk_P30L-ALICE-GA0xXMuRBFB2-10_w0.wav,gunshot,15,16000,1.0,test
mix_002217,datasets/speech\speech_ref_0937.wav,datasets/gunshot\gun_C3GD-Dataset_11-nj_farm-savage_mh110-CAROL-28cChRmnkvnG-52_w0.wav,gunshot,15,16000,1.0,test
mix_002218,datasets/speech\speech_ref_0241.wav,datasets/other_impulse\other_impulse_0324.wav,other_impulse,-5,16000,1.0,test
mix_002219,datasets/speech\speech_ref_0290.wav,datasets/gunshot\gun_C3GD-Dataset_15-nj_farm-sig_p365-DAVE-g19XyDQPiD9P-6_w0.wav,gunshot,10,16000,1.0,test
mix_002220,datasets/speech\speech_ref_0029.wav,datasets/gunshot\gun_C3GD-Dataset_2-oh_farm-custom_ar15_300BLK-DAVE-i1jOY9VPtkkU-54_w0.wav,gunshot,0,16000,1.0,test
mix_002221,datasets/speech\speech_speaker_session_29_1178.wav,datasets/background_noise\bg_noise_1178.wav,background_noise,20,16000,1.0,test
mix_002222,datasets/speech\speech_ref_0942.wav,datasets/gunshot\gun_C3GD-Dataset_15-oh_farm-steyr_C9A2-BOB-0al9rCujzr1y-10_w0.wav,gunshot,-20,16000,1.0,test
mix_002223,datasets/speech\speech_ref_0086.wav,datasets/gunshot\gun_C3GD-Dataset_11-nj_farm-savage_mh110-BOB-8c1Tg89yVR7j-2_w0.wav,gunshot,15,16000,1.0,test
mix_002224,datasets/speech\speech_speaker_session_04_0184.wav,datasets/gunshot\gun_C3GD-Dataset_15-nj_farm-sig_p365-ERIN-nP971FQ1dkqF-39_w0.wav,gunshot,5,16000,1.0,test
mix_002225,datasets/speech\speech_ref_0262.wav,datasets/other_impulse\other_impulse_0287.wav,other_impulse,-20,16000,1.0,test
mix_002226,datasets/speech\speech_ref_0920.wav,datasets/background_noise\bg_noise_0395.wav,background_noise,20,16000,1.0,test
mix_002227,datasets/speech\speech_ref_1015.wav,datasets/other_impulse\other_imp_other_imp_session_21_0843.wav,other_impulse,5,16000,1.0,test
mix_002228,datasets/speech\speech_ref_0495.wav,datasets/gunshot\gun_C3GD-Dataset_15-oh_farm-steyr_C9A2-ALICE-EYxRROyiQbOu-9_w0.wav,gunshot,0,16000,1.0,test
mix_002229,datasets/speech\speech_speaker_session_16_0649.wav,datasets/gunshot\gun_C3GD-Dataset_13-oh_farm-lmt_ar10-ALICE-RHHeuXPO7N5v-31_w0.wav,gunshot,0,16000,1.0,test
mix_002230,datasets/speech\speech_speaker_session_22_0919.wav,datasets/gunshot\gun_C3GD-Dataset_10-oh_farm-spike_m4_556-DAVE-LJiS5z5Ad53b-5_w0.wav,gunshot,-15,16000,1.0,test
mix_002231,datasets/speech\speech_speaker_session_14_0594.wav,datasets/gunshot\gun_C3GD-Dataset_10-oh_farm-spike_m4_556-BOB-jQ17j9hZCGf9-25_w0.wav,gunshot,10,16000,1.0,test
mix_002232,datasets/speech\speech_speaker_session_08_0329.wav,datasets/gunshot\gun_C3GD-Dataset_2-oh_farm-custom_ar15_300BLK-BOB-JLX6vf3udb1F-17_w0.wav,gunshot,-5,16000,1.0,test
mix_002233,datasets/speech\speech_speaker_session_10_0434.wav,datasets/other_impulse\other_imp_other_imp_session_01_0045.wav,other_impulse,-5,16000,1.0,test
mix_002234,datasets/speech\speech_speaker_session_01_0076.wav,datasets/other_impulse\other_impulse_0118.wav,other_impulse,5,16000,1.0,test
mix_002235,datasets/speech\speech_ref_0823.wav,datasets/gunshot\gun_C3GD-Dataset_0-oh_farm-sw_mp22-BOB-L1VYwU6YJSr9-37_w0.wav,gunshot,5,16000,1.0,test
mix_002236,datasets/speech\speech_speaker_session_25_1008.wav,datasets/other_impulse\other_impulse_0572.wav,other_impulse,-20,16000,1.0,test
mix_002237,datasets/speech\speech_ref_0867.wav,datasets/background_noise\bg_bg_session_03_0138.wav,background_noise,-15,16000,1.0,test
mix_002238,datasets/speech\speech_speaker_session_13_0533.wav,datasets/background_noise\bg_bg_session_04_0195.wav,background_noise,10,16000,1.0,test
mix_002239,datasets/speech\speech_speaker_session_24_0961.wav,datasets/background_noise\bg_noise_0400.wav,background_noise,20,16000,1.0,test
mix_002240,datasets/speech\speech_ref_1085.wav,datasets/background_noise\bg_noise_0502.wav,background_noise,15,16000,1.0,test
mix_002241,datasets/speech\speech_ref_0676.wav,datasets/gunshot\gun_C3GD-Dataset_14-oh_farm-7mm_Mauser-BOB-BcloTeR2Ekq1-5_w0.wav,gunshot,-5,16000,1.0,test
mix_002242,datasets/speech\speech_speaker_session_18_0746.wav,datasets/gunshot\gun_C3GD-Dataset_11-nj_farm-savage_mh110-ALICE-X1fRvwEQOSNS-24_w0.wav,gunshot,0,16000,1.0,test
mix_002243,datasets/speech\speech_ref_0525.wav,datasets/gunshot\gun_C3GD-Dataset_1-ny_gravel_pit-savage_223-ALICE-IaO6gvZyLJyE-6_w0.wav,gunshot,-20,16000,1.0,test
mix_002244,datasets/speech\speech_ref_0515.wav,datasets/background_noise\bg_bg_session_09_0388.wav,background_noise,-15,16000,1.0,test
mix_002245,datasets/speech\speech_speaker_session_24_0981.wav,datasets/background_noise\bg_bg_session_23_0931.wav,background_noise,-5,16000,1.0,test
mix_002246,datasets/speech\speech_ref_0283.wav,datasets/other_impulse\other_imp_other_imp_session_05_0220.wav,other_impulse,-15,16000,1.0,test
mix_002247,datasets/speech\speech_speaker_session_19_0790.wav,datasets/background_noise\bg_noise_0765.wav,background_noise,-15,16000,1.0,test
mix_002248,datasets/speech\speech_ref_0350.wav,datasets/other_impulse\other_imp_other_imp_session_07_0307.wav,other_impulse,-10,16000,1.0,test
mix_002249,datasets/speech\speech_speaker_session_28_1155.wav,datasets/gunshot\gun_C3GD-Dataset_15-nj_farm-sig_p365-CAROL-qhIEvS8T0FcO-34_w0.wav,gunshot,-10,16000,1.0,test
mix_002250,datasets/speech\speech_ref_0986.wav,datasets/background_noise\bg_noise_0616.wav,background_noise,-10,16000,1.0,test
mix_002251,datasets/speech\speech_ref_0237.wav,datasets/gunshot\gun_C3GD-Dataset_10-oh_farm-spike_m4_556-ALICE-TcUw0m1Y2pBD-65_w0.wav,gunshot,0,16000,1.0,test
mix_002252,datasets/speech\speech_ref_0980.wav,datasets/gunshot\gun_C3GD-Dataset_2-oh_farm-custom_ar15_300BLK-BOB-Nyl3u1Ql1lFU-36_w0.wav,gunshot,-15,16000,1.0,test
mix_002253,datasets/speech\speech_speaker_session_01_0059.wav,datasets/other_impulse\other_imp_other_imp_session_21_0865.wav,other_impulse,15,16000,1.0,test
mix_002254,datasets/speech\speech_speaker_session_07_0286.wav,datasets/gunshot\gun_C3GD-Dataset_10-oh_farm-spike_m4_556-PIXEL-IwgLphM2NQaw-59_w0.wav,gunshot,10,16000,1.0,test
mix_002255,datasets/speech\speech_ref_0458.wav,datasets/gunshot\gun_C3GD-Dataset_12-oh_farm-norinco_sks-BOB-yXDXpxpia0E3-11_w0.wav,gunshot,0,16000,1.0,test
mix_002256,datasets/speech\speech_ref_0079.wav,datasets/gunshot\gun_C3GD-Dataset_0-oh_farm-czusa_457-PIXEL-NlllHePs66Wv-18_w0.wav,gunshot,-15,16000,1.0,test
mix_002257,datasets/speech\speech_speaker_session_20_0801.wav,datasets/gunshot\gun_C3GD-Dataset_10-oh_farm-spike_m4_556-PIXEL-IwgLphM2NQaw-72_w0.wav,gunshot,-20,16000,1.0,test
mix_002258,datasets/speech\speech_speaker_session_03_0127.wav,datasets/gunshot\gun_C3GD-Dataset_15-nj_farm-sig_p365-ERIN-nP971FQ1dkqF-9_w0.wav,gunshot,10,16000,1.0,test
mix_002259,datasets/speech\speech_ref_0002.wav,datasets/gunshot\gun_C3GD-Dataset_13-oh_farm-lmt_ar10-ALICE-5HOGInLkOAq1-33_w0.wav,gunshot,-20,16000,1.0,test
mix_002260,datasets/speech\speech_speaker_session_24_0972.wav,datasets/gunshot\gun_C3GD-Dataset_10-oh_farm-spike_m4_556-BOB-jQ17j9hZCGf9-68_w0.wav,gunshot,0,16000,1.0,test
mix_002261,datasets/speech\speech_speaker_session_25_1009.wav,datasets/gunshot\gun_C3GD-Dataset_0-oh_farm-sw_mp22-ALICE-N0u4QR95sPzr-8_w0.wav,gunshot,15,16000,1.0,test
mix_002262,datasets/speech\speech_ref_0661.wav,datasets/background_noise\bg_bg_session_28_1137.wav,background_noise,15,16000,1.0,test
mix_002263,datasets/speech\speech_speaker_session_08_0331.wav,datasets/gunshot\gun_C3GD-Dataset_1-ny_gravel_pit-savage_223-BOB-KJSHtpTSf1RZ-5_w0.wav,gunshot,10,16000,1.0,test
mix_002264,datasets/speech\speech_speaker_session_27_1093.wav,datasets/gunshot\gun_C3GD-Dataset_0-oh_farm-sw_mp22-BOB-L1VYwU6YJSr9-15_w0.wav,gunshot,15,16000,1.0,test
mix_002265,datasets/speech\speech_speaker_session_29_1181.wav,datasets/background_noise\bg_noise_0576.wav,background_noise,-10,16000,1.0,test
mix_002266,datasets/speech\speech_speaker_session_26_1069.wav,datasets/other_impulse\other_impulse_0457.wav,other_impulse,10,16000,1.0,test
mix_002267,datasets/speech\speech_speaker_session_00_0022.wav,datasets/gunshot\gun_C3GD-Dataset_10-ny_gravel_pit-sw_mp15-ALICE-o9gnNLXOh817-15_w0.wav,gunshot,-15,16000,1.0,test
mix_002268,datasets/speech\speech_ref_0435.wav,datasets/gunshot\gun_C3GD-Dataset_15-oh_farm-steyr_C9A2-DAVE-hFhPaaylRpTD-1_w0.wav,gunshot,0,16000,1.0,test
mix_002269,datasets/speech\speech_speaker_session_21_0879.wav,datasets/background_noise\bg_noise_0492.wav,background_noise,-20,16000,1.0,test
mix_002270,datasets/speech\speech_ref_0731.wav,datasets/background_noise\bg_bg_session_29_1194.wav,background_noise,-15,16000,1.0,test
mix_002271,datasets/speech\speech_speaker_session_21_0850.wav,datasets/other_impulse\other_impulse_0960.wav,other_impulse,0,16000,1.0,test
mix_002272,datasets/speech\speech_ref_1078.wav,datasets/gunshot\gun_C3GD-Dataset_15-oh_farm-steyr_C9A2-PIXEL-kLXRqvEsl3mI-0_w0.wav,gunshot,-20,16000,1.0,test
mix_002273,datasets/speech\speech_ref_0013.wav,datasets/gunshot\gun_C3GD-Dataset_3-ny_gravel_pit-ruger_lcp_380ACP-BOB-yLr0oPUfbSAa-7_w0.wav,gunshot,-10,16000,1.0,test
mix_002274,datasets/speech\speech_speaker_session_16_0658.wav,datasets/other_impulse\other_imp_other_imp_session_27_1096.wav,other_impulse,-20,16000,1.0,test
mix_002275,datasets/speech\speech_ref_0647.wav,datasets/background_noise\bg_bg_session_15_0619.wav,background_noise,10,16000,1.0,test
mix_002276,datasets/speech\speech_speaker_session_14_0580.wav,datasets/gunshot\gun_C3GD-Dataset_10-oh_farm-spike_m4_556-DAVE-LJiS5z5Ad53b-50_w0.wav,gunshot,-10,16000,1.0,test
mix_002277,datasets/speech\speech_speaker_session_00_0002.wav,datasets/gunshot\gun_C3GD-Dataset_12-oh_farm-norinco_sks-PIXEL-E0i5i0DtkTlq-1_w0.wav,gunshot,10,16000,1.0,test
mix_002278,datasets/speech\speech_speaker_session_29_1199.wav,datasets/other_impulse\other_impulse_1014.wav,other_impulse,-20,16000,1.0,test
mix_002279,datasets/speech\speech_speaker_session_29_1172.wav,datasets/other_impulse\other_impulse_0044.wav,other_impulse,15,16000,1.0,test
mix_002280,datasets/speech\speech_ref_1092.wav,datasets/gunshot\gun_C3GD-Dataset_2-oh_farm-custom_ar15_300BLK-ERIN-JT9NHIATnzMQ-39_w0.wav,gunshot,10,16000,1.0,test
mix_002281,datasets/speech\speech_speaker_session_24_0999.wav,datasets/gunshot\gun_C3GD-Dataset_15-oh_farm-hk_P30L-BOB-c8cuG2wNJD5r-8_w0.wav,gunshot,-15,16000,1.0,test
mix_002282,datasets/speech\speech_ref_0469.wav,datasets/other_impulse\other_impulse_0449.wav,other_impulse,-5,16000,1.0,test
mix_002283,datasets/speech\speech_ref_0047.wav,datasets/background_noise\bg_bg_session_01_0054.wav,background_noise,10,16000,1.0,test
mix_002284,datasets/speech\speech_speaker_session_26_1066.wav,datasets/gunshot\gun_C3GD-Dataset_2-oh_farm-custom_ar15_300BLK-PIXEL-4Z0CgfSYn2Ez-2_w0.wav,gunshot,-15,16000,1.0,test
mix_002285,datasets/speech\speech_ref_1029.wav,datasets/other_impulse\other_impulse_0893.wav,other_impulse,20,16000,1.0,test
mix_002286,datasets/speech\speech_speaker_session_24_0967.wav,datasets/gunshot\gun_C3GD-Dataset_15-nj_farm-sig_p365-ALICE-238kXOv33RM0-42_w0.wav,gunshot,5,16000,1.0,test
mix_002287,datasets/speech\speech_speaker_session_17_0717.wav,datasets/gunshot\gun_C3GD-Dataset_11-nj_farm-savage_mh110-CAROL-5uK7XOyZvflm-19_w0.wav,gunshot,10,16000,1.0,test
mix_002288,datasets/speech\speech_speaker_session_09_0363.wav,datasets/background_noise\bg_bg_session_22_0904.wav,background_noise,-15,16000,1.0,test
mix_002289,datasets/speech\speech_speaker_session_09_0376.wav,datasets/gunshot\gun_C3GD-Dataset_15-nj_farm-sig_p365-BOB-Q0eIMamzx0DO-44_w0.wav,gunshot,20,16000,1.0,test
mix_002290,datasets/speech\speech_ref_0260.wav,datasets/gunshot\gun_C3GD-Dataset_13-oh_farm-lmt_ar10-BOB-QbbaWYVKBm7i-34_w0.wav,gunshot,-15,16000,1.0,test
mix_002291,datasets/speech\speech_speaker_session_13_0529.wav,datasets/gunshot\gun_C3GD-Dataset_2-oh_farm-custom_ar15_300BLK-ALICE-QBdIBdZ0p0dz-9_w0.wav,gunshot,0,16000,1.0,test
mix_002292,datasets/speech\speech_ref_0655.wav,datasets/other_impulse\other_imp_other_imp_session_25_1013.wav,other_impulse,-5,16000,1.0,test
mix_002293,datasets/speech\speech_ref_0626.wav,datasets/gunshot\gun_C3GD-Dataset_0-oh_farm-sw_mp22-ALICE-N0u4QR95sPzr-25_w0.wav,gunshot,20,16000,1.0,test
mix_002294,datasets/speech\speech_ref_0449.wav,datasets/background_noise\bg_bg_session_16_0644.wav,background_noise,10,16000,1.0,test
mix_002295,datasets/speech\speech_ref_0192.wav,datasets/gunshot\gun_C3GD-Dataset_1-ny_gravel_pit-savage_223-ALICE-IaO6gvZyLJyE-11_w0.wav,gunshot,0,16000,1.0,test
mix_002296,datasets/speech\speech_ref_0372.wav,datasets/gunshot\gun_C3GD-Dataset_15-oh_farm-hk_P2000-BOB-FI4p9Qkqcsil-2_w0.wav,gunshot,-15,16000,1.0,test
mix_002297,datasets/speech\speech_speaker_session_20_0821.wav,datasets/other_impulse\other_imp_other_imp_session_18_0732.wav,other_impulse,5,16000,1.0,test
mix_002298,datasets/speech\speech_speaker_session_22_0887.wav,datasets/gunshot\gun_C3GD-Dataset_2-oh_farm-custom_ar15_300BLK-PIXEL-flHp02XZTlWB-68_w0.wav,gunshot,-15,16000,1.0,test
mix_002299,datasets/speech\speech_ref_0566.wav,datasets/other_impulse\other_imp_other_imp_session_19_0767.wav,other_impulse,15,16000,1.0,test
mix_002300,datasets/speech\speech_ref_0898.wav,datasets/gunshot\gun_C3GD-Dataset_0-oh_farm-sw_mp22-PIXEL-f5W6Yd67KJc2-30_w0.wav,gunshot,-10,16000,1.0,test
mix_002301,datasets/speech\speech_speaker_session_07_0282.wav,datasets/background_noise\bg_bg_session_14_0584.wav,background_noise,-5,16000,1.0,test
mix_002302,datasets/speech\speech_speaker_session_10_0435.wav,datasets/background_noise\bg_bg_session_10_0415.wav,background_noise,-5,16000,1.0,test
mix_002303,datasets/speech\speech_speaker_session_13_0554.wav,datasets/gunshot\gun_C3GD-Dataset_3-ny_gravel_pit-ruger_lcp_380ACP-ALICE-iTyhHd0QesY9-40_w0.wav,gunshot,10,16000,1.0,test
mix_002304,datasets/speech\speech_ref_1076.wav,datasets/background_noise\bg_bg_session_25_1032.wav,background_noise,20,16000,1.0,test
mix_002305,datasets/speech\speech_speaker_session_25_1007.wav,datasets/other_impulse\other_imp_other_imp_session_23_0941.wav,other_impulse,0,16000,1.0,test
mix_002306,datasets/speech\speech_speaker_session_27_1099.wav,datasets/gunshot\gun_C3GD-Dataset_3-ny_gravel_pit-ruger_lcp_380ACP-BUTCH-bCvjiZaXYAFe-36_w0.wav,gunshot,20,16000,1.0,test
mix_002307,datasets/speech\speech_ref_1010.wav,datasets/gunshot\gun_C3GD-Dataset_2-oh_farm-custom_ar15_300BLK-ALICE-6eogwcGpfgUH-5_w0.wav,gunshot,-20,16000,1.0,test
mix_002308,datasets/speech\speech_speaker_session_29_1194.wav,datasets/background_noise\bg_bg_session_15_0606.wav,background_noise,5,16000,1.0,test
mix_002309,datasets/speech\speech_ref_1084.wav,datasets/background_noise\bg_bg_session_22_0918.wav,background_noise,5,16000,1.0,test
mix_002310,datasets/speech\speech_ref_0585.wav,datasets/background_noise\bg_bg_session_17_0701.wav,background_noise,10,16000,1.0,test
mix_002311,datasets/speech\speech_speaker_session_16_0679.wav,datasets/background_noise\bg_noise_0736.wav,background_noise,-5,16000,1.0,test
mix_002312,datasets/speech\speech_speaker_session_10_0420.wav,datasets/other_impulse\other_imp_other_imp_session_27_1112.wav,other_impulse,20,16000,1.0,test
mix_002313,datasets/speech\speech_speaker_session_21_0844.wav,datasets/gunshot\gun_C3GD-Dataset_2-oh_farm-custom_ar15_300BLK-ALICE-QBdIBdZ0p0dz-58_w0.wav,gunshot,20,16000,1.0,test
mix_002314,datasets/speech\speech_ref_0870.wav,datasets/gunshot\gun_BoltAction22_Zoom_ZM_104A_S01_w0.wav,gunshot,-5,16000,1.0,test
mix_002315,datasets/speech\speech_speaker_session_02_0088.wav,datasets/background_noise\bg_bg_session_29_1180.wav,background_noise,-20,16000,1.0,test
mix_002316,datasets/speech\speech_ref_0864.wav,datasets/background_noise\bg_noise_1119.wav,background_noise,15,16000,1.0,test
mix_002317,datasets/speech\speech_ref_0271.wav,datasets/other_impulse\other_imp_other_imp_session_27_1112.wav,other_impulse,-20,16000,1.0,test
mix_002318,datasets/speech\speech_ref_1096.wav,datasets/gunshot\gun_C3GD-Dataset_2-oh_farm-custom_ar15_300BLK-DAVE-Fka7YM6eegMO-4_w0.wav,gunshot,-20,16000,1.0,test
mix_002319,datasets/speech\speech_speaker_session_11_0443.wav,datasets/gunshot\gun_C3GD-Dataset_10-oh_farm-hk_MR556-ERIN-pUYD91DvHy1e-13_w0.wav,gunshot,-10,16000,1.0,test
mix_002320,datasets/speech\speech_speaker_session_02_0092.wav,datasets/background_noise\bg_bg_session_05_0235.wav,background_noise,-10,16000,1.0,test
mix_002321,datasets/speech\speech_ref_0131.wav,datasets/other_impulse\other_imp_other_imp_session_19_0765.wav,other_impulse,-20,16000,1.0,test
mix_002322,datasets/speech\speech_ref_0938.wav,datasets/gunshot\gun_C3GD-Dataset_11-nj_farm-savage_mh110-DAVE-3fPPqTzCQ1WZ-30_w0.wav,gunshot,-15,16000,1.0,test
mix_002323,datasets/speech\speech_ref_0229.wav,datasets/gunshot\gun_C3GD-Dataset_2-oh_farm-custom_ar15_300BLK-ALICE-QBdIBdZ0p0dz-26_w0.wav,gunshot,-10,16000,1.0,test
mix_002324,datasets/speech\speech_speaker_session_03_0128.wav,datasets/other_impulse\other_imp_other_imp_session_02_0083.wav,other_impulse,-15,16000,1.0,test
mix_002325,datasets/speech\speech_ref_0899.wav,datasets/background_noise\bg_noise_0542.wav,background_noise,-15,16000,1.0,test
mix_002326,datasets/speech\speech_speaker_session_27_1081.wav,datasets/gunshot\gun_C3GD-Dataset_3-ny_gravel_pit-ruger_lcp_380ACP-BOB-yLr0oPUfbSAa-39_w0.wav,gunshot,-5,16000,1.0,test
mix_002327,datasets/speech\speech_ref_1105.wav,datasets/background_noise\bg_bg_session_25_1033.wav,background_noise,-5,16000,1.0,test
mix_002328,datasets/speech\speech_speaker_session_08_0354.wav,datasets/gunshot\gun_C3GD-Dataset_15-oh_farm-sig_P320-PIXEL-BqdD3uZj3rsi-0_w0.wav,gunshot,5,16000,1.0,test
mix_002329,datasets/speech\speech_speaker_session_17_0693.wav,datasets/gunshot\gun_C3GD-Dataset_15-oh_farm-hk_P30L-BOB-1yIuC40sRNc6-2_w0.wav,gunshot,5,16000,1.0,test
mix_002330,datasets/speech\speech_ref_0669.wav,datasets/background_noise\bg_noise_0779.wav,background_noise,20,16000,1.0,test
mix_002331,datasets/speech\speech_ref_1002.wav,datasets/background_noise\bg_noise_1050.wav,background_noise,5,16000,1.0,test
mix_002332,datasets/speech\speech_speaker_session_24_0987.wav,datasets/gunshot\gun_C3GD-Dataset_1-ny_gravel_pit-savage_223-ERIN-5YU9A4rqIoQN-1_w0.wav,gunshot,-20,16000,1.0,test
mix_002333,datasets/speech\speech_ref_0700.wav,datasets/other_impulse\other_imp_other_imp_session_02_0117.wav,other_impulse,-10,16000,1.0,test
mix_002334,datasets/speech\speech_ref_0292.wav,datasets/gunshot\gun_C3GD-Dataset_13-oh_farm-lmt_ar10-ALICE-RHHeuXPO7N5v-39_w0.wav,gunshot,-15,16000,1.0,test
mix_002335,datasets/speech\speech_ref_1093.wav,datasets/background_noise\bg_noise_0778.wav,background_noise,0,16000,1.0,test
mix_002336,datasets/speech\speech_ref_0858.wav,datasets/background_noise\bg_noise_1114.wav,background_noise,10,16000,1.0,test
mix_002337,datasets/speech\speech_speaker_session_06_0255.wav,datasets/gunshot\gun_C3GD-Dataset_0-oh_farm-marlin_gfm60-PIXEL-ZFq4OGGhHOSf-5_w0.wav,gunshot,5,16000,1.0,test
mix_002338,datasets/speech\speech_speaker_session_07_0316.wav,datasets/other_impulse\other_impulse_0667.wav,other_impulse,-10,16000,1.0,test
mix_002339,datasets/speech\speech_ref_0666.wav,datasets/gunshot\gun_C3GD-Dataset_15-oh_farm-steyr_C9A2-BOB-uovdzVM1iV57-13_w0.wav,gunshot,-5,16000,1.0,test
mix_002340,datasets/speech\speech_speaker_session_07_0294.wav,datasets/other_impulse\other_impulse_1135.wav,other_impulse,-20,16000,1.0,test
mix_002341,datasets/speech\speech_speaker_session_16_0657.wav,datasets/background_noise\bg_noise_0985.wav,background_noise,-15,16000,1.0,test
mix_002342,datasets/speech\speech_speaker_session_29_1171.wav,datasets/other_impulse\other_imp_other_imp_session_18_0757.wav,other_impulse,10,16000,1.0,test
mix_002343,datasets/speech\speech_speaker_session_29_1165.wav,datasets/gunshot\gun_C3GD-Dataset_0-oh_farm-czusa_457-BOB-RjRNabyP9zPf-18_w0.wav,gunshot,-20,16000,1.0,test
mix_002344,datasets/speech\speech_ref_0413.wav,datasets/gunshot\gun_C3GD-Dataset_2-oh_farm-custom_ar15_300BLK-PIXEL-flHp02XZTlWB-7_w0.wav,gunshot,-15,16000,1.0,test
mix_002345,datasets/speech\speech_ref_0953.wav,datasets/background_noise\bg_bg_session_02_0104.wav,background_noise,-20,16000,1.0,test
mix_002346,datasets/speech\speech_ref_0326.wav,datasets/gunshot\gun_C3GD-Dataset_0-oh_farm-sw_mp22-BOB-L1VYwU6YJSr9-2_w0.wav,gunshot,-15,16000,1.0,test
mix_002347,datasets/speech\speech_ref_1185.wav,datasets/other_impulse\other_imp_other_imp_session_26_1078.wav,other_impulse,0,16000,1.0,test
mix_002348,datasets/speech\speech_ref_0933.wav,datasets/gunshot\gun_C3GD-Dataset_15-oh_farm-sig_P320-BOB-7VQjMDLoWh1N-11_w0.wav,gunshot,15,16000,1.0,test
mix_002349,datasets/speech\speech_ref_0187.wav,datasets/background_noise\bg_noise_0879.wav,background_noise,-5,16000,1.0,test
mix_002350,datasets/speech\speech_ref_0284.wav,datasets/background_noise\bg_noise_1144.wav,background_noise,0,16000,1.0,test
mix_002351,datasets/speech\speech_ref_0787.wav,datasets/other_impulse\other_impulse_0170.wav,other_impulse,15,16000,1.0,test
mix_002352,datasets/speech\speech_speaker_session_07_0281.wav,datasets/gunshot\gun_C3GD-Dataset_15-oh_farm-sig_P320-ALICE-SaJRFUjFN1Ux-5_w0.wav,gunshot,-5,16000,1.0,test
mix_002353,datasets/speech\speech_speaker_session_00_0000.wav,datasets/gunshot\gun_C3GD-Dataset_0-oh_farm-sw_mp22-ALICE-jmHo21ZrVDXJ-31_w0.wav,gunshot,-20,16000,1.0,test
mix_002354,datasets/speech\speech_speaker_session_26_1061.wav,datasets/other_impulse\other_imp_other_imp_session_04_0169.wav,other_impulse,-10,16000,1.0,test
mix_002355,datasets/speech\speech_ref_0322.wav,datasets/gunshot\gun_C3GD-Dataset_3-ny_gravel_pit-ruger_lcp_380ACP-BUTCH-bCvjiZaXYAFe-3_w0.wav,gunshot,-15,16000,1.0,test
mix_002356,datasets/speech\speech_speaker_session_08_0350.wav,datasets/other_impulse\other_imp_other_imp_session_16_0675.wav,other_impulse,0,16000,1.0,test
mix_002357,datasets/speech\speech_ref_0511.wav,datasets/gunshot\gun_C3GD-Dataset_13-oh_farm-lmt_ar10-PIXEL-R4Eu8tFn3QLJ-5_w0.wav,gunshot,10,16000,1.0,test
mix_002358,datasets/speech\speech_speaker_session_24_0996.wav,datasets/background_noise\bg_bg_session_01_0074.wav,background_noise,20,16000,1.0,test
mix_002359,datasets/speech\speech_speaker_session_17_0681.wav,datasets/gunshot\gun_C3GD-Dataset_10-ny_gravel_pit-sw_mp15-JON-Qoar7WPiWXH6-26_w0.wav,gunshot,-5,16000,1.0,test
mix_002360,datasets/speech\speech_ref_0177.wav,datasets/background_noise\bg_noise_0725.wav,background_noise,20,16000,1.0,test
mix_002361,datasets/speech\speech_ref_1083.wav,datasets/background_noise\bg_noise_0367.wav,background_noise,5,16000,1.0,test
mix_002362,datasets/speech\speech_speaker_session_05_0208.wav,datasets/other_impulse\other_impulse_0442.wav,other_impulse,20,16000,1.0,test
mix_002363,datasets/speech\speech_speaker_session_06_0270.wav,datasets/gunshot\gun_C3GD-Dataset_10-ny_gravel_pit-sw_mp15-ALICE-o9gnNLXOh817-28_w0.wav,gunshot,15,16000,1.0,test
mix_002364,datasets/speech\speech_ref_0396.wav,datasets/other_impulse\other_imp_other_imp_session_16_0663.wav,other_impulse,-5,16000,1.0,test
mix_002365,datasets/speech\speech_speaker_session_08_0356.wav,datasets/gunshot\gun_C3GD-Dataset_10-oh_farm-spike_m4_556-PIXEL-IwgLphM2NQaw-59_w0.wav,gunshot,-20,16000,1.0,test
mix_002366,datasets/speech\speech_ref_0379.wav,datasets/gunshot\gun_C3GD-Dataset_1-ny_gravel_pit-savage_223-ALICE-zNHc0efQT0kF-10_w0.wav,gunshot,-15,16000,1.0,test
mix_002367,datasets/speech\speech_ref_0418.wav,datasets/gunshot\gun_BoltAction22_Zoom_ZM_104A_S05_w0.wav,gunshot,15,16000,1.0,test
mix_002368,datasets/speech\speech_speaker_session_04_0178.wav,datasets/gunshot\gun_C3GD-Dataset_3-ny_gravel_pit-ruger_lcp_380ACP-BOB-yLr0oPUfbSAa-4_w0.wav,gunshot,-10,16000,1.0,test
mix_002369,datasets/speech\speech_ref_0881.wav,datasets/gunshot\gun_C3GD-Dataset_0-oh_farm-czusa_457-DAVE-Wl2BI9ECAcY0-6_w0.wav,gunshot,-20,16000,1.0,test
mix_002370,datasets/speech\speech_ref_0636.wav,datasets/background_noise\bg_bg_session_22_0885.wav,background_noise,5,16000,1.0,test
mix_002371,datasets/speech\speech_ref_1138.wav,datasets/gunshot\gun_C3GD-Dataset_11-nj_farm-savage_mh110-ALICE-X1fRvwEQOSNS-50_w0.wav,gunshot,-5,16000,1.0,test
mix_002372,datasets/speech\speech_speaker_session_04_0193.wav,datasets/gunshot\gun_C3GD-Dataset_15-oh_farm-steyr_C9A2-BOB-0al9rCujzr1y-0_w0.wav,gunshot,0,16000,1.0,test
mix_002373,datasets/speech\speech_speaker_session_13_0531.wav,datasets/gunshot\gun_C3GD-Dataset_13-oh_farm-lmt_ar10-ALICE-RHHeuXPO7N5v-21_w0.wav,gunshot,15,16000,1.0,test
mix_002374,datasets/speech\speech_ref_0653.wav,datasets/background_noise\bg_bg_session_17_0709.wav,background_noise,-15,16000,1.0,test
mix_002375,datasets/speech\speech_ref_0026.wav,datasets/background_noise\bg_bg_session_21_0859.wav,background_noise,20,16000,1.0,test
mix_002376,datasets/speech\speech_ref_1139.wav,datasets/gunshot\gun_C3GD-Dataset_0-oh_farm-sw_mp22-ALICE-N0u4QR95sPzr-14_w0.wav,gunshot,-10,16000,1.0,test
mix_002377,datasets/speech\speech_speaker_session_15_0639.wav,datasets/background_noise\bg_bg_session_11_0476.wav,background_noise,15,16000,1.0,test
mix_002378,datasets/speech\speech_ref_0902.wav,datasets/other_impulse\other_impulse_0036.wav,other_impulse,-15,16000,1.0,test
mix_002379,datasets/speech\speech_speaker_session_12_0518.wav,datasets/background_noise\bg_bg_session_29_1160.wav,background_noise,-5,16000,1.0,test
mix_002380,datasets/speech\speech_speaker_session_25_1032.wav,datasets/gunshot\gun_C3GD-Dataset_15-oh_farm-steyr_C9A2-ERIN-N7AmVZr8PqHw-8_w0.wav,gunshot,5,16000,1.0,test
mix_002381,datasets/speech\speech_ref_0814.wav,datasets/gunshot\gun_C3GD-Dataset_15-oh_farm-sig_P320-BOB-povgSzBk1SfQ-11_w0.wav,gunshot,-5,16000,1.0,test
mix_002382,datasets/speech\speech_speaker_session_27_1098.wav,datasets/gunshot\gun_C3GD-Dataset_12-oh_farm-norinco_sks-DAVE-10CqWRilQLT1-17_w0.wav,gunshot,-5,16000,1.0,test
mix_002383,datasets/speech\speech_ref_0108.wav,datasets/background_noise\bg_noise_0604.wav,background_noise,5,16000,1.0,test
mix_002384,datasets/speech\speech_speaker_session_21_0869.wav,datasets/gunshot\gun_C3GD-Dataset_10-ny_gravel_pit-sw_mp15-CAROL-01Wi0Q1SxFPx-18_w0.wav,gunshot,-15,16000,1.0,test
mix_002385,datasets/speech\speech_ref_0952.wav,datasets/gunshot\gun_C3GD-Dataset_10-oh_farm-hk_MR556-ALICE-1r0HioVaKJ1H-2_w0.wav,gunshot,10,16000,1.0,test
mix_002386,datasets/speech\speech_ref_0895.wav,datasets/gunshot\gun_C3GD-Dataset_1-ny_gravel_pit-savage_223-BOB-KJSHtpTSf1RZ-31_w0.wav,gunshot,10,16000,1.0,test
mix_002387,datasets/speech\speech_ref_0383.wav,datasets/gunshot\gun_C3GD-Dataset_10-ny_gravel_pit-sw_mp15-ALICE-OgSQVUQ0EWCg-21_w0.wav,gunshot,-15,16000,1.0,test
mix_002388,datasets/speech\speech_ref_0122.wav,datasets/gunshot\gun_C3GD-Dataset_2-oh_farm-custom_ar15_300BLK-DAVE-Fka7YM6eegMO-14_w0.wav,gunshot,15,16000,1.0,test
mix_002389,datasets/speech\speech_ref_0130.wav,datasets/background_noise\bg_bg_session_22_0890.wav,background_noise,10,16000,1.0,test
mix_002390,datasets/speech\speech_speaker_session_13_0528.wav,datasets/background_noise\bg_noise_1174.wav,background_noise,-5,16000,1.0,test
mix_002391,datasets/speech\speech_ref_0356.wav,datasets/other_impulse\other_imp_other_imp_session_09_0384.wav,other_impulse,15,16000,1.0,test
mix_002392,datasets/speech\speech_speaker_session_25_1033.wav,datasets/gunshot\gun_C3GD-Dataset_0-oh_farm-sw_mp22-BOB-L1VYwU6YJSr9-0_w0.wav,gunshot,10,16000,1.0,test
mix_002393,datasets/speech\speech_ref_0419.wav,datasets/gunshot\gun_C3GD-Dataset_15-nj_farm-sig_p365-CAROL-4c4Mgt6DlrH8-40_w0.wav,gunshot,-10,16000,1.0,test
mix_002394,datasets/speech\speech_ref_0571.wav,datasets/gunshot\gun_C3GD-Dataset_2-oh_farm-custom_ar15_300BLK-ALICE-QBdIBdZ0p0dz-49_w0.wav,gunshot,-5,16000,1.0,test
mix_002395,datasets/speech\speech_ref_0914.wav,datasets/other_impulse\other_imp_other_imp_session_18_0755.wav,other_impulse,5,16000,1.0,test
mix_002396,datasets/speech\speech_ref_1003.wav,datasets/gunshot\gun_C3GD-Dataset_10-oh_farm-spike_m4_556-ERIN-8XJ3dMdwafQw-29_w0.wav,gunshot,-5,16000,1.0,test
mix_002397,datasets/speech\speech_ref_1126.wav,datasets/gunshot\gun_C3GD-Dataset_13-oh_farm-lmt_ar10-ALICE-RHHeuXPO7N5v-9_w0.wav,gunshot,-10,16000,1.0,test
mix_002398,datasets/speech\speech_ref_0102.wav,datasets/background_noise\bg_bg_session_13_0525.wav,background_noise,-20,16000,1.0,test
mix_002399,datasets/speech\speech_ref_0456.wav,datasets/gunshot\gun_C3GD-Dataset_11-nj_farm-savage_mh110-ALICE-VIwh9tsGnOqt-51_w0.wav,gunshot,-10,16000,1.0,test
