id,filename,category,subcategory,speaker_id,source,source_url,license,license_verified,duration_seconds,sample_rate,channels,bit_depth,original_format,processed_format,preservation_priority,split,notes
MB_CRIT_SPEECH_001,speech_001.wav,speech,Critical Speech,SPK_001,Google AudioSet Research Ontology,https://research.google.com/audioset/,Creative Commons Attribution 4.0 International (CC-BY 4.0),true,2.92,16000,1,16,PCM_16_WAV,PCM_16_MONO_16KHZ,CRITICAL,train,Critical audio cue to actively preserve during enhancement (speech)
MB_CRIT_SPEECH_002,speech_002.wav,speech,Critical Speech,SPK_002,Freesound Open Sound Archive,https://freesound.org,Creative Commons 0 (CC0 1.0 Universal),true,2.88,16000,1,16,PCM_16_WAV,PCM_16_MONO_16KHZ,CRITICAL,train,Critical audio cue to actively preserve during enhancement (speech)
MB_CRIT_SPEECH_003,speech_003.wav,speech,Critical Speech,SPK_003,Freesound Open Sound Archive,https://freesound.org,Creative Commons 0 (CC0 1.0 Universal),true,3.07,16000,1,16,PCM_16_WAV,PCM_16_MONO_16KHZ,CRITICAL,train,Critical audio cue to actively preserve during enhancement (speech)
MB_CRIT_SPEECH_004,speech_004.wav,speech,Critical Speech,SPK_004,Freesound Open Sound Archive,https://freesound.org,Creative Commons 0 (CC0 1.0 Universal),true,2.63,16000,1,16,PCM_16_WAV,PCM_16_MONO_16KHZ,CRITICAL,train,Critical audio cue to actively preserve during enhancement (speech)
MB_CRIT_SPEECH_005,speech_005.wav,speech,Critical Speech,SPK_005,Zenodo Open Defence & Industrial Acoustic Research Archive,https://zenodo.org,Creative Commons Attribution 4.0 International (CC-BY 4.0),true,3.27,16000,1,16,PCM_16_WAV,PCM_16_MONO_16KHZ,CRITICAL,train,Critical audio cue to actively preserve during enhancement (speech)
MB_CRIT_SPEECH_006,speech_006.wav,speech,Critical Speech,SPK_006,Google AudioSet Research Ontology,https://research.google.com/audioset/,Creative Commons Attribution 4.0 International (CC-BY 4.0),true,3.31,16000,1,16,PCM_16_WAV,PCM_16_MONO_16KHZ,CRITICAL,train,Critical audio cue to actively preserve during enhancement (speech)
MB_CRIT_SPEECH_007,speech_007.wav,speech,Critical Speech,SPK_007,Google AudioSet Research Ontology,https://research.google.com/audioset/,Creative Commons Attribution 4.0 International (CC-BY 4.0),true,3.71,16000,1,16,PCM_16_WAV,PCM_16_MONO_16KHZ,CRITICAL,train,Critical audio cue to actively preserve during enhancement (speech)
MB_CRIT_SPEECH_008,speech_008.wav,speech,Critical Speech,SPK_008,Freesound Open Sound Archive,https://freesound.org,Creative Commons 0 (CC0 1.0 Universal),true,3.69,16000,1,16,PCM_16_WAV,PCM_16_MONO_16KHZ,CRITICAL,validation,Critical audio cue to actively preserve during enhancement (speech)
MB_CRIT_SPEECH_009,speech_009.wav,speech,Critical Speech,SPK_009,Freesound Open Sound Archive,https://freesound.org,Creative Commons 0 (CC0 1.0 Universal),true,3.80,16000,1,16,PCM_16_WAV,PCM_16_MONO_16KHZ,CRITICAL,test,Critical audio cue to actively preserve during enhancement (speech)
MB_CRIT_SPEECH_010,speech_010.wav,speech,Critical Speech,SPK_010,Zenodo Open Defence & Industrial Acoustic Research Archive,https://zenodo.org,Creative Commons Attribution 4.0 International (CC-BY 4.0),true,3.31,16000,1,16,PCM_16_WAV,PCM_16_MONO_16KHZ,CRITICAL,train,Critical audio cue to actively preserve during enhancement (speech)
MB_CRIT_SPEECH_011,speech_011.wav,speech,Critical Speech,SPK_011,Google AudioSet Research Ontology,https://research.google.com/audioset/,Creative Commons Attribution 4.0 International (CC-BY 4.0),true,2.58,16000,1,16,PCM_16_WAV,PCM_16_MONO_16KHZ,CRITICAL,train,Critical audio cue to actively preserve during enhancement (speech)
MB_CRIT_SPEECH_012,speech_012.wav,speech,Critical Speech,SPK_012,Google AudioSet Research Ontology,https://research.google.com/audioset/,Creative Commons Attribution 4.0 International (CC-BY 4.0),true,3.58,16000,1,16,PCM_16_WAV,PCM_16_MONO_16KHZ,CRITICAL,train,Critical audio cue to actively preserve during enhancement (speech)
MB_CRIT_SPEECH_013,speech_013.wav,speech,Critical Speech,SPK_013,Zenodo Open Defence & Industrial Acoustic Research Archive,https://zenodo.org,Creative Commons Attribution 4.0 International (CC-BY 4.0),true,3.69,16000,1,16,PCM_16_WAV,PCM_16_MONO_16KHZ,CRITICAL,train,Critical audio cue to actively preserve during enhancement (speech)
MB_CRIT_SPEECH_014,speech_014.wav,speech,Critical Speech,SPK_014,Google AudioSet Research Ontology,https://research.google.com/audioset/,Creative Commons Attribution 4.0 International (CC-BY 4.0),true,3.40,16000,1,16,PCM_16_WAV,PCM_16_MONO_16KHZ,CRITICAL,train,Critical audio cue to actively preserve during enhancement (speech)
MB_CRIT_SPEECH_015,speech_015.wav,speech,Critical Speech,SPK_015,Google AudioSet Research Ontology,https://research.google.com/audioset/,Creative Commons Attribution 4.0 International (CC-BY 4.0),true,3.20,16000,1,16,PCM_16_WAV,PCM_16_MONO_16KHZ,CRITICAL,train,Critical audio cue to actively preserve during enhancement (speech)
MB_CRIT_SPEECH_016,speech_016.wav,speech,Critical Speech,SPK_016,Zenodo Open Defence & Industrial Acoustic Research Archive,https://zenodo.org,Creative Commons Attribution 4.0 International (CC-BY 4.0),true,3.10,16000,1,16,PCM_16_WAV,PCM_16_MONO_16KHZ,CRITICAL,train,Critical audio cue to actively preserve during enhancement (speech)
MB_CRIT_SPEECH_017,speech_017.wav,speech,Critical Speech,SPK_017,Google AudioSet Research Ontology,https://research.google.com/audioset/,Creative Commons Attribution 4.0 International (CC-BY 4.0),true,3.12,16000,1,16,PCM_16_WAV,PCM_16_MONO_16KHZ,CRITICAL,train,Critical audio cue to actively preserve during enhancement (speech)
MB_CRIT_SPEECH_018,speech_018.wav,speech,Critical Speech,SPK_018,Zenodo Open Defence & Industrial Acoustic Research Archive,https://zenodo.org,Creative Commons Attribution 4.0 International (CC-BY 4.0),true,2.54,16000,1,16,PCM_16_WAV,PCM_16_MONO_16KHZ,CRITICAL,validation,Critical audio cue to actively preserve during enhancement (speech)
MB_CRIT_SPEECH_019,speech_019.wav,speech,Critical Speech,SPK_019,Zenodo Open Defence & Industrial Acoustic Research Archive,https://zenodo.org,Creative Commons Attribution 4.0 International (CC-BY 4.0),true,3.79,16000,1,16,PCM_16_WAV,PCM_16_MONO_16KHZ,CRITICAL,test,Critical audio cue to actively preserve during enhancement (speech)
MB_CRIT_SPEECH_020,speech_020.wav,speech,Critical Speech,SPK_020,Google AudioSet Research Ontology,https://research.google.com/audioset/,Creative Commons Attribution 4.0 International (CC-BY 4.0),true,2.77,16000,1,16,PCM_16_WAV,PCM_16_MONO_16KHZ,CRITICAL,train,Critical audio cue to actively preserve during enhancement (speech)
MB_CRIT_SPEECH_021,speech_021.wav,speech,Critical Speech,SPK_021,Freesound Open Sound Archive,https://freesound.org,Creative Commons 0 (CC0 1.0 Universal),true,3.35,16000,1,16,PCM_16_WAV,PCM_16_MONO_16KHZ,CRITICAL,train,Critical audio cue to actively preserve during enhancement (speech)
MB_CRIT_SPEECH_022,speech_022.wav,speech,Critical Speech,SPK_022,Freesound Open Sound Archive,https://freesound.org,Creative Commons 0 (CC0 1.0 Universal),true,3.75,16000,1,16,PCM_16_WAV,PCM_16_MONO_16KHZ,CRITICAL,train,Critical audio cue to actively preserve during enhancement (speech)
MB_CRIT_SPEECH_023,speech_023.wav,speech,Critical Speech,SPK_023,Freesound Open Sound Archive,https://freesound.org,Creative Commons 0 (CC0 1.0 Universal),true,3.79,16000,1,16,PCM_16_WAV,PCM_16_MONO_16KHZ,CRITICAL,train,Critical audio cue to actively preserve during enhancement (speech)
MB_CRIT_SPEECH_024,speech_024.wav,speech,Critical Speech,SPK_024,Zenodo Open Defence & Industrial Acoustic Research Archive,https://zenodo.org,Creative Commons Attribution 4.0 International (CC-BY 4.0),true,2.93,16000,1,16,PCM_16_WAV,PCM_16_MONO_16KHZ,CRITICAL,train,Critical audio cue to actively preserve during enhancement (speech)
MB_CRIT_SPEECH_025,speech_025.wav,speech,Critical Speech,SPK_025,Zenodo Open Defence & Industrial Acoustic Research Archive,https://zenodo.org,Creative Commons Attribution 4.0 International (CC-BY 4.0),true,3.08,16000,1,16,PCM_16_WAV,PCM_16_MONO_16KHZ,CRITICAL,train,Critical audio cue to actively preserve during enhancement (speech)
MB_CRIT_SPEECH_026,speech_026.wav,speech,Critical Speech,SPK_026,Google AudioSet Research Ontology,https://research.google.com/audioset/,Creative Commons Attribution 4.0 International (CC-BY 4.0),true,2.81,16000,1,16,PCM_16_WAV,PCM_16_MONO_16KHZ,CRITICAL,train,Critical audio cue to actively preserve during enhancement (speech)
MB_CRIT_SPEECH_027,speech_027.wav,speech,Critical Speech,SPK_027,Freesound Open Sound Archive,https://freesound.org,Creative Commons 0 (CC0 1.0 Universal),true,3.45,16000,1,16,PCM_16_WAV,PCM_16_MONO_16KHZ,CRITICAL,train,Critical audio cue to actively preserve during enhancement (speech)
MB_CRIT_SPEECH_028,speech_028.wav,speech,Critical Speech,SPK_028,Zenodo Open Defence & Industrial Acoustic Research Archive,https://zenodo.org,Creative Commons Attribution 4.0 International (CC-BY 4.0),true,3.17,16000,1,16,PCM_16_WAV,PCM_16_MONO_16KHZ,CRITICAL,validation,Critical audio cue to actively preserve during enhancement (speech)
MB_CRIT_SPEECH_029,speech_029.wav,speech,Critical Speech,SPK_029,Zenodo Open Defence & Industrial Acoustic Research Archive,https://zenodo.org,Creative Commons Attribution 4.0 International (CC-BY 4.0),true,2.50,16000,1,16,PCM_16_WAV,PCM_16_MONO_16KHZ,CRITICAL,test,Critical audio cue to actively preserve during enhancement (speech)
MB_CRIT_SPEECH_030,speech_030.wav,speech,Critical Speech,SPK_030,Zenodo Open Defence & Industrial Acoustic Research Archive,https://zenodo.org,Creative Commons Attribution 4.0 International (CC-BY 4.0),true,3.46,16000,1,16,PCM_16_WAV,PCM_16_MONO_16KHZ,CRITICAL,train,Critical audio cue to actively preserve during enhancement (speech)
MB_CRIT_SPEECH_031,speech_031.wav,speech,Critical Speech,SPK_031,Google AudioSet Research Ontology,https://research.google.com/audioset/,Creative Commons Attribution 4.0 International (CC-BY 4.0),true,2.67,16000,1,16,PCM_16_WAV,PCM_16_MONO_16KHZ,CRITICAL,train,Critical audio cue to actively preserve during enhancement (speech)
MB_CRIT_SPEECH_032,speech_032.wav,speech,Critical Speech,SPK_032,Google AudioSet Research Ontology,https://research.google.com/audioset/,Creative Commons Attribution 4.0 International (CC-BY 4.0),true,3.11,16000,1,16,PCM_16_WAV,PCM_16_MONO_16KHZ,CRITICAL,train,Critical audio cue to actively preserve during enhancement (speech)
MB_CRIT_SPEECH_033,speech_033.wav,speech,Critical Speech,SPK_033,Google AudioSet Research Ontology,https://research.google.com/audioset/,Creative Commons Attribution 4.0 International (CC-BY 4.0),true,3.09,16000,1,16,PCM_16_WAV,PCM_16_MONO_16KHZ,CRITICAL,train,Critical audio cue to actively preserve during enhancement (speech)
MB_CRIT_SPEECH_034,speech_034.wav,speech,Critical Speech,SPK_034,Zenodo Open Defence & Industrial Acoustic Research Archive,https://zenodo.org,Creative Commons Attribution 4.0 International (CC-BY 4.0),true,2.66,16000,1,16,PCM_16_WAV,PCM_16_MONO_16KHZ,CRITICAL,train,Critical audio cue to actively preserve during enhancement (speech)
MB_CRIT_SPEECH_035,speech_035.wav,speech,Critical Speech,SPK_035,Google AudioSet Research Ontology,https://research.google.com/audioset/,Creative Commons Attribution 4.0 International (CC-BY 4.0),true,3.06,16000,1,16,PCM_16_WAV,PCM_16_MONO_16KHZ,CRITICAL,train,Critical audio cue to actively preserve during enhancement (speech)
MB_CRIT_SPEECH_036,speech_036.wav,speech,Critical Speech,SPK_036,Zenodo Open Defence & Industrial Acoustic Research Archive,https://zenodo.org,Creative Commons Attribution 4.0 International (CC-BY 4.0),true,2.60,16000,1,16,PCM_16_WAV,PCM_16_MONO_16KHZ,CRITICAL,train,Critical audio cue to actively preserve during enhancement (speech)
MB_CRIT_SPEECH_037,speech_037.wav,speech,Critical Speech,SPK_037,Google AudioSet Research Ontology,https://research.google.com/audioset/,Creative Commons Attribution 4.0 International (CC-BY 4.0),true,2.70,16000,1,16,PCM_16_WAV,PCM_16_MONO_16KHZ,CRITICAL,train,Critical audio cue to actively preserve during enhancement (speech)
MB_CRIT_SPEECH_038,speech_038.wav,speech,Critical Speech,SPK_038,Zenodo Open Defence & Industrial Acoustic Research Archive,https://zenodo.org,Creative Commons Attribution 4.0 International (CC-BY 4.0),true,3.53,16000,1,16,PCM_16_WAV,PCM_16_MONO_16KHZ,CRITICAL,validation,Critical audio cue to actively preserve during enhancement (speech)
MB_CRIT_SPEECH_039,speech_039.wav,speech,Critical Speech,SPK_039,Freesound Open Sound Archive,https://freesound.org,Creative Commons 0 (CC0 1.0 Universal),true,3.17,16000,1,16,PCM_16_WAV,PCM_16_MONO_16KHZ,CRITICAL,test,Critical audio cue to actively preserve during enhancement (speech)
MB_CRIT_SPEECH_040,speech_040.wav,speech,Critical Speech,SPK_040,Zenodo Open Defence & Industrial Acoustic Research Archive,https://zenodo.org,Creative Commons Attribution 4.0 International (CC-BY 4.0),true,2.70,16000,1,16,PCM_16_WAV,PCM_16_MONO_16KHZ,CRITICAL,train,Critical audio cue to actively preserve during enhancement (speech)
MB_CRIT_SPEECH_041,speech_041.wav,speech,Critical Speech,SPK_041,Zenodo Open Defence & Industrial Acoustic Research Archive,https://zenodo.org,Creative Commons Attribution 4.0 International (CC-BY 4.0),true,3.37,16000,1,16,PCM_16_WAV,PCM_16_MONO_16KHZ,CRITICAL,train,Critical audio cue to actively preserve during enhancement (speech)
MB_CRIT_SPEECH_042,speech_042.wav,speech,Critical Speech,SPK_042,Freesound Open Sound Archive,https://freesound.org,Creative Commons 0 (CC0 1.0 Universal),true,2.81,16000,1,16,PCM_16_WAV,PCM_16_MONO_16KHZ,CRITICAL,train,Critical audio cue to actively preserve during enhancement (speech)
MB_CRIT_SPEECH_043,speech_043.wav,speech,Critical Speech,SPK_043,Zenodo Open Defence & Industrial Acoustic Research Archive,https://zenodo.org,Creative Commons Attribution 4.0 International (CC-BY 4.0),true,3.77,16000,1,16,PCM_16_WAV,PCM_16_MONO_16KHZ,CRITICAL,train,Critical audio cue to actively preserve during enhancement (speech)
MB_CRIT_SPEECH_044,speech_044.wav,speech,Critical Speech,SPK_044,Google AudioSet Research Ontology,https://research.google.com/audioset/,Creative Commons Attribution 4.0 International (CC-BY 4.0),true,3.11,16000,1,16,PCM_16_WAV,PCM_16_MONO_16KHZ,CRITICAL,train,Critical audio cue to actively preserve during enhancement (speech)
MB_CRIT_SPEECH_045,speech_045.wav,speech,Critical Speech,SPK_045,Zenodo Open Defence & Industrial Acoustic Research Archive,https://zenodo.org,Creative Commons Attribution 4.0 International (CC-BY 4.0),true,3.74,16000,1,16,PCM_16_WAV,PCM_16_MONO_16KHZ,CRITICAL,train,Critical audio cue to actively preserve during enhancement (speech)
MB_CRIT_SPEECH_046,speech_046.wav,speech,Critical Speech,SPK_046,Zenodo Open Defence & Industrial Acoustic Research Archive,https://zenodo.org,Creative Commons Attribution 4.0 International (CC-BY 4.0),true,3.62,16000,1,16,PCM_16_WAV,PCM_16_MONO_16KHZ,CRITICAL,train,Critical audio cue to actively preserve during enhancement (speech)
MB_CRIT_SPEECH_047,speech_047.wav,speech,Critical Speech,SPK_047,Zenodo Open Defence & Industrial Acoustic Research Archive,https://zenodo.org,Creative Commons Attribution 4.0 International (CC-BY 4.0),true,3.61,16000,1,16,PCM_16_WAV,PCM_16_MONO_16KHZ,CRITICAL,train,Critical audio cue to actively preserve during enhancement (speech)
MB_CRIT_SPEECH_048,speech_048.wav,speech,Critical Speech,SPK_048,Zenodo Open Defence & Industrial Acoustic Research Archive,https://zenodo.org,Creative Commons Attribution 4.0 International (CC-BY 4.0),true,2.89,16000,1,16,PCM_16_WAV,PCM_16_MONO_16KHZ,CRITICAL,validation,Critical audio cue to actively preserve during enhancement (speech)
MB_CRIT_SPEECH_049,speech_049.wav,speech,Critical Speech,SPK_049,Zenodo Open Defence & Industrial Acoustic Research Archive,https://zenodo.org,Creative Commons Attribution 4.0 International (CC-BY 4.0),true,3.14,16000,1,16,PCM_16_WAV,PCM_16_MONO_16KHZ,CRITICAL,test,Critical audio cue to actively preserve during enhancement (speech)
MB_CRIT_SPEECH_050,speech_050.wav,speech,Critical Speech,SPK_050,Zenodo Open Defence & Industrial Acoustic Research Archive,https://zenodo.org,Creative Commons Attribution 4.0 International (CC-BY 4.0),true,3.49,16000,1,16,PCM_16_WAV,PCM_16_MONO_16KHZ,CRITICAL,train,Critical audio cue to actively preserve during enhancement (speech)
MB_CRIT_SPEECH_051,speech_051.wav,speech,Critical Speech,SPK_051,Google AudioSet Research Ontology,https://research.google.com/audioset/,Creative Commons Attribution 4.0 International (CC-BY 4.0),true,3.60,16000,1,16,PCM_16_WAV,PCM_16_MONO_16KHZ,CRITICAL,train,Critical audio cue to actively preserve during enhancement (speech)
MB_CRIT_SPEECH_052,speech_052.wav,speech,Critical Speech,SPK_052,Freesound Open Sound Archive,https://freesound.org,Creative Commons 0 (CC0 1.0 Universal),true,3.14,16000,1,16,PCM_16_WAV,PCM_16_MONO_16KHZ,CRITICAL,train,Critical audio cue to actively preserve during enhancement (speech)
MB_CRIT_SPEECH_053,speech_053.wav,speech,Critical Speech,SPK_053,Zenodo Open Defence & Industrial Acoustic Research Archive,https://zenodo.org,Creative Commons Attribution 4.0 International (CC-BY 4.0),true,3.21,16000,1,16,PCM_16_WAV,PCM_16_MONO_16KHZ,CRITICAL,train,Critical audio cue to actively preserve during enhancement (speech)
MB_CRIT_SPEECH_054,speech_054.wav,speech,Critical Speech,SPK_054,Zenodo Open Defence & Industrial Acoustic Research Archive,https://zenodo.org,Creative Commons Attribution 4.0 International (CC-BY 4.0),true,3.50,16000,1,16,PCM_16_WAV,PCM_16_MONO_16KHZ,CRITICAL,train,Critical audio cue to actively preserve during enhancement (speech)
MB_CRIT_SPEECH_055,speech_055.wav,speech,Critical Speech,SPK_055,Freesound Open Sound Archive,https://freesound.org,Creative Commons 0 (CC0 1.0 Universal),true,3.18,16000,1,16,PCM_16_WAV,PCM_16_MONO_16KHZ,CRITICAL,train,Critical audio cue to actively preserve during enhancement (speech)
MB_CRIT_SPEECH_056,speech_056.wav,speech,Critical Speech,SPK_056,Freesound Open Sound Archive,https://freesound.org,Creative Commons 0 (CC0 1.0 Universal),true,3.46,16000,1,16,PCM_16_WAV,PCM_16_MONO_16KHZ,CRITICAL,train,Critical audio cue to actively preserve during enhancement (speech)
MB_CRIT_SPEECH_057,speech_057.wav,speech,Critical Speech,SPK_057,Zenodo Open Defence & Industrial Acoustic Research Archive,https://zenodo.org,Creative Commons Attribution 4.0 International (CC-BY 4.0),true,3.19,16000,1,16,PCM_16_WAV,PCM_16_MONO_16KHZ,CRITICAL,train,Critical audio cue to actively preserve during enhancement (speech)
MB_CRIT_SPEECH_058,speech_058.wav,speech,Critical Speech,SPK_058,Google AudioSet Research Ontology,https://research.google.com/audioset/,Creative Commons Attribution 4.0 International (CC-BY 4.0),true,3.23,16000,1,16,PCM_16_WAV,PCM_16_MONO_16KHZ,CRITICAL,validation,Critical audio cue to actively preserve during enhancement (speech)
MB_CRIT_SPEECH_059,speech_059.wav,speech,Critical Speech,SPK_059,Freesound Open Sound Archive,https://freesound.org,Creative Commons 0 (CC0 1.0 Universal),true,3.36,16000,1,16,PCM_16_WAV,PCM_16_MONO_16KHZ,CRITICAL,test,Critical audio cue to actively preserve during enhancement (speech)
MB_CRIT_SPEECH_060,speech_060.wav,speech,Critical Speech,SPK_060,Freesound Open Sound Archive,https://freesound.org,Creative Commons 0 (CC0 1.0 Universal),true,2.56,16000,1,16,PCM_16_WAV,PCM_16_MONO_16KHZ,CRITICAL,train,Critical audio cue to actively preserve during enhancement (speech)
MB_CRIT_SPEECH_061,speech_061.wav,speech,Critical Speech,SPK_061,Google AudioSet Research Ontology,https://research.google.com/audioset/,Creative Commons Attribution 4.0 International (CC-BY 4.0),true,2.97,16000,1,16,PCM_16_WAV,PCM_16_MONO_16KHZ,CRITICAL,train,Critical audio cue to actively preserve during enhancement (speech)
MB_CRIT_SPEECH_062,speech_062.wav,speech,Critical Speech,SPK_062,Google AudioSet Research Ontology,https://research.google.com/audioset/,Creative Commons Attribution 4.0 International (CC-BY 4.0),true,3.78,16000,1,16,PCM_16_WAV,PCM_16_MONO_16KHZ,CRITICAL,train,Critical audio cue to actively preserve during enhancement (speech)
MB_CRIT_SPEECH_063,speech_063.wav,speech,Critical Speech,SPK_063,Zenodo Open Defence & Industrial Acoustic Research Archive,https://zenodo.org,Creative Commons Attribution 4.0 International (CC-BY 4.0),true,3.09,16000,1,16,PCM_16_WAV,PCM_16_MONO_16KHZ,CRITICAL,train,Critical audio cue to actively preserve during enhancement (speech)
MB_CRIT_SPEECH_064,speech_064.wav,speech,Critical Speech,SPK_064,Google AudioSet Research Ontology,https://research.google.com/audioset/,Creative Commons Attribution 4.0 International (CC-BY 4.0),true,3.32,16000,1,16,PCM_16_WAV,PCM_16_MONO_16KHZ,CRITICAL,train,Critical audio cue to actively preserve during enhancement (speech)
MB_CRIT_SPEECH_065,speech_065.wav,speech,Critical Speech,SPK_065,Zenodo Open Defence & Industrial Acoustic Research Archive,https://zenodo.org,Creative Commons Attribution 4.0 International (CC-BY 4.0),true,2.66,16000,1,16,PCM_16_WAV,PCM_16_MONO_16KHZ,CRITICAL,train,Critical audio cue to actively preserve during enhancement (speech)
MB_CRIT_SPEECH_066,speech_066.wav,speech,Critical Speech,SPK_066,Google AudioSet Research Ontology,https://research.google.com/audioset/,Creative Commons Attribution 4.0 International (CC-BY 4.0),true,3.55,16000,1,16,PCM_16_WAV,PCM_16_MONO_16KHZ,CRITICAL,train,Critical audio cue to actively preserve during enhancement (speech)
MB_CRIT_SPEECH_067,speech_067.wav,speech,Critical Speech,SPK_067,Freesound Open Sound Archive,https://freesound.org,Creative Commons 0 (CC0 1.0 Universal),true,3.76,16000,1,16,PCM_16_WAV,PCM_16_MONO_16KHZ,CRITICAL,train,Critical audio cue to actively preserve during enhancement (speech)
MB_CRIT_SPEECH_068,speech_068.wav,speech,Critical Speech,SPK_068,Google AudioSet Research Ontology,https://research.google.com/audioset/,Creative Commons Attribution 4.0 International (CC-BY 4.0),true,2.90,16000,1,16,PCM_16_WAV,PCM_16_MONO_16KHZ,CRITICAL,validation,Critical audio cue to actively preserve during enhancement (speech)
MB_CRIT_SPEECH_069,speech_069.wav,speech,Critical Speech,SPK_069,Google AudioSet Research Ontology,https://research.google.com/audioset/,Creative Commons Attribution 4.0 International (CC-BY 4.0),true,2.62,16000,1,16,PCM_16_WAV,PCM_16_MONO_16KHZ,CRITICAL,test,Critical audio cue to actively preserve during enhancement (speech)
MB_CRIT_SPEECH_070,speech_070.wav,speech,Critical Speech,SPK_070,Google AudioSet Research Ontology,https://research.google.com/audioset/,Creative Commons Attribution 4.0 International (CC-BY 4.0),true,2.85,16000,1,16,PCM_16_WAV,PCM_16_MONO_16KHZ,CRITICAL,train,Critical audio cue to actively preserve during enhancement (speech)
MB_CRIT_SPEECH_071,speech_071.wav,speech,Critical Speech,SPK_071,Freesound Open Sound Archive,https://freesound.org,Creative Commons 0 (CC0 1.0 Universal),true,2.67,16000,1,16,PCM_16_WAV,PCM_16_MONO_16KHZ,CRITICAL,train,Critical audio cue to actively preserve during enhancement (speech)
MB_CRIT_SPEECH_072,speech_072.wav,speech,Critical Speech,SPK_072,Google AudioSet Research Ontology,https://research.google.com/audioset/,Creative Commons Attribution 4.0 International (CC-BY 4.0),true,3.14,16000,1,16,PCM_16_WAV,PCM_16_MONO_16KHZ,CRITICAL,train,Critical audio cue to actively preserve during enhancement (speech)
MB_CRIT_SPEECH_073,speech_073.wav,speech,Critical Speech,SPK_073,Zenodo Open Defence & Industrial Acoustic Research Archive,https://zenodo.org,Creative Commons Attribution 4.0 International (CC-BY 4.0),true,3.02,16000,1,16,PCM_16_WAV,PCM_16_MONO_16KHZ,CRITICAL,train,Critical audio cue to actively preserve during enhancement (speech)
MB_CRIT_SPEECH_074,speech_074.wav,speech,Critical Speech,SPK_074,Freesound Open Sound Archive,https://freesound.org,Creative Commons 0 (CC0 1.0 Universal),true,3.02,16000,1,16,PCM_16_WAV,PCM_16_MONO_16KHZ,CRITICAL,train,Critical audio cue to actively preserve during enhancement (speech)
MB_CRIT_SPEECH_075,speech_075.wav,speech,Critical Speech,SPK_075,Zenodo Open Defence & Industrial Acoustic Research Archive,https://zenodo.org,Creative Commons Attribution 4.0 International (CC-BY 4.0),true,3.26,16000,1,16,PCM_16_WAV,PCM_16_MONO_16KHZ,CRITICAL,train,Critical audio cue to actively preserve during enhancement (speech)
MB_CRIT_SPEECH_076,speech_076.wav,speech,Critical Speech,SPK_076,Google AudioSet Research Ontology,https://research.google.com/audioset/,Creative Commons Attribution 4.0 International (CC-BY 4.0),true,2.99,16000,1,16,PCM_16_WAV,PCM_16_MONO_16KHZ,CRITICAL,train,Critical audio cue to actively preserve during enhancement (speech)
MB_CRIT_SPEECH_077,speech_077.wav,speech,Critical Speech,SPK_077,Freesound Open Sound Archive,https://freesound.org,Creative Commons 0 (CC0 1.0 Universal),true,3.68,16000,1,16,PCM_16_WAV,PCM_16_MONO_16KHZ,CRITICAL,train,Critical audio cue to actively preserve during enhancement (speech)
MB_CRIT_SPEECH_078,speech_078.wav,speech,Critical Speech,SPK_078,Freesound Open Sound Archive,https://freesound.org,Creative Commons 0 (CC0 1.0 Universal),true,3.75,16000,1,16,PCM_16_WAV,PCM_16_MONO_16KHZ,CRITICAL,validation,Critical audio cue to actively preserve during enhancement (speech)
MB_CRIT_SPEECH_079,speech_079.wav,speech,Critical Speech,SPK_079,Google AudioSet Research Ontology,https://research.google.com/audioset/,Creative Commons Attribution 4.0 International (CC-BY 4.0),true,3.41,16000,1,16,PCM_16_WAV,PCM_16_MONO_16KHZ,CRITICAL,test,Critical audio cue to actively preserve during enhancement (speech)
MB_CRIT_SPEECH_080,speech_080.wav,speech,Critical Speech,SPK_080,Freesound Open Sound Archive,https://freesound.org,Creative Commons 0 (CC0 1.0 Universal),true,3.13,16000,1,16,PCM_16_WAV,PCM_16_MONO_16KHZ,CRITICAL,train,Critical audio cue to actively preserve during enhancement (speech)
MB_CRIT_SPEECH_081,speech_081.wav,speech,Critical Speech,SPK_081,Freesound Open Sound Archive,https://freesound.org,Creative Commons 0 (CC0 1.0 Universal),true,3.21,16000,1,16,PCM_16_WAV,PCM_16_MONO_16KHZ,CRITICAL,train,Critical audio cue to actively preserve during enhancement (speech)
MB_CRIT_SPEECH_082,speech_082.wav,speech,Critical Speech,SPK_082,Freesound Open Sound Archive,https://freesound.org,Creative Commons 0 (CC0 1.0 Universal),true,2.70,16000,1,16,PCM_16_WAV,PCM_16_MONO_16KHZ,CRITICAL,train,Critical audio cue to actively preserve during enhancement (speech)
MB_CRIT_SPEECH_083,speech_083.wav,speech,Critical Speech,SPK_083,Google AudioSet Research Ontology,https://research.google.com/audioset/,Creative Commons Attribution 4.0 International (CC-BY 4.0),true,3.18,16000,1,16,PCM_16_WAV,PCM_16_MONO_16KHZ,CRITICAL,train,Critical audio cue to actively preserve during enhancement (speech)
MB_CRIT_SPEECH_084,speech_084.wav,speech,Critical Speech,SPK_084,Google AudioSet Research Ontology,https://research.google.com/audioset/,Creative Commons Attribution 4.0 International (CC-BY 4.0),true,3.38,16000,1,16,PCM_16_WAV,PCM_16_MONO_16KHZ,CRITICAL,train,Critical audio cue to actively preserve during enhancement (speech)
MB_CRIT_SPEECH_085,speech_085.wav,speech,Critical Speech,SPK_085,Freesound Open Sound Archive,https://freesound.org,Creative Commons 0 (CC0 1.0 Universal),true,2.80,16000,1,16,PCM_16_WAV,PCM_16_MONO_16KHZ,CRITICAL,train,Critical audio cue to actively preserve during enhancement (speech)
MB_CRIT_SPEECH_086,speech_086.wav,speech,Critical Speech,SPK_086,Google AudioSet Research Ontology,https://research.google.com/audioset/,Creative Commons Attribution 4.0 International (CC-BY 4.0),true,3.01,16000,1,16,PCM_16_WAV,PCM_16_MONO_16KHZ,CRITICAL,train,Critical audio cue to actively preserve during enhancement (speech)
MB_CRIT_SPEECH_087,speech_087.wav,speech,Critical Speech,SPK_087,Freesound Open Sound Archive,https://freesound.org,Creative Commons 0 (CC0 1.0 Universal),true,2.94,16000,1,16,PCM_16_WAV,PCM_16_MONO_16KHZ,CRITICAL,train,Critical audio cue to actively preserve during enhancement (speech)
MB_CRIT_SPEECH_088,speech_088.wav,speech,Critical Speech,SPK_088,Freesound Open Sound Archive,https://freesound.org,Creative Commons 0 (CC0 1.0 Universal),true,3.56,16000,1,16,PCM_16_WAV,PCM_16_MONO_16KHZ,CRITICAL,validation,Critical audio cue to actively preserve during enhancement (speech)
MB_CRIT_SPEECH_089,speech_089.wav,speech,Critical Speech,SPK_089,Google AudioSet Research Ontology,https://research.google.com/audioset/,Creative Commons Attribution 4.0 International (CC-BY 4.0),true,3.23,16000,1,16,PCM_16_WAV,PCM_16_MONO_16KHZ,CRITICAL,test,Critical audio cue to actively preserve during enhancement (speech)
MB_CRIT_SPEECH_090,speech_090.wav,speech,Critical Speech,SPK_090,Freesound Open Sound Archive,https://freesound.org,Creative Commons 0 (CC0 1.0 Universal),true,3.71,16000,1,16,PCM_16_WAV,PCM_16_MONO_16KHZ,CRITICAL,train,Critical audio cue to actively preserve during enhancement (speech)
MB_CRIT_SPEECH_091,speech_091.wav,speech,Critical Speech,SPK_091,Freesound Open Sound Archive,https://freesound.org,Creative Commons 0 (CC0 1.0 Universal),true,2.64,16000,1,16,PCM_16_WAV,PCM_16_MONO_16KHZ,CRITICAL,train,Critical audio cue to actively preserve during enhancement (speech)
MB_CRIT_SPEECH_092,speech_092.wav,speech,Critical Speech,SPK_092,Zenodo Open Defence & Industrial Acoustic Research Archive,https://zenodo.org,Creative Commons Attribution 4.0 International (CC-BY 4.0),true,3.38,16000,1,16,PCM_16_WAV,PCM_16_MONO_16KHZ,CRITICAL,train,Critical audio cue to actively preserve during enhancement (speech)
MB_CRIT_SPEECH_093,speech_093.wav,speech,Critical Speech,SPK_093,Freesound Open Sound Archive,https://freesound.org,Creative Commons 0 (CC0 1.0 Universal),true,3.72,16000,1,16,PCM_16_WAV,PCM_16_MONO_16KHZ,CRITICAL,train,Critical audio cue to actively preserve during enhancement (speech)
MB_CRIT_SPEECH_094,speech_094.wav,speech,Critical Speech,SPK_094,Freesound Open Sound Archive,https://freesound.org,Creative Commons 0 (CC0 1.0 Universal),true,3.10,16000,1,16,PCM_16_WAV,PCM_16_MONO_16KHZ,CRITICAL,train,Critical audio cue to actively preserve during enhancement (speech)
MB_CRIT_SPEECH_095,speech_095.wav,speech,Critical Speech,SPK_095,Google AudioSet Research Ontology,https://research.google.com/audioset/,Creative Commons Attribution 4.0 International (CC-BY 4.0),true,3.76,16000,1,16,PCM_16_WAV,PCM_16_MONO_16KHZ,CRITICAL,train,Critical audio cue to actively preserve during enhancement (speech)
MB_CRIT_SPEECH_096,speech_096.wav,speech,Critical Speech,SPK_096,Freesound Open Sound Archive,https://freesound.org,Creative Commons 0 (CC0 1.0 Universal),true,3.20,16000,1,16,PCM_16_WAV,PCM_16_MONO_16KHZ,CRITICAL,train,Critical audio cue to actively preserve during enhancement (speech)
MB_CRIT_SPEECH_097,speech_097.wav,speech,Critical Speech,SPK_097,Zenodo Open Defence & Industrial Acoustic Research Archive,https://zenodo.org,Creative Commons Attribution 4.0 International (CC-BY 4.0),true,2.74,16000,1,16,PCM_16_WAV,PCM_16_MONO_16KHZ,CRITICAL,train,Critical audio cue to actively preserve during enhancement (speech)
MB_CRIT_SPEECH_098,speech_098.wav,speech,Critical Speech,SPK_098,Freesound Open Sound Archive,https://freesound.org,Creative Commons 0 (CC0 1.0 Universal),true,3.31,16000,1,16,PCM_16_WAV,PCM_16_MONO_16KHZ,CRITICAL,validation,Critical audio cue to actively preserve during enhancement (speech)
MB_CRIT_SPEECH_099,speech_099.wav,speech,Critical Speech,SPK_099,Freesound Open Sound Archive,https://freesound.org,Creative Commons 0 (CC0 1.0 Universal),true,3.46,16000,1,16,PCM_16_WAV,PCM_16_MONO_16KHZ,CRITICAL,test,Critical audio cue to actively preserve during enhancement (speech)
MB_CRIT_SPEECH_100,speech_100.wav,speech,Critical Speech,SPK_100,Freesound Open Sound Archive,https://freesound.org,Creative Commons 0 (CC0 1.0 Universal),true,3.44,16000,1,16,PCM_16_WAV,PCM_16_MONO_16KHZ,CRITICAL,train,Critical audio cue to actively preserve during enhancement (speech)
MB_CRIT_SPEECH_101,speech_101.wav,speech,Critical Speech,SPK_101,Google AudioSet Research Ontology,https://research.google.com/audioset/,Creative Commons Attribution 4.0 International (CC-BY 4.0),true,3.47,16000,1,16,PCM_16_WAV,PCM_16_MONO_16KHZ,CRITICAL,train,Critical audio cue to actively preserve during enhancement (speech)
MB_CRIT_SPEECH_102,speech_102.wav,speech,Critical Speech,SPK_102,Zenodo Open Defence & Industrial Acoustic Research Archive,https://zenodo.org,Creative Commons Attribution 4.0 International (CC-BY 4.0),true,2.77,16000,1,16,PCM_16_WAV,PCM_16_MONO_16KHZ,CRITICAL,train,Critical audio cue to actively preserve during enhancement (speech)
MB_CRIT_SPEECH_103,speech_103.wav,speech,Critical Speech,SPK_103,Freesound Open Sound Archive,https://freesound.org,Creative Commons 0 (CC0 1.0 Universal),true,2.66,16000,1,16,PCM_16_WAV,PCM_16_MONO_16KHZ,CRITICAL,train,Critical audio cue to actively preserve during enhancement (speech)
MB_CRIT_SPEECH_104,speech_104.wav,speech,Critical Speech,SPK_104,Freesound Open Sound Archive,https://freesound.org,Creative Commons 0 (CC0 1.0 Universal),true,3.39,16000,1,16,PCM_16_WAV,PCM_16_MONO_16KHZ,CRITICAL,train,Critical audio cue to actively preserve during enhancement (speech)
MB_CRIT_SPEECH_105,speech_105.wav,speech,Critical Speech,SPK_105,Freesound Open Sound Archive,https://freesound.org,Creative Commons 0 (CC0 1.0 Universal),true,2.72,16000,1,16,PCM_16_WAV,PCM_16_MONO_16KHZ,CRITICAL,train,Critical audio cue to actively preserve during enhancement (speech)
MB_CRIT_SPEECH_106,speech_106.wav,speech,Critical Speech,SPK_106,Google AudioSet Research Ontology,https://research.google.com/audioset/,Creative Commons Attribution 4.0 International (CC-BY 4.0),true,2.67,16000,1,16,PCM_16_WAV,PCM_16_MONO_16KHZ,CRITICAL,train,Critical audio cue to actively preserve during enhancement (speech)
MB_CRIT_SPEECH_107,speech_107.wav,speech,Critical Speech,SPK_107,Zenodo Open Defence & Industrial Acoustic Research Archive,https://zenodo.org,Creative Commons Attribution 4.0 International (CC-BY 4.0),true,3.72,16000,1,16,PCM_16_WAV,PCM_16_MONO_16KHZ,CRITICAL,train,Critical audio cue to actively preserve during enhancement (speech)
MB_CRIT_SPEECH_108,speech_108.wav,speech,Critical Speech,SPK_108,Zenodo Open Defence & Industrial Acoustic Research Archive,https://zenodo.org,Creative Commons Attribution 4.0 International (CC-BY 4.0),true,3.47,16000,1,16,PCM_16_WAV,PCM_16_MONO_16KHZ,CRITICAL,validation,Critical audio cue to actively preserve during enhancement (speech)
MB_CRIT_SPEECH_109,speech_109.wav,speech,Critical Speech,SPK_109,Zenodo Open Defence & Industrial Acoustic Research Archive,https://zenodo.org,Creative Commons Attribution 4.0 International (CC-BY 4.0),true,3.13,16000,1,16,PCM_16_WAV,PCM_16_MONO_16KHZ,CRITICAL,test,Critical audio cue to actively preserve during enhancement (speech)
MB_CRIT_SPEECH_110,speech_110.wav,speech,Critical Speech,SPK_110,Google AudioSet Research Ontology,https://research.google.com/audioset/,Creative Commons Attribution 4.0 International (CC-BY 4.0),true,3.44,16000,1,16,PCM_16_WAV,PCM_16_MONO_16KHZ,CRITICAL,train,Critical audio cue to actively preserve during enhancement (speech)
MB_CRIT_SPEECH_111,speech_111.wav,speech,Critical Speech,SPK_111,Freesound Open Sound Archive,https://freesound.org,Creative Commons 0 (CC0 1.0 Universal),true,3.79,16000,1,16,PCM_16_WAV,PCM_16_MONO_16KHZ,CRITICAL,train,Critical audio cue to actively preserve during enhancement (speech)
MB_CRIT_SPEECH_112,speech_112.wav,speech,Critical Speech,SPK_112,Google AudioSet Research Ontology,https://research.google.com/audioset/,Creative Commons Attribution 4.0 International (CC-BY 4.0),true,2.81,16000,1,16,PCM_16_WAV,PCM_16_MONO_16KHZ,CRITICAL,train,Critical audio cue to actively preserve during enhancement (speech)
MB_CRIT_SPEECH_113,speech_113.wav,speech,Critical Speech,SPK_113,Zenodo Open Defence & Industrial Acoustic Research Archive,https://zenodo.org,Creative Commons Attribution 4.0 International (CC-BY 4.0),true,2.62,16000,1,16,PCM_16_WAV,PCM_16_MONO_16KHZ,CRITICAL,train,Critical audio cue to actively preserve during enhancement (speech)
MB_CRIT_SPEECH_114,speech_114.wav,speech,Critical Speech,SPK_114,Zenodo Open Defence & Industrial Acoustic Research Archive,https://zenodo.org,Creative Commons Attribution 4.0 International (CC-BY 4.0),true,3.03,16000,1,16,PCM_16_WAV,PCM_16_MONO_16KHZ,CRITICAL,train,Critical audio cue to actively preserve during enhancement (speech)
MB_CRIT_SPEECH_115,speech_115.wav,speech,Critical Speech,SPK_115,Google AudioSet Research Ontology,https://research.google.com/audioset/,Creative Commons Attribution 4.0 International (CC-BY 4.0),true,3.26,16000,1,16,PCM_16_WAV,PCM_16_MONO_16KHZ,CRITICAL,train,Critical audio cue to actively preserve during enhancement (speech)
MB_CRIT_SPEECH_116,speech_116.wav,speech,Critical Speech,SPK_116,Freesound Open Sound Archive,https://freesound.org,Creative Commons 0 (CC0 1.0 Universal),true,3.37,16000,1,16,PCM_16_WAV,PCM_16_MONO_16KHZ,CRITICAL,train,Critical audio cue to actively preserve during enhancement (speech)
MB_CRIT_SPEECH_117,speech_117.wav,speech,Critical Speech,SPK_117,Google AudioSet Research Ontology,https://research.google.com/audioset/,Creative Commons Attribution 4.0 International (CC-BY 4.0),true,3.03,16000,1,16,PCM_16_WAV,PCM_16_MONO_16KHZ,CRITICAL,train,Critical audio cue to actively preserve during enhancement (speech)
MB_CRIT_SPEECH_118,speech_118.wav,speech,Critical Speech,SPK_118,Freesound Open Sound Archive,https://freesound.org,Creative Commons 0 (CC0 1.0 Universal),true,3.53,16000,1,16,PCM_16_WAV,PCM_16_MONO_16KHZ,CRITICAL,validation,Critical audio cue to actively preserve during enhancement (speech)
MB_CRIT_SPEECH_119,speech_119.wav,speech,Critical Speech,SPK_119,Zenodo Open Defence & Industrial Acoustic Research Archive,https://zenodo.org,Creative Commons Attribution 4.0 International (CC-BY 4.0),true,2.95,16000,1,16,PCM_16_WAV,PCM_16_MONO_16KHZ,CRITICAL,test,Critical audio cue to actively preserve during enhancement (speech)
MB_CRIT_SPEECH_120,speech_120.wav,speech,Critical Speech,SPK_120,Zenodo Open Defence & Industrial Acoustic Research Archive,https://zenodo.org,Creative Commons Attribution 4.0 International (CC-BY 4.0),true,3.13,16000,1,16,PCM_16_WAV,PCM_16_MONO_16KHZ,CRITICAL,train,Critical audio cue to actively preserve during enhancement (speech)
MB_CRIT_RADIO_COMMUNICATION_001,radio_communication_001.wav,radio_communication,Critical Radio Communication,N/A,MARKUSBLUE Calibrated Tactical Acoustic Synthesizer,https://github.com/markusblue/sih26052,MIT Open Source License,true,2.63,16000,1,16,PCM_16_WAV,PCM_16_MONO_16KHZ,CRITICAL,train,Critical audio cue to actively preserve during enhancement (radio_communication)
MB_CRIT_RADIO_COMMUNICATION_002,radio_communication_002.wav,radio_communication,Critical Radio Communication,N/A,MARKUSBLUE Calibrated Tactical Acoustic Synthesizer,https://github.com/markusblue/sih26052,MIT Open Source License,true,3.51,16000,1,16,PCM_16_WAV,PCM_16_MONO_16KHZ,CRITICAL,train,Critical audio cue to actively preserve during enhancement (radio_communication)
MB_CRIT_RADIO_COMMUNICATION_003,radio_communication_003.wav,radio_communication,Critical Radio Communication,N/A,MARKUSBLUE Calibrated Tactical Acoustic Synthesizer,https://github.com/markusblue/sih26052,MIT Open Source License,true,2.74,16000,1,16,PCM_16_WAV,PCM_16_MONO_16KHZ,CRITICAL,train,Critical audio cue to actively preserve during enhancement (radio_communication)
MB_CRIT_RADIO_COMMUNICATION_004,radio_communication_004.wav,radio_communication,Critical Radio Communication,N/A,MARKUSBLUE Calibrated Tactical Acoustic Synthesizer,https://github.com/markusblue/sih26052,MIT Open Source License,true,2.57,16000,1,16,PCM_16_WAV,PCM_16_MONO_16KHZ,CRITICAL,train,Critical audio cue to actively preserve during enhancement (radio_communication)
MB_CRIT_RADIO_COMMUNICATION_005,radio_communication_005.wav,radio_communication,Critical Radio Communication,N/A,MARKUSBLUE Calibrated Tactical Acoustic Synthesizer,https://github.com/markusblue/sih26052,MIT Open Source License,true,2.79,16000,1,16,PCM_16_WAV,PCM_16_MONO_16KHZ,CRITICAL,train,Critical audio cue to actively preserve during enhancement (radio_communication)
MB_CRIT_RADIO_COMMUNICATION_006,radio_communication_006.wav,radio_communication,Critical Radio Communication,N/A,MARKUSBLUE Calibrated Tactical Acoustic Synthesizer,https://github.com/markusblue/sih26052,MIT Open Source License,true,3.16,16000,1,16,PCM_16_WAV,PCM_16_MONO_16KHZ,CRITICAL,train,Critical audio cue to actively preserve during enhancement (radio_communication)
MB_CRIT_RADIO_COMMUNICATION_007,radio_communication_007.wav,radio_communication,Critical Radio Communication,N/A,MARKUSBLUE Calibrated Tactical Acoustic Synthesizer,https://github.com/markusblue/sih26052,MIT Open Source License,true,3.31,16000,1,16,PCM_16_WAV,PCM_16_MONO_16KHZ,CRITICAL,train,Critical audio cue to actively preserve during enhancement (radio_communication)
MB_CRIT_RADIO_COMMUNICATION_008,radio_communication_008.wav,radio_communication,Critical Radio Communication,N/A,MARKUSBLUE Calibrated Tactical Acoustic Synthesizer,https://github.com/markusblue/sih26052,MIT Open Source License,true,3.27,16000,1,16,PCM_16_WAV,PCM_16_MONO_16KHZ,CRITICAL,validation,Critical audio cue to actively preserve during enhancement (radio_communication)
MB_CRIT_RADIO_COMMUNICATION_009,radio_communication_009.wav,radio_communication,Critical Radio Communication,N/A,MARKUSBLUE Calibrated Tactical Acoustic Synthesizer,https://github.com/markusblue/sih26052,MIT Open Source License,true,3.07,16000,1,16,PCM_16_WAV,PCM_16_MONO_16KHZ,CRITICAL,test,Critical audio cue to actively preserve during enhancement (radio_communication)
MB_CRIT_RADIO_COMMUNICATION_010,radio_communication_010.wav,radio_communication,Critical Radio Communication,N/A,MARKUSBLUE Calibrated Tactical Acoustic Synthesizer,https://github.com/markusblue/sih26052,MIT Open Source License,true,3.21,16000,1,16,PCM_16_WAV,PCM_16_MONO_16KHZ,CRITICAL,train,Critical audio cue to actively preserve during enhancement (radio_communication)
MB_CRIT_RADIO_COMMUNICATION_011,radio_communication_011.wav,radio_communication,Critical Radio Communication,N/A,MARKUSBLUE Calibrated Tactical Acoustic Synthesizer,https://github.com/markusblue/sih26052,MIT Open Source License,true,3.28,16000,1,16,PCM_16_WAV,PCM_16_MONO_16KHZ,CRITICAL,train,Critical audio cue to actively preserve during enhancement (radio_communication)
MB_CRIT_RADIO_COMMUNICATION_012,radio_communication_012.wav,radio_communication,Critical Radio Communication,N/A,MARKUSBLUE Calibrated Tactical Acoustic Synthesizer,https://github.com/markusblue/sih26052,MIT Open Source License,true,3.19,16000,1,16,PCM_16_WAV,PCM_16_MONO_16KHZ,CRITICAL,train,Critical audio cue to actively preserve during enhancement (radio_communication)
MB_CRIT_RADIO_COMMUNICATION_013,radio_communication_013.wav,radio_communication,Critical Radio Communication,N/A,MARKUSBLUE Calibrated Tactical Acoustic Synthesizer,https://github.com/markusblue/sih26052,MIT Open Source License,true,3.73,16000,1,16,PCM_16_WAV,PCM_16_MONO_16KHZ,CRITICAL,train,Critical audio cue to actively preserve during enhancement (radio_communication)
MB_CRIT_RADIO_COMMUNICATION_014,radio_communication_014.wav,radio_communication,Critical Radio Communication,N/A,MARKUSBLUE Calibrated Tactical Acoustic Synthesizer,https://github.com/markusblue/sih26052,MIT Open Source License,true,2.72,16000,1,16,PCM_16_WAV,PCM_16_MONO_16KHZ,CRITICAL,train,Critical audio cue to actively preserve during enhancement (radio_communication)
MB_CRIT_RADIO_COMMUNICATION_015,radio_communication_015.wav,radio_communication,Critical Radio Communication,N/A,MARKUSBLUE Calibrated Tactical Acoustic Synthesizer,https://github.com/markusblue/sih26052,MIT Open Source License,true,3.29,16000,1,16,PCM_16_WAV,PCM_16_MONO_16KHZ,CRITICAL,train,Critical audio cue to actively preserve during enhancement (radio_communication)
MB_CRIT_RADIO_COMMUNICATION_016,radio_communication_016.wav,radio_communication,Critical Radio Communication,N/A,MARKUSBLUE Calibrated Tactical Acoustic Synthesizer,https://github.com/markusblue/sih26052,MIT Open Source License,true,3.61,16000,1,16,PCM_16_WAV,PCM_16_MONO_16KHZ,CRITICAL,train,Critical audio cue to actively preserve during enhancement (radio_communication)
MB_CRIT_RADIO_COMMUNICATION_017,radio_communication_017.wav,radio_communication,Critical Radio Communication,N/A,MARKUSBLUE Calibrated Tactical Acoustic Synthesizer,https://github.com/markusblue/sih26052,MIT Open Source License,true,2.58,16000,1,16,PCM_16_WAV,PCM_16_MONO_16KHZ,CRITICAL,train,Critical audio cue to actively preserve during enhancement (radio_communication)
MB_CRIT_RADIO_COMMUNICATION_018,radio_communication_018.wav,radio_communication,Critical Radio Communication,N/A,MARKUSBLUE Calibrated Tactical Acoustic Synthesizer,https://github.com/markusblue/sih26052,MIT Open Source License,true,3.51,16000,1,16,PCM_16_WAV,PCM_16_MONO_16KHZ,CRITICAL,validation,Critical audio cue to actively preserve during enhancement (radio_communication)
MB_CRIT_RADIO_COMMUNICATION_019,radio_communication_019.wav,radio_communication,Critical Radio Communication,N/A,MARKUSBLUE Calibrated Tactical Acoustic Synthesizer,https://github.com/markusblue/sih26052,MIT Open Source License,true,3.19,16000,1,16,PCM_16_WAV,PCM_16_MONO_16KHZ,CRITICAL,test,Critical audio cue to actively preserve during enhancement (radio_communication)
MB_CRIT_RADIO_COMMUNICATION_020,radio_communication_020.wav,radio_communication,Critical Radio Communication,N/A,MARKUSBLUE Calibrated Tactical Acoustic Synthesizer,https://github.com/markusblue/sih26052,MIT Open Source License,true,2.51,16000,1,16,PCM_16_WAV,PCM_16_MONO_16KHZ,CRITICAL,train,Critical audio cue to actively preserve during enhancement (radio_communication)
MB_CRIT_RADIO_COMMUNICATION_021,radio_communication_021.wav,radio_communication,Critical Radio Communication,N/A,MARKUSBLUE Calibrated Tactical Acoustic Synthesizer,https://github.com/markusblue/sih26052,MIT Open Source License,true,3.02,16000,1,16,PCM_16_WAV,PCM_16_MONO_16KHZ,CRITICAL,train,Critical audio cue to actively preserve during enhancement (radio_communication)
MB_CRIT_RADIO_COMMUNICATION_022,radio_communication_022.wav,radio_communication,Critical Radio Communication,N/A,MARKUSBLUE Calibrated Tactical Acoustic Synthesizer,https://github.com/markusblue/sih26052,MIT Open Source License,true,2.62,16000,1,16,PCM_16_WAV,PCM_16_MONO_16KHZ,CRITICAL,train,Critical audio cue to actively preserve during enhancement (radio_communication)
MB_CRIT_RADIO_COMMUNICATION_023,radio_communication_023.wav,radio_communication,Critical Radio Communication,N/A,MARKUSBLUE Calibrated Tactical Acoustic Synthesizer,https://github.com/markusblue/sih26052,MIT Open Source License,true,2.58,16000,1,16,PCM_16_WAV,PCM_16_MONO_16KHZ,CRITICAL,train,Critical audio cue to actively preserve during enhancement (radio_communication)
MB_CRIT_RADIO_COMMUNICATION_024,radio_communication_024.wav,radio_communication,Critical Radio Communication,N/A,MARKUSBLUE Calibrated Tactical Acoustic Synthesizer,https://github.com/markusblue/sih26052,MIT Open Source License,true,3.19,16000,1,16,PCM_16_WAV,PCM_16_MONO_16KHZ,CRITICAL,train,Critical audio cue to actively preserve during enhancement (radio_communication)
MB_CRIT_RADIO_COMMUNICATION_025,radio_communication_025.wav,radio_communication,Critical Radio Communication,N/A,MARKUSBLUE Calibrated Tactical Acoustic Synthesizer,https://github.com/markusblue/sih26052,MIT Open Source License,true,3.64,16000,1,16,PCM_16_WAV,PCM_16_MONO_16KHZ,CRITICAL,train,Critical audio cue to actively preserve during enhancement (radio_communication)
MB_CRIT_RADIO_COMMUNICATION_026,radio_communication_026.wav,radio_communication,Critical Radio Communication,N/A,MARKUSBLUE Calibrated Tactical Acoustic Synthesizer,https://github.com/markusblue/sih26052,MIT Open Source License,true,3.59,16000,1,16,PCM_16_WAV,PCM_16_MONO_16KHZ,CRITICAL,train,Critical audio cue to actively preserve during enhancement (radio_communication)
MB_CRIT_RADIO_COMMUNICATION_027,radio_communication_027.wav,radio_communication,Critical Radio Communication,N/A,MARKUSBLUE Calibrated Tactical Acoustic Synthesizer,https://github.com/markusblue/sih26052,MIT Open Source License,true,3.09,16000,1,16,PCM_16_WAV,PCM_16_MONO_16KHZ,CRITICAL,train,Critical audio cue to actively preserve during enhancement (radio_communication)
MB_CRIT_RADIO_COMMUNICATION_028,radio_communication_028.wav,radio_communication,Critical Radio Communication,N/A,MARKUSBLUE Calibrated Tactical Acoustic Synthesizer,https://github.com/markusblue/sih26052,MIT Open Source License,true,3.43,16000,1,16,PCM_16_WAV,PCM_16_MONO_16KHZ,CRITICAL,validation,Critical audio cue to actively preserve during enhancement (radio_communication)
MB_CRIT_RADIO_COMMUNICATION_029,radio_communication_029.wav,radio_communication,Critical Radio Communication,N/A,MARKUSBLUE Calibrated Tactical Acoustic Synthesizer,https://github.com/markusblue/sih26052,MIT Open Source License,true,3.52,16000,1,16,PCM_16_WAV,PCM_16_MONO_16KHZ,CRITICAL,test,Critical audio cue to actively preserve during enhancement (radio_communication)
MB_CRIT_RADIO_COMMUNICATION_030,radio_communication_030.wav,radio_communication,Critical Radio Communication,N/A,MARKUSBLUE Calibrated Tactical Acoustic Synthesizer,https://github.com/markusblue/sih26052,MIT Open Source License,true,3.53,16000,1,16,PCM_16_WAV,PCM_16_MONO_16KHZ,CRITICAL,train,Critical audio cue to actively preserve during enhancement (radio_communication)
MB_CRIT_RADIO_COMMUNICATION_031,radio_communication_031.wav,radio_communication,Critical Radio Communication,N/A,MARKUSBLUE Calibrated Tactical Acoustic Synthesizer,https://github.com/markusblue/sih26052,MIT Open Source License,true,2.95,16000,1,16,PCM_16_WAV,PCM_16_MONO_16KHZ,CRITICAL,train,Critical audio cue to actively preserve during enhancement (radio_communication)
MB_CRIT_RADIO_COMMUNICATION_032,radio_communication_032.wav,radio_communication,Critical Radio Communication,N/A,MARKUSBLUE Calibrated Tactical Acoustic Synthesizer,https://github.com/markusblue/sih26052,MIT Open Source License,true,3.62,16000,1,16,PCM_16_WAV,PCM_16_MONO_16KHZ,CRITICAL,train,Critical audio cue to actively preserve during enhancement (radio_communication)
MB_CRIT_RADIO_COMMUNICATION_033,radio_communication_033.wav,radio_communication,Critical Radio Communication,N/A,MARKUSBLUE Calibrated Tactical Acoustic Synthesizer,https://github.com/markusblue/sih26052,MIT Open Source License,true,3.50,16000,1,16,PCM_16_WAV,PCM_16_MONO_16KHZ,CRITICAL,train,Critical audio cue to actively preserve during enhancement (radio_communication)
MB_CRIT_RADIO_COMMUNICATION_034,radio_communication_034.wav,radio_communication,Critical Radio Communication,N/A,MARKUSBLUE Calibrated Tactical Acoustic Synthesizer,https://github.com/markusblue/sih26052,MIT Open Source License,true,2.62,16000,1,16,PCM_16_WAV,PCM_16_MONO_16KHZ,CRITICAL,train,Critical audio cue to actively preserve during enhancement (radio_communication)
MB_CRIT_RADIO_COMMUNICATION_035,radio_communication_035.wav,radio_communication,Critical Radio Communication,N/A,MARKUSBLUE Calibrated Tactical Acoustic Synthesizer,https://github.com/markusblue/sih26052,MIT Open Source License,true,2.69,16000,1,16,PCM_16_WAV,PCM_16_MONO_16KHZ,CRITICAL,train,Critical audio cue to actively preserve during enhancement (radio_communication)
MB_CRIT_RADIO_COMMUNICATION_036,radio_communication_036.wav,radio_communication,Critical Radio Communication,N/A,MARKUSBLUE Calibrated Tactical Acoustic Synthesizer,https://github.com/markusblue/sih26052,MIT Open Source License,true,3.03,16000,1,16,PCM_16_WAV,PCM_16_MONO_16KHZ,CRITICAL,train,Critical audio cue to actively preserve during enhancement (radio_communication)
MB_CRIT_RADIO_COMMUNICATION_037,radio_communication_037.wav,radio_communication,Critical Radio Communication,N/A,MARKUSBLUE Calibrated Tactical Acoustic Synthesizer,https://github.com/markusblue/sih26052,MIT Open Source License,true,3.10,16000,1,16,PCM_16_WAV,PCM_16_MONO_16KHZ,CRITICAL,train,Critical audio cue to actively preserve during enhancement (radio_communication)
MB_CRIT_RADIO_COMMUNICATION_038,radio_communication_038.wav,radio_communication,Critical Radio Communication,N/A,MARKUSBLUE Calibrated Tactical Acoustic Synthesizer,https://github.com/markusblue/sih26052,MIT Open Source License,true,3.47,16000,1,16,PCM_16_WAV,PCM_16_MONO_16KHZ,CRITICAL,validation,Critical audio cue to actively preserve during enhancement (radio_communication)
MB_CRIT_RADIO_COMMUNICATION_039,radio_communication_039.wav,radio_communication,Critical Radio Communication,N/A,MARKUSBLUE Calibrated Tactical Acoustic Synthesizer,https://github.com/markusblue/sih26052,MIT Open Source License,true,3.37,16000,1,16,PCM_16_WAV,PCM_16_MONO_16KHZ,CRITICAL,test,Critical audio cue to actively preserve during enhancement (radio_communication)
MB_CRIT_RADIO_COMMUNICATION_040,radio_communication_040.wav,radio_communication,Critical Radio Communication,N/A,MARKUSBLUE Calibrated Tactical Acoustic Synthesizer,https://github.com/markusblue/sih26052,MIT Open Source License,true,3.61,16000,1,16,PCM_16_WAV,PCM_16_MONO_16KHZ,CRITICAL,train,Critical audio cue to actively preserve during enhancement (radio_communication)
MB_CRIT_RADIO_COMMUNICATION_041,radio_communication_041.wav,radio_communication,Critical Radio Communication,N/A,MARKUSBLUE Calibrated Tactical Acoustic Synthesizer,https://github.com/markusblue/sih26052,MIT Open Source License,true,2.52,16000,1,16,PCM_16_WAV,PCM_16_MONO_16KHZ,CRITICAL,train,Critical audio cue to actively preserve during enhancement (radio_communication)
MB_CRIT_RADIO_COMMUNICATION_042,radio_communication_042.wav,radio_communication,Critical Radio Communication,N/A,MARKUSBLUE Calibrated Tactical Acoustic Synthesizer,https://github.com/markusblue/sih26052,MIT Open Source License,true,3.69,16000,1,16,PCM_16_WAV,PCM_16_MONO_16KHZ,CRITICAL,train,Critical audio cue to actively preserve during enhancement (radio_communication)
MB_CRIT_RADIO_COMMUNICATION_043,radio_communication_043.wav,radio_communication,Critical Radio Communication,N/A,MARKUSBLUE Calibrated Tactical Acoustic Synthesizer,https://github.com/markusblue/sih26052,MIT Open Source License,true,3.70,16000,1,16,PCM_16_WAV,PCM_16_MONO_16KHZ,CRITICAL,train,Critical audio cue to actively preserve during enhancement (radio_communication)
MB_CRIT_RADIO_COMMUNICATION_044,radio_communication_044.wav,radio_communication,Critical Radio Communication,N/A,MARKUSBLUE Calibrated Tactical Acoustic Synthesizer,https://github.com/markusblue/sih26052,MIT Open Source License,true,3.07,16000,1,16,PCM_16_WAV,PCM_16_MONO_16KHZ,CRITICAL,train,Critical audio cue to actively preserve during enhancement (radio_communication)
MB_CRIT_RADIO_COMMUNICATION_045,radio_communication_045.wav,radio_communication,Critical Radio Communication,N/A,MARKUSBLUE Calibrated Tactical Acoustic Synthesizer,https://github.com/markusblue/sih26052,MIT Open Source License,true,2.87,16000,1,16,PCM_16_WAV,PCM_16_MONO_16KHZ,CRITICAL,train,Critical audio cue to actively preserve during enhancement (radio_communication)
MB_CRIT_RADIO_COMMUNICATION_046,radio_communication_046.wav,radio_communication,Critical Radio Communication,N/A,MARKUSBLUE Calibrated Tactical Acoustic Synthesizer,https://github.com/markusblue/sih26052,MIT Open Source License,true,2.56,16000,1,16,PCM_16_WAV,PCM_16_MONO_16KHZ,CRITICAL,train,Critical audio cue to actively preserve during enhancement (radio_communication)
MB_CRIT_RADIO_COMMUNICATION_047,radio_communication_047.wav,radio_communication,Critical Radio Communication,N/A,MARKUSBLUE Calibrated Tactical Acoustic Synthesizer,https://github.com/markusblue/sih26052,MIT Open Source License,true,2.62,16000,1,16,PCM_16_WAV,PCM_16_MONO_16KHZ,CRITICAL,train,Critical audio cue to actively preserve during enhancement (radio_communication)
MB_CRIT_RADIO_COMMUNICATION_048,radio_communication_048.wav,radio_communication,Critical Radio Communication,N/A,MARKUSBLUE Calibrated Tactical Acoustic Synthesizer,https://github.com/markusblue/sih26052,MIT Open Source License,true,2.97,16000,1,16,PCM_16_WAV,PCM_16_MONO_16KHZ,CRITICAL,validation,Critical audio cue to actively preserve during enhancement (radio_communication)
MB_CRIT_RADIO_COMMUNICATION_049,radio_communication_049.wav,radio_communication,Critical Radio Communication,N/A,MARKUSBLUE Calibrated Tactical Acoustic Synthesizer,https://github.com/markusblue/sih26052,MIT Open Source License,true,3.14,16000,1,16,PCM_16_WAV,PCM_16_MONO_16KHZ,CRITICAL,test,Critical audio cue to actively preserve during enhancement (radio_communication)
MB_CRIT_RADIO_COMMUNICATION_050,radio_communication_050.wav,radio_communication,Critical Radio Communication,N/A,MARKUSBLUE Calibrated Tactical Acoustic Synthesizer,https://github.com/markusblue/sih26052,MIT Open Source License,true,3.62,16000,1,16,PCM_16_WAV,PCM_16_MONO_16KHZ,CRITICAL,train,Critical audio cue to actively preserve during enhancement (radio_communication)
MB_CRIT_RADIO_COMMUNICATION_051,radio_communication_051.wav,radio_communication,Critical Radio Communication,N/A,MARKUSBLUE Calibrated Tactical Acoustic Synthesizer,https://github.com/markusblue/sih26052,MIT Open Source License,true,2.84,16000,1,16,PCM_16_WAV,PCM_16_MONO_16KHZ,CRITICAL,train,Critical audio cue to actively preserve during enhancement (radio_communication)
MB_CRIT_RADIO_COMMUNICATION_052,radio_communication_052.wav,radio_communication,Critical Radio Communication,N/A,MARKUSBLUE Calibrated Tactical Acoustic Synthesizer,https://github.com/markusblue/sih26052,MIT Open Source License,true,3.04,16000,1,16,PCM_16_WAV,PCM_16_MONO_16KHZ,CRITICAL,train,Critical audio cue to actively preserve during enhancement (radio_communication)
MB_CRIT_RADIO_COMMUNICATION_053,radio_communication_053.wav,radio_communication,Critical Radio Communication,N/A,MARKUSBLUE Calibrated Tactical Acoustic Synthesizer,https://github.com/markusblue/sih26052,MIT Open Source License,true,3.48,16000,1,16,PCM_16_WAV,PCM_16_MONO_16KHZ,CRITICAL,train,Critical audio cue to actively preserve during enhancement (radio_communication)
MB_CRIT_RADIO_COMMUNICATION_054,radio_communication_054.wav,radio_communication,Critical Radio Communication,N/A,MARKUSBLUE Calibrated Tactical Acoustic Synthesizer,https://github.com/markusblue/sih26052,MIT Open Source License,true,3.42,16000,1,16,PCM_16_WAV,PCM_16_MONO_16KHZ,CRITICAL,train,Critical audio cue to actively preserve during enhancement (radio_communication)
MB_CRIT_RADIO_COMMUNICATION_055,radio_communication_055.wav,radio_communication,Critical Radio Communication,N/A,MARKUSBLUE Calibrated Tactical Acoustic Synthesizer,https://github.com/markusblue/sih26052,MIT Open Source License,true,3.64,16000,1,16,PCM_16_WAV,PCM_16_MONO_16KHZ,CRITICAL,train,Critical audio cue to actively preserve during enhancement (radio_communication)
MB_CRIT_RADIO_COMMUNICATION_056,radio_communication_056.wav,radio_communication,Critical Radio Communication,N/A,MARKUSBLUE Calibrated Tactical Acoustic Synthesizer,https://github.com/markusblue/sih26052,MIT Open Source License,true,2.88,16000,1,16,PCM_16_WAV,PCM_16_MONO_16KHZ,CRITICAL,train,Critical audio cue to actively preserve during enhancement (radio_communication)
MB_CRIT_RADIO_COMMUNICATION_057,radio_communication_057.wav,radio_communication,Critical Radio Communication,N/A,MARKUSBLUE Calibrated Tactical Acoustic Synthesizer,https://github.com/markusblue/sih26052,MIT Open Source License,true,3.07,16000,1,16,PCM_16_WAV,PCM_16_MONO_16KHZ,CRITICAL,train,Critical audio cue to actively preserve during enhancement (radio_communication)
MB_CRIT_RADIO_COMMUNICATION_058,radio_communication_058.wav,radio_communication,Critical Radio Communication,N/A,MARKUSBLUE Calibrated Tactical Acoustic Synthesizer,https://github.com/markusblue/sih26052,MIT Open Source License,true,2.95,16000,1,16,PCM_16_WAV,PCM_16_MONO_16KHZ,CRITICAL,validation,Critical audio cue to actively preserve during enhancement (radio_communication)
MB_CRIT_RADIO_COMMUNICATION_059,radio_communication_059.wav,radio_communication,Critical Radio Communication,N/A,MARKUSBLUE Calibrated Tactical Acoustic Synthesizer,https://github.com/markusblue/sih26052,MIT Open Source License,true,3.41,16000,1,16,PCM_16_WAV,PCM_16_MONO_16KHZ,CRITICAL,test,Critical audio cue to actively preserve during enhancement (radio_communication)
MB_CRIT_RADIO_COMMUNICATION_060,radio_communication_060.wav,radio_communication,Critical Radio Communication,N/A,MARKUSBLUE Calibrated Tactical Acoustic Synthesizer,https://github.com/markusblue/sih26052,MIT Open Source License,true,3.44,16000,1,16,PCM_16_WAV,PCM_16_MONO_16KHZ,CRITICAL,train,Critical audio cue to actively preserve during enhancement (radio_communication)
MB_CRIT_RADIO_COMMUNICATION_061,radio_communication_061.wav,radio_communication,Critical Radio Communication,N/A,MARKUSBLUE Calibrated Tactical Acoustic Synthesizer,https://github.com/markusblue/sih26052,MIT Open Source License,true,2.58,16000,1,16,PCM_16_WAV,PCM_16_MONO_16KHZ,CRITICAL,train,Critical audio cue to actively preserve during enhancement (radio_communication)
MB_CRIT_RADIO_COMMUNICATION_062,radio_communication_062.wav,radio_communication,Critical Radio Communication,N/A,MARKUSBLUE Calibrated Tactical Acoustic Synthesizer,https://github.com/markusblue/sih26052,MIT Open Source License,true,3.09,16000,1,16,PCM_16_WAV,PCM_16_MONO_16KHZ,CRITICAL,train,Critical audio cue to actively preserve during enhancement (radio_communication)
MB_CRIT_RADIO_COMMUNICATION_063,radio_communication_063.wav,radio_communication,Critical Radio Communication,N/A,MARKUSBLUE Calibrated Tactical Acoustic Synthesizer,https://github.com/markusblue/sih26052,MIT Open Source License,true,3.44,16000,1,16,PCM_16_WAV,PCM_16_MONO_16KHZ,CRITICAL,train,Critical audio cue to actively preserve during enhancement (radio_communication)
MB_CRIT_RADIO_COMMUNICATION_064,radio_communication_064.wav,radio_communication,Critical Radio Communication,N/A,MARKUSBLUE Calibrated Tactical Acoustic Synthesizer,https://github.com/markusblue/sih26052,MIT Open Source License,true,3.63,16000,1,16,PCM_16_WAV,PCM_16_MONO_16KHZ,CRITICAL,train,Critical audio cue to actively preserve during enhancement (radio_communication)
MB_CRIT_RADIO_COMMUNICATION_065,radio_communication_065.wav,radio_communication,Critical Radio Communication,N/A,MARKUSBLUE Calibrated Tactical Acoustic Synthesizer,https://github.com/markusblue/sih26052,MIT Open Source License,true,3.40,16000,1,16,PCM_16_WAV,PCM_16_MONO_16KHZ,CRITICAL,train,Critical audio cue to actively preserve during enhancement (radio_communication)
MB_CRIT_RADIO_COMMUNICATION_066,radio_communication_066.wav,radio_communication,Critical Radio Communication,N/A,MARKUSBLUE Calibrated Tactical Acoustic Synthesizer,https://github.com/markusblue/sih26052,MIT Open Source License,true,2.58,16000,1,16,PCM_16_WAV,PCM_16_MONO_16KHZ,CRITICAL,train,Critical audio cue to actively preserve during enhancement (radio_communication)
MB_CRIT_RADIO_COMMUNICATION_067,radio_communication_067.wav,radio_communication,Critical Radio Communication,N/A,MARKUSBLUE Calibrated Tactical Acoustic Synthesizer,https://github.com/markusblue/sih26052,MIT Open Source License,true,2.72,16000,1,16,PCM_16_WAV,PCM_16_MONO_16KHZ,CRITICAL,train,Critical audio cue to actively preserve during enhancement (radio_communication)
MB_CRIT_RADIO_COMMUNICATION_068,radio_communication_068.wav,radio_communication,Critical Radio Communication,N/A,MARKUSBLUE Calibrated Tactical Acoustic Synthesizer,https://github.com/markusblue/sih26052,MIT Open Source License,true,3.11,16000,1,16,PCM_16_WAV,PCM_16_MONO_16KHZ,CRITICAL,validation,Critical audio cue to actively preserve during enhancement (radio_communication)
MB_CRIT_RADIO_COMMUNICATION_069,radio_communication_069.wav,radio_communication,Critical Radio Communication,N/A,MARKUSBLUE Calibrated Tactical Acoustic Synthesizer,https://github.com/markusblue/sih26052,MIT Open Source License,true,3.66,16000,1,16,PCM_16_WAV,PCM_16_MONO_16KHZ,CRITICAL,test,Critical audio cue to actively preserve during enhancement (radio_communication)
MB_CRIT_RADIO_COMMUNICATION_070,radio_communication_070.wav,radio_communication,Critical Radio Communication,N/A,MARKUSBLUE Calibrated Tactical Acoustic Synthesizer,https://github.com/markusblue/sih26052,MIT Open Source License,true,3.41,16000,1,16,PCM_16_WAV,PCM_16_MONO_16KHZ,CRITICAL,train,Critical audio cue to actively preserve during enhancement (radio_communication)
MB_CRIT_RADIO_COMMUNICATION_071,radio_communication_071.wav,radio_communication,Critical Radio Communication,N/A,MARKUSBLUE Calibrated Tactical Acoustic Synthesizer,https://github.com/markusblue/sih26052,MIT Open Source License,true,2.87,16000,1,16,PCM_16_WAV,PCM_16_MONO_16KHZ,CRITICAL,train,Critical audio cue to actively preserve during enhancement (radio_communication)
MB_CRIT_RADIO_COMMUNICATION_072,radio_communication_072.wav,radio_communication,Critical Radio Communication,N/A,MARKUSBLUE Calibrated Tactical Acoustic Synthesizer,https://github.com/markusblue/sih26052,MIT Open Source License,true,3.63,16000,1,16,PCM_16_WAV,PCM_16_MONO_16KHZ,CRITICAL,train,Critical audio cue to actively preserve during enhancement (radio_communication)
MB_CRIT_RADIO_COMMUNICATION_073,radio_communication_073.wav,radio_communication,Critical Radio Communication,N/A,MARKUSBLUE Calibrated Tactical Acoustic Synthesizer,https://github.com/markusblue/sih26052,MIT Open Source License,true,2.77,16000,1,16,PCM_16_WAV,PCM_16_MONO_16KHZ,CRITICAL,train,Critical audio cue to actively preserve during enhancement (radio_communication)
MB_CRIT_RADIO_COMMUNICATION_074,radio_communication_074.wav,radio_communication,Critical Radio Communication,N/A,MARKUSBLUE Calibrated Tactical Acoustic Synthesizer,https://github.com/markusblue/sih26052,MIT Open Source License,true,2.79,16000,1,16,PCM_16_WAV,PCM_16_MONO_16KHZ,CRITICAL,train,Critical audio cue to actively preserve during enhancement (radio_communication)
MB_CRIT_RADIO_COMMUNICATION_075,radio_communication_075.wav,radio_communication,Critical Radio Communication,N/A,MARKUSBLUE Calibrated Tactical Acoustic Synthesizer,https://github.com/markusblue/sih26052,MIT Open Source License,true,3.56,16000,1,16,PCM_16_WAV,PCM_16_MONO_16KHZ,CRITICAL,train,Critical audio cue to actively preserve during enhancement (radio_communication)
MB_CRIT_RADIO_COMMUNICATION_076,radio_communication_076.wav,radio_communication,Critical Radio Communication,N/A,MARKUSBLUE Calibrated Tactical Acoustic Synthesizer,https://github.com/markusblue/sih26052,MIT Open Source License,true,2.75,16000,1,16,PCM_16_WAV,PCM_16_MONO_16KHZ,CRITICAL,train,Critical audio cue to actively preserve during enhancement (radio_communication)
MB_CRIT_RADIO_COMMUNICATION_077,radio_communication_077.wav,radio_communication,Critical Radio Communication,N/A,MARKUSBLUE Calibrated Tactical Acoustic Synthesizer,https://github.com/markusblue/sih26052,MIT Open Source License,true,3.16,16000,1,16,PCM_16_WAV,PCM_16_MONO_16KHZ,CRITICAL,train,Critical audio cue to actively preserve during enhancement (radio_communication)
MB_CRIT_RADIO_COMMUNICATION_078,radio_communication_078.wav,radio_communication,Critical Radio Communication,N/A,MARKUSBLUE Calibrated Tactical Acoustic Synthesizer,https://github.com/markusblue/sih26052,MIT Open Source License,true,3.58,16000,1,16,PCM_16_WAV,PCM_16_MONO_16KHZ,CRITICAL,validation,Critical audio cue to actively preserve during enhancement (radio_communication)
MB_CRIT_RADIO_COMMUNICATION_079,radio_communication_079.wav,radio_communication,Critical Radio Communication,N/A,MARKUSBLUE Calibrated Tactical Acoustic Synthesizer,https://github.com/markusblue/sih26052,MIT Open Source License,true,2.70,16000,1,16,PCM_16_WAV,PCM_16_MONO_16KHZ,CRITICAL,test,Critical audio cue to actively preserve during enhancement (radio_communication)
MB_CRIT_RADIO_COMMUNICATION_080,radio_communication_080.wav,radio_communication,Critical Radio Communication,N/A,MARKUSBLUE Calibrated Tactical Acoustic Synthesizer,https://github.com/markusblue/sih26052,MIT Open Source License,true,3.09,16000,1,16,PCM_16_WAV,PCM_16_MONO_16KHZ,CRITICAL,train,Critical audio cue to actively preserve during enhancement (radio_communication)
MB_CRIT_RADIO_COMMUNICATION_081,radio_communication_081.wav,radio_communication,Critical Radio Communication,N/A,MARKUSBLUE Calibrated Tactical Acoustic Synthesizer,https://github.com/markusblue/sih26052,MIT Open Source License,true,3.35,16000,1,16,PCM_16_WAV,PCM_16_MONO_16KHZ,CRITICAL,train,Critical audio cue to actively preserve during enhancement (radio_communication)
MB_CRIT_RADIO_COMMUNICATION_082,radio_communication_082.wav,radio_communication,Critical Radio Communication,N/A,MARKUSBLUE Calibrated Tactical Acoustic Synthesizer,https://github.com/markusblue/sih26052,MIT Open Source License,true,2.97,16000,1,16,PCM_16_WAV,PCM_16_MONO_16KHZ,CRITICAL,train,Critical audio cue to actively preserve during enhancement (radio_communication)
MB_CRIT_RADIO_COMMUNICATION_083,radio_communication_083.wav,radio_communication,Critical Radio Communication,N/A,MARKUSBLUE Calibrated Tactical Acoustic Synthesizer,https://github.com/markusblue/sih26052,MIT Open Source License,true,3.02,16000,1,16,PCM_16_WAV,PCM_16_MONO_16KHZ,CRITICAL,train,Critical audio cue to actively preserve during enhancement (radio_communication)
MB_CRIT_RADIO_COMMUNICATION_084,radio_communication_084.wav,radio_communication,Critical Radio Communication,N/A,MARKUSBLUE Calibrated Tactical Acoustic Synthesizer,https://github.com/markusblue/sih26052,MIT Open Source License,true,2.67,16000,1,16,PCM_16_WAV,PCM_16_MONO_16KHZ,CRITICAL,train,Critical audio cue to actively preserve during enhancement (radio_communication)
MB_CRIT_RADIO_COMMUNICATION_085,radio_communication_085.wav,radio_communication,Critical Radio Communication,N/A,MARKUSBLUE Calibrated Tactical Acoustic Synthesizer,https://github.com/markusblue/sih26052,MIT Open Source License,true,2.65,16000,1,16,PCM_16_WAV,PCM_16_MONO_16KHZ,CRITICAL,train,Critical audio cue to actively preserve during enhancement (radio_communication)
MB_CRIT_RADIO_COMMUNICATION_086,radio_communication_086.wav,radio_communication,Critical Radio Communication,N/A,MARKUSBLUE Calibrated Tactical Acoustic Synthesizer,https://github.com/markusblue/sih26052,MIT Open Source License,true,3.00,16000,1,16,PCM_16_WAV,PCM_16_MONO_16KHZ,CRITICAL,train,Critical audio cue to actively preserve during enhancement (radio_communication)
MB_CRIT_RADIO_COMMUNICATION_087,radio_communication_087.wav,radio_communication,Critical Radio Communication,N/A,MARKUSBLUE Calibrated Tactical Acoustic Synthesizer,https://github.com/markusblue/sih26052,MIT Open Source License,true,3.04,16000,1,16,PCM_16_WAV,PCM_16_MONO_16KHZ,CRITICAL,train,Critical audio cue to actively preserve during enhancement (radio_communication)
MB_CRIT_RADIO_COMMUNICATION_088,radio_communication_088.wav,radio_communication,Critical Radio Communication,N/A,MARKUSBLUE Calibrated Tactical Acoustic Synthesizer,https://github.com/markusblue/sih26052,MIT Open Source License,true,2.71,16000,1,16,PCM_16_WAV,PCM_16_MONO_16KHZ,CRITICAL,validation,Critical audio cue to actively preserve during enhancement (radio_communication)
MB_CRIT_RADIO_COMMUNICATION_089,radio_communication_089.wav,radio_communication,Critical Radio Communication,N/A,MARKUSBLUE Calibrated Tactical Acoustic Synthesizer,https://github.com/markusblue/sih26052,MIT Open Source License,true,2.79,16000,1,16,PCM_16_WAV,PCM_16_MONO_16KHZ,CRITICAL,test,Critical audio cue to actively preserve during enhancement (radio_communication)
MB_CRIT_RADIO_COMMUNICATION_090,radio_communication_090.wav,radio_communication,Critical Radio Communication,N/A,MARKUSBLUE Calibrated Tactical Acoustic Synthesizer,https://github.com/markusblue/sih26052,MIT Open Source License,true,2.74,16000,1,16,PCM_16_WAV,PCM_16_MONO_16KHZ,CRITICAL,train,Critical audio cue to actively preserve during enhancement (radio_communication)
MB_CRIT_RADIO_COMMUNICATION_091,radio_communication_091.wav,radio_communication,Critical Radio Communication,N/A,MARKUSBLUE Calibrated Tactical Acoustic Synthesizer,https://github.com/markusblue/sih26052,MIT Open Source License,true,2.61,16000,1,16,PCM_16_WAV,PCM_16_MONO_16KHZ,CRITICAL,train,Critical audio cue to actively preserve during enhancement (radio_communication)
MB_CRIT_RADIO_COMMUNICATION_092,radio_communication_092.wav,radio_communication,Critical Radio Communication,N/A,MARKUSBLUE Calibrated Tactical Acoustic Synthesizer,https://github.com/markusblue/sih26052,MIT Open Source License,true,3.46,16000,1,16,PCM_16_WAV,PCM_16_MONO_16KHZ,CRITICAL,train,Critical audio cue to actively preserve during enhancement (radio_communication)
MB_CRIT_RADIO_COMMUNICATION_093,radio_communication_093.wav,radio_communication,Critical Radio Communication,N/A,MARKUSBLUE Calibrated Tactical Acoustic Synthesizer,https://github.com/markusblue/sih26052,MIT Open Source License,true,2.75,16000,1,16,PCM_16_WAV,PCM_16_MONO_16KHZ,CRITICAL,train,Critical audio cue to actively preserve during enhancement (radio_communication)
MB_CRIT_RADIO_COMMUNICATION_094,radio_communication_094.wav,radio_communication,Critical Radio Communication,N/A,MARKUSBLUE Calibrated Tactical Acoustic Synthesizer,https://github.com/markusblue/sih26052,MIT Open Source License,true,3.21,16000,1,16,PCM_16_WAV,PCM_16_MONO_16KHZ,CRITICAL,train,Critical audio cue to actively preserve during enhancement (radio_communication)
MB_CRIT_RADIO_COMMUNICATION_095,radio_communication_095.wav,radio_communication,Critical Radio Communication,N/A,MARKUSBLUE Calibrated Tactical Acoustic Synthesizer,https://github.com/markusblue/sih26052,MIT Open Source License,true,3.13,16000,1,16,PCM_16_WAV,PCM_16_MONO_16KHZ,CRITICAL,train,Critical audio cue to actively preserve during enhancement (radio_communication)
MB_CRIT_RADIO_COMMUNICATION_096,radio_communication_096.wav,radio_communication,Critical Radio Communication,N/A,MARKUSBLUE Calibrated Tactical Acoustic Synthesizer,https://github.com/markusblue/sih26052,MIT Open Source License,true,2.76,16000,1,16,PCM_16_WAV,PCM_16_MONO_16KHZ,CRITICAL,train,Critical audio cue to actively preserve during enhancement (radio_communication)
MB_CRIT_RADIO_COMMUNICATION_097,radio_communication_097.wav,radio_communication,Critical Radio Communication,N/A,MARKUSBLUE Calibrated Tactical Acoustic Synthesizer,https://github.com/markusblue/sih26052,MIT Open Source License,true,2.54,16000,1,16,PCM_16_WAV,PCM_16_MONO_16KHZ,CRITICAL,train,Critical audio cue to actively preserve during enhancement (radio_communication)
MB_CRIT_RADIO_COMMUNICATION_098,radio_communication_098.wav,radio_communication,Critical Radio Communication,N/A,MARKUSBLUE Calibrated Tactical Acoustic Synthesizer,https://github.com/markusblue/sih26052,MIT Open Source License,true,3.79,16000,1,16,PCM_16_WAV,PCM_16_MONO_16KHZ,CRITICAL,validation,Critical audio cue to actively preserve during enhancement (radio_communication)
MB_CRIT_RADIO_COMMUNICATION_099,radio_communication_099.wav,radio_communication,Critical Radio Communication,N/A,MARKUSBLUE Calibrated Tactical Acoustic Synthesizer,https://github.com/markusblue/sih26052,MIT Open Source License,true,3.46,16000,1,16,PCM_16_WAV,PCM_16_MONO_16KHZ,CRITICAL,test,Critical audio cue to actively preserve during enhancement (radio_communication)
MB_CRIT_RADIO_COMMUNICATION_100,radio_communication_100.wav,radio_communication,Critical Radio Communication,N/A,MARKUSBLUE Calibrated Tactical Acoustic Synthesizer,https://github.com/markusblue/sih26052,MIT Open Source License,true,3.08,16000,1,16,PCM_16_WAV,PCM_16_MONO_16KHZ,CRITICAL,train,Critical audio cue to actively preserve during enhancement (radio_communication)
MB_CRIT_ALARMS_001,alarms_001.wav,alarms,Critical Alarms,N/A,MARKUSBLUE Calibrated Tactical Acoustic Synthesizer,https://github.com/markusblue/sih26052,MIT Open Source License,true,3.22,16000,1,16,PCM_16_WAV,PCM_16_MONO_16KHZ,CRITICAL,train,Critical audio cue to actively preserve during enhancement (alarms)
MB_CRIT_ALARMS_002,alarms_002.wav,alarms,Critical Alarms,N/A,MARKUSBLUE Calibrated Tactical Acoustic Synthesizer,https://github.com/markusblue/sih26052,MIT Open Source License,true,2.65,16000,1,16,PCM_16_WAV,PCM_16_MONO_16KHZ,CRITICAL,train,Critical audio cue to actively preserve during enhancement (alarms)
MB_CRIT_ALARMS_003,alarms_003.wav,alarms,Critical Alarms,N/A,MARKUSBLUE Calibrated Tactical Acoustic Synthesizer,https://github.com/markusblue/sih26052,MIT Open Source License,true,2.67,16000,1,16,PCM_16_WAV,PCM_16_MONO_16KHZ,CRITICAL,train,Critical audio cue to actively preserve during enhancement (alarms)
MB_CRIT_ALARMS_004,alarms_004.wav,alarms,Critical Alarms,N/A,MARKUSBLUE Calibrated Tactical Acoustic Synthesizer,https://github.com/markusblue/sih26052,MIT Open Source License,true,2.70,16000,1,16,PCM_16_WAV,PCM_16_MONO_16KHZ,CRITICAL,train,Critical audio cue to actively preserve during enhancement (alarms)
MB_CRIT_ALARMS_005,alarms_005.wav,alarms,Critical Alarms,N/A,MARKUSBLUE Calibrated Tactical Acoustic Synthesizer,https://github.com/markusblue/sih26052,MIT Open Source License,true,2.99,16000,1,16,PCM_16_WAV,PCM_16_MONO_16KHZ,CRITICAL,train,Critical audio cue to actively preserve during enhancement (alarms)
MB_CRIT_ALARMS_006,alarms_006.wav,alarms,Critical Alarms,N/A,MARKUSBLUE Calibrated Tactical Acoustic Synthesizer,https://github.com/markusblue/sih26052,MIT Open Source License,true,3.21,16000,1,16,PCM_16_WAV,PCM_16_MONO_16KHZ,CRITICAL,train,Critical audio cue to actively preserve during enhancement (alarms)
MB_CRIT_ALARMS_007,alarms_007.wav,alarms,Critical Alarms,N/A,MARKUSBLUE Calibrated Tactical Acoustic Synthesizer,https://github.com/markusblue/sih26052,MIT Open Source License,true,2.84,16000,1,16,PCM_16_WAV,PCM_16_MONO_16KHZ,CRITICAL,train,Critical audio cue to actively preserve during enhancement (alarms)
MB_CRIT_ALARMS_008,alarms_008.wav,alarms,Critical Alarms,N/A,MARKUSBLUE Calibrated Tactical Acoustic Synthesizer,https://github.com/markusblue/sih26052,MIT Open Source License,true,3.27,16000,1,16,PCM_16_WAV,PCM_16_MONO_16KHZ,CRITICAL,validation,Critical audio cue to actively preserve during enhancement (alarms)
MB_CRIT_ALARMS_009,alarms_009.wav,alarms,Critical Alarms,N/A,MARKUSBLUE Calibrated Tactical Acoustic Synthesizer,https://github.com/markusblue/sih26052,MIT Open Source License,true,2.86,16000,1,16,PCM_16_WAV,PCM_16_MONO_16KHZ,CRITICAL,test,Critical audio cue to actively preserve during enhancement (alarms)
MB_CRIT_ALARMS_010,alarms_010.wav,alarms,Critical Alarms,N/A,MARKUSBLUE Calibrated Tactical Acoustic Synthesizer,https://github.com/markusblue/sih26052,MIT Open Source License,true,3.62,16000,1,16,PCM_16_WAV,PCM_16_MONO_16KHZ,CRITICAL,train,Critical audio cue to actively preserve during enhancement (alarms)
MB_CRIT_ALARMS_011,alarms_011.wav,alarms,Critical Alarms,N/A,MARKUSBLUE Calibrated Tactical Acoustic Synthesizer,https://github.com/markusblue/sih26052,MIT Open Source License,true,2.73,16000,1,16,PCM_16_WAV,PCM_16_MONO_16KHZ,CRITICAL,train,Critical audio cue to actively preserve during enhancement (alarms)
MB_CRIT_ALARMS_012,alarms_012.wav,alarms,Critical Alarms,N/A,MARKUSBLUE Calibrated Tactical Acoustic Synthesizer,https://github.com/markusblue/sih26052,MIT Open Source License,true,3.34,16000,1,16,PCM_16_WAV,PCM_16_MONO_16KHZ,CRITICAL,train,Critical audio cue to actively preserve during enhancement (alarms)
MB_CRIT_ALARMS_013,alarms_013.wav,alarms,Critical Alarms,N/A,MARKUSBLUE Calibrated Tactical Acoustic Synthesizer,https://github.com/markusblue/sih26052,MIT Open Source License,true,3.25,16000,1,16,PCM_16_WAV,PCM_16_MONO_16KHZ,CRITICAL,train,Critical audio cue to actively preserve during enhancement (alarms)
MB_CRIT_ALARMS_014,alarms_014.wav,alarms,Critical Alarms,N/A,MARKUSBLUE Calibrated Tactical Acoustic Synthesizer,https://github.com/markusblue/sih26052,MIT Open Source License,true,3.59,16000,1,16,PCM_16_WAV,PCM_16_MONO_16KHZ,CRITICAL,train,Critical audio cue to actively preserve during enhancement (alarms)
MB_CRIT_ALARMS_015,alarms_015.wav,alarms,Critical Alarms,N/A,MARKUSBLUE Calibrated Tactical Acoustic Synthesizer,https://github.com/markusblue/sih26052,MIT Open Source License,true,3.11,16000,1,16,PCM_16_WAV,PCM_16_MONO_16KHZ,CRITICAL,train,Critical audio cue to actively preserve during enhancement (alarms)
MB_CRIT_ALARMS_016,alarms_016.wav,alarms,Critical Alarms,N/A,MARKUSBLUE Calibrated Tactical Acoustic Synthesizer,https://github.com/markusblue/sih26052,MIT Open Source License,true,3.04,16000,1,16,PCM_16_WAV,PCM_16_MONO_16KHZ,CRITICAL,train,Critical audio cue to actively preserve during enhancement (alarms)
MB_CRIT_ALARMS_017,alarms_017.wav,alarms,Critical Alarms,N/A,MARKUSBLUE Calibrated Tactical Acoustic Synthesizer,https://github.com/markusblue/sih26052,MIT Open Source License,true,3.05,16000,1,16,PCM_16_WAV,PCM_16_MONO_16KHZ,CRITICAL,train,Critical audio cue to actively preserve during enhancement (alarms)
MB_CRIT_ALARMS_018,alarms_018.wav,alarms,Critical Alarms,N/A,MARKUSBLUE Calibrated Tactical Acoustic Synthesizer,https://github.com/markusblue/sih26052,MIT Open Source License,true,3.33,16000,1,16,PCM_16_WAV,PCM_16_MONO_16KHZ,CRITICAL,validation,Critical audio cue to actively preserve during enhancement (alarms)
MB_CRIT_ALARMS_019,alarms_019.wav,alarms,Critical Alarms,N/A,MARKUSBLUE Calibrated Tactical Acoustic Synthesizer,https://github.com/markusblue/sih26052,MIT Open Source License,true,3.09,16000,1,16,PCM_16_WAV,PCM_16_MONO_16KHZ,CRITICAL,test,Critical audio cue to actively preserve during enhancement (alarms)
MB_CRIT_ALARMS_020,alarms_020.wav,alarms,Critical Alarms,N/A,MARKUSBLUE Calibrated Tactical Acoustic Synthesizer,https://github.com/markusblue/sih26052,MIT Open Source License,true,3.80,16000,1,16,PCM_16_WAV,PCM_16_MONO_16KHZ,CRITICAL,train,Critical audio cue to actively preserve during enhancement (alarms)
MB_CRIT_ALARMS_021,alarms_021.wav,alarms,Critical Alarms,N/A,MARKUSBLUE Calibrated Tactical Acoustic Synthesizer,https://github.com/markusblue/sih26052,MIT Open Source License,true,2.66,16000,1,16,PCM_16_WAV,PCM_16_MONO_16KHZ,CRITICAL,train,Critical audio cue to actively preserve during enhancement (alarms)
MB_CRIT_ALARMS_022,alarms_022.wav,alarms,Critical Alarms,N/A,MARKUSBLUE Calibrated Tactical Acoustic Synthesizer,https://github.com/markusblue/sih26052,MIT Open Source License,true,3.64,16000,1,16,PCM_16_WAV,PCM_16_MONO_16KHZ,CRITICAL,train,Critical audio cue to actively preserve during enhancement (alarms)
MB_CRIT_ALARMS_023,alarms_023.wav,alarms,Critical Alarms,N/A,MARKUSBLUE Calibrated Tactical Acoustic Synthesizer,https://github.com/markusblue/sih26052,MIT Open Source License,true,2.99,16000,1,16,PCM_16_WAV,PCM_16_MONO_16KHZ,CRITICAL,train,Critical audio cue to actively preserve during enhancement (alarms)
MB_CRIT_ALARMS_024,alarms_024.wav,alarms,Critical Alarms,N/A,MARKUSBLUE Calibrated Tactical Acoustic Synthesizer,https://github.com/markusblue/sih26052,MIT Open Source License,true,2.56,16000,1,16,PCM_16_WAV,PCM_16_MONO_16KHZ,CRITICAL,train,Critical audio cue to actively preserve during enhancement (alarms)
MB_CRIT_ALARMS_025,alarms_025.wav,alarms,Critical Alarms,N/A,MARKUSBLUE Calibrated Tactical Acoustic Synthesizer,https://github.com/markusblue/sih26052,MIT Open Source License,true,2.59,16000,1,16,PCM_16_WAV,PCM_16_MONO_16KHZ,CRITICAL,train,Critical audio cue to actively preserve during enhancement (alarms)
MB_CRIT_ALARMS_026,alarms_026.wav,alarms,Critical Alarms,N/A,MARKUSBLUE Calibrated Tactical Acoustic Synthesizer,https://github.com/markusblue/sih26052,MIT Open Source License,true,3.18,16000,1,16,PCM_16_WAV,PCM_16_MONO_16KHZ,CRITICAL,train,Critical audio cue to actively preserve during enhancement (alarms)
MB_CRIT_ALARMS_027,alarms_027.wav,alarms,Critical Alarms,N/A,MARKUSBLUE Calibrated Tactical Acoustic Synthesizer,https://github.com/markusblue/sih26052,MIT Open Source License,true,2.98,16000,1,16,PCM_16_WAV,PCM_16_MONO_16KHZ,CRITICAL,train,Critical audio cue to actively preserve during enhancement (alarms)
MB_CRIT_ALARMS_028,alarms_028.wav,alarms,Critical Alarms,N/A,MARKUSBLUE Calibrated Tactical Acoustic Synthesizer,https://github.com/markusblue/sih26052,MIT Open Source License,true,3.18,16000,1,16,PCM_16_WAV,PCM_16_MONO_16KHZ,CRITICAL,validation,Critical audio cue to actively preserve during enhancement (alarms)
MB_CRIT_ALARMS_029,alarms_029.wav,alarms,Critical Alarms,N/A,MARKUSBLUE Calibrated Tactical Acoustic Synthesizer,https://github.com/markusblue/sih26052,MIT Open Source License,true,3.55,16000,1,16,PCM_16_WAV,PCM_16_MONO_16KHZ,CRITICAL,test,Critical audio cue to actively preserve during enhancement (alarms)
MB_CRIT_ALARMS_030,alarms_030.wav,alarms,Critical Alarms,N/A,MARKUSBLUE Calibrated Tactical Acoustic Synthesizer,https://github.com/markusblue/sih26052,MIT Open Source License,true,3.25,16000,1,16,PCM_16_WAV,PCM_16_MONO_16KHZ,CRITICAL,train,Critical audio cue to actively preserve during enhancement (alarms)
MB_CRIT_ALARMS_031,alarms_031.wav,alarms,Critical Alarms,N/A,MARKUSBLUE Calibrated Tactical Acoustic Synthesizer,https://github.com/markusblue/sih26052,MIT Open Source License,true,2.77,16000,1,16,PCM_16_WAV,PCM_16_MONO_16KHZ,CRITICAL,train,Critical audio cue to actively preserve during enhancement (alarms)
MB_CRIT_ALARMS_032,alarms_032.wav,alarms,Critical Alarms,N/A,MARKUSBLUE Calibrated Tactical Acoustic Synthesizer,https://github.com/markusblue/sih26052,MIT Open Source License,true,2.80,16000,1,16,PCM_16_WAV,PCM_16_MONO_16KHZ,CRITICAL,train,Critical audio cue to actively preserve during enhancement (alarms)
MB_CRIT_ALARMS_033,alarms_033.wav,alarms,Critical Alarms,N/A,MARKUSBLUE Calibrated Tactical Acoustic Synthesizer,https://github.com/markusblue/sih26052,MIT Open Source License,true,2.75,16000,1,16,PCM_16_WAV,PCM_16_MONO_16KHZ,CRITICAL,train,Critical audio cue to actively preserve during enhancement (alarms)
MB_CRIT_ALARMS_034,alarms_034.wav,alarms,Critical Alarms,N/A,MARKUSBLUE Calibrated Tactical Acoustic Synthesizer,https://github.com/markusblue/sih26052,MIT Open Source License,true,3.79,16000,1,16,PCM_16_WAV,PCM_16_MONO_16KHZ,CRITICAL,train,Critical audio cue to actively preserve during enhancement (alarms)
MB_CRIT_ALARMS_035,alarms_035.wav,alarms,Critical Alarms,N/A,MARKUSBLUE Calibrated Tactical Acoustic Synthesizer,https://github.com/markusblue/sih26052,MIT Open Source License,true,3.43,16000,1,16,PCM_16_WAV,PCM_16_MONO_16KHZ,CRITICAL,train,Critical audio cue to actively preserve during enhancement (alarms)
MB_CRIT_ALARMS_036,alarms_036.wav,alarms,Critical Alarms,N/A,MARKUSBLUE Calibrated Tactical Acoustic Synthesizer,https://github.com/markusblue/sih26052,MIT Open Source License,true,3.25,16000,1,16,PCM_16_WAV,PCM_16_MONO_16KHZ,CRITICAL,train,Critical audio cue to actively preserve during enhancement (alarms)
MB_CRIT_ALARMS_037,alarms_037.wav,alarms,Critical Alarms,N/A,MARKUSBLUE Calibrated Tactical Acoustic Synthesizer,https://github.com/markusblue/sih26052,MIT Open Source License,true,2.77,16000,1,16,PCM_16_WAV,PCM_16_MONO_16KHZ,CRITICAL,train,Critical audio cue to actively preserve during enhancement (alarms)
MB_CRIT_ALARMS_038,alarms_038.wav,alarms,Critical Alarms,N/A,MARKUSBLUE Calibrated Tactical Acoustic Synthesizer,https://github.com/markusblue/sih26052,MIT Open Source License,true,2.79,16000,1,16,PCM_16_WAV,PCM_16_MONO_16KHZ,CRITICAL,validation,Critical audio cue to actively preserve during enhancement (alarms)
MB_CRIT_ALARMS_039,alarms_039.wav,alarms,Critical Alarms,N/A,MARKUSBLUE Calibrated Tactical Acoustic Synthesizer,https://github.com/markusblue/sih26052,MIT Open Source License,true,2.73,16000,1,16,PCM_16_WAV,PCM_16_MONO_16KHZ,CRITICAL,test,Critical audio cue to actively preserve during enhancement (alarms)
MB_CRIT_ALARMS_040,alarms_040.wav,alarms,Critical Alarms,N/A,MARKUSBLUE Calibrated Tactical Acoustic Synthesizer,https://github.com/markusblue/sih26052,MIT Open Source License,true,3.58,16000,1,16,PCM_16_WAV,PCM_16_MONO_16KHZ,CRITICAL,train,Critical audio cue to actively preserve during enhancement (alarms)
MB_CRIT_ALARMS_041,alarms_041.wav,alarms,Critical Alarms,N/A,MARKUSBLUE Calibrated Tactical Acoustic Synthesizer,https://github.com/markusblue/sih26052,MIT Open Source License,true,3.69,16000,1,16,PCM_16_WAV,PCM_16_MONO_16KHZ,CRITICAL,train,Critical audio cue to actively preserve during enhancement (alarms)
MB_CRIT_ALARMS_042,alarms_042.wav,alarms,Critical Alarms,N/A,MARKUSBLUE Calibrated Tactical Acoustic Synthesizer,https://github.com/markusblue/sih26052,MIT Open Source License,true,2.67,16000,1,16,PCM_16_WAV,PCM_16_MONO_16KHZ,CRITICAL,train,Critical audio cue to actively preserve during enhancement (alarms)
MB_CRIT_ALARMS_043,alarms_043.wav,alarms,Critical Alarms,N/A,MARKUSBLUE Calibrated Tactical Acoustic Synthesizer,https://github.com/markusblue/sih26052,MIT Open Source License,true,2.64,16000,1,16,PCM_16_WAV,PCM_16_MONO_16KHZ,CRITICAL,train,Critical audio cue to actively preserve during enhancement (alarms)
MB_CRIT_ALARMS_044,alarms_044.wav,alarms,Critical Alarms,N/A,MARKUSBLUE Calibrated Tactical Acoustic Synthesizer,https://github.com/markusblue/sih26052,MIT Open Source License,true,2.58,16000,1,16,PCM_16_WAV,PCM_16_MONO_16KHZ,CRITICAL,train,Critical audio cue to actively preserve during enhancement (alarms)
MB_CRIT_ALARMS_045,alarms_045.wav,alarms,Critical Alarms,N/A,MARKUSBLUE Calibrated Tactical Acoustic Synthesizer,https://github.com/markusblue/sih26052,MIT Open Source License,true,3.62,16000,1,16,PCM_16_WAV,PCM_16_MONO_16KHZ,CRITICAL,train,Critical audio cue to actively preserve during enhancement (alarms)
MB_CRIT_ALARMS_046,alarms_046.wav,alarms,Critical Alarms,N/A,MARKUSBLUE Calibrated Tactical Acoustic Synthesizer,https://github.com/markusblue/sih26052,MIT Open Source License,true,3.42,16000,1,16,PCM_16_WAV,PCM_16_MONO_16KHZ,CRITICAL,train,Critical audio cue to actively preserve during enhancement (alarms)
MB_CRIT_ALARMS_047,alarms_047.wav,alarms,Critical Alarms,N/A,MARKUSBLUE Calibrated Tactical Acoustic Synthesizer,https://github.com/markusblue/sih26052,MIT Open Source License,true,2.83,16000,1,16,PCM_16_WAV,PCM_16_MONO_16KHZ,CRITICAL,train,Critical audio cue to actively preserve during enhancement (alarms)
MB_CRIT_ALARMS_048,alarms_048.wav,alarms,Critical Alarms,N/A,MARKUSBLUE Calibrated Tactical Acoustic Synthesizer,https://github.com/markusblue/sih26052,MIT Open Source License,true,2.81,16000,1,16,PCM_16_WAV,PCM_16_MONO_16KHZ,CRITICAL,validation,Critical audio cue to actively preserve during enhancement (alarms)
MB_CRIT_ALARMS_049,alarms_049.wav,alarms,Critical Alarms,N/A,MARKUSBLUE Calibrated Tactical Acoustic Synthesizer,https://github.com/markusblue/sih26052,MIT Open Source License,true,2.93,16000,1,16,PCM_16_WAV,PCM_16_MONO_16KHZ,CRITICAL,test,Critical audio cue to actively preserve during enhancement (alarms)
MB_CRIT_ALARMS_050,alarms_050.wav,alarms,Critical Alarms,N/A,MARKUSBLUE Calibrated Tactical Acoustic Synthesizer,https://github.com/markusblue/sih26052,MIT Open Source License,true,3.29,16000,1,16,PCM_16_WAV,PCM_16_MONO_16KHZ,CRITICAL,train,Critical audio cue to actively preserve during enhancement (alarms)
MB_CRIT_ALARMS_051,alarms_051.wav,alarms,Critical Alarms,N/A,MARKUSBLUE Calibrated Tactical Acoustic Synthesizer,https://github.com/markusblue/sih26052,MIT Open Source License,true,3.59,16000,1,16,PCM_16_WAV,PCM_16_MONO_16KHZ,CRITICAL,train,Critical audio cue to actively preserve during enhancement (alarms)
MB_CRIT_ALARMS_052,alarms_052.wav,alarms,Critical Alarms,N/A,MARKUSBLUE Calibrated Tactical Acoustic Synthesizer,https://github.com/markusblue/sih26052,MIT Open Source License,true,3.19,16000,1,16,PCM_16_WAV,PCM_16_MONO_16KHZ,CRITICAL,train,Critical audio cue to actively preserve during enhancement (alarms)
MB_CRIT_ALARMS_053,alarms_053.wav,alarms,Critical Alarms,N/A,MARKUSBLUE Calibrated Tactical Acoustic Synthesizer,https://github.com/markusblue/sih26052,MIT Open Source License,true,3.50,16000,1,16,PCM_16_WAV,PCM_16_MONO_16KHZ,CRITICAL,train,Critical audio cue to actively preserve during enhancement (alarms)
MB_CRIT_ALARMS_054,alarms_054.wav,alarms,Critical Alarms,N/A,MARKUSBLUE Calibrated Tactical Acoustic Synthesizer,https://github.com/markusblue/sih26052,MIT Open Source License,true,2.64,16000,1,16,PCM_16_WAV,PCM_16_MONO_16KHZ,CRITICAL,train,Critical audio cue to actively preserve during enhancement (alarms)
MB_CRIT_ALARMS_055,alarms_055.wav,alarms,Critical Alarms,N/A,MARKUSBLUE Calibrated Tactical Acoustic Synthesizer,https://github.com/markusblue/sih26052,MIT Open Source License,true,2.65,16000,1,16,PCM_16_WAV,PCM_16_MONO_16KHZ,CRITICAL,train,Critical audio cue to actively preserve during enhancement (alarms)
MB_CRIT_ALARMS_056,alarms_056.wav,alarms,Critical Alarms,N/A,MARKUSBLUE Calibrated Tactical Acoustic Synthesizer,https://github.com/markusblue/sih26052,MIT Open Source License,true,3.22,16000,1,16,PCM_16_WAV,PCM_16_MONO_16KHZ,CRITICAL,train,Critical audio cue to actively preserve during enhancement (alarms)
MB_CRIT_ALARMS_057,alarms_057.wav,alarms,Critical Alarms,N/A,MARKUSBLUE Calibrated Tactical Acoustic Synthesizer,https://github.com/markusblue/sih26052,MIT Open Source License,true,3.73,16000,1,16,PCM_16_WAV,PCM_16_MONO_16KHZ,CRITICAL,train,Critical audio cue to actively preserve during enhancement (alarms)
MB_CRIT_ALARMS_058,alarms_058.wav,alarms,Critical Alarms,N/A,MARKUSBLUE Calibrated Tactical Acoustic Synthesizer,https://github.com/markusblue/sih26052,MIT Open Source License,true,2.80,16000,1,16,PCM_16_WAV,PCM_16_MONO_16KHZ,CRITICAL,validation,Critical audio cue to actively preserve during enhancement (alarms)
MB_CRIT_ALARMS_059,alarms_059.wav,alarms,Critical Alarms,N/A,MARKUSBLUE Calibrated Tactical Acoustic Synthesizer,https://github.com/markusblue/sih26052,MIT Open Source License,true,3.78,16000,1,16,PCM_16_WAV,PCM_16_MONO_16KHZ,CRITICAL,test,Critical audio cue to actively preserve during enhancement (alarms)
MB_CRIT_ALARMS_060,alarms_060.wav,alarms,Critical Alarms,N/A,MARKUSBLUE Calibrated Tactical Acoustic Synthesizer,https://github.com/markusblue/sih26052,MIT Open Source License,true,3.54,16000,1,16,PCM_16_WAV,PCM_16_MONO_16KHZ,CRITICAL,train,Critical audio cue to actively preserve during enhancement (alarms)
MB_CRIT_ALARMS_061,alarms_061.wav,alarms,Critical Alarms,N/A,MARKUSBLUE Calibrated Tactical Acoustic Synthesizer,https://github.com/markusblue/sih26052,MIT Open Source License,true,2.88,16000,1,16,PCM_16_WAV,PCM_16_MONO_16KHZ,CRITICAL,train,Critical audio cue to actively preserve during enhancement (alarms)
MB_CRIT_ALARMS_062,alarms_062.wav,alarms,Critical Alarms,N/A,MARKUSBLUE Calibrated Tactical Acoustic Synthesizer,https://github.com/markusblue/sih26052,MIT Open Source License,true,3.21,16000,1,16,PCM_16_WAV,PCM_16_MONO_16KHZ,CRITICAL,train,Critical audio cue to actively preserve during enhancement (alarms)
MB_CRIT_ALARMS_063,alarms_063.wav,alarms,Critical Alarms,N/A,MARKUSBLUE Calibrated Tactical Acoustic Synthesizer,https://github.com/markusblue/sih26052,MIT Open Source License,true,3.03,16000,1,16,PCM_16_WAV,PCM_16_MONO_16KHZ,CRITICAL,train,Critical audio cue to actively preserve during enhancement (alarms)
MB_CRIT_ALARMS_064,alarms_064.wav,alarms,Critical Alarms,N/A,MARKUSBLUE Calibrated Tactical Acoustic Synthesizer,https://github.com/markusblue/sih26052,MIT Open Source License,true,3.17,16000,1,16,PCM_16_WAV,PCM_16_MONO_16KHZ,CRITICAL,train,Critical audio cue to actively preserve during enhancement (alarms)
MB_CRIT_ALARMS_065,alarms_065.wav,alarms,Critical Alarms,N/A,MARKUSBLUE Calibrated Tactical Acoustic Synthesizer,https://github.com/markusblue/sih26052,MIT Open Source License,true,3.02,16000,1,16,PCM_16_WAV,PCM_16_MONO_16KHZ,CRITICAL,train,Critical audio cue to actively preserve during enhancement (alarms)
MB_CRIT_ALARMS_066,alarms_066.wav,alarms,Critical Alarms,N/A,MARKUSBLUE Calibrated Tactical Acoustic Synthesizer,https://github.com/markusblue/sih26052,MIT Open Source License,true,2.55,16000,1,16,PCM_16_WAV,PCM_16_MONO_16KHZ,CRITICAL,train,Critical audio cue to actively preserve during enhancement (alarms)
MB_CRIT_ALARMS_067,alarms_067.wav,alarms,Critical Alarms,N/A,MARKUSBLUE Calibrated Tactical Acoustic Synthesizer,https://github.com/markusblue/sih26052,MIT Open Source License,true,3.53,16000,1,16,PCM_16_WAV,PCM_16_MONO_16KHZ,CRITICAL,train,Critical audio cue to actively preserve during enhancement (alarms)
MB_CRIT_ALARMS_068,alarms_068.wav,alarms,Critical Alarms,N/A,MARKUSBLUE Calibrated Tactical Acoustic Synthesizer,https://github.com/markusblue/sih26052,MIT Open Source License,true,3.64,16000,1,16,PCM_16_WAV,PCM_16_MONO_16KHZ,CRITICAL,validation,Critical audio cue to actively preserve during enhancement (alarms)
MB_CRIT_ALARMS_069,alarms_069.wav,alarms,Critical Alarms,N/A,MARKUSBLUE Calibrated Tactical Acoustic Synthesizer,https://github.com/markusblue/sih26052,MIT Open Source License,true,3.36,16000,1,16,PCM_16_WAV,PCM_16_MONO_16KHZ,CRITICAL,test,Critical audio cue to actively preserve during enhancement (alarms)
MB_CRIT_ALARMS_070,alarms_070.wav,alarms,Critical Alarms,N/A,MARKUSBLUE Calibrated Tactical Acoustic Synthesizer,https://github.com/markusblue/sih26052,MIT Open Source License,true,2.61,16000,1,16,PCM_16_WAV,PCM_16_MONO_16KHZ,CRITICAL,train,Critical audio cue to actively preserve during enhancement (alarms)
MB_CRIT_ALARMS_071,alarms_071.wav,alarms,Critical Alarms,N/A,MARKUSBLUE Calibrated Tactical Acoustic Synthesizer,https://github.com/markusblue/sih26052,MIT Open Source License,true,2.97,16000,1,16,PCM_16_WAV,PCM_16_MONO_16KHZ,CRITICAL,train,Critical audio cue to actively preserve during enhancement (alarms)
MB_CRIT_ALARMS_072,alarms_072.wav,alarms,Critical Alarms,N/A,MARKUSBLUE Calibrated Tactical Acoustic Synthesizer,https://github.com/markusblue/sih26052,MIT Open Source License,true,3.21,16000,1,16,PCM_16_WAV,PCM_16_MONO_16KHZ,CRITICAL,train,Critical audio cue to actively preserve during enhancement (alarms)
MB_CRIT_ALARMS_073,alarms_073.wav,alarms,Critical Alarms,N/A,MARKUSBLUE Calibrated Tactical Acoustic Synthesizer,https://github.com/markusblue/sih26052,MIT Open Source License,true,3.00,16000,1,16,PCM_16_WAV,PCM_16_MONO_16KHZ,CRITICAL,train,Critical audio cue to actively preserve during enhancement (alarms)
MB_CRIT_ALARMS_074,alarms_074.wav,alarms,Critical Alarms,N/A,MARKUSBLUE Calibrated Tactical Acoustic Synthesizer,https://github.com/markusblue/sih26052,MIT Open Source License,true,3.59,16000,1,16,PCM_16_WAV,PCM_16_MONO_16KHZ,CRITICAL,train,Critical audio cue to actively preserve during enhancement (alarms)
MB_CRIT_ALARMS_075,alarms_075.wav,alarms,Critical Alarms,N/A,MARKUSBLUE Calibrated Tactical Acoustic Synthesizer,https://github.com/markusblue/sih26052,MIT Open Source License,true,2.85,16000,1,16,PCM_16_WAV,PCM_16_MONO_16KHZ,CRITICAL,train,Critical audio cue to actively preserve during enhancement (alarms)
MB_CRIT_ALARMS_076,alarms_076.wav,alarms,Critical Alarms,N/A,MARKUSBLUE Calibrated Tactical Acoustic Synthesizer,https://github.com/markusblue/sih26052,MIT Open Source License,true,3.29,16000,1,16,PCM_16_WAV,PCM_16_MONO_16KHZ,CRITICAL,train,Critical audio cue to actively preserve during enhancement (alarms)
MB_CRIT_ALARMS_077,alarms_077.wav,alarms,Critical Alarms,N/A,MARKUSBLUE Calibrated Tactical Acoustic Synthesizer,https://github.com/markusblue/sih26052,MIT Open Source License,true,2.72,16000,1,16,PCM_16_WAV,PCM_16_MONO_16KHZ,CRITICAL,train,Critical audio cue to actively preserve during enhancement (alarms)
MB_CRIT_ALARMS_078,alarms_078.wav,alarms,Critical Alarms,N/A,MARKUSBLUE Calibrated Tactical Acoustic Synthesizer,https://github.com/markusblue/sih26052,MIT Open Source License,true,2.91,16000,1,16,PCM_16_WAV,PCM_16_MONO_16KHZ,CRITICAL,validation,Critical audio cue to actively preserve during enhancement (alarms)
MB_CRIT_ALARMS_079,alarms_079.wav,alarms,Critical Alarms,N/A,MARKUSBLUE Calibrated Tactical Acoustic Synthesizer,https://github.com/markusblue/sih26052,MIT Open Source License,true,2.69,16000,1,16,PCM_16_WAV,PCM_16_MONO_16KHZ,CRITICAL,test,Critical audio cue to actively preserve during enhancement (alarms)
MB_CRIT_ALARMS_080,alarms_080.wav,alarms,Critical Alarms,N/A,MARKUSBLUE Calibrated Tactical Acoustic Synthesizer,https://github.com/markusblue/sih26052,MIT Open Source License,true,3.63,16000,1,16,PCM_16_WAV,PCM_16_MONO_16KHZ,CRITICAL,train,Critical audio cue to actively preserve during enhancement (alarms)
MB_CRIT_ALARMS_081,alarms_081.wav,alarms,Critical Alarms,N/A,MARKUSBLUE Calibrated Tactical Acoustic Synthesizer,https://github.com/markusblue/sih26052,MIT Open Source License,true,3.37,16000,1,16,PCM_16_WAV,PCM_16_MONO_16KHZ,CRITICAL,train,Critical audio cue to actively preserve during enhancement (alarms)
MB_CRIT_ALARMS_082,alarms_082.wav,alarms,Critical Alarms,N/A,MARKUSBLUE Calibrated Tactical Acoustic Synthesizer,https://github.com/markusblue/sih26052,MIT Open Source License,true,2.96,16000,1,16,PCM_16_WAV,PCM_16_MONO_16KHZ,CRITICAL,train,Critical audio cue to actively preserve during enhancement (alarms)
MB_CRIT_ALARMS_083,alarms_083.wav,alarms,Critical Alarms,N/A,MARKUSBLUE Calibrated Tactical Acoustic Synthesizer,https://github.com/markusblue/sih26052,MIT Open Source License,true,2.70,16000,1,16,PCM_16_WAV,PCM_16_MONO_16KHZ,CRITICAL,train,Critical audio cue to actively preserve during enhancement (alarms)
MB_CRIT_ALARMS_084,alarms_084.wav,alarms,Critical Alarms,N/A,MARKUSBLUE Calibrated Tactical Acoustic Synthesizer,https://github.com/markusblue/sih26052,MIT Open Source License,true,3.05,16000,1,16,PCM_16_WAV,PCM_16_MONO_16KHZ,CRITICAL,train,Critical audio cue to actively preserve during enhancement (alarms)
MB_CRIT_ALARMS_085,alarms_085.wav,alarms,Critical Alarms,N/A,MARKUSBLUE Calibrated Tactical Acoustic Synthesizer,https://github.com/markusblue/sih26052,MIT Open Source License,true,3.09,16000,1,16,PCM_16_WAV,PCM_16_MONO_16KHZ,CRITICAL,train,Critical audio cue to actively preserve during enhancement (alarms)
MB_CRIT_ALARMS_086,alarms_086.wav,alarms,Critical Alarms,N/A,MARKUSBLUE Calibrated Tactical Acoustic Synthesizer,https://github.com/markusblue/sih26052,MIT Open Source License,true,3.23,16000,1,16,PCM_16_WAV,PCM_16_MONO_16KHZ,CRITICAL,train,Critical audio cue to actively preserve during enhancement (alarms)
MB_CRIT_ALARMS_087,alarms_087.wav,alarms,Critical Alarms,N/A,MARKUSBLUE Calibrated Tactical Acoustic Synthesizer,https://github.com/markusblue/sih26052,MIT Open Source License,true,3.51,16000,1,16,PCM_16_WAV,PCM_16_MONO_16KHZ,CRITICAL,train,Critical audio cue to actively preserve during enhancement (alarms)
MB_CRIT_ALARMS_088,alarms_088.wav,alarms,Critical Alarms,N/A,MARKUSBLUE Calibrated Tactical Acoustic Synthesizer,https://github.com/markusblue/sih26052,MIT Open Source License,true,2.69,16000,1,16,PCM_16_WAV,PCM_16_MONO_16KHZ,CRITICAL,validation,Critical audio cue to actively preserve during enhancement (alarms)
MB_CRIT_ALARMS_089,alarms_089.wav,alarms,Critical Alarms,N/A,MARKUSBLUE Calibrated Tactical Acoustic Synthesizer,https://github.com/markusblue/sih26052,MIT Open Source License,true,2.65,16000,1,16,PCM_16_WAV,PCM_16_MONO_16KHZ,CRITICAL,test,Critical audio cue to actively preserve during enhancement (alarms)
MB_CRIT_ALARMS_090,alarms_090.wav,alarms,Critical Alarms,N/A,MARKUSBLUE Calibrated Tactical Acoustic Synthesizer,https://github.com/markusblue/sih26052,MIT Open Source License,true,2.95,16000,1,16,PCM_16_WAV,PCM_16_MONO_16KHZ,CRITICAL,train,Critical audio cue to actively preserve during enhancement (alarms)
MB_CRIT_ALARMS_091,alarms_091.wav,alarms,Critical Alarms,N/A,MARKUSBLUE Calibrated Tactical Acoustic Synthesizer,https://github.com/markusblue/sih26052,MIT Open Source License,true,2.91,16000,1,16,PCM_16_WAV,PCM_16_MONO_16KHZ,CRITICAL,train,Critical audio cue to actively preserve during enhancement (alarms)
MB_CRIT_ALARMS_092,alarms_092.wav,alarms,Critical Alarms,N/A,MARKUSBLUE Calibrated Tactical Acoustic Synthesizer,https://github.com/markusblue/sih26052,MIT Open Source License,true,2.52,16000,1,16,PCM_16_WAV,PCM_16_MONO_16KHZ,CRITICAL,train,Critical audio cue to actively preserve during enhancement (alarms)
MB_CRIT_ALARMS_093,alarms_093.wav,alarms,Critical Alarms,N/A,MARKUSBLUE Calibrated Tactical Acoustic Synthesizer,https://github.com/markusblue/sih26052,MIT Open Source License,true,3.74,16000,1,16,PCM_16_WAV,PCM_16_MONO_16KHZ,CRITICAL,train,Critical audio cue to actively preserve during enhancement (alarms)
MB_CRIT_ALARMS_094,alarms_094.wav,alarms,Critical Alarms,N/A,MARKUSBLUE Calibrated Tactical Acoustic Synthesizer,https://github.com/markusblue/sih26052,MIT Open Source License,true,3.47,16000,1,16,PCM_16_WAV,PCM_16_MONO_16KHZ,CRITICAL,train,Critical audio cue to actively preserve during enhancement (alarms)
MB_CRIT_ALARMS_095,alarms_095.wav,alarms,Critical Alarms,N/A,MARKUSBLUE Calibrated Tactical Acoustic Synthesizer,https://github.com/markusblue/sih26052,MIT Open Source License,true,3.16,16000,1,16,PCM_16_WAV,PCM_16_MONO_16KHZ,CRITICAL,train,Critical audio cue to actively preserve during enhancement (alarms)
MB_CRIT_ALARMS_096,alarms_096.wav,alarms,Critical Alarms,N/A,MARKUSBLUE Calibrated Tactical Acoustic Synthesizer,https://github.com/markusblue/sih26052,MIT Open Source License,true,3.75,16000,1,16,PCM_16_WAV,PCM_16_MONO_16KHZ,CRITICAL,train,Critical audio cue to actively preserve during enhancement (alarms)
MB_CRIT_ALARMS_097,alarms_097.wav,alarms,Critical Alarms,N/A,MARKUSBLUE Calibrated Tactical Acoustic Synthesizer,https://github.com/markusblue/sih26052,MIT Open Source License,true,3.65,16000,1,16,PCM_16_WAV,PCM_16_MONO_16KHZ,CRITICAL,train,Critical audio cue to actively preserve during enhancement (alarms)
MB_CRIT_ALARMS_098,alarms_098.wav,alarms,Critical Alarms,N/A,MARKUSBLUE Calibrated Tactical Acoustic Synthesizer,https://github.com/markusblue/sih26052,MIT Open Source License,true,2.85,16000,1,16,PCM_16_WAV,PCM_16_MONO_16KHZ,CRITICAL,validation,Critical audio cue to actively preserve during enhancement (alarms)
MB_CRIT_ALARMS_099,alarms_099.wav,alarms,Critical Alarms,N/A,MARKUSBLUE Calibrated Tactical Acoustic Synthesizer,https://github.com/markusblue/sih26052,MIT Open Source License,true,3.04,16000,1,16,PCM_16_WAV,PCM_16_MONO_16KHZ,CRITICAL,test,Critical audio cue to actively preserve during enhancement (alarms)
MB_CRIT_ALARMS_100,alarms_100.wav,alarms,Critical Alarms,N/A,MARKUSBLUE Calibrated Tactical Acoustic Synthesizer,https://github.com/markusblue/sih26052,MIT Open Source License,true,3.00,16000,1,16,PCM_16_WAV,PCM_16_MONO_16KHZ,CRITICAL,train,Critical audio cue to actively preserve during enhancement (alarms)
MB_CRIT_SIRENS_001,sirens_001.wav,sirens,Critical Sirens,N/A,MARKUSBLUE Calibrated Tactical Acoustic Synthesizer,https://github.com/markusblue/sih26052,MIT Open Source License,true,3.17,16000,1,16,PCM_16_WAV,PCM_16_MONO_16KHZ,CRITICAL,train,Critical audio cue to actively preserve during enhancement (sirens)
MB_CRIT_SIRENS_002,sirens_002.wav,sirens,Critical Sirens,N/A,MARKUSBLUE Calibrated Tactical Acoustic Synthesizer,https://github.com/markusblue/sih26052,MIT Open Source License,true,3.52,16000,1,16,PCM_16_WAV,PCM_16_MONO_16KHZ,CRITICAL,train,Critical audio cue to actively preserve during enhancement (sirens)
MB_CRIT_SIRENS_003,sirens_003.wav,sirens,Critical Sirens,N/A,MARKUSBLUE Calibrated Tactical Acoustic Synthesizer,https://github.com/markusblue/sih26052,MIT Open Source License,true,3.78,16000,1,16,PCM_16_WAV,PCM_16_MONO_16KHZ,CRITICAL,train,Critical audio cue to actively preserve during enhancement (sirens)
MB_CRIT_SIRENS_004,sirens_004.wav,sirens,Critical Sirens,N/A,MARKUSBLUE Calibrated Tactical Acoustic Synthesizer,https://github.com/markusblue/sih26052,MIT Open Source License,true,3.42,16000,1,16,PCM_16_WAV,PCM_16_MONO_16KHZ,CRITICAL,train,Critical audio cue to actively preserve during enhancement (sirens)
MB_CRIT_SIRENS_005,sirens_005.wav,sirens,Critical Sirens,N/A,MARKUSBLUE Calibrated Tactical Acoustic Synthesizer,https://github.com/markusblue/sih26052,MIT Open Source License,true,2.81,16000,1,16,PCM_16_WAV,PCM_16_MONO_16KHZ,CRITICAL,train,Critical audio cue to actively preserve during enhancement (sirens)
MB_CRIT_SIRENS_006,sirens_006.wav,sirens,Critical Sirens,N/A,MARKUSBLUE Calibrated Tactical Acoustic Synthesizer,https://github.com/markusblue/sih26052,MIT Open Source License,true,2.85,16000,1,16,PCM_16_WAV,PCM_16_MONO_16KHZ,CRITICAL,train,Critical audio cue to actively preserve during enhancement (sirens)
MB_CRIT_SIRENS_007,sirens_007.wav,sirens,Critical Sirens,N/A,MARKUSBLUE Calibrated Tactical Acoustic Synthesizer,https://github.com/markusblue/sih26052,MIT Open Source License,true,3.44,16000,1,16,PCM_16_WAV,PCM_16_MONO_16KHZ,CRITICAL,train,Critical audio cue to actively preserve during enhancement (sirens)
MB_CRIT_SIRENS_008,sirens_008.wav,sirens,Critical Sirens,N/A,MARKUSBLUE Calibrated Tactical Acoustic Synthesizer,https://github.com/markusblue/sih26052,MIT Open Source License,true,2.90,16000,1,16,PCM_16_WAV,PCM_16_MONO_16KHZ,CRITICAL,validation,Critical audio cue to actively preserve during enhancement (sirens)
MB_CRIT_SIRENS_009,sirens_009.wav,sirens,Critical Sirens,N/A,MARKUSBLUE Calibrated Tactical Acoustic Synthesizer,https://github.com/markusblue/sih26052,MIT Open Source License,true,2.66,16000,1,16,PCM_16_WAV,PCM_16_MONO_16KHZ,CRITICAL,test,Critical audio cue to actively preserve during enhancement (sirens)
MB_CRIT_SIRENS_010,sirens_010.wav,sirens,Critical Sirens,N/A,MARKUSBLUE Calibrated Tactical Acoustic Synthesizer,https://github.com/markusblue/sih26052,MIT Open Source License,true,3.16,16000,1,16,PCM_16_WAV,PCM_16_MONO_16KHZ,CRITICAL,train,Critical audio cue to actively preserve during enhancement (sirens)
MB_CRIT_SIRENS_011,sirens_011.wav,sirens,Critical Sirens,N/A,MARKUSBLUE Calibrated Tactical Acoustic Synthesizer,https://github.com/markusblue/sih26052,MIT Open Source License,true,3.55,16000,1,16,PCM_16_WAV,PCM_16_MONO_16KHZ,CRITICAL,train,Critical audio cue to actively preserve during enhancement (sirens)
MB_CRIT_SIRENS_012,sirens_012.wav,sirens,Critical Sirens,N/A,MARKUSBLUE Calibrated Tactical Acoustic Synthesizer,https://github.com/markusblue/sih26052,MIT Open Source License,true,2.94,16000,1,16,PCM_16_WAV,PCM_16_MONO_16KHZ,CRITICAL,train,Critical audio cue to actively preserve during enhancement (sirens)
MB_CRIT_SIRENS_013,sirens_013.wav,sirens,Critical Sirens,N/A,MARKUSBLUE Calibrated Tactical Acoustic Synthesizer,https://github.com/markusblue/sih26052,MIT Open Source License,true,2.61,16000,1,16,PCM_16_WAV,PCM_16_MONO_16KHZ,CRITICAL,train,Critical audio cue to actively preserve during enhancement (sirens)
MB_CRIT_SIRENS_014,sirens_014.wav,sirens,Critical Sirens,N/A,MARKUSBLUE Calibrated Tactical Acoustic Synthesizer,https://github.com/markusblue/sih26052,MIT Open Source License,true,3.30,16000,1,16,PCM_16_WAV,PCM_16_MONO_16KHZ,CRITICAL,train,Critical audio cue to actively preserve during enhancement (sirens)
MB_CRIT_SIRENS_015,sirens_015.wav,sirens,Critical Sirens,N/A,MARKUSBLUE Calibrated Tactical Acoustic Synthesizer,https://github.com/markusblue/sih26052,MIT Open Source License,true,3.36,16000,1,16,PCM_16_WAV,PCM_16_MONO_16KHZ,CRITICAL,train,Critical audio cue to actively preserve during enhancement (sirens)
MB_CRIT_SIRENS_016,sirens_016.wav,sirens,Critical Sirens,N/A,MARKUSBLUE Calibrated Tactical Acoustic Synthesizer,https://github.com/markusblue/sih26052,MIT Open Source License,true,2.87,16000,1,16,PCM_16_WAV,PCM_16_MONO_16KHZ,CRITICAL,train,Critical audio cue to actively preserve during enhancement (sirens)
MB_CRIT_SIRENS_017,sirens_017.wav,sirens,Critical Sirens,N/A,MARKUSBLUE Calibrated Tactical Acoustic Synthesizer,https://github.com/markusblue/sih26052,MIT Open Source License,true,2.56,16000,1,16,PCM_16_WAV,PCM_16_MONO_16KHZ,CRITICAL,train,Critical audio cue to actively preserve during enhancement (sirens)
MB_CRIT_SIRENS_018,sirens_018.wav,sirens,Critical Sirens,N/A,MARKUSBLUE Calibrated Tactical Acoustic Synthesizer,https://github.com/markusblue/sih26052,MIT Open Source License,true,3.71,16000,1,16,PCM_16_WAV,PCM_16_MONO_16KHZ,CRITICAL,validation,Critical audio cue to actively preserve during enhancement (sirens)
MB_CRIT_SIRENS_019,sirens_019.wav,sirens,Critical Sirens,N/A,MARKUSBLUE Calibrated Tactical Acoustic Synthesizer,https://github.com/markusblue/sih26052,MIT Open Source License,true,3.03,16000,1,16,PCM_16_WAV,PCM_16_MONO_16KHZ,CRITICAL,test,Critical audio cue to actively preserve during enhancement (sirens)
MB_CRIT_SIRENS_020,sirens_020.wav,sirens,Critical Sirens,N/A,MARKUSBLUE Calibrated Tactical Acoustic Synthesizer,https://github.com/markusblue/sih26052,MIT Open Source License,true,2.90,16000,1,16,PCM_16_WAV,PCM_16_MONO_16KHZ,CRITICAL,train,Critical audio cue to actively preserve during enhancement (sirens)
MB_CRIT_SIRENS_021,sirens_021.wav,sirens,Critical Sirens,N/A,MARKUSBLUE Calibrated Tactical Acoustic Synthesizer,https://github.com/markusblue/sih26052,MIT Open Source License,true,3.75,16000,1,16,PCM_16_WAV,PCM_16_MONO_16KHZ,CRITICAL,train,Critical audio cue to actively preserve during enhancement (sirens)
MB_CRIT_SIRENS_022,sirens_022.wav,sirens,Critical Sirens,N/A,MARKUSBLUE Calibrated Tactical Acoustic Synthesizer,https://github.com/markusblue/sih26052,MIT Open Source License,true,2.52,16000,1,16,PCM_16_WAV,PCM_16_MONO_16KHZ,CRITICAL,train,Critical audio cue to actively preserve during enhancement (sirens)
MB_CRIT_SIRENS_023,sirens_023.wav,sirens,Critical Sirens,N/A,MARKUSBLUE Calibrated Tactical Acoustic Synthesizer,https://github.com/markusblue/sih26052,MIT Open Source License,true,2.60,16000,1,16,PCM_16_WAV,PCM_16_MONO_16KHZ,CRITICAL,train,Critical audio cue to actively preserve during enhancement (sirens)
MB_CRIT_SIRENS_024,sirens_024.wav,sirens,Critical Sirens,N/A,MARKUSBLUE Calibrated Tactical Acoustic Synthesizer,https://github.com/markusblue/sih26052,MIT Open Source License,true,3.52,16000,1,16,PCM_16_WAV,PCM_16_MONO_16KHZ,CRITICAL,train,Critical audio cue to actively preserve during enhancement (sirens)
MB_CRIT_SIRENS_025,sirens_025.wav,sirens,Critical Sirens,N/A,MARKUSBLUE Calibrated Tactical Acoustic Synthesizer,https://github.com/markusblue/sih26052,MIT Open Source License,true,2.94,16000,1,16,PCM_16_WAV,PCM_16_MONO_16KHZ,CRITICAL,train,Critical audio cue to actively preserve during enhancement (sirens)
MB_CRIT_SIRENS_026,sirens_026.wav,sirens,Critical Sirens,N/A,MARKUSBLUE Calibrated Tactical Acoustic Synthesizer,https://github.com/markusblue/sih26052,MIT Open Source License,true,2.68,16000,1,16,PCM_16_WAV,PCM_16_MONO_16KHZ,CRITICAL,train,Critical audio cue to actively preserve during enhancement (sirens)
MB_CRIT_SIRENS_027,sirens_027.wav,sirens,Critical Sirens,N/A,MARKUSBLUE Calibrated Tactical Acoustic Synthesizer,https://github.com/markusblue/sih26052,MIT Open Source License,true,3.01,16000,1,16,PCM_16_WAV,PCM_16_MONO_16KHZ,CRITICAL,train,Critical audio cue to actively preserve during enhancement (sirens)
MB_CRIT_SIRENS_028,sirens_028.wav,sirens,Critical Sirens,N/A,MARKUSBLUE Calibrated Tactical Acoustic Synthesizer,https://github.com/markusblue/sih26052,MIT Open Source License,true,3.24,16000,1,16,PCM_16_WAV,PCM_16_MONO_16KHZ,CRITICAL,validation,Critical audio cue to actively preserve during enhancement (sirens)
MB_CRIT_SIRENS_029,sirens_029.wav,sirens,Critical Sirens,N/A,MARKUSBLUE Calibrated Tactical Acoustic Synthesizer,https://github.com/markusblue/sih26052,MIT Open Source License,true,3.36,16000,1,16,PCM_16_WAV,PCM_16_MONO_16KHZ,CRITICAL,test,Critical audio cue to actively preserve during enhancement (sirens)
MB_CRIT_SIRENS_030,sirens_030.wav,sirens,Critical Sirens,N/A,MARKUSBLUE Calibrated Tactical Acoustic Synthesizer,https://github.com/markusblue/sih26052,MIT Open Source License,true,2.97,16000,1,16,PCM_16_WAV,PCM_16_MONO_16KHZ,CRITICAL,train,Critical audio cue to actively preserve during enhancement (sirens)
MB_CRIT_SIRENS_031,sirens_031.wav,sirens,Critical Sirens,N/A,MARKUSBLUE Calibrated Tactical Acoustic Synthesizer,https://github.com/markusblue/sih26052,MIT Open Source License,true,3.18,16000,1,16,PCM_16_WAV,PCM_16_MONO_16KHZ,CRITICAL,train,Critical audio cue to actively preserve during enhancement (sirens)
MB_CRIT_SIRENS_032,sirens_032.wav,sirens,Critical Sirens,N/A,MARKUSBLUE Calibrated Tactical Acoustic Synthesizer,https://github.com/markusblue/sih26052,MIT Open Source License,true,2.71,16000,1,16,PCM_16_WAV,PCM_16_MONO_16KHZ,CRITICAL,train,Critical audio cue to actively preserve during enhancement (sirens)
MB_CRIT_SIRENS_033,sirens_033.wav,sirens,Critical Sirens,N/A,MARKUSBLUE Calibrated Tactical Acoustic Synthesizer,https://github.com/markusblue/sih26052,MIT Open Source License,true,3.60,16000,1,16,PCM_16_WAV,PCM_16_MONO_16KHZ,CRITICAL,train,Critical audio cue to actively preserve during enhancement (sirens)
MB_CRIT_SIRENS_034,sirens_034.wav,sirens,Critical Sirens,N/A,MARKUSBLUE Calibrated Tactical Acoustic Synthesizer,https://github.com/markusblue/sih26052,MIT Open Source License,true,3.31,16000,1,16,PCM_16_WAV,PCM_16_MONO_16KHZ,CRITICAL,train,Critical audio cue to actively preserve during enhancement (sirens)
MB_CRIT_SIRENS_035,sirens_035.wav,sirens,Critical Sirens,N/A,MARKUSBLUE Calibrated Tactical Acoustic Synthesizer,https://github.com/markusblue/sih26052,MIT Open Source License,true,2.54,16000,1,16,PCM_16_WAV,PCM_16_MONO_16KHZ,CRITICAL,train,Critical audio cue to actively preserve during enhancement (sirens)
MB_CRIT_SIRENS_036,sirens_036.wav,sirens,Critical Sirens,N/A,MARKUSBLUE Calibrated Tactical Acoustic Synthesizer,https://github.com/markusblue/sih26052,MIT Open Source License,true,3.66,16000,1,16,PCM_16_WAV,PCM_16_MONO_16KHZ,CRITICAL,train,Critical audio cue to actively preserve during enhancement (sirens)
MB_CRIT_SIRENS_037,sirens_037.wav,sirens,Critical Sirens,N/A,MARKUSBLUE Calibrated Tactical Acoustic Synthesizer,https://github.com/markusblue/sih26052,MIT Open Source License,true,3.39,16000,1,16,PCM_16_WAV,PCM_16_MONO_16KHZ,CRITICAL,train,Critical audio cue to actively preserve during enhancement (sirens)
MB_CRIT_SIRENS_038,sirens_038.wav,sirens,Critical Sirens,N/A,MARKUSBLUE Calibrated Tactical Acoustic Synthesizer,https://github.com/markusblue/sih26052,MIT Open Source License,true,2.63,16000,1,16,PCM_16_WAV,PCM_16_MONO_16KHZ,CRITICAL,validation,Critical audio cue to actively preserve during enhancement (sirens)
MB_CRIT_SIRENS_039,sirens_039.wav,sirens,Critical Sirens,N/A,MARKUSBLUE Calibrated Tactical Acoustic Synthesizer,https://github.com/markusblue/sih26052,MIT Open Source License,true,2.98,16000,1,16,PCM_16_WAV,PCM_16_MONO_16KHZ,CRITICAL,test,Critical audio cue to actively preserve during enhancement (sirens)
MB_CRIT_SIRENS_040,sirens_040.wav,sirens,Critical Sirens,N/A,MARKUSBLUE Calibrated Tactical Acoustic Synthesizer,https://github.com/markusblue/sih26052,MIT Open Source License,true,2.77,16000,1,16,PCM_16_WAV,PCM_16_MONO_16KHZ,CRITICAL,train,Critical audio cue to actively preserve during enhancement (sirens)
MB_CRIT_SIRENS_041,sirens_041.wav,sirens,Critical Sirens,N/A,MARKUSBLUE Calibrated Tactical Acoustic Synthesizer,https://github.com/markusblue/sih26052,MIT Open Source License,true,3.58,16000,1,16,PCM_16_WAV,PCM_16_MONO_16KHZ,CRITICAL,train,Critical audio cue to actively preserve during enhancement (sirens)
MB_CRIT_SIRENS_042,sirens_042.wav,sirens,Critical Sirens,N/A,MARKUSBLUE Calibrated Tactical Acoustic Synthesizer,https://github.com/markusblue/sih26052,MIT Open Source License,true,3.50,16000,1,16,PCM_16_WAV,PCM_16_MONO_16KHZ,CRITICAL,train,Critical audio cue to actively preserve during enhancement (sirens)
MB_CRIT_SIRENS_043,sirens_043.wav,sirens,Critical Sirens,N/A,MARKUSBLUE Calibrated Tactical Acoustic Synthesizer,https://github.com/markusblue/sih26052,MIT Open Source License,true,3.37,16000,1,16,PCM_16_WAV,PCM_16_MONO_16KHZ,CRITICAL,train,Critical audio cue to actively preserve during enhancement (sirens)
MB_CRIT_SIRENS_044,sirens_044.wav,sirens,Critical Sirens,N/A,MARKUSBLUE Calibrated Tactical Acoustic Synthesizer,https://github.com/markusblue/sih26052,MIT Open Source License,true,3.33,16000,1,16,PCM_16_WAV,PCM_16_MONO_16KHZ,CRITICAL,train,Critical audio cue to actively preserve during enhancement (sirens)
MB_CRIT_SIRENS_045,sirens_045.wav,sirens,Critical Sirens,N/A,MARKUSBLUE Calibrated Tactical Acoustic Synthesizer,https://github.com/markusblue/sih26052,MIT Open Source License,true,2.75,16000,1,16,PCM_16_WAV,PCM_16_MONO_16KHZ,CRITICAL,train,Critical audio cue to actively preserve during enhancement (sirens)
MB_CRIT_SIRENS_046,sirens_046.wav,sirens,Critical Sirens,N/A,MARKUSBLUE Calibrated Tactical Acoustic Synthesizer,https://github.com/markusblue/sih26052,MIT Open Source License,true,3.74,16000,1,16,PCM_16_WAV,PCM_16_MONO_16KHZ,CRITICAL,train,Critical audio cue to actively preserve during enhancement (sirens)
MB_CRIT_SIRENS_047,sirens_047.wav,sirens,Critical Sirens,N/A,MARKUSBLUE Calibrated Tactical Acoustic Synthesizer,https://github.com/markusblue/sih26052,MIT Open Source License,true,3.46,16000,1,16,PCM_16_WAV,PCM_16_MONO_16KHZ,CRITICAL,train,Critical audio cue to actively preserve during enhancement (sirens)
MB_CRIT_SIRENS_048,sirens_048.wav,sirens,Critical Sirens,N/A,MARKUSBLUE Calibrated Tactical Acoustic Synthesizer,https://github.com/markusblue/sih26052,MIT Open Source License,true,3.76,16000,1,16,PCM_16_WAV,PCM_16_MONO_16KHZ,CRITICAL,validation,Critical audio cue to actively preserve during enhancement (sirens)
MB_CRIT_SIRENS_049,sirens_049.wav,sirens,Critical Sirens,N/A,MARKUSBLUE Calibrated Tactical Acoustic Synthesizer,https://github.com/markusblue/sih26052,MIT Open Source License,true,2.73,16000,1,16,PCM_16_WAV,PCM_16_MONO_16KHZ,CRITICAL,test,Critical audio cue to actively preserve during enhancement (sirens)
MB_CRIT_SIRENS_050,sirens_050.wav,sirens,Critical Sirens,N/A,MARKUSBLUE Calibrated Tactical Acoustic Synthesizer,https://github.com/markusblue/sih26052,MIT Open Source License,true,3.10,16000,1,16,PCM_16_WAV,PCM_16_MONO_16KHZ,CRITICAL,train,Critical audio cue to actively preserve during enhancement (sirens)
MB_CRIT_SIRENS_051,sirens_051.wav,sirens,Critical Sirens,N/A,MARKUSBLUE Calibrated Tactical Acoustic Synthesizer,https://github.com/markusblue/sih26052,MIT Open Source License,true,2.90,16000,1,16,PCM_16_WAV,PCM_16_MONO_16KHZ,CRITICAL,train,Critical audio cue to actively preserve during enhancement (sirens)
MB_CRIT_SIRENS_052,sirens_052.wav,sirens,Critical Sirens,N/A,MARKUSBLUE Calibrated Tactical Acoustic Synthesizer,https://github.com/markusblue/sih26052,MIT Open Source License,true,3.22,16000,1,16,PCM_16_WAV,PCM_16_MONO_16KHZ,CRITICAL,train,Critical audio cue to actively preserve during enhancement (sirens)
MB_CRIT_SIRENS_053,sirens_053.wav,sirens,Critical Sirens,N/A,MARKUSBLUE Calibrated Tactical Acoustic Synthesizer,https://github.com/markusblue/sih26052,MIT Open Source License,true,2.86,16000,1,16,PCM_16_WAV,PCM_16_MONO_16KHZ,CRITICAL,train,Critical audio cue to actively preserve during enhancement (sirens)
MB_CRIT_SIRENS_054,sirens_054.wav,sirens,Critical Sirens,N/A,MARKUSBLUE Calibrated Tactical Acoustic Synthesizer,https://github.com/markusblue/sih26052,MIT Open Source License,true,2.99,16000,1,16,PCM_16_WAV,PCM_16_MONO_16KHZ,CRITICAL,train,Critical audio cue to actively preserve during enhancement (sirens)
MB_CRIT_SIRENS_055,sirens_055.wav,sirens,Critical Sirens,N/A,MARKUSBLUE Calibrated Tactical Acoustic Synthesizer,https://github.com/markusblue/sih26052,MIT Open Source License,true,3.39,16000,1,16,PCM_16_WAV,PCM_16_MONO_16KHZ,CRITICAL,train,Critical audio cue to actively preserve during enhancement (sirens)
MB_CRIT_SIRENS_056,sirens_056.wav,sirens,Critical Sirens,N/A,MARKUSBLUE Calibrated Tactical Acoustic Synthesizer,https://github.com/markusblue/sih26052,MIT Open Source License,true,3.53,16000,1,16,PCM_16_WAV,PCM_16_MONO_16KHZ,CRITICAL,train,Critical audio cue to actively preserve during enhancement (sirens)
MB_CRIT_SIRENS_057,sirens_057.wav,sirens,Critical Sirens,N/A,MARKUSBLUE Calibrated Tactical Acoustic Synthesizer,https://github.com/markusblue/sih26052,MIT Open Source License,true,3.17,16000,1,16,PCM_16_WAV,PCM_16_MONO_16KHZ,CRITICAL,train,Critical audio cue to actively preserve during enhancement (sirens)
MB_CRIT_SIRENS_058,sirens_058.wav,sirens,Critical Sirens,N/A,MARKUSBLUE Calibrated Tactical Acoustic Synthesizer,https://github.com/markusblue/sih26052,MIT Open Source License,true,3.68,16000,1,16,PCM_16_WAV,PCM_16_MONO_16KHZ,CRITICAL,validation,Critical audio cue to actively preserve during enhancement (sirens)
MB_CRIT_SIRENS_059,sirens_059.wav,sirens,Critical Sirens,N/A,MARKUSBLUE Calibrated Tactical Acoustic Synthesizer,https://github.com/markusblue/sih26052,MIT Open Source License,true,3.77,16000,1,16,PCM_16_WAV,PCM_16_MONO_16KHZ,CRITICAL,test,Critical audio cue to actively preserve during enhancement (sirens)
MB_CRIT_SIRENS_060,sirens_060.wav,sirens,Critical Sirens,N/A,MARKUSBLUE Calibrated Tactical Acoustic Synthesizer,https://github.com/markusblue/sih26052,MIT Open Source License,true,3.34,16000,1,16,PCM_16_WAV,PCM_16_MONO_16KHZ,CRITICAL,train,Critical audio cue to actively preserve during enhancement (sirens)
MB_CRIT_SIRENS_061,sirens_061.wav,sirens,Critical Sirens,N/A,MARKUSBLUE Calibrated Tactical Acoustic Synthesizer,https://github.com/markusblue/sih26052,MIT Open Source License,true,2.89,16000,1,16,PCM_16_WAV,PCM_16_MONO_16KHZ,CRITICAL,train,Critical audio cue to actively preserve during enhancement (sirens)
MB_CRIT_SIRENS_062,sirens_062.wav,sirens,Critical Sirens,N/A,MARKUSBLUE Calibrated Tactical Acoustic Synthesizer,https://github.com/markusblue/sih26052,MIT Open Source License,true,3.78,16000,1,16,PCM_16_WAV,PCM_16_MONO_16KHZ,CRITICAL,train,Critical audio cue to actively preserve during enhancement (sirens)
MB_CRIT_SIRENS_063,sirens_063.wav,sirens,Critical Sirens,N/A,MARKUSBLUE Calibrated Tactical Acoustic Synthesizer,https://github.com/markusblue/sih26052,MIT Open Source License,true,3.63,16000,1,16,PCM_16_WAV,PCM_16_MONO_16KHZ,CRITICAL,train,Critical audio cue to actively preserve during enhancement (sirens)
MB_CRIT_SIRENS_064,sirens_064.wav,sirens,Critical Sirens,N/A,MARKUSBLUE Calibrated Tactical Acoustic Synthesizer,https://github.com/markusblue/sih26052,MIT Open Source License,true,3.75,16000,1,16,PCM_16_WAV,PCM_16_MONO_16KHZ,CRITICAL,train,Critical audio cue to actively preserve during enhancement (sirens)
MB_CRIT_SIRENS_065,sirens_065.wav,sirens,Critical Sirens,N/A,MARKUSBLUE Calibrated Tactical Acoustic Synthesizer,https://github.com/markusblue/sih26052,MIT Open Source License,true,2.84,16000,1,16,PCM_16_WAV,PCM_16_MONO_16KHZ,CRITICAL,train,Critical audio cue to actively preserve during enhancement (sirens)
MB_CRIT_SIRENS_066,sirens_066.wav,sirens,Critical Sirens,N/A,MARKUSBLUE Calibrated Tactical Acoustic Synthesizer,https://github.com/markusblue/sih26052,MIT Open Source License,true,3.64,16000,1,16,PCM_16_WAV,PCM_16_MONO_16KHZ,CRITICAL,train,Critical audio cue to actively preserve during enhancement (sirens)
MB_CRIT_SIRENS_067,sirens_067.wav,sirens,Critical Sirens,N/A,MARKUSBLUE Calibrated Tactical Acoustic Synthesizer,https://github.com/markusblue/sih26052,MIT Open Source License,true,3.11,16000,1,16,PCM_16_WAV,PCM_16_MONO_16KHZ,CRITICAL,train,Critical audio cue to actively preserve during enhancement (sirens)
MB_CRIT_SIRENS_068,sirens_068.wav,sirens,Critical Sirens,N/A,MARKUSBLUE Calibrated Tactical Acoustic Synthesizer,https://github.com/markusblue/sih26052,MIT Open Source License,true,2.58,16000,1,16,PCM_16_WAV,PCM_16_MONO_16KHZ,CRITICAL,validation,Critical audio cue to actively preserve during enhancement (sirens)
MB_CRIT_SIRENS_069,sirens_069.wav,sirens,Critical Sirens,N/A,MARKUSBLUE Calibrated Tactical Acoustic Synthesizer,https://github.com/markusblue/sih26052,MIT Open Source License,true,3.63,16000,1,16,PCM_16_WAV,PCM_16_MONO_16KHZ,CRITICAL,test,Critical audio cue to actively preserve during enhancement (sirens)
MB_CRIT_SIRENS_070,sirens_070.wav,sirens,Critical Sirens,N/A,MARKUSBLUE Calibrated Tactical Acoustic Synthesizer,https://github.com/markusblue/sih26052,MIT Open Source License,true,3.07,16000,1,16,PCM_16_WAV,PCM_16_MONO_16KHZ,CRITICAL,train,Critical audio cue to actively preserve during enhancement (sirens)
MB_CRIT_SIRENS_071,sirens_071.wav,sirens,Critical Sirens,N/A,MARKUSBLUE Calibrated Tactical Acoustic Synthesizer,https://github.com/markusblue/sih26052,MIT Open Source License,true,3.75,16000,1,16,PCM_16_WAV,PCM_16_MONO_16KHZ,CRITICAL,train,Critical audio cue to actively preserve during enhancement (sirens)
MB_CRIT_SIRENS_072,sirens_072.wav,sirens,Critical Sirens,N/A,MARKUSBLUE Calibrated Tactical Acoustic Synthesizer,https://github.com/markusblue/sih26052,MIT Open Source License,true,2.86,16000,1,16,PCM_16_WAV,PCM_16_MONO_16KHZ,CRITICAL,train,Critical audio cue to actively preserve during enhancement (sirens)
MB_CRIT_SIRENS_073,sirens_073.wav,sirens,Critical Sirens,N/A,MARKUSBLUE Calibrated Tactical Acoustic Synthesizer,https://github.com/markusblue/sih26052,MIT Open Source License,true,3.17,16000,1,16,PCM_16_WAV,PCM_16_MONO_16KHZ,CRITICAL,train,Critical audio cue to actively preserve during enhancement (sirens)
MB_CRIT_SIRENS_074,sirens_074.wav,sirens,Critical Sirens,N/A,MARKUSBLUE Calibrated Tactical Acoustic Synthesizer,https://github.com/markusblue/sih26052,MIT Open Source License,true,3.48,16000,1,16,PCM_16_WAV,PCM_16_MONO_16KHZ,CRITICAL,train,Critical audio cue to actively preserve during enhancement (sirens)
MB_CRIT_SIRENS_075,sirens_075.wav,sirens,Critical Sirens,N/A,MARKUSBLUE Calibrated Tactical Acoustic Synthesizer,https://github.com/markusblue/sih26052,MIT Open Source License,true,3.36,16000,1,16,PCM_16_WAV,PCM_16_MONO_16KHZ,CRITICAL,train,Critical audio cue to actively preserve during enhancement (sirens)
MB_CRIT_SIRENS_076,sirens_076.wav,sirens,Critical Sirens,N/A,MARKUSBLUE Calibrated Tactical Acoustic Synthesizer,https://github.com/markusblue/sih26052,MIT Open Source License,true,2.94,16000,1,16,PCM_16_WAV,PCM_16_MONO_16KHZ,CRITICAL,train,Critical audio cue to actively preserve during enhancement (sirens)
MB_CRIT_SIRENS_077,sirens_077.wav,sirens,Critical Sirens,N/A,MARKUSBLUE Calibrated Tactical Acoustic Synthesizer,https://github.com/markusblue/sih26052,MIT Open Source License,true,3.59,16000,1,16,PCM_16_WAV,PCM_16_MONO_16KHZ,CRITICAL,train,Critical audio cue to actively preserve during enhancement (sirens)
MB_CRIT_SIRENS_078,sirens_078.wav,sirens,Critical Sirens,N/A,MARKUSBLUE Calibrated Tactical Acoustic Synthesizer,https://github.com/markusblue/sih26052,MIT Open Source License,true,3.10,16000,1,16,PCM_16_WAV,PCM_16_MONO_16KHZ,CRITICAL,validation,Critical audio cue to actively preserve during enhancement (sirens)
MB_CRIT_SIRENS_079,sirens_079.wav,sirens,Critical Sirens,N/A,MARKUSBLUE Calibrated Tactical Acoustic Synthesizer,https://github.com/markusblue/sih26052,MIT Open Source License,true,2.73,16000,1,16,PCM_16_WAV,PCM_16_MONO_16KHZ,CRITICAL,test,Critical audio cue to actively preserve during enhancement (sirens)
MB_CRIT_SIRENS_080,sirens_080.wav,sirens,Critical Sirens,N/A,MARKUSBLUE Calibrated Tactical Acoustic Synthesizer,https://github.com/markusblue/sih26052,MIT Open Source License,true,2.73,16000,1,16,PCM_16_WAV,PCM_16_MONO_16KHZ,CRITICAL,train,Critical audio cue to actively preserve during enhancement (sirens)
MB_CRIT_SIRENS_081,sirens_081.wav,sirens,Critical Sirens,N/A,MARKUSBLUE Calibrated Tactical Acoustic Synthesizer,https://github.com/markusblue/sih26052,MIT Open Source License,true,3.58,16000,1,16,PCM_16_WAV,PCM_16_MONO_16KHZ,CRITICAL,train,Critical audio cue to actively preserve during enhancement (sirens)
MB_CRIT_SIRENS_082,sirens_082.wav,sirens,Critical Sirens,N/A,MARKUSBLUE Calibrated Tactical Acoustic Synthesizer,https://github.com/markusblue/sih26052,MIT Open Source License,true,3.19,16000,1,16,PCM_16_WAV,PCM_16_MONO_16KHZ,CRITICAL,train,Critical audio cue to actively preserve during enhancement (sirens)
MB_CRIT_SIRENS_083,sirens_083.wav,sirens,Critical Sirens,N/A,MARKUSBLUE Calibrated Tactical Acoustic Synthesizer,https://github.com/markusblue/sih26052,MIT Open Source License,true,3.12,16000,1,16,PCM_16_WAV,PCM_16_MONO_16KHZ,CRITICAL,train,Critical audio cue to actively preserve during enhancement (sirens)
MB_CRIT_SIRENS_084,sirens_084.wav,sirens,Critical Sirens,N/A,MARKUSBLUE Calibrated Tactical Acoustic Synthesizer,https://github.com/markusblue/sih26052,MIT Open Source License,true,3.66,16000,1,16,PCM_16_WAV,PCM_16_MONO_16KHZ,CRITICAL,train,Critical audio cue to actively preserve during enhancement (sirens)
MB_CRIT_SIRENS_085,sirens_085.wav,sirens,Critical Sirens,N/A,MARKUSBLUE Calibrated Tactical Acoustic Synthesizer,https://github.com/markusblue/sih26052,MIT Open Source License,true,3.77,16000,1,16,PCM_16_WAV,PCM_16_MONO_16KHZ,CRITICAL,train,Critical audio cue to actively preserve during enhancement (sirens)
MB_CRIT_SIRENS_086,sirens_086.wav,sirens,Critical Sirens,N/A,MARKUSBLUE Calibrated Tactical Acoustic Synthesizer,https://github.com/markusblue/sih26052,MIT Open Source License,true,3.74,16000,1,16,PCM_16_WAV,PCM_16_MONO_16KHZ,CRITICAL,train,Critical audio cue to actively preserve during enhancement (sirens)
MB_CRIT_SIRENS_087,sirens_087.wav,sirens,Critical Sirens,N/A,MARKUSBLUE Calibrated Tactical Acoustic Synthesizer,https://github.com/markusblue/sih26052,MIT Open Source License,true,3.16,16000,1,16,PCM_16_WAV,PCM_16_MONO_16KHZ,CRITICAL,train,Critical audio cue to actively preserve during enhancement (sirens)
MB_CRIT_SIRENS_088,sirens_088.wav,sirens,Critical Sirens,N/A,MARKUSBLUE Calibrated Tactical Acoustic Synthesizer,https://github.com/markusblue/sih26052,MIT Open Source License,true,3.61,16000,1,16,PCM_16_WAV,PCM_16_MONO_16KHZ,CRITICAL,validation,Critical audio cue to actively preserve during enhancement (sirens)
MB_CRIT_SIRENS_089,sirens_089.wav,sirens,Critical Sirens,N/A,MARKUSBLUE Calibrated Tactical Acoustic Synthesizer,https://github.com/markusblue/sih26052,MIT Open Source License,true,2.71,16000,1,16,PCM_16_WAV,PCM_16_MONO_16KHZ,CRITICAL,test,Critical audio cue to actively preserve during enhancement (sirens)
MB_CRIT_SIRENS_090,sirens_090.wav,sirens,Critical Sirens,N/A,MARKUSBLUE Calibrated Tactical Acoustic Synthesizer,https://github.com/markusblue/sih26052,MIT Open Source License,true,3.75,16000,1,16,PCM_16_WAV,PCM_16_MONO_16KHZ,CRITICAL,train,Critical audio cue to actively preserve during enhancement (sirens)
MB_CRIT_SIRENS_091,sirens_091.wav,sirens,Critical Sirens,N/A,MARKUSBLUE Calibrated Tactical Acoustic Synthesizer,https://github.com/markusblue/sih26052,MIT Open Source License,true,3.38,16000,1,16,PCM_16_WAV,PCM_16_MONO_16KHZ,CRITICAL,train,Critical audio cue to actively preserve during enhancement (sirens)
MB_CRIT_SIRENS_092,sirens_092.wav,sirens,Critical Sirens,N/A,MARKUSBLUE Calibrated Tactical Acoustic Synthesizer,https://github.com/markusblue/sih26052,MIT Open Source License,true,3.47,16000,1,16,PCM_16_WAV,PCM_16_MONO_16KHZ,CRITICAL,train,Critical audio cue to actively preserve during enhancement (sirens)
MB_CRIT_SIRENS_093,sirens_093.wav,sirens,Critical Sirens,N/A,MARKUSBLUE Calibrated Tactical Acoustic Synthesizer,https://github.com/markusblue/sih26052,MIT Open Source License,true,3.59,16000,1,16,PCM_16_WAV,PCM_16_MONO_16KHZ,CRITICAL,train,Critical audio cue to actively preserve during enhancement (sirens)
MB_CRIT_SIRENS_094,sirens_094.wav,sirens,Critical Sirens,N/A,MARKUSBLUE Calibrated Tactical Acoustic Synthesizer,https://github.com/markusblue/sih26052,MIT Open Source License,true,2.81,16000,1,16,PCM_16_WAV,PCM_16_MONO_16KHZ,CRITICAL,train,Critical audio cue to actively preserve during enhancement (sirens)
MB_CRIT_SIRENS_095,sirens_095.wav,sirens,Critical Sirens,N/A,MARKUSBLUE Calibrated Tactical Acoustic Synthesizer,https://github.com/markusblue/sih26052,MIT Open Source License,true,3.33,16000,1,16,PCM_16_WAV,PCM_16_MONO_16KHZ,CRITICAL,train,Critical audio cue to actively preserve during enhancement (sirens)
MB_CRIT_SIRENS_096,sirens_096.wav,sirens,Critical Sirens,N/A,MARKUSBLUE Calibrated Tactical Acoustic Synthesizer,https://github.com/markusblue/sih26052,MIT Open Source License,true,2.56,16000,1,16,PCM_16_WAV,PCM_16_MONO_16KHZ,CRITICAL,train,Critical audio cue to actively preserve during enhancement (sirens)
MB_CRIT_SIRENS_097,sirens_097.wav,sirens,Critical Sirens,N/A,MARKUSBLUE Calibrated Tactical Acoustic Synthesizer,https://github.com/markusblue/sih26052,MIT Open Source License,true,3.66,16000,1,16,PCM_16_WAV,PCM_16_MONO_16KHZ,CRITICAL,train,Critical audio cue to actively preserve during enhancement (sirens)
MB_CRIT_SIRENS_098,sirens_098.wav,sirens,Critical Sirens,N/A,MARKUSBLUE Calibrated Tactical Acoustic Synthesizer,https://github.com/markusblue/sih26052,MIT Open Source License,true,3.30,16000,1,16,PCM_16_WAV,PCM_16_MONO_16KHZ,CRITICAL,validation,Critical audio cue to actively preserve during enhancement (sirens)
MB_CRIT_SIRENS_099,sirens_099.wav,sirens,Critical Sirens,N/A,MARKUSBLUE Calibrated Tactical Acoustic Synthesizer,https://github.com/markusblue/sih26052,MIT Open Source License,true,3.25,16000,1,16,PCM_16_WAV,PCM_16_MONO_16KHZ,CRITICAL,test,Critical audio cue to actively preserve during enhancement (sirens)
MB_CRIT_SIRENS_100,sirens_100.wav,sirens,Critical Sirens,N/A,MARKUSBLUE Calibrated Tactical Acoustic Synthesizer,https://github.com/markusblue/sih26052,MIT Open Source License,true,2.53,16000,1,16,PCM_16_WAV,PCM_16_MONO_16KHZ,CRITICAL,train,Critical audio cue to actively preserve during enhancement (sirens)
MB_CRIT_FOOTSTEPS_001,footsteps_001.wav,footsteps,Critical Footsteps,N/A,Google AudioSet Research Ontology,https://research.google.com/audioset/,Creative Commons Attribution 4.0 International (CC-BY 4.0),true,3.06,16000,1,16,PCM_16_WAV,PCM_16_MONO_16KHZ,CRITICAL,train,Critical audio cue to actively preserve during enhancement (footsteps)
MB_CRIT_FOOTSTEPS_002,footsteps_002.wav,footsteps,Critical Footsteps,N/A,Google AudioSet Research Ontology,https://research.google.com/audioset/,Creative Commons Attribution 4.0 International (CC-BY 4.0),true,3.59,16000,1,16,PCM_16_WAV,PCM_16_MONO_16KHZ,CRITICAL,train,Critical audio cue to actively preserve during enhancement (footsteps)
MB_CRIT_FOOTSTEPS_003,footsteps_003.wav,footsteps,Critical Footsteps,N/A,Google AudioSet Research Ontology,https://research.google.com/audioset/,Creative Commons Attribution 4.0 International (CC-BY 4.0),true,2.61,16000,1,16,PCM_16_WAV,PCM_16_MONO_16KHZ,CRITICAL,train,Critical audio cue to actively preserve during enhancement (footsteps)
MB_CRIT_FOOTSTEPS_004,footsteps_004.wav,footsteps,Critical Footsteps,N/A,Google AudioSet Research Ontology,https://research.google.com/audioset/,Creative Commons Attribution 4.0 International (CC-BY 4.0),true,2.77,16000,1,16,PCM_16_WAV,PCM_16_MONO_16KHZ,CRITICAL,train,Critical audio cue to actively preserve during enhancement (footsteps)
MB_CRIT_FOOTSTEPS_005,footsteps_005.wav,footsteps,Critical Footsteps,N/A,Freesound Open Sound Archive,https://freesound.org,Creative Commons 0 (CC0 1.0 Universal),true,3.28,16000,1,16,PCM_16_WAV,PCM_16_MONO_16KHZ,CRITICAL,train,Critical audio cue to actively preserve during enhancement (footsteps)
MB_CRIT_FOOTSTEPS_006,footsteps_006.wav,footsteps,Critical Footsteps,N/A,Zenodo Open Defence & Industrial Acoustic Research Archive,https://zenodo.org,Creative Commons Attribution 4.0 International (CC-BY 4.0),true,3.42,16000,1,16,PCM_16_WAV,PCM_16_MONO_16KHZ,CRITICAL,train,Critical audio cue to actively preserve during enhancement (footsteps)
MB_CRIT_FOOTSTEPS_007,footsteps_007.wav,footsteps,Critical Footsteps,N/A,Zenodo Open Defence & Industrial Acoustic Research Archive,https://zenodo.org,Creative Commons Attribution 4.0 International (CC-BY 4.0),true,2.82,16000,1,16,PCM_16_WAV,PCM_16_MONO_16KHZ,CRITICAL,train,Critical audio cue to actively preserve during enhancement (footsteps)
MB_CRIT_FOOTSTEPS_008,footsteps_008.wav,footsteps,Critical Footsteps,N/A,Zenodo Open Defence & Industrial Acoustic Research Archive,https://zenodo.org,Creative Commons Attribution 4.0 International (CC-BY 4.0),true,3.21,16000,1,16,PCM_16_WAV,PCM_16_MONO_16KHZ,CRITICAL,validation,Critical audio cue to actively preserve during enhancement (footsteps)
MB_CRIT_FOOTSTEPS_009,footsteps_009.wav,footsteps,Critical Footsteps,N/A,Freesound Open Sound Archive,https://freesound.org,Creative Commons 0 (CC0 1.0 Universal),true,3.67,16000,1,16,PCM_16_WAV,PCM_16_MONO_16KHZ,CRITICAL,test,Critical audio cue to actively preserve during enhancement (footsteps)
MB_CRIT_FOOTSTEPS_010,footsteps_010.wav,footsteps,Critical Footsteps,N/A,Zenodo Open Defence & Industrial Acoustic Research Archive,https://zenodo.org,Creative Commons Attribution 4.0 International (CC-BY 4.0),true,2.57,16000,1,16,PCM_16_WAV,PCM_16_MONO_16KHZ,CRITICAL,train,Critical audio cue to actively preserve during enhancement (footsteps)
MB_CRIT_FOOTSTEPS_011,footsteps_011.wav,footsteps,Critical Footsteps,N/A,Zenodo Open Defence & Industrial Acoustic Research Archive,https://zenodo.org,Creative Commons Attribution 4.0 International (CC-BY 4.0),true,3.24,16000,1,16,PCM_16_WAV,PCM_16_MONO_16KHZ,CRITICAL,train,Critical audio cue to actively preserve during enhancement (footsteps)
MB_CRIT_FOOTSTEPS_012,footsteps_012.wav,footsteps,Critical Footsteps,N/A,Zenodo Open Defence & Industrial Acoustic Research Archive,https://zenodo.org,Creative Commons Attribution 4.0 International (CC-BY 4.0),true,3.38,16000,1,16,PCM_16_WAV,PCM_16_MONO_16KHZ,CRITICAL,train,Critical audio cue to actively preserve during enhancement (footsteps)
MB_CRIT_FOOTSTEPS_013,footsteps_013.wav,footsteps,Critical Footsteps,N/A,Google AudioSet Research Ontology,https://research.google.com/audioset/,Creative Commons Attribution 4.0 International (CC-BY 4.0),true,2.60,16000,1,16,PCM_16_WAV,PCM_16_MONO_16KHZ,CRITICAL,train,Critical audio cue to actively preserve during enhancement (footsteps)
MB_CRIT_FOOTSTEPS_014,footsteps_014.wav,footsteps,Critical Footsteps,N/A,Freesound Open Sound Archive,https://freesound.org,Creative Commons 0 (CC0 1.0 Universal),true,3.47,16000,1,16,PCM_16_WAV,PCM_16_MONO_16KHZ,CRITICAL,train,Critical audio cue to actively preserve during enhancement (footsteps)
MB_CRIT_FOOTSTEPS_015,footsteps_015.wav,footsteps,Critical Footsteps,N/A,Zenodo Open Defence & Industrial Acoustic Research Archive,https://zenodo.org,Creative Commons Attribution 4.0 International (CC-BY 4.0),true,3.04,16000,1,16,PCM_16_WAV,PCM_16_MONO_16KHZ,CRITICAL,train,Critical audio cue to actively preserve during enhancement (footsteps)
MB_CRIT_FOOTSTEPS_016,footsteps_016.wav,footsteps,Critical Footsteps,N/A,Freesound Open Sound Archive,https://freesound.org,Creative Commons 0 (CC0 1.0 Universal),true,3.60,16000,1,16,PCM_16_WAV,PCM_16_MONO_16KHZ,CRITICAL,train,Critical audio cue to actively preserve during enhancement (footsteps)
MB_CRIT_FOOTSTEPS_017,footsteps_017.wav,footsteps,Critical Footsteps,N/A,Zenodo Open Defence & Industrial Acoustic Research Archive,https://zenodo.org,Creative Commons Attribution 4.0 International (CC-BY 4.0),true,2.63,16000,1,16,PCM_16_WAV,PCM_16_MONO_16KHZ,CRITICAL,train,Critical audio cue to actively preserve during enhancement (footsteps)
MB_CRIT_FOOTSTEPS_018,footsteps_018.wav,footsteps,Critical Footsteps,N/A,Google AudioSet Research Ontology,https://research.google.com/audioset/,Creative Commons Attribution 4.0 International (CC-BY 4.0),true,3.35,16000,1,16,PCM_16_WAV,PCM_16_MONO_16KHZ,CRITICAL,validation,Critical audio cue to actively preserve during enhancement (footsteps)
MB_CRIT_FOOTSTEPS_019,footsteps_019.wav,footsteps,Critical Footsteps,N/A,Freesound Open Sound Archive,https://freesound.org,Creative Commons 0 (CC0 1.0 Universal),true,3.19,16000,1,16,PCM_16_WAV,PCM_16_MONO_16KHZ,CRITICAL,test,Critical audio cue to actively preserve during enhancement (footsteps)
MB_CRIT_FOOTSTEPS_020,footsteps_020.wav,footsteps,Critical Footsteps,N/A,Google AudioSet Research Ontology,https://research.google.com/audioset/,Creative Commons Attribution 4.0 International (CC-BY 4.0),true,3.46,16000,1,16,PCM_16_WAV,PCM_16_MONO_16KHZ,CRITICAL,train,Critical audio cue to actively preserve during enhancement (footsteps)
MB_CRIT_FOOTSTEPS_021,footsteps_021.wav,footsteps,Critical Footsteps,N/A,Google AudioSet Research Ontology,https://research.google.com/audioset/,Creative Commons Attribution 4.0 International (CC-BY 4.0),true,2.53,16000,1,16,PCM_16_WAV,PCM_16_MONO_16KHZ,CRITICAL,train,Critical audio cue to actively preserve during enhancement (footsteps)
MB_CRIT_FOOTSTEPS_022,footsteps_022.wav,footsteps,Critical Footsteps,N/A,Freesound Open Sound Archive,https://freesound.org,Creative Commons 0 (CC0 1.0 Universal),true,3.73,16000,1,16,PCM_16_WAV,PCM_16_MONO_16KHZ,CRITICAL,train,Critical audio cue to actively preserve during enhancement (footsteps)
MB_CRIT_FOOTSTEPS_023,footsteps_023.wav,footsteps,Critical Footsteps,N/A,Google AudioSet Research Ontology,https://research.google.com/audioset/,Creative Commons Attribution 4.0 International (CC-BY 4.0),true,3.72,16000,1,16,PCM_16_WAV,PCM_16_MONO_16KHZ,CRITICAL,train,Critical audio cue to actively preserve during enhancement (footsteps)
MB_CRIT_FOOTSTEPS_024,footsteps_024.wav,footsteps,Critical Footsteps,N/A,Freesound Open Sound Archive,https://freesound.org,Creative Commons 0 (CC0 1.0 Universal),true,2.93,16000,1,16,PCM_16_WAV,PCM_16_MONO_16KHZ,CRITICAL,train,Critical audio cue to actively preserve during enhancement (footsteps)
MB_CRIT_FOOTSTEPS_025,footsteps_025.wav,footsteps,Critical Footsteps,N/A,Google AudioSet Research Ontology,https://research.google.com/audioset/,Creative Commons Attribution 4.0 International (CC-BY 4.0),true,2.77,16000,1,16,PCM_16_WAV,PCM_16_MONO_16KHZ,CRITICAL,train,Critical audio cue to actively preserve during enhancement (footsteps)
MB_CRIT_FOOTSTEPS_026,footsteps_026.wav,footsteps,Critical Footsteps,N/A,Zenodo Open Defence & Industrial Acoustic Research Archive,https://zenodo.org,Creative Commons Attribution 4.0 International (CC-BY 4.0),true,2.66,16000,1,16,PCM_16_WAV,PCM_16_MONO_16KHZ,CRITICAL,train,Critical audio cue to actively preserve during enhancement (footsteps)
MB_CRIT_FOOTSTEPS_027,footsteps_027.wav,footsteps,Critical Footsteps,N/A,Freesound Open Sound Archive,https://freesound.org,Creative Commons 0 (CC0 1.0 Universal),true,2.95,16000,1,16,PCM_16_WAV,PCM_16_MONO_16KHZ,CRITICAL,train,Critical audio cue to actively preserve during enhancement (footsteps)
MB_CRIT_FOOTSTEPS_028,footsteps_028.wav,footsteps,Critical Footsteps,N/A,Freesound Open Sound Archive,https://freesound.org,Creative Commons 0 (CC0 1.0 Universal),true,3.26,16000,1,16,PCM_16_WAV,PCM_16_MONO_16KHZ,CRITICAL,validation,Critical audio cue to actively preserve during enhancement (footsteps)
MB_CRIT_FOOTSTEPS_029,footsteps_029.wav,footsteps,Critical Footsteps,N/A,Google AudioSet Research Ontology,https://research.google.com/audioset/,Creative Commons Attribution 4.0 International (CC-BY 4.0),true,3.06,16000,1,16,PCM_16_WAV,PCM_16_MONO_16KHZ,CRITICAL,test,Critical audio cue to actively preserve during enhancement (footsteps)
MB_CRIT_FOOTSTEPS_030,footsteps_030.wav,footsteps,Critical Footsteps,N/A,Zenodo Open Defence & Industrial Acoustic Research Archive,https://zenodo.org,Creative Commons Attribution 4.0 International (CC-BY 4.0),true,3.20,16000,1,16,PCM_16_WAV,PCM_16_MONO_16KHZ,CRITICAL,train,Critical audio cue to actively preserve during enhancement (footsteps)
MB_CRIT_FOOTSTEPS_031,footsteps_031.wav,footsteps,Critical Footsteps,N/A,Freesound Open Sound Archive,https://freesound.org,Creative Commons 0 (CC0 1.0 Universal),true,3.14,16000,1,16,PCM_16_WAV,PCM_16_MONO_16KHZ,CRITICAL,train,Critical audio cue to actively preserve during enhancement (footsteps)
MB_CRIT_FOOTSTEPS_032,footsteps_032.wav,footsteps,Critical Footsteps,N/A,Zenodo Open Defence & Industrial Acoustic Research Archive,https://zenodo.org,Creative Commons Attribution 4.0 International (CC-BY 4.0),true,2.82,16000,1,16,PCM_16_WAV,PCM_16_MONO_16KHZ,CRITICAL,train,Critical audio cue to actively preserve during enhancement (footsteps)
MB_CRIT_FOOTSTEPS_033,footsteps_033.wav,footsteps,Critical Footsteps,N/A,Freesound Open Sound Archive,https://freesound.org,Creative Commons 0 (CC0 1.0 Universal),true,3.78,16000,1,16,PCM_16_WAV,PCM_16_MONO_16KHZ,CRITICAL,train,Critical audio cue to actively preserve during enhancement (footsteps)
MB_CRIT_FOOTSTEPS_034,footsteps_034.wav,footsteps,Critical Footsteps,N/A,Freesound Open Sound Archive,https://freesound.org,Creative Commons 0 (CC0 1.0 Universal),true,3.45,16000,1,16,PCM_16_WAV,PCM_16_MONO_16KHZ,CRITICAL,train,Critical audio cue to actively preserve during enhancement (footsteps)
MB_CRIT_FOOTSTEPS_035,footsteps_035.wav,footsteps,Critical Footsteps,N/A,Google AudioSet Research Ontology,https://research.google.com/audioset/,Creative Commons Attribution 4.0 International (CC-BY 4.0),true,3.59,16000,1,16,PCM_16_WAV,PCM_16_MONO_16KHZ,CRITICAL,train,Critical audio cue to actively preserve during enhancement (footsteps)
MB_CRIT_FOOTSTEPS_036,footsteps_036.wav,footsteps,Critical Footsteps,N/A,Zenodo Open Defence & Industrial Acoustic Research Archive,https://zenodo.org,Creative Commons Attribution 4.0 International (CC-BY 4.0),true,3.03,16000,1,16,PCM_16_WAV,PCM_16_MONO_16KHZ,CRITICAL,train,Critical audio cue to actively preserve during enhancement (footsteps)
MB_CRIT_FOOTSTEPS_037,footsteps_037.wav,footsteps,Critical Footsteps,N/A,Google AudioSet Research Ontology,https://research.google.com/audioset/,Creative Commons Attribution 4.0 International (CC-BY 4.0),true,2.74,16000,1,16,PCM_16_WAV,PCM_16_MONO_16KHZ,CRITICAL,train,Critical audio cue to actively preserve during enhancement (footsteps)
MB_CRIT_FOOTSTEPS_038,footsteps_038.wav,footsteps,Critical Footsteps,N/A,Google AudioSet Research Ontology,https://research.google.com/audioset/,Creative Commons Attribution 4.0 International (CC-BY 4.0),true,2.74,16000,1,16,PCM_16_WAV,PCM_16_MONO_16KHZ,CRITICAL,validation,Critical audio cue to actively preserve during enhancement (footsteps)
MB_CRIT_FOOTSTEPS_039,footsteps_039.wav,footsteps,Critical Footsteps,N/A,Freesound Open Sound Archive,https://freesound.org,Creative Commons 0 (CC0 1.0 Universal),true,3.70,16000,1,16,PCM_16_WAV,PCM_16_MONO_16KHZ,CRITICAL,test,Critical audio cue to actively preserve during enhancement (footsteps)
MB_CRIT_FOOTSTEPS_040,footsteps_040.wav,footsteps,Critical Footsteps,N/A,Freesound Open Sound Archive,https://freesound.org,Creative Commons 0 (CC0 1.0 Universal),true,3.63,16000,1,16,PCM_16_WAV,PCM_16_MONO_16KHZ,CRITICAL,train,Critical audio cue to actively preserve during enhancement (footsteps)
MB_CRIT_FOOTSTEPS_041,footsteps_041.wav,footsteps,Critical Footsteps,N/A,Google AudioSet Research Ontology,https://research.google.com/audioset/,Creative Commons Attribution 4.0 International (CC-BY 4.0),true,3.41,16000,1,16,PCM_16_WAV,PCM_16_MONO_16KHZ,CRITICAL,train,Critical audio cue to actively preserve during enhancement (footsteps)
MB_CRIT_FOOTSTEPS_042,footsteps_042.wav,footsteps,Critical Footsteps,N/A,Zenodo Open Defence & Industrial Acoustic Research Archive,https://zenodo.org,Creative Commons Attribution 4.0 International (CC-BY 4.0),true,3.68,16000,1,16,PCM_16_WAV,PCM_16_MONO_16KHZ,CRITICAL,train,Critical audio cue to actively preserve during enhancement (footsteps)
MB_CRIT_FOOTSTEPS_043,footsteps_043.wav,footsteps,Critical Footsteps,N/A,Google AudioSet Research Ontology,https://research.google.com/audioset/,Creative Commons Attribution 4.0 International (CC-BY 4.0),true,3.38,16000,1,16,PCM_16_WAV,PCM_16_MONO_16KHZ,CRITICAL,train,Critical audio cue to actively preserve during enhancement (footsteps)
MB_CRIT_FOOTSTEPS_044,footsteps_044.wav,footsteps,Critical Footsteps,N/A,Google AudioSet Research Ontology,https://research.google.com/audioset/,Creative Commons Attribution 4.0 International (CC-BY 4.0),true,3.78,16000,1,16,PCM_16_WAV,PCM_16_MONO_16KHZ,CRITICAL,train,Critical audio cue to actively preserve during enhancement (footsteps)
MB_CRIT_FOOTSTEPS_045,footsteps_045.wav,footsteps,Critical Footsteps,N/A,Zenodo Open Defence & Industrial Acoustic Research Archive,https://zenodo.org,Creative Commons Attribution 4.0 International (CC-BY 4.0),true,3.03,16000,1,16,PCM_16_WAV,PCM_16_MONO_16KHZ,CRITICAL,train,Critical audio cue to actively preserve during enhancement (footsteps)
MB_CRIT_FOOTSTEPS_046,footsteps_046.wav,footsteps,Critical Footsteps,N/A,Zenodo Open Defence & Industrial Acoustic Research Archive,https://zenodo.org,Creative Commons Attribution 4.0 International (CC-BY 4.0),true,3.16,16000,1,16,PCM_16_WAV,PCM_16_MONO_16KHZ,CRITICAL,train,Critical audio cue to actively preserve during enhancement (footsteps)
MB_CRIT_FOOTSTEPS_047,footsteps_047.wav,footsteps,Critical Footsteps,N/A,Zenodo Open Defence & Industrial Acoustic Research Archive,https://zenodo.org,Creative Commons Attribution 4.0 International (CC-BY 4.0),true,3.68,16000,1,16,PCM_16_WAV,PCM_16_MONO_16KHZ,CRITICAL,train,Critical audio cue to actively preserve during enhancement (footsteps)
MB_CRIT_FOOTSTEPS_048,footsteps_048.wav,footsteps,Critical Footsteps,N/A,Google AudioSet Research Ontology,https://research.google.com/audioset/,Creative Commons Attribution 4.0 International (CC-BY 4.0),true,2.72,16000,1,16,PCM_16_WAV,PCM_16_MONO_16KHZ,CRITICAL,validation,Critical audio cue to actively preserve during enhancement (footsteps)
MB_CRIT_FOOTSTEPS_049,footsteps_049.wav,footsteps,Critical Footsteps,N/A,Zenodo Open Defence & Industrial Acoustic Research Archive,https://zenodo.org,Creative Commons Attribution 4.0 International (CC-BY 4.0),true,3.66,16000,1,16,PCM_16_WAV,PCM_16_MONO_16KHZ,CRITICAL,test,Critical audio cue to actively preserve during enhancement (footsteps)
MB_CRIT_FOOTSTEPS_050,footsteps_050.wav,footsteps,Critical Footsteps,N/A,Freesound Open Sound Archive,https://freesound.org,Creative Commons 0 (CC0 1.0 Universal),true,3.20,16000,1,16,PCM_16_WAV,PCM_16_MONO_16KHZ,CRITICAL,train,Critical audio cue to actively preserve during enhancement (footsteps)
MB_CRIT_FOOTSTEPS_051,footsteps_051.wav,footsteps,Critical Footsteps,N/A,Google AudioSet Research Ontology,https://research.google.com/audioset/,Creative Commons Attribution 4.0 International (CC-BY 4.0),true,3.63,16000,1,16,PCM_16_WAV,PCM_16_MONO_16KHZ,CRITICAL,train,Critical audio cue to actively preserve during enhancement (footsteps)
MB_CRIT_FOOTSTEPS_052,footsteps_052.wav,footsteps,Critical Footsteps,N/A,Freesound Open Sound Archive,https://freesound.org,Creative Commons 0 (CC0 1.0 Universal),true,2.55,16000,1,16,PCM_16_WAV,PCM_16_MONO_16KHZ,CRITICAL,train,Critical audio cue to actively preserve during enhancement (footsteps)
MB_CRIT_FOOTSTEPS_053,footsteps_053.wav,footsteps,Critical Footsteps,N/A,Freesound Open Sound Archive,https://freesound.org,Creative Commons 0 (CC0 1.0 Universal),true,3.61,16000,1,16,PCM_16_WAV,PCM_16_MONO_16KHZ,CRITICAL,train,Critical audio cue to actively preserve during enhancement (footsteps)
MB_CRIT_FOOTSTEPS_054,footsteps_054.wav,footsteps,Critical Footsteps,N/A,Zenodo Open Defence & Industrial Acoustic Research Archive,https://zenodo.org,Creative Commons Attribution 4.0 International (CC-BY 4.0),true,2.63,16000,1,16,PCM_16_WAV,PCM_16_MONO_16KHZ,CRITICAL,train,Critical audio cue to actively preserve during enhancement (footsteps)
MB_CRIT_FOOTSTEPS_055,footsteps_055.wav,footsteps,Critical Footsteps,N/A,Freesound Open Sound Archive,https://freesound.org,Creative Commons 0 (CC0 1.0 Universal),true,3.21,16000,1,16,PCM_16_WAV,PCM_16_MONO_16KHZ,CRITICAL,train,Critical audio cue to actively preserve during enhancement (footsteps)
MB_CRIT_FOOTSTEPS_056,footsteps_056.wav,footsteps,Critical Footsteps,N/A,Freesound Open Sound Archive,https://freesound.org,Creative Commons 0 (CC0 1.0 Universal),true,3.77,16000,1,16,PCM_16_WAV,PCM_16_MONO_16KHZ,CRITICAL,train,Critical audio cue to actively preserve during enhancement (footsteps)
MB_CRIT_FOOTSTEPS_057,footsteps_057.wav,footsteps,Critical Footsteps,N/A,Freesound Open Sound Archive,https://freesound.org,Creative Commons 0 (CC0 1.0 Universal),true,3.21,16000,1,16,PCM_16_WAV,PCM_16_MONO_16KHZ,CRITICAL,train,Critical audio cue to actively preserve during enhancement (footsteps)
MB_CRIT_FOOTSTEPS_058,footsteps_058.wav,footsteps,Critical Footsteps,N/A,Zenodo Open Defence & Industrial Acoustic Research Archive,https://zenodo.org,Creative Commons Attribution 4.0 International (CC-BY 4.0),true,2.77,16000,1,16,PCM_16_WAV,PCM_16_MONO_16KHZ,CRITICAL,validation,Critical audio cue to actively preserve during enhancement (footsteps)
MB_CRIT_FOOTSTEPS_059,footsteps_059.wav,footsteps,Critical Footsteps,N/A,Zenodo Open Defence & Industrial Acoustic Research Archive,https://zenodo.org,Creative Commons Attribution 4.0 International (CC-BY 4.0),true,2.81,16000,1,16,PCM_16_WAV,PCM_16_MONO_16KHZ,CRITICAL,test,Critical audio cue to actively preserve during enhancement (footsteps)
MB_CRIT_FOOTSTEPS_060,footsteps_060.wav,footsteps,Critical Footsteps,N/A,Freesound Open Sound Archive,https://freesound.org,Creative Commons 0 (CC0 1.0 Universal),true,3.77,16000,1,16,PCM_16_WAV,PCM_16_MONO_16KHZ,CRITICAL,train,Critical audio cue to actively preserve during enhancement (footsteps)
MB_CRIT_FOOTSTEPS_061,footsteps_061.wav,footsteps,Critical Footsteps,N/A,Freesound Open Sound Archive,https://freesound.org,Creative Commons 0 (CC0 1.0 Universal),true,2.73,16000,1,16,PCM_16_WAV,PCM_16_MONO_16KHZ,CRITICAL,train,Critical audio cue to actively preserve during enhancement (footsteps)
MB_CRIT_FOOTSTEPS_062,footsteps_062.wav,footsteps,Critical Footsteps,N/A,Zenodo Open Defence & Industrial Acoustic Research Archive,https://zenodo.org,Creative Commons Attribution 4.0 International (CC-BY 4.0),true,3.52,16000,1,16,PCM_16_WAV,PCM_16_MONO_16KHZ,CRITICAL,train,Critical audio cue to actively preserve during enhancement (footsteps)
MB_CRIT_FOOTSTEPS_063,footsteps_063.wav,footsteps,Critical Footsteps,N/A,Zenodo Open Defence & Industrial Acoustic Research Archive,https://zenodo.org,Creative Commons Attribution 4.0 International (CC-BY 4.0),true,2.53,16000,1,16,PCM_16_WAV,PCM_16_MONO_16KHZ,CRITICAL,train,Critical audio cue to actively preserve during enhancement (footsteps)
MB_CRIT_FOOTSTEPS_064,footsteps_064.wav,footsteps,Critical Footsteps,N/A,Zenodo Open Defence & Industrial Acoustic Research Archive,https://zenodo.org,Creative Commons Attribution 4.0 International (CC-BY 4.0),true,2.58,16000,1,16,PCM_16_WAV,PCM_16_MONO_16KHZ,CRITICAL,train,Critical audio cue to actively preserve during enhancement (footsteps)
MB_CRIT_FOOTSTEPS_065,footsteps_065.wav,footsteps,Critical Footsteps,N/A,Freesound Open Sound Archive,https://freesound.org,Creative Commons 0 (CC0 1.0 Universal),true,3.16,16000,1,16,PCM_16_WAV,PCM_16_MONO_16KHZ,CRITICAL,train,Critical audio cue to actively preserve during enhancement (footsteps)
MB_CRIT_FOOTSTEPS_066,footsteps_066.wav,footsteps,Critical Footsteps,N/A,Google AudioSet Research Ontology,https://research.google.com/audioset/,Creative Commons Attribution 4.0 International (CC-BY 4.0),true,2.85,16000,1,16,PCM_16_WAV,PCM_16_MONO_16KHZ,CRITICAL,train,Critical audio cue to actively preserve during enhancement (footsteps)
MB_CRIT_FOOTSTEPS_067,footsteps_067.wav,footsteps,Critical Footsteps,N/A,Zenodo Open Defence & Industrial Acoustic Research Archive,https://zenodo.org,Creative Commons Attribution 4.0 International (CC-BY 4.0),true,2.79,16000,1,16,PCM_16_WAV,PCM_16_MONO_16KHZ,CRITICAL,train,Critical audio cue to actively preserve during enhancement (footsteps)
MB_CRIT_FOOTSTEPS_068,footsteps_068.wav,footsteps,Critical Footsteps,N/A,Freesound Open Sound Archive,https://freesound.org,Creative Commons 0 (CC0 1.0 Universal),true,3.16,16000,1,16,PCM_16_WAV,PCM_16_MONO_16KHZ,CRITICAL,validation,Critical audio cue to actively preserve during enhancement (footsteps)
MB_CRIT_FOOTSTEPS_069,footsteps_069.wav,footsteps,Critical Footsteps,N/A,Zenodo Open Defence & Industrial Acoustic Research Archive,https://zenodo.org,Creative Commons Attribution 4.0 International (CC-BY 4.0),true,3.36,16000,1,16,PCM_16_WAV,PCM_16_MONO_16KHZ,CRITICAL,test,Critical audio cue to actively preserve during enhancement (footsteps)
MB_CRIT_FOOTSTEPS_070,footsteps_070.wav,footsteps,Critical Footsteps,N/A,Zenodo Open Defence & Industrial Acoustic Research Archive,https://zenodo.org,Creative Commons Attribution 4.0 International (CC-BY 4.0),true,2.59,16000,1,16,PCM_16_WAV,PCM_16_MONO_16KHZ,CRITICAL,train,Critical audio cue to actively preserve during enhancement (footsteps)
MB_CRIT_FOOTSTEPS_071,footsteps_071.wav,footsteps,Critical Footsteps,N/A,Zenodo Open Defence & Industrial Acoustic Research Archive,https://zenodo.org,Creative Commons Attribution 4.0 International (CC-BY 4.0),true,2.63,16000,1,16,PCM_16_WAV,PCM_16_MONO_16KHZ,CRITICAL,train,Critical audio cue to actively preserve during enhancement (footsteps)
MB_CRIT_FOOTSTEPS_072,footsteps_072.wav,footsteps,Critical Footsteps,N/A,Freesound Open Sound Archive,https://freesound.org,Creative Commons 0 (CC0 1.0 Universal),true,3.34,16000,1,16,PCM_16_WAV,PCM_16_MONO_16KHZ,CRITICAL,train,Critical audio cue to actively preserve during enhancement (footsteps)
MB_CRIT_FOOTSTEPS_073,footsteps_073.wav,footsteps,Critical Footsteps,N/A,Freesound Open Sound Archive,https://freesound.org,Creative Commons 0 (CC0 1.0 Universal),true,2.52,16000,1,16,PCM_16_WAV,PCM_16_MONO_16KHZ,CRITICAL,train,Critical audio cue to actively preserve during enhancement (footsteps)
MB_CRIT_FOOTSTEPS_074,footsteps_074.wav,footsteps,Critical Footsteps,N/A,Google AudioSet Research Ontology,https://research.google.com/audioset/,Creative Commons Attribution 4.0 International (CC-BY 4.0),true,3.70,16000,1,16,PCM_16_WAV,PCM_16_MONO_16KHZ,CRITICAL,train,Critical audio cue to actively preserve during enhancement (footsteps)
MB_CRIT_FOOTSTEPS_075,footsteps_075.wav,footsteps,Critical Footsteps,N/A,Freesound Open Sound Archive,https://freesound.org,Creative Commons 0 (CC0 1.0 Universal),true,2.94,16000,1,16,PCM_16_WAV,PCM_16_MONO_16KHZ,CRITICAL,train,Critical audio cue to actively preserve during enhancement (footsteps)
MB_CRIT_FOOTSTEPS_076,footsteps_076.wav,footsteps,Critical Footsteps,N/A,Zenodo Open Defence & Industrial Acoustic Research Archive,https://zenodo.org,Creative Commons Attribution 4.0 International (CC-BY 4.0),true,2.98,16000,1,16,PCM_16_WAV,PCM_16_MONO_16KHZ,CRITICAL,train,Critical audio cue to actively preserve during enhancement (footsteps)
MB_CRIT_FOOTSTEPS_077,footsteps_077.wav,footsteps,Critical Footsteps,N/A,Google AudioSet Research Ontology,https://research.google.com/audioset/,Creative Commons Attribution 4.0 International (CC-BY 4.0),true,3.49,16000,1,16,PCM_16_WAV,PCM_16_MONO_16KHZ,CRITICAL,train,Critical audio cue to actively preserve during enhancement (footsteps)
MB_CRIT_FOOTSTEPS_078,footsteps_078.wav,footsteps,Critical Footsteps,N/A,Zenodo Open Defence & Industrial Acoustic Research Archive,https://zenodo.org,Creative Commons Attribution 4.0 International (CC-BY 4.0),true,2.92,16000,1,16,PCM_16_WAV,PCM_16_MONO_16KHZ,CRITICAL,validation,Critical audio cue to actively preserve during enhancement (footsteps)
MB_CRIT_FOOTSTEPS_079,footsteps_079.wav,footsteps,Critical Footsteps,N/A,Zenodo Open Defence & Industrial Acoustic Research Archive,https://zenodo.org,Creative Commons Attribution 4.0 International (CC-BY 4.0),true,2.66,16000,1,16,PCM_16_WAV,PCM_16_MONO_16KHZ,CRITICAL,test,Critical audio cue to actively preserve during enhancement (footsteps)
MB_CRIT_FOOTSTEPS_080,footsteps_080.wav,footsteps,Critical Footsteps,N/A,Freesound Open Sound Archive,https://freesound.org,Creative Commons 0 (CC0 1.0 Universal),true,2.81,16000,1,16,PCM_16_WAV,PCM_16_MONO_16KHZ,CRITICAL,train,Critical audio cue to actively preserve during enhancement (footsteps)
MB_CRIT_FOOTSTEPS_081,footsteps_081.wav,footsteps,Critical Footsteps,N/A,Google AudioSet Research Ontology,https://research.google.com/audioset/,Creative Commons Attribution 4.0 International (CC-BY 4.0),true,3.16,16000,1,16,PCM_16_WAV,PCM_16_MONO_16KHZ,CRITICAL,train,Critical audio cue to actively preserve during enhancement (footsteps)
MB_CRIT_FOOTSTEPS_082,footsteps_082.wav,footsteps,Critical Footsteps,N/A,Freesound Open Sound Archive,https://freesound.org,Creative Commons 0 (CC0 1.0 Universal),true,2.52,16000,1,16,PCM_16_WAV,PCM_16_MONO_16KHZ,CRITICAL,train,Critical audio cue to actively preserve during enhancement (footsteps)
MB_CRIT_FOOTSTEPS_083,footsteps_083.wav,footsteps,Critical Footsteps,N/A,Google AudioSet Research Ontology,https://research.google.com/audioset/,Creative Commons Attribution 4.0 International (CC-BY 4.0),true,3.32,16000,1,16,PCM_16_WAV,PCM_16_MONO_16KHZ,CRITICAL,train,Critical audio cue to actively preserve during enhancement (footsteps)
MB_CRIT_FOOTSTEPS_084,footsteps_084.wav,footsteps,Critical Footsteps,N/A,Google AudioSet Research Ontology,https://research.google.com/audioset/,Creative Commons Attribution 4.0 International (CC-BY 4.0),true,2.54,16000,1,16,PCM_16_WAV,PCM_16_MONO_16KHZ,CRITICAL,train,Critical audio cue to actively preserve during enhancement (footsteps)
MB_CRIT_FOOTSTEPS_085,footsteps_085.wav,footsteps,Critical Footsteps,N/A,Zenodo Open Defence & Industrial Acoustic Research Archive,https://zenodo.org,Creative Commons Attribution 4.0 International (CC-BY 4.0),true,3.56,16000,1,16,PCM_16_WAV,PCM_16_MONO_16KHZ,CRITICAL,train,Critical audio cue to actively preserve during enhancement (footsteps)
MB_CRIT_FOOTSTEPS_086,footsteps_086.wav,footsteps,Critical Footsteps,N/A,Freesound Open Sound Archive,https://freesound.org,Creative Commons 0 (CC0 1.0 Universal),true,3.39,16000,1,16,PCM_16_WAV,PCM_16_MONO_16KHZ,CRITICAL,train,Critical audio cue to actively preserve during enhancement (footsteps)
MB_CRIT_FOOTSTEPS_087,footsteps_087.wav,footsteps,Critical Footsteps,N/A,Zenodo Open Defence & Industrial Acoustic Research Archive,https://zenodo.org,Creative Commons Attribution 4.0 International (CC-BY 4.0),true,3.65,16000,1,16,PCM_16_WAV,PCM_16_MONO_16KHZ,CRITICAL,train,Critical audio cue to actively preserve during enhancement (footsteps)
MB_CRIT_FOOTSTEPS_088,footsteps_088.wav,footsteps,Critical Footsteps,N/A,Zenodo Open Defence & Industrial Acoustic Research Archive,https://zenodo.org,Creative Commons Attribution 4.0 International (CC-BY 4.0),true,2.98,16000,1,16,PCM_16_WAV,PCM_16_MONO_16KHZ,CRITICAL,validation,Critical audio cue to actively preserve during enhancement (footsteps)
MB_CRIT_FOOTSTEPS_089,footsteps_089.wav,footsteps,Critical Footsteps,N/A,Zenodo Open Defence & Industrial Acoustic Research Archive,https://zenodo.org,Creative Commons Attribution 4.0 International (CC-BY 4.0),true,3.11,16000,1,16,PCM_16_WAV,PCM_16_MONO_16KHZ,CRITICAL,test,Critical audio cue to actively preserve during enhancement (footsteps)
MB_CRIT_FOOTSTEPS_090,footsteps_090.wav,footsteps,Critical Footsteps,N/A,Zenodo Open Defence & Industrial Acoustic Research Archive,https://zenodo.org,Creative Commons Attribution 4.0 International (CC-BY 4.0),true,3.00,16000,1,16,PCM_16_WAV,PCM_16_MONO_16KHZ,CRITICAL,train,Critical audio cue to actively preserve during enhancement (footsteps)
MB_CRIT_FOOTSTEPS_091,footsteps_091.wav,footsteps,Critical Footsteps,N/A,Google AudioSet Research Ontology,https://research.google.com/audioset/,Creative Commons Attribution 4.0 International (CC-BY 4.0),true,2.94,16000,1,16,PCM_16_WAV,PCM_16_MONO_16KHZ,CRITICAL,train,Critical audio cue to actively preserve during enhancement (footsteps)
MB_CRIT_FOOTSTEPS_092,footsteps_092.wav,footsteps,Critical Footsteps,N/A,Google AudioSet Research Ontology,https://research.google.com/audioset/,Creative Commons Attribution 4.0 International (CC-BY 4.0),true,3.50,16000,1,16,PCM_16_WAV,PCM_16_MONO_16KHZ,CRITICAL,train,Critical audio cue to actively preserve during enhancement (footsteps)
MB_CRIT_FOOTSTEPS_093,footsteps_093.wav,footsteps,Critical Footsteps,N/A,Freesound Open Sound Archive,https://freesound.org,Creative Commons 0 (CC0 1.0 Universal),true,3.64,16000,1,16,PCM_16_WAV,PCM_16_MONO_16KHZ,CRITICAL,train,Critical audio cue to actively preserve during enhancement (footsteps)
MB_CRIT_FOOTSTEPS_094,footsteps_094.wav,footsteps,Critical Footsteps,N/A,Zenodo Open Defence & Industrial Acoustic Research Archive,https://zenodo.org,Creative Commons Attribution 4.0 International (CC-BY 4.0),true,3.15,16000,1,16,PCM_16_WAV,PCM_16_MONO_16KHZ,CRITICAL,train,Critical audio cue to actively preserve during enhancement (footsteps)
MB_CRIT_FOOTSTEPS_095,footsteps_095.wav,footsteps,Critical Footsteps,N/A,Zenodo Open Defence & Industrial Acoustic Research Archive,https://zenodo.org,Creative Commons Attribution 4.0 International (CC-BY 4.0),true,2.75,16000,1,16,PCM_16_WAV,PCM_16_MONO_16KHZ,CRITICAL,train,Critical audio cue to actively preserve during enhancement (footsteps)
MB_CRIT_FOOTSTEPS_096,footsteps_096.wav,footsteps,Critical Footsteps,N/A,Freesound Open Sound Archive,https://freesound.org,Creative Commons 0 (CC0 1.0 Universal),true,2.50,16000,1,16,PCM_16_WAV,PCM_16_MONO_16KHZ,CRITICAL,train,Critical audio cue to actively preserve during enhancement (footsteps)
MB_CRIT_FOOTSTEPS_097,footsteps_097.wav,footsteps,Critical Footsteps,N/A,Google AudioSet Research Ontology,https://research.google.com/audioset/,Creative Commons Attribution 4.0 International (CC-BY 4.0),true,3.57,16000,1,16,PCM_16_WAV,PCM_16_MONO_16KHZ,CRITICAL,train,Critical audio cue to actively preserve during enhancement (footsteps)
MB_CRIT_FOOTSTEPS_098,footsteps_098.wav,footsteps,Critical Footsteps,N/A,Zenodo Open Defence & Industrial Acoustic Research Archive,https://zenodo.org,Creative Commons Attribution 4.0 International (CC-BY 4.0),true,3.00,16000,1,16,PCM_16_WAV,PCM_16_MONO_16KHZ,CRITICAL,validation,Critical audio cue to actively preserve during enhancement (footsteps)
MB_CRIT_FOOTSTEPS_099,footsteps_099.wav,footsteps,Critical Footsteps,N/A,Zenodo Open Defence & Industrial Acoustic Research Archive,https://zenodo.org,Creative Commons Attribution 4.0 International (CC-BY 4.0),true,2.91,16000,1,16,PCM_16_WAV,PCM_16_MONO_16KHZ,CRITICAL,test,Critical audio cue to actively preserve during enhancement (footsteps)
MB_CRIT_FOOTSTEPS_100,footsteps_100.wav,footsteps,Critical Footsteps,N/A,Google AudioSet Research Ontology,https://research.google.com/audioset/,Creative Commons Attribution 4.0 International (CC-BY 4.0),true,3.69,16000,1,16,PCM_16_WAV,PCM_16_MONO_16KHZ,CRITICAL,train,Critical audio cue to actively preserve during enhancement (footsteps)
MB_CRIT_MOVEMENT_001,movement_001.wav,movement,Critical Movement,N/A,Freesound Open Sound Archive,https://freesound.org,Creative Commons 0 (CC0 1.0 Universal),true,2.89,16000,1,16,PCM_16_WAV,PCM_16_MONO_16KHZ,CRITICAL,train,Critical audio cue to actively preserve during enhancement (movement)
MB_CRIT_MOVEMENT_002,movement_002.wav,movement,Critical Movement,N/A,Freesound Open Sound Archive,https://freesound.org,Creative Commons 0 (CC0 1.0 Universal),true,3.36,16000,1,16,PCM_16_WAV,PCM_16_MONO_16KHZ,CRITICAL,train,Critical audio cue to actively preserve during enhancement (movement)
MB_CRIT_MOVEMENT_003,movement_003.wav,movement,Critical Movement,N/A,Freesound Open Sound Archive,https://freesound.org,Creative Commons 0 (CC0 1.0 Universal),true,2.90,16000,1,16,PCM_16_WAV,PCM_16_MONO_16KHZ,CRITICAL,train,Critical audio cue to actively preserve during enhancement (movement)
MB_CRIT_MOVEMENT_004,movement_004.wav,movement,Critical Movement,N/A,Google AudioSet Research Ontology,https://research.google.com/audioset/,Creative Commons Attribution 4.0 International (CC-BY 4.0),true,2.81,16000,1,16,PCM_16_WAV,PCM_16_MONO_16KHZ,CRITICAL,train,Critical audio cue to actively preserve during enhancement (movement)
MB_CRIT_MOVEMENT_005,movement_005.wav,movement,Critical Movement,N/A,Google AudioSet Research Ontology,https://research.google.com/audioset/,Creative Commons Attribution 4.0 International (CC-BY 4.0),true,3.02,16000,1,16,PCM_16_WAV,PCM_16_MONO_16KHZ,CRITICAL,train,Critical audio cue to actively preserve during enhancement (movement)
MB_CRIT_MOVEMENT_006,movement_006.wav,movement,Critical Movement,N/A,Zenodo Open Defence & Industrial Acoustic Research Archive,https://zenodo.org,Creative Commons Attribution 4.0 International (CC-BY 4.0),true,3.58,16000,1,16,PCM_16_WAV,PCM_16_MONO_16KHZ,CRITICAL,train,Critical audio cue to actively preserve during enhancement (movement)
MB_CRIT_MOVEMENT_007,movement_007.wav,movement,Critical Movement,N/A,Freesound Open Sound Archive,https://freesound.org,Creative Commons 0 (CC0 1.0 Universal),true,2.58,16000,1,16,PCM_16_WAV,PCM_16_MONO_16KHZ,CRITICAL,train,Critical audio cue to actively preserve during enhancement (movement)
MB_CRIT_MOVEMENT_008,movement_008.wav,movement,Critical Movement,N/A,Freesound Open Sound Archive,https://freesound.org,Creative Commons 0 (CC0 1.0 Universal),true,3.32,16000,1,16,PCM_16_WAV,PCM_16_MONO_16KHZ,CRITICAL,validation,Critical audio cue to actively preserve during enhancement (movement)
MB_CRIT_MOVEMENT_009,movement_009.wav,movement,Critical Movement,N/A,Freesound Open Sound Archive,https://freesound.org,Creative Commons 0 (CC0 1.0 Universal),true,2.60,16000,1,16,PCM_16_WAV,PCM_16_MONO_16KHZ,CRITICAL,test,Critical audio cue to actively preserve during enhancement (movement)
MB_CRIT_MOVEMENT_010,movement_010.wav,movement,Critical Movement,N/A,Google AudioSet Research Ontology,https://research.google.com/audioset/,Creative Commons Attribution 4.0 International (CC-BY 4.0),true,2.84,16000,1,16,PCM_16_WAV,PCM_16_MONO_16KHZ,CRITICAL,train,Critical audio cue to actively preserve during enhancement (movement)
MB_CRIT_MOVEMENT_011,movement_011.wav,movement,Critical Movement,N/A,Freesound Open Sound Archive,https://freesound.org,Creative Commons 0 (CC0 1.0 Universal),true,3.06,16000,1,16,PCM_16_WAV,PCM_16_MONO_16KHZ,CRITICAL,train,Critical audio cue to actively preserve during enhancement (movement)
MB_CRIT_MOVEMENT_012,movement_012.wav,movement,Critical Movement,N/A,Freesound Open Sound Archive,https://freesound.org,Creative Commons 0 (CC0 1.0 Universal),true,3.35,16000,1,16,PCM_16_WAV,PCM_16_MONO_16KHZ,CRITICAL,train,Critical audio cue to actively preserve during enhancement (movement)
MB_CRIT_MOVEMENT_013,movement_013.wav,movement,Critical Movement,N/A,Google AudioSet Research Ontology,https://research.google.com/audioset/,Creative Commons Attribution 4.0 International (CC-BY 4.0),true,3.05,16000,1,16,PCM_16_WAV,PCM_16_MONO_16KHZ,CRITICAL,train,Critical audio cue to actively preserve during enhancement (movement)
MB_CRIT_MOVEMENT_014,movement_014.wav,movement,Critical Movement,N/A,Google AudioSet Research Ontology,https://research.google.com/audioset/,Creative Commons Attribution 4.0 International (CC-BY 4.0),true,3.55,16000,1,16,PCM_16_WAV,PCM_16_MONO_16KHZ,CRITICAL,train,Critical audio cue to actively preserve during enhancement (movement)
MB_CRIT_MOVEMENT_015,movement_015.wav,movement,Critical Movement,N/A,Freesound Open Sound Archive,https://freesound.org,Creative Commons 0 (CC0 1.0 Universal),true,3.03,16000,1,16,PCM_16_WAV,PCM_16_MONO_16KHZ,CRITICAL,train,Critical audio cue to actively preserve during enhancement (movement)
MB_CRIT_MOVEMENT_016,movement_016.wav,movement,Critical Movement,N/A,Freesound Open Sound Archive,https://freesound.org,Creative Commons 0 (CC0 1.0 Universal),true,3.54,16000,1,16,PCM_16_WAV,PCM_16_MONO_16KHZ,CRITICAL,train,Critical audio cue to actively preserve during enhancement (movement)
MB_CRIT_MOVEMENT_017,movement_017.wav,movement,Critical Movement,N/A,Google AudioSet Research Ontology,https://research.google.com/audioset/,Creative Commons Attribution 4.0 International (CC-BY 4.0),true,3.13,16000,1,16,PCM_16_WAV,PCM_16_MONO_16KHZ,CRITICAL,train,Critical audio cue to actively preserve during enhancement (movement)
MB_CRIT_MOVEMENT_018,movement_018.wav,movement,Critical Movement,N/A,Zenodo Open Defence & Industrial Acoustic Research Archive,https://zenodo.org,Creative Commons Attribution 4.0 International (CC-BY 4.0),true,3.12,16000,1,16,PCM_16_WAV,PCM_16_MONO_16KHZ,CRITICAL,validation,Critical audio cue to actively preserve during enhancement (movement)
MB_CRIT_MOVEMENT_019,movement_019.wav,movement,Critical Movement,N/A,Google AudioSet Research Ontology,https://research.google.com/audioset/,Creative Commons Attribution 4.0 International (CC-BY 4.0),true,3.56,16000,1,16,PCM_16_WAV,PCM_16_MONO_16KHZ,CRITICAL,test,Critical audio cue to actively preserve during enhancement (movement)
MB_CRIT_MOVEMENT_020,movement_020.wav,movement,Critical Movement,N/A,Freesound Open Sound Archive,https://freesound.org,Creative Commons 0 (CC0 1.0 Universal),true,2.82,16000,1,16,PCM_16_WAV,PCM_16_MONO_16KHZ,CRITICAL,train,Critical audio cue to actively preserve during enhancement (movement)
MB_CRIT_MOVEMENT_021,movement_021.wav,movement,Critical Movement,N/A,Google AudioSet Research Ontology,https://research.google.com/audioset/,Creative Commons Attribution 4.0 International (CC-BY 4.0),true,2.85,16000,1,16,PCM_16_WAV,PCM_16_MONO_16KHZ,CRITICAL,train,Critical audio cue to actively preserve during enhancement (movement)
MB_CRIT_MOVEMENT_022,movement_022.wav,movement,Critical Movement,N/A,Google AudioSet Research Ontology,https://research.google.com/audioset/,Creative Commons Attribution 4.0 International (CC-BY 4.0),true,2.51,16000,1,16,PCM_16_WAV,PCM_16_MONO_16KHZ,CRITICAL,train,Critical audio cue to actively preserve during enhancement (movement)
MB_CRIT_MOVEMENT_023,movement_023.wav,movement,Critical Movement,N/A,Freesound Open Sound Archive,https://freesound.org,Creative Commons 0 (CC0 1.0 Universal),true,3.67,16000,1,16,PCM_16_WAV,PCM_16_MONO_16KHZ,CRITICAL,train,Critical audio cue to actively preserve during enhancement (movement)
MB_CRIT_MOVEMENT_024,movement_024.wav,movement,Critical Movement,N/A,Google AudioSet Research Ontology,https://research.google.com/audioset/,Creative Commons Attribution 4.0 International (CC-BY 4.0),true,3.80,16000,1,16,PCM_16_WAV,PCM_16_MONO_16KHZ,CRITICAL,train,Critical audio cue to actively preserve during enhancement (movement)
MB_CRIT_MOVEMENT_025,movement_025.wav,movement,Critical Movement,N/A,Zenodo Open Defence & Industrial Acoustic Research Archive,https://zenodo.org,Creative Commons Attribution 4.0 International (CC-BY 4.0),true,3.28,16000,1,16,PCM_16_WAV,PCM_16_MONO_16KHZ,CRITICAL,train,Critical audio cue to actively preserve during enhancement (movement)
MB_CRIT_MOVEMENT_026,movement_026.wav,movement,Critical Movement,N/A,Google AudioSet Research Ontology,https://research.google.com/audioset/,Creative Commons Attribution 4.0 International (CC-BY 4.0),true,3.60,16000,1,16,PCM_16_WAV,PCM_16_MONO_16KHZ,CRITICAL,train,Critical audio cue to actively preserve during enhancement (movement)
MB_CRIT_MOVEMENT_027,movement_027.wav,movement,Critical Movement,N/A,Freesound Open Sound Archive,https://freesound.org,Creative Commons 0 (CC0 1.0 Universal),true,3.06,16000,1,16,PCM_16_WAV,PCM_16_MONO_16KHZ,CRITICAL,train,Critical audio cue to actively preserve during enhancement (movement)
MB_CRIT_MOVEMENT_028,movement_028.wav,movement,Critical Movement,N/A,Zenodo Open Defence & Industrial Acoustic Research Archive,https://zenodo.org,Creative Commons Attribution 4.0 International (CC-BY 4.0),true,2.57,16000,1,16,PCM_16_WAV,PCM_16_MONO_16KHZ,CRITICAL,validation,Critical audio cue to actively preserve during enhancement (movement)
MB_CRIT_MOVEMENT_029,movement_029.wav,movement,Critical Movement,N/A,Zenodo Open Defence & Industrial Acoustic Research Archive,https://zenodo.org,Creative Commons Attribution 4.0 International (CC-BY 4.0),true,2.78,16000,1,16,PCM_16_WAV,PCM_16_MONO_16KHZ,CRITICAL,test,Critical audio cue to actively preserve during enhancement (movement)
MB_CRIT_MOVEMENT_030,movement_030.wav,movement,Critical Movement,N/A,Google AudioSet Research Ontology,https://research.google.com/audioset/,Creative Commons Attribution 4.0 International (CC-BY 4.0),true,2.50,16000,1,16,PCM_16_WAV,PCM_16_MONO_16KHZ,CRITICAL,train,Critical audio cue to actively preserve during enhancement (movement)
MB_CRIT_MOVEMENT_031,movement_031.wav,movement,Critical Movement,N/A,Freesound Open Sound Archive,https://freesound.org,Creative Commons 0 (CC0 1.0 Universal),true,2.83,16000,1,16,PCM_16_WAV,PCM_16_MONO_16KHZ,CRITICAL,train,Critical audio cue to actively preserve during enhancement (movement)
MB_CRIT_MOVEMENT_032,movement_032.wav,movement,Critical Movement,N/A,Zenodo Open Defence & Industrial Acoustic Research Archive,https://zenodo.org,Creative Commons Attribution 4.0 International (CC-BY 4.0),true,3.49,16000,1,16,PCM_16_WAV,PCM_16_MONO_16KHZ,CRITICAL,train,Critical audio cue to actively preserve during enhancement (movement)
MB_CRIT_MOVEMENT_033,movement_033.wav,movement,Critical Movement,N/A,Google AudioSet Research Ontology,https://research.google.com/audioset/,Creative Commons Attribution 4.0 International (CC-BY 4.0),true,2.55,16000,1,16,PCM_16_WAV,PCM_16_MONO_16KHZ,CRITICAL,train,Critical audio cue to actively preserve during enhancement (movement)
MB_CRIT_MOVEMENT_034,movement_034.wav,movement,Critical Movement,N/A,Zenodo Open Defence & Industrial Acoustic Research Archive,https://zenodo.org,Creative Commons Attribution 4.0 International (CC-BY 4.0),true,3.04,16000,1,16,PCM_16_WAV,PCM_16_MONO_16KHZ,CRITICAL,train,Critical audio cue to actively preserve during enhancement (movement)
MB_CRIT_MOVEMENT_035,movement_035.wav,movement,Critical Movement,N/A,Freesound Open Sound Archive,https://freesound.org,Creative Commons 0 (CC0 1.0 Universal),true,3.34,16000,1,16,PCM_16_WAV,PCM_16_MONO_16KHZ,CRITICAL,train,Critical audio cue to actively preserve during enhancement (movement)
MB_CRIT_MOVEMENT_036,movement_036.wav,movement,Critical Movement,N/A,Google AudioSet Research Ontology,https://research.google.com/audioset/,Creative Commons Attribution 4.0 International (CC-BY 4.0),true,3.46,16000,1,16,PCM_16_WAV,PCM_16_MONO_16KHZ,CRITICAL,train,Critical audio cue to actively preserve during enhancement (movement)
MB_CRIT_MOVEMENT_037,movement_037.wav,movement,Critical Movement,N/A,Zenodo Open Defence & Industrial Acoustic Research Archive,https://zenodo.org,Creative Commons Attribution 4.0 International (CC-BY 4.0),true,3.15,16000,1,16,PCM_16_WAV,PCM_16_MONO_16KHZ,CRITICAL,train,Critical audio cue to actively preserve during enhancement (movement)
MB_CRIT_MOVEMENT_038,movement_038.wav,movement,Critical Movement,N/A,Zenodo Open Defence & Industrial Acoustic Research Archive,https://zenodo.org,Creative Commons Attribution 4.0 International (CC-BY 4.0),true,2.92,16000,1,16,PCM_16_WAV,PCM_16_MONO_16KHZ,CRITICAL,validation,Critical audio cue to actively preserve during enhancement (movement)
MB_CRIT_MOVEMENT_039,movement_039.wav,movement,Critical Movement,N/A,Freesound Open Sound Archive,https://freesound.org,Creative Commons 0 (CC0 1.0 Universal),true,3.75,16000,1,16,PCM_16_WAV,PCM_16_MONO_16KHZ,CRITICAL,test,Critical audio cue to actively preserve during enhancement (movement)
MB_CRIT_MOVEMENT_040,movement_040.wav,movement,Critical Movement,N/A,Freesound Open Sound Archive,https://freesound.org,Creative Commons 0 (CC0 1.0 Universal),true,2.52,16000,1,16,PCM_16_WAV,PCM_16_MONO_16KHZ,CRITICAL,train,Critical audio cue to actively preserve during enhancement (movement)
MB_CRIT_MOVEMENT_041,movement_041.wav,movement,Critical Movement,N/A,Freesound Open Sound Archive,https://freesound.org,Creative Commons 0 (CC0 1.0 Universal),true,3.28,16000,1,16,PCM_16_WAV,PCM_16_MONO_16KHZ,CRITICAL,train,Critical audio cue to actively preserve during enhancement (movement)
MB_CRIT_MOVEMENT_042,movement_042.wav,movement,Critical Movement,N/A,Zenodo Open Defence & Industrial Acoustic Research Archive,https://zenodo.org,Creative Commons Attribution 4.0 International (CC-BY 4.0),true,3.61,16000,1,16,PCM_16_WAV,PCM_16_MONO_16KHZ,CRITICAL,train,Critical audio cue to actively preserve during enhancement (movement)
MB_CRIT_MOVEMENT_043,movement_043.wav,movement,Critical Movement,N/A,Google AudioSet Research Ontology,https://research.google.com/audioset/,Creative Commons Attribution 4.0 International (CC-BY 4.0),true,3.60,16000,1,16,PCM_16_WAV,PCM_16_MONO_16KHZ,CRITICAL,train,Critical audio cue to actively preserve during enhancement (movement)
MB_CRIT_MOVEMENT_044,movement_044.wav,movement,Critical Movement,N/A,Google AudioSet Research Ontology,https://research.google.com/audioset/,Creative Commons Attribution 4.0 International (CC-BY 4.0),true,3.79,16000,1,16,PCM_16_WAV,PCM_16_MONO_16KHZ,CRITICAL,train,Critical audio cue to actively preserve during enhancement (movement)
MB_CRIT_MOVEMENT_045,movement_045.wav,movement,Critical Movement,N/A,Zenodo Open Defence & Industrial Acoustic Research Archive,https://zenodo.org,Creative Commons Attribution 4.0 International (CC-BY 4.0),true,3.24,16000,1,16,PCM_16_WAV,PCM_16_MONO_16KHZ,CRITICAL,train,Critical audio cue to actively preserve during enhancement (movement)
MB_CRIT_MOVEMENT_046,movement_046.wav,movement,Critical Movement,N/A,Google AudioSet Research Ontology,https://research.google.com/audioset/,Creative Commons Attribution 4.0 International (CC-BY 4.0),true,2.60,16000,1,16,PCM_16_WAV,PCM_16_MONO_16KHZ,CRITICAL,train,Critical audio cue to actively preserve during enhancement (movement)
MB_CRIT_MOVEMENT_047,movement_047.wav,movement,Critical Movement,N/A,Freesound Open Sound Archive,https://freesound.org,Creative Commons 0 (CC0 1.0 Universal),true,2.74,16000,1,16,PCM_16_WAV,PCM_16_MONO_16KHZ,CRITICAL,train,Critical audio cue to actively preserve during enhancement (movement)
MB_CRIT_MOVEMENT_048,movement_048.wav,movement,Critical Movement,N/A,Zenodo Open Defence & Industrial Acoustic Research Archive,https://zenodo.org,Creative Commons Attribution 4.0 International (CC-BY 4.0),true,2.54,16000,1,16,PCM_16_WAV,PCM_16_MONO_16KHZ,CRITICAL,validation,Critical audio cue to actively preserve during enhancement (movement)
MB_CRIT_MOVEMENT_049,movement_049.wav,movement,Critical Movement,N/A,Freesound Open Sound Archive,https://freesound.org,Creative Commons 0 (CC0 1.0 Universal),true,3.61,16000,1,16,PCM_16_WAV,PCM_16_MONO_16KHZ,CRITICAL,test,Critical audio cue to actively preserve during enhancement (movement)
MB_CRIT_MOVEMENT_050,movement_050.wav,movement,Critical Movement,N/A,Google AudioSet Research Ontology,https://research.google.com/audioset/,Creative Commons Attribution 4.0 International (CC-BY 4.0),true,3.72,16000,1,16,PCM_16_WAV,PCM_16_MONO_16KHZ,CRITICAL,train,Critical audio cue to actively preserve during enhancement (movement)
MB_CRIT_MOVEMENT_051,movement_051.wav,movement,Critical Movement,N/A,Google AudioSet Research Ontology,https://research.google.com/audioset/,Creative Commons Attribution 4.0 International (CC-BY 4.0),true,3.30,16000,1,16,PCM_16_WAV,PCM_16_MONO_16KHZ,CRITICAL,train,Critical audio cue to actively preserve during enhancement (movement)
MB_CRIT_MOVEMENT_052,movement_052.wav,movement,Critical Movement,N/A,Google AudioSet Research Ontology,https://research.google.com/audioset/,Creative Commons Attribution 4.0 International (CC-BY 4.0),true,3.79,16000,1,16,PCM_16_WAV,PCM_16_MONO_16KHZ,CRITICAL,train,Critical audio cue to actively preserve during enhancement (movement)
MB_CRIT_MOVEMENT_053,movement_053.wav,movement,Critical Movement,N/A,Google AudioSet Research Ontology,https://research.google.com/audioset/,Creative Commons Attribution 4.0 International (CC-BY 4.0),true,2.81,16000,1,16,PCM_16_WAV,PCM_16_MONO_16KHZ,CRITICAL,train,Critical audio cue to actively preserve during enhancement (movement)
MB_CRIT_MOVEMENT_054,movement_054.wav,movement,Critical Movement,N/A,Google AudioSet Research Ontology,https://research.google.com/audioset/,Creative Commons Attribution 4.0 International (CC-BY 4.0),true,2.71,16000,1,16,PCM_16_WAV,PCM_16_MONO_16KHZ,CRITICAL,train,Critical audio cue to actively preserve during enhancement (movement)
MB_CRIT_MOVEMENT_055,movement_055.wav,movement,Critical Movement,N/A,Google AudioSet Research Ontology,https://research.google.com/audioset/,Creative Commons Attribution 4.0 International (CC-BY 4.0),true,3.68,16000,1,16,PCM_16_WAV,PCM_16_MONO_16KHZ,CRITICAL,train,Critical audio cue to actively preserve during enhancement (movement)
MB_CRIT_MOVEMENT_056,movement_056.wav,movement,Critical Movement,N/A,Freesound Open Sound Archive,https://freesound.org,Creative Commons 0 (CC0 1.0 Universal),true,2.93,16000,1,16,PCM_16_WAV,PCM_16_MONO_16KHZ,CRITICAL,train,Critical audio cue to actively preserve during enhancement (movement)
MB_CRIT_MOVEMENT_057,movement_057.wav,movement,Critical Movement,N/A,Zenodo Open Defence & Industrial Acoustic Research Archive,https://zenodo.org,Creative Commons Attribution 4.0 International (CC-BY 4.0),true,3.28,16000,1,16,PCM_16_WAV,PCM_16_MONO_16KHZ,CRITICAL,train,Critical audio cue to actively preserve during enhancement (movement)
MB_CRIT_MOVEMENT_058,movement_058.wav,movement,Critical Movement,N/A,Google AudioSet Research Ontology,https://research.google.com/audioset/,Creative Commons Attribution 4.0 International (CC-BY 4.0),true,3.12,16000,1,16,PCM_16_WAV,PCM_16_MONO_16KHZ,CRITICAL,validation,Critical audio cue to actively preserve during enhancement (movement)
MB_CRIT_MOVEMENT_059,movement_059.wav,movement,Critical Movement,N/A,Zenodo Open Defence & Industrial Acoustic Research Archive,https://zenodo.org,Creative Commons Attribution 4.0 International (CC-BY 4.0),true,2.54,16000,1,16,PCM_16_WAV,PCM_16_MONO_16KHZ,CRITICAL,test,Critical audio cue to actively preserve during enhancement (movement)
MB_CRIT_MOVEMENT_060,movement_060.wav,movement,Critical Movement,N/A,Google AudioSet Research Ontology,https://research.google.com/audioset/,Creative Commons Attribution 4.0 International (CC-BY 4.0),true,2.74,16000,1,16,PCM_16_WAV,PCM_16_MONO_16KHZ,CRITICAL,train,Critical audio cue to actively preserve during enhancement (movement)
MB_CRIT_MOVEMENT_061,movement_061.wav,movement,Critical Movement,N/A,Freesound Open Sound Archive,https://freesound.org,Creative Commons 0 (CC0 1.0 Universal),true,2.66,16000,1,16,PCM_16_WAV,PCM_16_MONO_16KHZ,CRITICAL,train,Critical audio cue to actively preserve during enhancement (movement)
MB_CRIT_MOVEMENT_062,movement_062.wav,movement,Critical Movement,N/A,Zenodo Open Defence & Industrial Acoustic Research Archive,https://zenodo.org,Creative Commons Attribution 4.0 International (CC-BY 4.0),true,2.96,16000,1,16,PCM_16_WAV,PCM_16_MONO_16KHZ,CRITICAL,train,Critical audio cue to actively preserve during enhancement (movement)
MB_CRIT_MOVEMENT_063,movement_063.wav,movement,Critical Movement,N/A,Zenodo Open Defence & Industrial Acoustic Research Archive,https://zenodo.org,Creative Commons Attribution 4.0 International (CC-BY 4.0),true,3.04,16000,1,16,PCM_16_WAV,PCM_16_MONO_16KHZ,CRITICAL,train,Critical audio cue to actively preserve during enhancement (movement)
MB_CRIT_MOVEMENT_064,movement_064.wav,movement,Critical Movement,N/A,Freesound Open Sound Archive,https://freesound.org,Creative Commons 0 (CC0 1.0 Universal),true,3.72,16000,1,16,PCM_16_WAV,PCM_16_MONO_16KHZ,CRITICAL,train,Critical audio cue to actively preserve during enhancement (movement)
MB_CRIT_MOVEMENT_065,movement_065.wav,movement,Critical Movement,N/A,Google AudioSet Research Ontology,https://research.google.com/audioset/,Creative Commons Attribution 4.0 International (CC-BY 4.0),true,3.65,16000,1,16,PCM_16_WAV,PCM_16_MONO_16KHZ,CRITICAL,train,Critical audio cue to actively preserve during enhancement (movement)
MB_CRIT_MOVEMENT_066,movement_066.wav,movement,Critical Movement,N/A,Freesound Open Sound Archive,https://freesound.org,Creative Commons 0 (CC0 1.0 Universal),true,2.64,16000,1,16,PCM_16_WAV,PCM_16_MONO_16KHZ,CRITICAL,train,Critical audio cue to actively preserve during enhancement (movement)
MB_CRIT_MOVEMENT_067,movement_067.wav,movement,Critical Movement,N/A,Zenodo Open Defence & Industrial Acoustic Research Archive,https://zenodo.org,Creative Commons Attribution 4.0 International (CC-BY 4.0),true,3.53,16000,1,16,PCM_16_WAV,PCM_16_MONO_16KHZ,CRITICAL,train,Critical audio cue to actively preserve during enhancement (movement)
MB_CRIT_MOVEMENT_068,movement_068.wav,movement,Critical Movement,N/A,Zenodo Open Defence & Industrial Acoustic Research Archive,https://zenodo.org,Creative Commons Attribution 4.0 International (CC-BY 4.0),true,3.28,16000,1,16,PCM_16_WAV,PCM_16_MONO_16KHZ,CRITICAL,validation,Critical audio cue to actively preserve during enhancement (movement)
MB_CRIT_MOVEMENT_069,movement_069.wav,movement,Critical Movement,N/A,Zenodo Open Defence & Industrial Acoustic Research Archive,https://zenodo.org,Creative Commons Attribution 4.0 International (CC-BY 4.0),true,2.54,16000,1,16,PCM_16_WAV,PCM_16_MONO_16KHZ,CRITICAL,test,Critical audio cue to actively preserve during enhancement (movement)
MB_CRIT_MOVEMENT_070,movement_070.wav,movement,Critical Movement,N/A,Zenodo Open Defence & Industrial Acoustic Research Archive,https://zenodo.org,Creative Commons Attribution 4.0 International (CC-BY 4.0),true,3.44,16000,1,16,PCM_16_WAV,PCM_16_MONO_16KHZ,CRITICAL,train,Critical audio cue to actively preserve during enhancement (movement)
MB_CRIT_MOVEMENT_071,movement_071.wav,movement,Critical Movement,N/A,Zenodo Open Defence & Industrial Acoustic Research Archive,https://zenodo.org,Creative Commons Attribution 4.0 International (CC-BY 4.0),true,3.56,16000,1,16,PCM_16_WAV,PCM_16_MONO_16KHZ,CRITICAL,train,Critical audio cue to actively preserve during enhancement (movement)
MB_CRIT_MOVEMENT_072,movement_072.wav,movement,Critical Movement,N/A,Zenodo Open Defence & Industrial Acoustic Research Archive,https://zenodo.org,Creative Commons Attribution 4.0 International (CC-BY 4.0),true,3.26,16000,1,16,PCM_16_WAV,PCM_16_MONO_16KHZ,CRITICAL,train,Critical audio cue to actively preserve during enhancement (movement)
MB_CRIT_MOVEMENT_073,movement_073.wav,movement,Critical Movement,N/A,Freesound Open Sound Archive,https://freesound.org,Creative Commons 0 (CC0 1.0 Universal),true,2.73,16000,1,16,PCM_16_WAV,PCM_16_MONO_16KHZ,CRITICAL,train,Critical audio cue to actively preserve during enhancement (movement)
MB_CRIT_MOVEMENT_074,movement_074.wav,movement,Critical Movement,N/A,Freesound Open Sound Archive,https://freesound.org,Creative Commons 0 (CC0 1.0 Universal),true,3.31,16000,1,16,PCM_16_WAV,PCM_16_MONO_16KHZ,CRITICAL,train,Critical audio cue to actively preserve during enhancement (movement)
MB_CRIT_MOVEMENT_075,movement_075.wav,movement,Critical Movement,N/A,Zenodo Open Defence & Industrial Acoustic Research Archive,https://zenodo.org,Creative Commons Attribution 4.0 International (CC-BY 4.0),true,3.56,16000,1,16,PCM_16_WAV,PCM_16_MONO_16KHZ,CRITICAL,train,Critical audio cue to actively preserve during enhancement (movement)
MB_CRIT_MOVEMENT_076,movement_076.wav,movement,Critical Movement,N/A,Google AudioSet Research Ontology,https://research.google.com/audioset/,Creative Commons Attribution 4.0 International (CC-BY 4.0),true,3.37,16000,1,16,PCM_16_WAV,PCM_16_MONO_16KHZ,CRITICAL,train,Critical audio cue to actively preserve during enhancement (movement)
MB_CRIT_MOVEMENT_077,movement_077.wav,movement,Critical Movement,N/A,Zenodo Open Defence & Industrial Acoustic Research Archive,https://zenodo.org,Creative Commons Attribution 4.0 International (CC-BY 4.0),true,2.63,16000,1,16,PCM_16_WAV,PCM_16_MONO_16KHZ,CRITICAL,train,Critical audio cue to actively preserve during enhancement (movement)
MB_CRIT_MOVEMENT_078,movement_078.wav,movement,Critical Movement,N/A,Google AudioSet Research Ontology,https://research.google.com/audioset/,Creative Commons Attribution 4.0 International (CC-BY 4.0),true,3.73,16000,1,16,PCM_16_WAV,PCM_16_MONO_16KHZ,CRITICAL,validation,Critical audio cue to actively preserve during enhancement (movement)
MB_CRIT_MOVEMENT_079,movement_079.wav,movement,Critical Movement,N/A,Freesound Open Sound Archive,https://freesound.org,Creative Commons 0 (CC0 1.0 Universal),true,3.54,16000,1,16,PCM_16_WAV,PCM_16_MONO_16KHZ,CRITICAL,test,Critical audio cue to actively preserve during enhancement (movement)
MB_CRIT_MOVEMENT_080,movement_080.wav,movement,Critical Movement,N/A,Zenodo Open Defence & Industrial Acoustic Research Archive,https://zenodo.org,Creative Commons Attribution 4.0 International (CC-BY 4.0),true,2.84,16000,1,16,PCM_16_WAV,PCM_16_MONO_16KHZ,CRITICAL,train,Critical audio cue to actively preserve during enhancement (movement)
MB_CRIT_MOVEMENT_081,movement_081.wav,movement,Critical Movement,N/A,Google AudioSet Research Ontology,https://research.google.com/audioset/,Creative Commons Attribution 4.0 International (CC-BY 4.0),true,3.78,16000,1,16,PCM_16_WAV,PCM_16_MONO_16KHZ,CRITICAL,train,Critical audio cue to actively preserve during enhancement (movement)
MB_CRIT_MOVEMENT_082,movement_082.wav,movement,Critical Movement,N/A,Zenodo Open Defence & Industrial Acoustic Research Archive,https://zenodo.org,Creative Commons Attribution 4.0 International (CC-BY 4.0),true,2.84,16000,1,16,PCM_16_WAV,PCM_16_MONO_16KHZ,CRITICAL,train,Critical audio cue to actively preserve during enhancement (movement)
MB_CRIT_MOVEMENT_083,movement_083.wav,movement,Critical Movement,N/A,Google AudioSet Research Ontology,https://research.google.com/audioset/,Creative Commons Attribution 4.0 International (CC-BY 4.0),true,3.79,16000,1,16,PCM_16_WAV,PCM_16_MONO_16KHZ,CRITICAL,train,Critical audio cue to actively preserve during enhancement (movement)
MB_CRIT_MOVEMENT_084,movement_084.wav,movement,Critical Movement,N/A,Freesound Open Sound Archive,https://freesound.org,Creative Commons 0 (CC0 1.0 Universal),true,3.31,16000,1,16,PCM_16_WAV,PCM_16_MONO_16KHZ,CRITICAL,train,Critical audio cue to actively preserve during enhancement (movement)
MB_CRIT_MOVEMENT_085,movement_085.wav,movement,Critical Movement,N/A,Freesound Open Sound Archive,https://freesound.org,Creative Commons 0 (CC0 1.0 Universal),true,3.17,16000,1,16,PCM_16_WAV,PCM_16_MONO_16KHZ,CRITICAL,train,Critical audio cue to actively preserve during enhancement (movement)
MB_CRIT_MOVEMENT_086,movement_086.wav,movement,Critical Movement,N/A,Google AudioSet Research Ontology,https://research.google.com/audioset/,Creative Commons Attribution 4.0 International (CC-BY 4.0),true,3.63,16000,1,16,PCM_16_WAV,PCM_16_MONO_16KHZ,CRITICAL,train,Critical audio cue to actively preserve during enhancement (movement)
MB_CRIT_MOVEMENT_087,movement_087.wav,movement,Critical Movement,N/A,Google AudioSet Research Ontology,https://research.google.com/audioset/,Creative Commons Attribution 4.0 International (CC-BY 4.0),true,3.28,16000,1,16,PCM_16_WAV,PCM_16_MONO_16KHZ,CRITICAL,train,Critical audio cue to actively preserve during enhancement (movement)
MB_CRIT_MOVEMENT_088,movement_088.wav,movement,Critical Movement,N/A,Google AudioSet Research Ontology,https://research.google.com/audioset/,Creative Commons Attribution 4.0 International (CC-BY 4.0),true,3.70,16000,1,16,PCM_16_WAV,PCM_16_MONO_16KHZ,CRITICAL,validation,Critical audio cue to actively preserve during enhancement (movement)
MB_CRIT_MOVEMENT_089,movement_089.wav,movement,Critical Movement,N/A,Zenodo Open Defence & Industrial Acoustic Research Archive,https://zenodo.org,Creative Commons Attribution 4.0 International (CC-BY 4.0),true,3.49,16000,1,16,PCM_16_WAV,PCM_16_MONO_16KHZ,CRITICAL,test,Critical audio cue to actively preserve during enhancement (movement)
MB_CRIT_MOVEMENT_090,movement_090.wav,movement,Critical Movement,N/A,Google AudioSet Research Ontology,https://research.google.com/audioset/,Creative Commons Attribution 4.0 International (CC-BY 4.0),true,3.73,16000,1,16,PCM_16_WAV,PCM_16_MONO_16KHZ,CRITICAL,train,Critical audio cue to actively preserve during enhancement (movement)
MB_CRIT_MOVEMENT_091,movement_091.wav,movement,Critical Movement,N/A,Google AudioSet Research Ontology,https://research.google.com/audioset/,Creative Commons Attribution 4.0 International (CC-BY 4.0),true,3.46,16000,1,16,PCM_16_WAV,PCM_16_MONO_16KHZ,CRITICAL,train,Critical audio cue to actively preserve during enhancement (movement)
MB_CRIT_MOVEMENT_092,movement_092.wav,movement,Critical Movement,N/A,Zenodo Open Defence & Industrial Acoustic Research Archive,https://zenodo.org,Creative Commons Attribution 4.0 International (CC-BY 4.0),true,3.25,16000,1,16,PCM_16_WAV,PCM_16_MONO_16KHZ,CRITICAL,train,Critical audio cue to actively preserve during enhancement (movement)
MB_CRIT_MOVEMENT_093,movement_093.wav,movement,Critical Movement,N/A,Google AudioSet Research Ontology,https://research.google.com/audioset/,Creative Commons Attribution 4.0 International (CC-BY 4.0),true,3.66,16000,1,16,PCM_16_WAV,PCM_16_MONO_16KHZ,CRITICAL,train,Critical audio cue to actively preserve during enhancement (movement)
MB_CRIT_MOVEMENT_094,movement_094.wav,movement,Critical Movement,N/A,Freesound Open Sound Archive,https://freesound.org,Creative Commons 0 (CC0 1.0 Universal),true,3.52,16000,1,16,PCM_16_WAV,PCM_16_MONO_16KHZ,CRITICAL,train,Critical audio cue to actively preserve during enhancement (movement)
MB_CRIT_MOVEMENT_095,movement_095.wav,movement,Critical Movement,N/A,Freesound Open Sound Archive,https://freesound.org,Creative Commons 0 (CC0 1.0 Universal),true,2.87,16000,1,16,PCM_16_WAV,PCM_16_MONO_16KHZ,CRITICAL,train,Critical audio cue to actively preserve during enhancement (movement)
MB_CRIT_MOVEMENT_096,movement_096.wav,movement,Critical Movement,N/A,Zenodo Open Defence & Industrial Acoustic Research Archive,https://zenodo.org,Creative Commons Attribution 4.0 International (CC-BY 4.0),true,2.71,16000,1,16,PCM_16_WAV,PCM_16_MONO_16KHZ,CRITICAL,train,Critical audio cue to actively preserve during enhancement (movement)
MB_CRIT_MOVEMENT_097,movement_097.wav,movement,Critical Movement,N/A,Freesound Open Sound Archive,https://freesound.org,Creative Commons 0 (CC0 1.0 Universal),true,3.58,16000,1,16,PCM_16_WAV,PCM_16_MONO_16KHZ,CRITICAL,train,Critical audio cue to actively preserve during enhancement (movement)
MB_CRIT_MOVEMENT_098,movement_098.wav,movement,Critical Movement,N/A,Zenodo Open Defence & Industrial Acoustic Research Archive,https://zenodo.org,Creative Commons Attribution 4.0 International (CC-BY 4.0),true,3.13,16000,1,16,PCM_16_WAV,PCM_16_MONO_16KHZ,CRITICAL,validation,Critical audio cue to actively preserve during enhancement (movement)
MB_CRIT_MOVEMENT_099,movement_099.wav,movement,Critical Movement,N/A,Zenodo Open Defence & Industrial Acoustic Research Archive,https://zenodo.org,Creative Commons Attribution 4.0 International (CC-BY 4.0),true,3.61,16000,1,16,PCM_16_WAV,PCM_16_MONO_16KHZ,CRITICAL,test,Critical audio cue to actively preserve during enhancement (movement)
MB_CRIT_MOVEMENT_100,movement_100.wav,movement,Critical Movement,N/A,Google AudioSet Research Ontology,https://research.google.com/audioset/,Creative Commons Attribution 4.0 International (CC-BY 4.0),true,3.27,16000,1,16,PCM_16_WAV,PCM_16_MONO_16KHZ,CRITICAL,train,Critical audio cue to actively preserve during enhancement (movement)
MB_CRIT_ENVIRONMENTAL_CUES_001,environmental_cues_001.wav,environmental_cues,Critical Environmental Cues,N/A,Google AudioSet Research Ontology,https://research.google.com/audioset/,Creative Commons Attribution 4.0 International (CC-BY 4.0),true,3.05,16000,1,16,PCM_16_WAV,PCM_16_MONO_16KHZ,CRITICAL,train,Critical audio cue to actively preserve during enhancement (environmental_cues)
MB_CRIT_ENVIRONMENTAL_CUES_002,environmental_cues_002.wav,environmental_cues,Critical Environmental Cues,N/A,Freesound Open Sound Archive,https://freesound.org,Creative Commons 0 (CC0 1.0 Universal),true,2.91,16000,1,16,PCM_16_WAV,PCM_16_MONO_16KHZ,CRITICAL,train,Critical audio cue to actively preserve during enhancement (environmental_cues)
MB_CRIT_ENVIRONMENTAL_CUES_003,environmental_cues_003.wav,environmental_cues,Critical Environmental Cues,N/A,Google AudioSet Research Ontology,https://research.google.com/audioset/,Creative Commons Attribution 4.0 International (CC-BY 4.0),true,3.49,16000,1,16,PCM_16_WAV,PCM_16_MONO_16KHZ,CRITICAL,train,Critical audio cue to actively preserve during enhancement (environmental_cues)
MB_CRIT_ENVIRONMENTAL_CUES_004,environmental_cues_004.wav,environmental_cues,Critical Environmental Cues,N/A,Freesound Open Sound Archive,https://freesound.org,Creative Commons 0 (CC0 1.0 Universal),true,3.25,16000,1,16,PCM_16_WAV,PCM_16_MONO_16KHZ,CRITICAL,train,Critical audio cue to actively preserve during enhancement (environmental_cues)
MB_CRIT_ENVIRONMENTAL_CUES_005,environmental_cues_005.wav,environmental_cues,Critical Environmental Cues,N/A,Zenodo Open Defence & Industrial Acoustic Research Archive,https://zenodo.org,Creative Commons Attribution 4.0 International (CC-BY 4.0),true,3.34,16000,1,16,PCM_16_WAV,PCM_16_MONO_16KHZ,CRITICAL,train,Critical audio cue to actively preserve during enhancement (environmental_cues)
MB_CRIT_ENVIRONMENTAL_CUES_006,environmental_cues_006.wav,environmental_cues,Critical Environmental Cues,N/A,Google AudioSet Research Ontology,https://research.google.com/audioset/,Creative Commons Attribution 4.0 International (CC-BY 4.0),true,3.44,16000,1,16,PCM_16_WAV,PCM_16_MONO_16KHZ,CRITICAL,train,Critical audio cue to actively preserve during enhancement (environmental_cues)
MB_CRIT_ENVIRONMENTAL_CUES_007,environmental_cues_007.wav,environmental_cues,Critical Environmental Cues,N/A,Zenodo Open Defence & Industrial Acoustic Research Archive,https://zenodo.org,Creative Commons Attribution 4.0 International (CC-BY 4.0),true,3.67,16000,1,16,PCM_16_WAV,PCM_16_MONO_16KHZ,CRITICAL,train,Critical audio cue to actively preserve during enhancement (environmental_cues)
MB_CRIT_ENVIRONMENTAL_CUES_008,environmental_cues_008.wav,environmental_cues,Critical Environmental Cues,N/A,Freesound Open Sound Archive,https://freesound.org,Creative Commons 0 (CC0 1.0 Universal),true,3.67,16000,1,16,PCM_16_WAV,PCM_16_MONO_16KHZ,CRITICAL,validation,Critical audio cue to actively preserve during enhancement (environmental_cues)
MB_CRIT_ENVIRONMENTAL_CUES_009,environmental_cues_009.wav,environmental_cues,Critical Environmental Cues,N/A,Google AudioSet Research Ontology,https://research.google.com/audioset/,Creative Commons Attribution 4.0 International (CC-BY 4.0),true,3.29,16000,1,16,PCM_16_WAV,PCM_16_MONO_16KHZ,CRITICAL,test,Critical audio cue to actively preserve during enhancement (environmental_cues)
MB_CRIT_ENVIRONMENTAL_CUES_010,environmental_cues_010.wav,environmental_cues,Critical Environmental Cues,N/A,Freesound Open Sound Archive,https://freesound.org,Creative Commons 0 (CC0 1.0 Universal),true,2.95,16000,1,16,PCM_16_WAV,PCM_16_MONO_16KHZ,CRITICAL,train,Critical audio cue to actively preserve during enhancement (environmental_cues)
MB_CRIT_ENVIRONMENTAL_CUES_011,environmental_cues_011.wav,environmental_cues,Critical Environmental Cues,N/A,Google AudioSet Research Ontology,https://research.google.com/audioset/,Creative Commons Attribution 4.0 International (CC-BY 4.0),true,3.45,16000,1,16,PCM_16_WAV,PCM_16_MONO_16KHZ,CRITICAL,train,Critical audio cue to actively preserve during enhancement (environmental_cues)
MB_CRIT_ENVIRONMENTAL_CUES_012,environmental_cues_012.wav,environmental_cues,Critical Environmental Cues,N/A,Freesound Open Sound Archive,https://freesound.org,Creative Commons 0 (CC0 1.0 Universal),true,2.60,16000,1,16,PCM_16_WAV,PCM_16_MONO_16KHZ,CRITICAL,train,Critical audio cue to actively preserve during enhancement (environmental_cues)
MB_CRIT_ENVIRONMENTAL_CUES_013,environmental_cues_013.wav,environmental_cues,Critical Environmental Cues,N/A,Zenodo Open Defence & Industrial Acoustic Research Archive,https://zenodo.org,Creative Commons Attribution 4.0 International (CC-BY 4.0),true,2.78,16000,1,16,PCM_16_WAV,PCM_16_MONO_16KHZ,CRITICAL,train,Critical audio cue to actively preserve during enhancement (environmental_cues)
MB_CRIT_ENVIRONMENTAL_CUES_014,environmental_cues_014.wav,environmental_cues,Critical Environmental Cues,N/A,Zenodo Open Defence & Industrial Acoustic Research Archive,https://zenodo.org,Creative Commons Attribution 4.0 International (CC-BY 4.0),true,2.81,16000,1,16,PCM_16_WAV,PCM_16_MONO_16KHZ,CRITICAL,train,Critical audio cue to actively preserve during enhancement (environmental_cues)
MB_CRIT_ENVIRONMENTAL_CUES_015,environmental_cues_015.wav,environmental_cues,Critical Environmental Cues,N/A,Google AudioSet Research Ontology,https://research.google.com/audioset/,Creative Commons Attribution 4.0 International (CC-BY 4.0),true,2.52,16000,1,16,PCM_16_WAV,PCM_16_MONO_16KHZ,CRITICAL,train,Critical audio cue to actively preserve during enhancement (environmental_cues)
MB_CRIT_ENVIRONMENTAL_CUES_016,environmental_cues_016.wav,environmental_cues,Critical Environmental Cues,N/A,Google AudioSet Research Ontology,https://research.google.com/audioset/,Creative Commons Attribution 4.0 International (CC-BY 4.0),true,2.95,16000,1,16,PCM_16_WAV,PCM_16_MONO_16KHZ,CRITICAL,train,Critical audio cue to actively preserve during enhancement (environmental_cues)
MB_CRIT_ENVIRONMENTAL_CUES_017,environmental_cues_017.wav,environmental_cues,Critical Environmental Cues,N/A,Freesound Open Sound Archive,https://freesound.org,Creative Commons 0 (CC0 1.0 Universal),true,2.70,16000,1,16,PCM_16_WAV,PCM_16_MONO_16KHZ,CRITICAL,train,Critical audio cue to actively preserve during enhancement (environmental_cues)
MB_CRIT_ENVIRONMENTAL_CUES_018,environmental_cues_018.wav,environmental_cues,Critical Environmental Cues,N/A,Google AudioSet Research Ontology,https://research.google.com/audioset/,Creative Commons Attribution 4.0 International (CC-BY 4.0),true,3.41,16000,1,16,PCM_16_WAV,PCM_16_MONO_16KHZ,CRITICAL,validation,Critical audio cue to actively preserve during enhancement (environmental_cues)
MB_CRIT_ENVIRONMENTAL_CUES_019,environmental_cues_019.wav,environmental_cues,Critical Environmental Cues,N/A,Freesound Open Sound Archive,https://freesound.org,Creative Commons 0 (CC0 1.0 Universal),true,2.70,16000,1,16,PCM_16_WAV,PCM_16_MONO_16KHZ,CRITICAL,test,Critical audio cue to actively preserve during enhancement (environmental_cues)
MB_CRIT_ENVIRONMENTAL_CUES_020,environmental_cues_020.wav,environmental_cues,Critical Environmental Cues,N/A,Freesound Open Sound Archive,https://freesound.org,Creative Commons 0 (CC0 1.0 Universal),true,3.16,16000,1,16,PCM_16_WAV,PCM_16_MONO_16KHZ,CRITICAL,train,Critical audio cue to actively preserve during enhancement (environmental_cues)
MB_CRIT_ENVIRONMENTAL_CUES_021,environmental_cues_021.wav,environmental_cues,Critical Environmental Cues,N/A,Zenodo Open Defence & Industrial Acoustic Research Archive,https://zenodo.org,Creative Commons Attribution 4.0 International (CC-BY 4.0),true,2.88,16000,1,16,PCM_16_WAV,PCM_16_MONO_16KHZ,CRITICAL,train,Critical audio cue to actively preserve during enhancement (environmental_cues)
MB_CRIT_ENVIRONMENTAL_CUES_022,environmental_cues_022.wav,environmental_cues,Critical Environmental Cues,N/A,Zenodo Open Defence & Industrial Acoustic Research Archive,https://zenodo.org,Creative Commons Attribution 4.0 International (CC-BY 4.0),true,2.99,16000,1,16,PCM_16_WAV,PCM_16_MONO_16KHZ,CRITICAL,train,Critical audio cue to actively preserve during enhancement (environmental_cues)
MB_CRIT_ENVIRONMENTAL_CUES_023,environmental_cues_023.wav,environmental_cues,Critical Environmental Cues,N/A,Freesound Open Sound Archive,https://freesound.org,Creative Commons 0 (CC0 1.0 Universal),true,2.89,16000,1,16,PCM_16_WAV,PCM_16_MONO_16KHZ,CRITICAL,train,Critical audio cue to actively preserve during enhancement (environmental_cues)
MB_CRIT_ENVIRONMENTAL_CUES_024,environmental_cues_024.wav,environmental_cues,Critical Environmental Cues,N/A,Google AudioSet Research Ontology,https://research.google.com/audioset/,Creative Commons Attribution 4.0 International (CC-BY 4.0),true,3.78,16000,1,16,PCM_16_WAV,PCM_16_MONO_16KHZ,CRITICAL,train,Critical audio cue to actively preserve during enhancement (environmental_cues)
MB_CRIT_ENVIRONMENTAL_CUES_025,environmental_cues_025.wav,environmental_cues,Critical Environmental Cues,N/A,Freesound Open Sound Archive,https://freesound.org,Creative Commons 0 (CC0 1.0 Universal),true,3.30,16000,1,16,PCM_16_WAV,PCM_16_MONO_16KHZ,CRITICAL,train,Critical audio cue to actively preserve during enhancement (environmental_cues)
MB_CRIT_ENVIRONMENTAL_CUES_026,environmental_cues_026.wav,environmental_cues,Critical Environmental Cues,N/A,Zenodo Open Defence & Industrial Acoustic Research Archive,https://zenodo.org,Creative Commons Attribution 4.0 International (CC-BY 4.0),true,2.55,16000,1,16,PCM_16_WAV,PCM_16_MONO_16KHZ,CRITICAL,train,Critical audio cue to actively preserve during enhancement (environmental_cues)
MB_CRIT_ENVIRONMENTAL_CUES_027,environmental_cues_027.wav,environmental_cues,Critical Environmental Cues,N/A,Freesound Open Sound Archive,https://freesound.org,Creative Commons 0 (CC0 1.0 Universal),true,2.54,16000,1,16,PCM_16_WAV,PCM_16_MONO_16KHZ,CRITICAL,train,Critical audio cue to actively preserve during enhancement (environmental_cues)
MB_CRIT_ENVIRONMENTAL_CUES_028,environmental_cues_028.wav,environmental_cues,Critical Environmental Cues,N/A,Google AudioSet Research Ontology,https://research.google.com/audioset/,Creative Commons Attribution 4.0 International (CC-BY 4.0),true,2.67,16000,1,16,PCM_16_WAV,PCM_16_MONO_16KHZ,CRITICAL,validation,Critical audio cue to actively preserve during enhancement (environmental_cues)
MB_CRIT_ENVIRONMENTAL_CUES_029,environmental_cues_029.wav,environmental_cues,Critical Environmental Cues,N/A,Freesound Open Sound Archive,https://freesound.org,Creative Commons 0 (CC0 1.0 Universal),true,2.93,16000,1,16,PCM_16_WAV,PCM_16_MONO_16KHZ,CRITICAL,test,Critical audio cue to actively preserve during enhancement (environmental_cues)
MB_CRIT_ENVIRONMENTAL_CUES_030,environmental_cues_030.wav,environmental_cues,Critical Environmental Cues,N/A,Zenodo Open Defence & Industrial Acoustic Research Archive,https://zenodo.org,Creative Commons Attribution 4.0 International (CC-BY 4.0),true,2.53,16000,1,16,PCM_16_WAV,PCM_16_MONO_16KHZ,CRITICAL,train,Critical audio cue to actively preserve during enhancement (environmental_cues)
MB_CRIT_ENVIRONMENTAL_CUES_031,environmental_cues_031.wav,environmental_cues,Critical Environmental Cues,N/A,Freesound Open Sound Archive,https://freesound.org,Creative Commons 0 (CC0 1.0 Universal),true,2.51,16000,1,16,PCM_16_WAV,PCM_16_MONO_16KHZ,CRITICAL,train,Critical audio cue to actively preserve during enhancement (environmental_cues)
MB_CRIT_ENVIRONMENTAL_CUES_032,environmental_cues_032.wav,environmental_cues,Critical Environmental Cues,N/A,Google AudioSet Research Ontology,https://research.google.com/audioset/,Creative Commons Attribution 4.0 International (CC-BY 4.0),true,2.70,16000,1,16,PCM_16_WAV,PCM_16_MONO_16KHZ,CRITICAL,train,Critical audio cue to actively preserve during enhancement (environmental_cues)
MB_CRIT_ENVIRONMENTAL_CUES_033,environmental_cues_033.wav,environmental_cues,Critical Environmental Cues,N/A,Zenodo Open Defence & Industrial Acoustic Research Archive,https://zenodo.org,Creative Commons Attribution 4.0 International (CC-BY 4.0),true,2.69,16000,1,16,PCM_16_WAV,PCM_16_MONO_16KHZ,CRITICAL,train,Critical audio cue to actively preserve during enhancement (environmental_cues)
MB_CRIT_ENVIRONMENTAL_CUES_034,environmental_cues_034.wav,environmental_cues,Critical Environmental Cues,N/A,Freesound Open Sound Archive,https://freesound.org,Creative Commons 0 (CC0 1.0 Universal),true,2.93,16000,1,16,PCM_16_WAV,PCM_16_MONO_16KHZ,CRITICAL,train,Critical audio cue to actively preserve during enhancement (environmental_cues)
MB_CRIT_ENVIRONMENTAL_CUES_035,environmental_cues_035.wav,environmental_cues,Critical Environmental Cues,N/A,Zenodo Open Defence & Industrial Acoustic Research Archive,https://zenodo.org,Creative Commons Attribution 4.0 International (CC-BY 4.0),true,3.15,16000,1,16,PCM_16_WAV,PCM_16_MONO_16KHZ,CRITICAL,train,Critical audio cue to actively preserve during enhancement (environmental_cues)
MB_CRIT_ENVIRONMENTAL_CUES_036,environmental_cues_036.wav,environmental_cues,Critical Environmental Cues,N/A,Zenodo Open Defence & Industrial Acoustic Research Archive,https://zenodo.org,Creative Commons Attribution 4.0 International (CC-BY 4.0),true,3.63,16000,1,16,PCM_16_WAV,PCM_16_MONO_16KHZ,CRITICAL,train,Critical audio cue to actively preserve during enhancement (environmental_cues)
MB_CRIT_ENVIRONMENTAL_CUES_037,environmental_cues_037.wav,environmental_cues,Critical Environmental Cues,N/A,Freesound Open Sound Archive,https://freesound.org,Creative Commons 0 (CC0 1.0 Universal),true,2.87,16000,1,16,PCM_16_WAV,PCM_16_MONO_16KHZ,CRITICAL,train,Critical audio cue to actively preserve during enhancement (environmental_cues)
MB_CRIT_ENVIRONMENTAL_CUES_038,environmental_cues_038.wav,environmental_cues,Critical Environmental Cues,N/A,Google AudioSet Research Ontology,https://research.google.com/audioset/,Creative Commons Attribution 4.0 International (CC-BY 4.0),true,2.88,16000,1,16,PCM_16_WAV,PCM_16_MONO_16KHZ,CRITICAL,validation,Critical audio cue to actively preserve during enhancement (environmental_cues)
MB_CRIT_ENVIRONMENTAL_CUES_039,environmental_cues_039.wav,environmental_cues,Critical Environmental Cues,N/A,Freesound Open Sound Archive,https://freesound.org,Creative Commons 0 (CC0 1.0 Universal),true,3.33,16000,1,16,PCM_16_WAV,PCM_16_MONO_16KHZ,CRITICAL,test,Critical audio cue to actively preserve during enhancement (environmental_cues)
MB_CRIT_ENVIRONMENTAL_CUES_040,environmental_cues_040.wav,environmental_cues,Critical Environmental Cues,N/A,Freesound Open Sound Archive,https://freesound.org,Creative Commons 0 (CC0 1.0 Universal),true,3.56,16000,1,16,PCM_16_WAV,PCM_16_MONO_16KHZ,CRITICAL,train,Critical audio cue to actively preserve during enhancement (environmental_cues)
MB_CRIT_ENVIRONMENTAL_CUES_041,environmental_cues_041.wav,environmental_cues,Critical Environmental Cues,N/A,Zenodo Open Defence & Industrial Acoustic Research Archive,https://zenodo.org,Creative Commons Attribution 4.0 International (CC-BY 4.0),true,2.88,16000,1,16,PCM_16_WAV,PCM_16_MONO_16KHZ,CRITICAL,train,Critical audio cue to actively preserve during enhancement (environmental_cues)
MB_CRIT_ENVIRONMENTAL_CUES_042,environmental_cues_042.wav,environmental_cues,Critical Environmental Cues,N/A,Freesound Open Sound Archive,https://freesound.org,Creative Commons 0 (CC0 1.0 Universal),true,2.88,16000,1,16,PCM_16_WAV,PCM_16_MONO_16KHZ,CRITICAL,train,Critical audio cue to actively preserve during enhancement (environmental_cues)
MB_CRIT_ENVIRONMENTAL_CUES_043,environmental_cues_043.wav,environmental_cues,Critical Environmental Cues,N/A,Zenodo Open Defence & Industrial Acoustic Research Archive,https://zenodo.org,Creative Commons Attribution 4.0 International (CC-BY 4.0),true,3.50,16000,1,16,PCM_16_WAV,PCM_16_MONO_16KHZ,CRITICAL,train,Critical audio cue to actively preserve during enhancement (environmental_cues)
MB_CRIT_ENVIRONMENTAL_CUES_044,environmental_cues_044.wav,environmental_cues,Critical Environmental Cues,N/A,Freesound Open Sound Archive,https://freesound.org,Creative Commons 0 (CC0 1.0 Universal),true,3.34,16000,1,16,PCM_16_WAV,PCM_16_MONO_16KHZ,CRITICAL,train,Critical audio cue to actively preserve during enhancement (environmental_cues)
MB_CRIT_ENVIRONMENTAL_CUES_045,environmental_cues_045.wav,environmental_cues,Critical Environmental Cues,N/A,Google AudioSet Research Ontology,https://research.google.com/audioset/,Creative Commons Attribution 4.0 International (CC-BY 4.0),true,3.33,16000,1,16,PCM_16_WAV,PCM_16_MONO_16KHZ,CRITICAL,train,Critical audio cue to actively preserve during enhancement (environmental_cues)
MB_CRIT_ENVIRONMENTAL_CUES_046,environmental_cues_046.wav,environmental_cues,Critical Environmental Cues,N/A,Zenodo Open Defence & Industrial Acoustic Research Archive,https://zenodo.org,Creative Commons Attribution 4.0 International (CC-BY 4.0),true,3.01,16000,1,16,PCM_16_WAV,PCM_16_MONO_16KHZ,CRITICAL,train,Critical audio cue to actively preserve during enhancement (environmental_cues)
MB_CRIT_ENVIRONMENTAL_CUES_047,environmental_cues_047.wav,environmental_cues,Critical Environmental Cues,N/A,Freesound Open Sound Archive,https://freesound.org,Creative Commons 0 (CC0 1.0 Universal),true,3.17,16000,1,16,PCM_16_WAV,PCM_16_MONO_16KHZ,CRITICAL,train,Critical audio cue to actively preserve during enhancement (environmental_cues)
MB_CRIT_ENVIRONMENTAL_CUES_048,environmental_cues_048.wav,environmental_cues,Critical Environmental Cues,N/A,Google AudioSet Research Ontology,https://research.google.com/audioset/,Creative Commons Attribution 4.0 International (CC-BY 4.0),true,3.34,16000,1,16,PCM_16_WAV,PCM_16_MONO_16KHZ,CRITICAL,validation,Critical audio cue to actively preserve during enhancement (environmental_cues)
MB_CRIT_ENVIRONMENTAL_CUES_049,environmental_cues_049.wav,environmental_cues,Critical Environmental Cues,N/A,Google AudioSet Research Ontology,https://research.google.com/audioset/,Creative Commons Attribution 4.0 International (CC-BY 4.0),true,3.66,16000,1,16,PCM_16_WAV,PCM_16_MONO_16KHZ,CRITICAL,test,Critical audio cue to actively preserve during enhancement (environmental_cues)
MB_CRIT_ENVIRONMENTAL_CUES_050,environmental_cues_050.wav,environmental_cues,Critical Environmental Cues,N/A,Freesound Open Sound Archive,https://freesound.org,Creative Commons 0 (CC0 1.0 Universal),true,3.76,16000,1,16,PCM_16_WAV,PCM_16_MONO_16KHZ,CRITICAL,train,Critical audio cue to actively preserve during enhancement (environmental_cues)
MB_CRIT_ENVIRONMENTAL_CUES_051,environmental_cues_051.wav,environmental_cues,Critical Environmental Cues,N/A,Freesound Open Sound Archive,https://freesound.org,Creative Commons 0 (CC0 1.0 Universal),true,2.54,16000,1,16,PCM_16_WAV,PCM_16_MONO_16KHZ,CRITICAL,train,Critical audio cue to actively preserve during enhancement (environmental_cues)
MB_CRIT_ENVIRONMENTAL_CUES_052,environmental_cues_052.wav,environmental_cues,Critical Environmental Cues,N/A,Google AudioSet Research Ontology,https://research.google.com/audioset/,Creative Commons Attribution 4.0 International (CC-BY 4.0),true,2.83,16000,1,16,PCM_16_WAV,PCM_16_MONO_16KHZ,CRITICAL,train,Critical audio cue to actively preserve during enhancement (environmental_cues)
MB_CRIT_ENVIRONMENTAL_CUES_053,environmental_cues_053.wav,environmental_cues,Critical Environmental Cues,N/A,Freesound Open Sound Archive,https://freesound.org,Creative Commons 0 (CC0 1.0 Universal),true,2.97,16000,1,16,PCM_16_WAV,PCM_16_MONO_16KHZ,CRITICAL,train,Critical audio cue to actively preserve during enhancement (environmental_cues)
MB_CRIT_ENVIRONMENTAL_CUES_054,environmental_cues_054.wav,environmental_cues,Critical Environmental Cues,N/A,Freesound Open Sound Archive,https://freesound.org,Creative Commons 0 (CC0 1.0 Universal),true,3.19,16000,1,16,PCM_16_WAV,PCM_16_MONO_16KHZ,CRITICAL,train,Critical audio cue to actively preserve during enhancement (environmental_cues)
MB_CRIT_ENVIRONMENTAL_CUES_055,environmental_cues_055.wav,environmental_cues,Critical Environmental Cues,N/A,Freesound Open Sound Archive,https://freesound.org,Creative Commons 0 (CC0 1.0 Universal),true,3.14,16000,1,16,PCM_16_WAV,PCM_16_MONO_16KHZ,CRITICAL,train,Critical audio cue to actively preserve during enhancement (environmental_cues)
MB_CRIT_ENVIRONMENTAL_CUES_056,environmental_cues_056.wav,environmental_cues,Critical Environmental Cues,N/A,Google AudioSet Research Ontology,https://research.google.com/audioset/,Creative Commons Attribution 4.0 International (CC-BY 4.0),true,3.56,16000,1,16,PCM_16_WAV,PCM_16_MONO_16KHZ,CRITICAL,train,Critical audio cue to actively preserve during enhancement (environmental_cues)
MB_CRIT_ENVIRONMENTAL_CUES_057,environmental_cues_057.wav,environmental_cues,Critical Environmental Cues,N/A,Zenodo Open Defence & Industrial Acoustic Research Archive,https://zenodo.org,Creative Commons Attribution 4.0 International (CC-BY 4.0),true,2.93,16000,1,16,PCM_16_WAV,PCM_16_MONO_16KHZ,CRITICAL,train,Critical audio cue to actively preserve during enhancement (environmental_cues)
MB_CRIT_ENVIRONMENTAL_CUES_058,environmental_cues_058.wav,environmental_cues,Critical Environmental Cues,N/A,Google AudioSet Research Ontology,https://research.google.com/audioset/,Creative Commons Attribution 4.0 International (CC-BY 4.0),true,3.29,16000,1,16,PCM_16_WAV,PCM_16_MONO_16KHZ,CRITICAL,validation,Critical audio cue to actively preserve during enhancement (environmental_cues)
MB_CRIT_ENVIRONMENTAL_CUES_059,environmental_cues_059.wav,environmental_cues,Critical Environmental Cues,N/A,Google AudioSet Research Ontology,https://research.google.com/audioset/,Creative Commons Attribution 4.0 International (CC-BY 4.0),true,3.20,16000,1,16,PCM_16_WAV,PCM_16_MONO_16KHZ,CRITICAL,test,Critical audio cue to actively preserve during enhancement (environmental_cues)
MB_CRIT_ENVIRONMENTAL_CUES_060,environmental_cues_060.wav,environmental_cues,Critical Environmental Cues,N/A,Google AudioSet Research Ontology,https://research.google.com/audioset/,Creative Commons Attribution 4.0 International (CC-BY 4.0),true,2.83,16000,1,16,PCM_16_WAV,PCM_16_MONO_16KHZ,CRITICAL,train,Critical audio cue to actively preserve during enhancement (environmental_cues)
MB_CRIT_ENVIRONMENTAL_CUES_061,environmental_cues_061.wav,environmental_cues,Critical Environmental Cues,N/A,Google AudioSet Research Ontology,https://research.google.com/audioset/,Creative Commons Attribution 4.0 International (CC-BY 4.0),true,2.56,16000,1,16,PCM_16_WAV,PCM_16_MONO_16KHZ,CRITICAL,train,Critical audio cue to actively preserve during enhancement (environmental_cues)
MB_CRIT_ENVIRONMENTAL_CUES_062,environmental_cues_062.wav,environmental_cues,Critical Environmental Cues,N/A,Zenodo Open Defence & Industrial Acoustic Research Archive,https://zenodo.org,Creative Commons Attribution 4.0 International (CC-BY 4.0),true,2.55,16000,1,16,PCM_16_WAV,PCM_16_MONO_16KHZ,CRITICAL,train,Critical audio cue to actively preserve during enhancement (environmental_cues)
MB_CRIT_ENVIRONMENTAL_CUES_063,environmental_cues_063.wav,environmental_cues,Critical Environmental Cues,N/A,Zenodo Open Defence & Industrial Acoustic Research Archive,https://zenodo.org,Creative Commons Attribution 4.0 International (CC-BY 4.0),true,2.58,16000,1,16,PCM_16_WAV,PCM_16_MONO_16KHZ,CRITICAL,train,Critical audio cue to actively preserve during enhancement (environmental_cues)
MB_CRIT_ENVIRONMENTAL_CUES_064,environmental_cues_064.wav,environmental_cues,Critical Environmental Cues,N/A,Google AudioSet Research Ontology,https://research.google.com/audioset/,Creative Commons Attribution 4.0 International (CC-BY 4.0),true,3.17,16000,1,16,PCM_16_WAV,PCM_16_MONO_16KHZ,CRITICAL,train,Critical audio cue to actively preserve during enhancement (environmental_cues)
MB_CRIT_ENVIRONMENTAL_CUES_065,environmental_cues_065.wav,environmental_cues,Critical Environmental Cues,N/A,Zenodo Open Defence & Industrial Acoustic Research Archive,https://zenodo.org,Creative Commons Attribution 4.0 International (CC-BY 4.0),true,3.69,16000,1,16,PCM_16_WAV,PCM_16_MONO_16KHZ,CRITICAL,train,Critical audio cue to actively preserve during enhancement (environmental_cues)
MB_CRIT_ENVIRONMENTAL_CUES_066,environmental_cues_066.wav,environmental_cues,Critical Environmental Cues,N/A,Google AudioSet Research Ontology,https://research.google.com/audioset/,Creative Commons Attribution 4.0 International (CC-BY 4.0),true,3.09,16000,1,16,PCM_16_WAV,PCM_16_MONO_16KHZ,CRITICAL,train,Critical audio cue to actively preserve during enhancement (environmental_cues)
MB_CRIT_ENVIRONMENTAL_CUES_067,environmental_cues_067.wav,environmental_cues,Critical Environmental Cues,N/A,Freesound Open Sound Archive,https://freesound.org,Creative Commons 0 (CC0 1.0 Universal),true,3.19,16000,1,16,PCM_16_WAV,PCM_16_MONO_16KHZ,CRITICAL,train,Critical audio cue to actively preserve during enhancement (environmental_cues)
MB_CRIT_ENVIRONMENTAL_CUES_068,environmental_cues_068.wav,environmental_cues,Critical Environmental Cues,N/A,Zenodo Open Defence & Industrial Acoustic Research Archive,https://zenodo.org,Creative Commons Attribution 4.0 International (CC-BY 4.0),true,2.73,16000,1,16,PCM_16_WAV,PCM_16_MONO_16KHZ,CRITICAL,validation,Critical audio cue to actively preserve during enhancement (environmental_cues)
MB_CRIT_ENVIRONMENTAL_CUES_069,environmental_cues_069.wav,environmental_cues,Critical Environmental Cues,N/A,Google AudioSet Research Ontology,https://research.google.com/audioset/,Creative Commons Attribution 4.0 International (CC-BY 4.0),true,3.71,16000,1,16,PCM_16_WAV,PCM_16_MONO_16KHZ,CRITICAL,test,Critical audio cue to actively preserve during enhancement (environmental_cues)
MB_CRIT_ENVIRONMENTAL_CUES_070,environmental_cues_070.wav,environmental_cues,Critical Environmental Cues,N/A,Google AudioSet Research Ontology,https://research.google.com/audioset/,Creative Commons Attribution 4.0 International (CC-BY 4.0),true,3.50,16000,1,16,PCM_16_WAV,PCM_16_MONO_16KHZ,CRITICAL,train,Critical audio cue to actively preserve during enhancement (environmental_cues)
MB_CRIT_ENVIRONMENTAL_CUES_071,environmental_cues_071.wav,environmental_cues,Critical Environmental Cues,N/A,Google AudioSet Research Ontology,https://research.google.com/audioset/,Creative Commons Attribution 4.0 International (CC-BY 4.0),true,3.38,16000,1,16,PCM_16_WAV,PCM_16_MONO_16KHZ,CRITICAL,train,Critical audio cue to actively preserve during enhancement (environmental_cues)
MB_CRIT_ENVIRONMENTAL_CUES_072,environmental_cues_072.wav,environmental_cues,Critical Environmental Cues,N/A,Freesound Open Sound Archive,https://freesound.org,Creative Commons 0 (CC0 1.0 Universal),true,3.09,16000,1,16,PCM_16_WAV,PCM_16_MONO_16KHZ,CRITICAL,train,Critical audio cue to actively preserve during enhancement (environmental_cues)
MB_CRIT_ENVIRONMENTAL_CUES_073,environmental_cues_073.wav,environmental_cues,Critical Environmental Cues,N/A,Freesound Open Sound Archive,https://freesound.org,Creative Commons 0 (CC0 1.0 Universal),true,2.85,16000,1,16,PCM_16_WAV,PCM_16_MONO_16KHZ,CRITICAL,train,Critical audio cue to actively preserve during enhancement (environmental_cues)
MB_CRIT_ENVIRONMENTAL_CUES_074,environmental_cues_074.wav,environmental_cues,Critical Environmental Cues,N/A,Zenodo Open Defence & Industrial Acoustic Research Archive,https://zenodo.org,Creative Commons Attribution 4.0 International (CC-BY 4.0),true,2.57,16000,1,16,PCM_16_WAV,PCM_16_MONO_16KHZ,CRITICAL,train,Critical audio cue to actively preserve during enhancement (environmental_cues)
MB_CRIT_ENVIRONMENTAL_CUES_075,environmental_cues_075.wav,environmental_cues,Critical Environmental Cues,N/A,Freesound Open Sound Archive,https://freesound.org,Creative Commons 0 (CC0 1.0 Universal),true,2.73,16000,1,16,PCM_16_WAV,PCM_16_MONO_16KHZ,CRITICAL,train,Critical audio cue to actively preserve during enhancement (environmental_cues)
MB_CRIT_ENVIRONMENTAL_CUES_076,environmental_cues_076.wav,environmental_cues,Critical Environmental Cues,N/A,Freesound Open Sound Archive,https://freesound.org,Creative Commons 0 (CC0 1.0 Universal),true,3.42,16000,1,16,PCM_16_WAV,PCM_16_MONO_16KHZ,CRITICAL,train,Critical audio cue to actively preserve during enhancement (environmental_cues)
MB_CRIT_ENVIRONMENTAL_CUES_077,environmental_cues_077.wav,environmental_cues,Critical Environmental Cues,N/A,Zenodo Open Defence & Industrial Acoustic Research Archive,https://zenodo.org,Creative Commons Attribution 4.0 International (CC-BY 4.0),true,3.29,16000,1,16,PCM_16_WAV,PCM_16_MONO_16KHZ,CRITICAL,train,Critical audio cue to actively preserve during enhancement (environmental_cues)
MB_CRIT_ENVIRONMENTAL_CUES_078,environmental_cues_078.wav,environmental_cues,Critical Environmental Cues,N/A,Zenodo Open Defence & Industrial Acoustic Research Archive,https://zenodo.org,Creative Commons Attribution 4.0 International (CC-BY 4.0),true,2.96,16000,1,16,PCM_16_WAV,PCM_16_MONO_16KHZ,CRITICAL,validation,Critical audio cue to actively preserve during enhancement (environmental_cues)
MB_CRIT_ENVIRONMENTAL_CUES_079,environmental_cues_079.wav,environmental_cues,Critical Environmental Cues,N/A,Google AudioSet Research Ontology,https://research.google.com/audioset/,Creative Commons Attribution 4.0 International (CC-BY 4.0),true,3.13,16000,1,16,PCM_16_WAV,PCM_16_MONO_16KHZ,CRITICAL,test,Critical audio cue to actively preserve during enhancement (environmental_cues)
MB_CRIT_ENVIRONMENTAL_CUES_080,environmental_cues_080.wav,environmental_cues,Critical Environmental Cues,N/A,Google AudioSet Research Ontology,https://research.google.com/audioset/,Creative Commons Attribution 4.0 International (CC-BY 4.0),true,3.76,16000,1,16,PCM_16_WAV,PCM_16_MONO_16KHZ,CRITICAL,train,Critical audio cue to actively preserve during enhancement (environmental_cues)
MB_CRIT_ENVIRONMENTAL_CUES_081,environmental_cues_081.wav,environmental_cues,Critical Environmental Cues,N/A,Zenodo Open Defence & Industrial Acoustic Research Archive,https://zenodo.org,Creative Commons Attribution 4.0 International (CC-BY 4.0),true,2.63,16000,1,16,PCM_16_WAV,PCM_16_MONO_16KHZ,CRITICAL,train,Critical audio cue to actively preserve during enhancement (environmental_cues)
MB_CRIT_ENVIRONMENTAL_CUES_082,environmental_cues_082.wav,environmental_cues,Critical Environmental Cues,N/A,Zenodo Open Defence & Industrial Acoustic Research Archive,https://zenodo.org,Creative Commons Attribution 4.0 International (CC-BY 4.0),true,2.50,16000,1,16,PCM_16_WAV,PCM_16_MONO_16KHZ,CRITICAL,train,Critical audio cue to actively preserve during enhancement (environmental_cues)
MB_CRIT_ENVIRONMENTAL_CUES_083,environmental_cues_083.wav,environmental_cues,Critical Environmental Cues,N/A,Freesound Open Sound Archive,https://freesound.org,Creative Commons 0 (CC0 1.0 Universal),true,3.67,16000,1,16,PCM_16_WAV,PCM_16_MONO_16KHZ,CRITICAL,train,Critical audio cue to actively preserve during enhancement (environmental_cues)
MB_CRIT_ENVIRONMENTAL_CUES_084,environmental_cues_084.wav,environmental_cues,Critical Environmental Cues,N/A,Freesound Open Sound Archive,https://freesound.org,Creative Commons 0 (CC0 1.0 Universal),true,2.84,16000,1,16,PCM_16_WAV,PCM_16_MONO_16KHZ,CRITICAL,train,Critical audio cue to actively preserve during enhancement (environmental_cues)
MB_CRIT_ENVIRONMENTAL_CUES_085,environmental_cues_085.wav,environmental_cues,Critical Environmental Cues,N/A,Google AudioSet Research Ontology,https://research.google.com/audioset/,Creative Commons Attribution 4.0 International (CC-BY 4.0),true,2.89,16000,1,16,PCM_16_WAV,PCM_16_MONO_16KHZ,CRITICAL,train,Critical audio cue to actively preserve during enhancement (environmental_cues)
MB_CRIT_ENVIRONMENTAL_CUES_086,environmental_cues_086.wav,environmental_cues,Critical Environmental Cues,N/A,Google AudioSet Research Ontology,https://research.google.com/audioset/,Creative Commons Attribution 4.0 International (CC-BY 4.0),true,3.78,16000,1,16,PCM_16_WAV,PCM_16_MONO_16KHZ,CRITICAL,train,Critical audio cue to actively preserve during enhancement (environmental_cues)
MB_CRIT_ENVIRONMENTAL_CUES_087,environmental_cues_087.wav,environmental_cues,Critical Environmental Cues,N/A,Google AudioSet Research Ontology,https://research.google.com/audioset/,Creative Commons Attribution 4.0 International (CC-BY 4.0),true,3.08,16000,1,16,PCM_16_WAV,PCM_16_MONO_16KHZ,CRITICAL,train,Critical audio cue to actively preserve during enhancement (environmental_cues)
MB_CRIT_ENVIRONMENTAL_CUES_088,environmental_cues_088.wav,environmental_cues,Critical Environmental Cues,N/A,Zenodo Open Defence & Industrial Acoustic Research Archive,https://zenodo.org,Creative Commons Attribution 4.0 International (CC-BY 4.0),true,3.76,16000,1,16,PCM_16_WAV,PCM_16_MONO_16KHZ,CRITICAL,validation,Critical audio cue to actively preserve during enhancement (environmental_cues)
MB_CRIT_ENVIRONMENTAL_CUES_089,environmental_cues_089.wav,environmental_cues,Critical Environmental Cues,N/A,Freesound Open Sound Archive,https://freesound.org,Creative Commons 0 (CC0 1.0 Universal),true,2.51,16000,1,16,PCM_16_WAV,PCM_16_MONO_16KHZ,CRITICAL,test,Critical audio cue to actively preserve during enhancement (environmental_cues)
MB_CRIT_ENVIRONMENTAL_CUES_090,environmental_cues_090.wav,environmental_cues,Critical Environmental Cues,N/A,Freesound Open Sound Archive,https://freesound.org,Creative Commons 0 (CC0 1.0 Universal),true,3.68,16000,1,16,PCM_16_WAV,PCM_16_MONO_16KHZ,CRITICAL,train,Critical audio cue to actively preserve during enhancement (environmental_cues)
MB_CRIT_ENVIRONMENTAL_CUES_091,environmental_cues_091.wav,environmental_cues,Critical Environmental Cues,N/A,Freesound Open Sound Archive,https://freesound.org,Creative Commons 0 (CC0 1.0 Universal),true,2.83,16000,1,16,PCM_16_WAV,PCM_16_MONO_16KHZ,CRITICAL,train,Critical audio cue to actively preserve during enhancement (environmental_cues)
MB_CRIT_ENVIRONMENTAL_CUES_092,environmental_cues_092.wav,environmental_cues,Critical Environmental Cues,N/A,Zenodo Open Defence & Industrial Acoustic Research Archive,https://zenodo.org,Creative Commons Attribution 4.0 International (CC-BY 4.0),true,3.06,16000,1,16,PCM_16_WAV,PCM_16_MONO_16KHZ,CRITICAL,train,Critical audio cue to actively preserve during enhancement (environmental_cues)
MB_CRIT_ENVIRONMENTAL_CUES_093,environmental_cues_093.wav,environmental_cues,Critical Environmental Cues,N/A,Google AudioSet Research Ontology,https://research.google.com/audioset/,Creative Commons Attribution 4.0 International (CC-BY 4.0),true,3.24,16000,1,16,PCM_16_WAV,PCM_16_MONO_16KHZ,CRITICAL,train,Critical audio cue to actively preserve during enhancement (environmental_cues)
MB_CRIT_ENVIRONMENTAL_CUES_094,environmental_cues_094.wav,environmental_cues,Critical Environmental Cues,N/A,Freesound Open Sound Archive,https://freesound.org,Creative Commons 0 (CC0 1.0 Universal),true,3.69,16000,1,16,PCM_16_WAV,PCM_16_MONO_16KHZ,CRITICAL,train,Critical audio cue to actively preserve during enhancement (environmental_cues)
MB_CRIT_ENVIRONMENTAL_CUES_095,environmental_cues_095.wav,environmental_cues,Critical Environmental Cues,N/A,Freesound Open Sound Archive,https://freesound.org,Creative Commons 0 (CC0 1.0 Universal),true,2.60,16000,1,16,PCM_16_WAV,PCM_16_MONO_16KHZ,CRITICAL,train,Critical audio cue to actively preserve during enhancement (environmental_cues)
MB_CRIT_ENVIRONMENTAL_CUES_096,environmental_cues_096.wav,environmental_cues,Critical Environmental Cues,N/A,Zenodo Open Defence & Industrial Acoustic Research Archive,https://zenodo.org,Creative Commons Attribution 4.0 International (CC-BY 4.0),true,3.38,16000,1,16,PCM_16_WAV,PCM_16_MONO_16KHZ,CRITICAL,train,Critical audio cue to actively preserve during enhancement (environmental_cues)
MB_CRIT_ENVIRONMENTAL_CUES_097,environmental_cues_097.wav,environmental_cues,Critical Environmental Cues,N/A,Zenodo Open Defence & Industrial Acoustic Research Archive,https://zenodo.org,Creative Commons Attribution 4.0 International (CC-BY 4.0),true,3.48,16000,1,16,PCM_16_WAV,PCM_16_MONO_16KHZ,CRITICAL,train,Critical audio cue to actively preserve during enhancement (environmental_cues)
MB_CRIT_ENVIRONMENTAL_CUES_098,environmental_cues_098.wav,environmental_cues,Critical Environmental Cues,N/A,Freesound Open Sound Archive,https://freesound.org,Creative Commons 0 (CC0 1.0 Universal),true,2.99,16000,1,16,PCM_16_WAV,PCM_16_MONO_16KHZ,CRITICAL,validation,Critical audio cue to actively preserve during enhancement (environmental_cues)
MB_CRIT_ENVIRONMENTAL_CUES_099,environmental_cues_099.wav,environmental_cues,Critical Environmental Cues,N/A,Google AudioSet Research Ontology,https://research.google.com/audioset/,Creative Commons Attribution 4.0 International (CC-BY 4.0),true,3.18,16000,1,16,PCM_16_WAV,PCM_16_MONO_16KHZ,CRITICAL,test,Critical audio cue to actively preserve during enhancement (environmental_cues)
MB_CRIT_ENVIRONMENTAL_CUES_100,environmental_cues_100.wav,environmental_cues,Critical Environmental Cues,N/A,Zenodo Open Defence & Industrial Acoustic Research Archive,https://zenodo.org,Creative Commons Attribution 4.0 International (CC-BY 4.0),true,3.73,16000,1,16,PCM_16_WAV,PCM_16_MONO_16KHZ,CRITICAL,train,Critical audio cue to actively preserve during enhancement (environmental_cues)
