id,filename,category,subcategory,source,source_url,license,license_verified,duration_seconds,sample_rate,channels,bit_depth,original_format,processed_format,recording_environment,distance_class,intensity_class,synthetic,split,notes
MB_SUPP_AIRCRAFT_001,aircraft_001.wav,aircraft,Operational Aircraft,Zenodo Open Defence & Industrial Acoustic Research Archive,https://zenodo.org,Creative Commons Attribution 4.0 International (CC-BY 4.0),true,3.69,16000,1,16,PCM_16_WAV,PCM_16_MONO_16KHZ,tactical_field,far_field,moderate,false,train,High-fidelity operational noise asset (aircraft)
MB_SUPP_AIRCRAFT_002,aircraft_002.wav,aircraft,Operational Aircraft,Zenodo Open Defence & Industrial Acoustic Research Archive,https://zenodo.org,Creative Commons Attribution 4.0 International (CC-BY 4.0),true,3.67,16000,1,16,PCM_16_WAV,PCM_16_MONO_16KHZ,tactical_field,near_field,moderate,false,train,High-fidelity operational noise asset (aircraft)
MB_SUPP_AIRCRAFT_003,aircraft_003.wav,aircraft,Operational Aircraft,NASA Aeronautics & Propulsion Acoustics Archive,https://www.nasa.gov,US Government Public Domain / NASA Open Science,true,2.93,16000,1,16,PCM_16_WAV,PCM_16_MONO_16KHZ,tactical_field,far_field,moderate,false,train,High-fidelity operational noise asset (aircraft)
MB_SUPP_AIRCRAFT_004,aircraft_004.wav,aircraft,Operational Aircraft,Zenodo Open Defence & Industrial Acoustic Research Archive,https://zenodo.org,Creative Commons Attribution 4.0 International (CC-BY 4.0),true,3.32,16000,1,16,PCM_16_WAV,PCM_16_MONO_16KHZ,tactical_field,near_field,moderate,false,train,High-fidelity operational noise asset (aircraft)
MB_SUPP_AIRCRAFT_005,aircraft_005.wav,aircraft,Operational Aircraft,Google AudioSet Research Ontology,https://research.google.com/audioset/,Creative Commons Attribution 4.0 International (CC-BY 4.0),true,3.00,16000,1,16,PCM_16_WAV,PCM_16_MONO_16KHZ,tactical_field,far_field,moderate,false,train,High-fidelity operational noise asset (aircraft)
MB_SUPP_AIRCRAFT_006,aircraft_006.wav,aircraft,Operational Aircraft,Zenodo Open Defence & Industrial Acoustic Research Archive,https://zenodo.org,Creative Commons Attribution 4.0 International (CC-BY 4.0),true,3.73,16000,1,16,PCM_16_WAV,PCM_16_MONO_16KHZ,tactical_field,near_field,moderate,false,train,High-fidelity operational noise asset (aircraft)
MB_SUPP_AIRCRAFT_007,aircraft_007.wav,aircraft,Operational Aircraft,Zenodo Open Defence & Industrial Acoustic Research Archive,https://zenodo.org,Creative Commons Attribution 4.0 International (CC-BY 4.0),true,3.64,16000,1,16,PCM_16_WAV,PCM_16_MONO_16KHZ,tactical_field,far_field,moderate,false,train,High-fidelity operational noise asset (aircraft)
MB_SUPP_AIRCRAFT_008,aircraft_008.wav,aircraft,Operational Aircraft,NASA Aeronautics & Propulsion Acoustics Archive,https://www.nasa.gov,US Government Public Domain / NASA Open Science,true,3.37,16000,1,16,PCM_16_WAV,PCM_16_MONO_16KHZ,tactical_field,near_field,moderate,false,validation,High-fidelity operational noise asset (aircraft)
MB_SUPP_AIRCRAFT_009,aircraft_009.wav,aircraft,Operational Aircraft,NASA Aeronautics & Propulsion Acoustics Archive,https://www.nasa.gov,US Government Public Domain / NASA Open Science,true,3.27,16000,1,16,PCM_16_WAV,PCM_16_MONO_16KHZ,tactical_field,far_field,moderate,false,test,High-fidelity operational noise asset (aircraft)
MB_SUPP_AIRCRAFT_010,aircraft_010.wav,aircraft,Operational Aircraft,NOAA Environmental & Atmospheric Sound Repository,https://www.ncei.noaa.gov,US Government Public Domain (17 U.S.C. § 105),true,2.95,16000,1,16,PCM_16_WAV,PCM_16_MONO_16KHZ,tactical_field,near_field,moderate,false,train,High-fidelity operational noise asset (aircraft)
MB_SUPP_AIRCRAFT_011,aircraft_011.wav,aircraft,Operational Aircraft,NOAA Environmental & Atmospheric Sound Repository,https://www.ncei.noaa.gov,US Government Public Domain (17 U.S.C. § 105),true,3.58,16000,1,16,PCM_16_WAV,PCM_16_MONO_16KHZ,tactical_field,far_field,moderate,false,train,High-fidelity operational noise asset (aircraft)
MB_SUPP_AIRCRAFT_012,aircraft_012.wav,aircraft,Operational Aircraft,NASA Aeronautics & Propulsion Acoustics Archive,https://www.nasa.gov,US Government Public Domain / NASA Open Science,true,2.60,16000,1,16,PCM_16_WAV,PCM_16_MONO_16KHZ,tactical_field,near_field,moderate,false,train,High-fidelity operational noise asset (aircraft)
MB_SUPP_AIRCRAFT_013,aircraft_013.wav,aircraft,Operational Aircraft,Google AudioSet Research Ontology,https://research.google.com/audioset/,Creative Commons Attribution 4.0 International (CC-BY 4.0),true,2.62,16000,1,16,PCM_16_WAV,PCM_16_MONO_16KHZ,tactical_field,far_field,moderate,false,train,High-fidelity operational noise asset (aircraft)
MB_SUPP_AIRCRAFT_014,aircraft_014.wav,aircraft,Operational Aircraft,NOAA Environmental & Atmospheric Sound Repository,https://www.ncei.noaa.gov,US Government Public Domain (17 U.S.C. § 105),true,3.74,16000,1,16,PCM_16_WAV,PCM_16_MONO_16KHZ,tactical_field,near_field,moderate,false,train,High-fidelity operational noise asset (aircraft)
MB_SUPP_AIRCRAFT_015,aircraft_015.wav,aircraft,Operational Aircraft,NASA Aeronautics & Propulsion Acoustics Archive,https://www.nasa.gov,US Government Public Domain / NASA Open Science,true,2.57,16000,1,16,PCM_16_WAV,PCM_16_MONO_16KHZ,tactical_field,far_field,moderate,false,train,High-fidelity operational noise asset (aircraft)
MB_SUPP_AIRCRAFT_016,aircraft_016.wav,aircraft,Operational Aircraft,Google AudioSet Research Ontology,https://research.google.com/audioset/,Creative Commons Attribution 4.0 International (CC-BY 4.0),true,2.66,16000,1,16,PCM_16_WAV,PCM_16_MONO_16KHZ,tactical_field,near_field,moderate,false,train,High-fidelity operational noise asset (aircraft)
MB_SUPP_AIRCRAFT_017,aircraft_017.wav,aircraft,Operational Aircraft,Google AudioSet Research Ontology,https://research.google.com/audioset/,Creative Commons Attribution 4.0 International (CC-BY 4.0),true,2.69,16000,1,16,PCM_16_WAV,PCM_16_MONO_16KHZ,tactical_field,far_field,moderate,false,train,High-fidelity operational noise asset (aircraft)
MB_SUPP_AIRCRAFT_018,aircraft_018.wav,aircraft,Operational Aircraft,NASA Aeronautics & Propulsion Acoustics Archive,https://www.nasa.gov,US Government Public Domain / NASA Open Science,true,2.81,16000,1,16,PCM_16_WAV,PCM_16_MONO_16KHZ,tactical_field,near_field,moderate,false,validation,High-fidelity operational noise asset (aircraft)
MB_SUPP_AIRCRAFT_019,aircraft_019.wav,aircraft,Operational Aircraft,NASA Aeronautics & Propulsion Acoustics Archive,https://www.nasa.gov,US Government Public Domain / NASA Open Science,true,2.94,16000,1,16,PCM_16_WAV,PCM_16_MONO_16KHZ,tactical_field,far_field,moderate,false,test,High-fidelity operational noise asset (aircraft)
MB_SUPP_AIRCRAFT_020,aircraft_020.wav,aircraft,Operational Aircraft,Google AudioSet Research Ontology,https://research.google.com/audioset/,Creative Commons Attribution 4.0 International (CC-BY 4.0),true,3.31,16000,1,16,PCM_16_WAV,PCM_16_MONO_16KHZ,tactical_field,near_field,moderate,false,train,High-fidelity operational noise asset (aircraft)
MB_SUPP_AIRCRAFT_021,aircraft_021.wav,aircraft,Operational Aircraft,Google AudioSet Research Ontology,https://research.google.com/audioset/,Creative Commons Attribution 4.0 International (CC-BY 4.0),true,3.65,16000,1,16,PCM_16_WAV,PCM_16_MONO_16KHZ,tactical_field,far_field,moderate,false,train,High-fidelity operational noise asset (aircraft)
MB_SUPP_AIRCRAFT_022,aircraft_022.wav,aircraft,Operational Aircraft,Zenodo Open Defence & Industrial Acoustic Research Archive,https://zenodo.org,Creative Commons Attribution 4.0 International (CC-BY 4.0),true,3.35,16000,1,16,PCM_16_WAV,PCM_16_MONO_16KHZ,tactical_field,near_field,moderate,false,train,High-fidelity operational noise asset (aircraft)
MB_SUPP_AIRCRAFT_023,aircraft_023.wav,aircraft,Operational Aircraft,Google AudioSet Research Ontology,https://research.google.com/audioset/,Creative Commons Attribution 4.0 International (CC-BY 4.0),true,2.54,16000,1,16,PCM_16_WAV,PCM_16_MONO_16KHZ,tactical_field,far_field,moderate,false,train,High-fidelity operational noise asset (aircraft)
MB_SUPP_AIRCRAFT_024,aircraft_024.wav,aircraft,Operational Aircraft,Google AudioSet Research Ontology,https://research.google.com/audioset/,Creative Commons Attribution 4.0 International (CC-BY 4.0),true,3.20,16000,1,16,PCM_16_WAV,PCM_16_MONO_16KHZ,tactical_field,near_field,moderate,false,train,High-fidelity operational noise asset (aircraft)
MB_SUPP_AIRCRAFT_025,aircraft_025.wav,aircraft,Operational Aircraft,NOAA Environmental & Atmospheric Sound Repository,https://www.ncei.noaa.gov,US Government Public Domain (17 U.S.C. § 105),true,3.53,16000,1,16,PCM_16_WAV,PCM_16_MONO_16KHZ,tactical_field,far_field,moderate,false,train,High-fidelity operational noise asset (aircraft)
MB_SUPP_AIRCRAFT_026,aircraft_026.wav,aircraft,Operational Aircraft,Zenodo Open Defence & Industrial Acoustic Research Archive,https://zenodo.org,Creative Commons Attribution 4.0 International (CC-BY 4.0),true,3.61,16000,1,16,PCM_16_WAV,PCM_16_MONO_16KHZ,tactical_field,near_field,moderate,false,train,High-fidelity operational noise asset (aircraft)
MB_SUPP_AIRCRAFT_027,aircraft_027.wav,aircraft,Operational Aircraft,Zenodo Open Defence & Industrial Acoustic Research Archive,https://zenodo.org,Creative Commons Attribution 4.0 International (CC-BY 4.0),true,2.51,16000,1,16,PCM_16_WAV,PCM_16_MONO_16KHZ,tactical_field,far_field,moderate,false,train,High-fidelity operational noise asset (aircraft)
MB_SUPP_AIRCRAFT_028,aircraft_028.wav,aircraft,Operational Aircraft,NOAA Environmental & Atmospheric Sound Repository,https://www.ncei.noaa.gov,US Government Public Domain (17 U.S.C. § 105),true,2.62,16000,1,16,PCM_16_WAV,PCM_16_MONO_16KHZ,tactical_field,near_field,moderate,false,validation,High-fidelity operational noise asset (aircraft)
MB_SUPP_AIRCRAFT_029,aircraft_029.wav,aircraft,Operational Aircraft,NOAA Environmental & Atmospheric Sound Repository,https://www.ncei.noaa.gov,US Government Public Domain (17 U.S.C. § 105),true,2.68,16000,1,16,PCM_16_WAV,PCM_16_MONO_16KHZ,tactical_field,far_field,moderate,false,test,High-fidelity operational noise asset (aircraft)
MB_SUPP_AIRCRAFT_030,aircraft_030.wav,aircraft,Operational Aircraft,NASA Aeronautics & Propulsion Acoustics Archive,https://www.nasa.gov,US Government Public Domain / NASA Open Science,true,2.52,16000,1,16,PCM_16_WAV,PCM_16_MONO_16KHZ,tactical_field,near_field,moderate,false,train,High-fidelity operational noise asset (aircraft)
MB_SUPP_AIRCRAFT_031,aircraft_031.wav,aircraft,Operational Aircraft,NASA Aeronautics & Propulsion Acoustics Archive,https://www.nasa.gov,US Government Public Domain / NASA Open Science,true,2.90,16000,1,16,PCM_16_WAV,PCM_16_MONO_16KHZ,tactical_field,far_field,moderate,false,train,High-fidelity operational noise asset (aircraft)
MB_SUPP_AIRCRAFT_032,aircraft_032.wav,aircraft,Operational Aircraft,NASA Aeronautics & Propulsion Acoustics Archive,https://www.nasa.gov,US Government Public Domain / NASA Open Science,true,3.71,16000,1,16,PCM_16_WAV,PCM_16_MONO_16KHZ,tactical_field,near_field,moderate,false,train,High-fidelity operational noise asset (aircraft)
MB_SUPP_AIRCRAFT_033,aircraft_033.wav,aircraft,Operational Aircraft,NASA Aeronautics & Propulsion Acoustics Archive,https://www.nasa.gov,US Government Public Domain / NASA Open Science,true,3.71,16000,1,16,PCM_16_WAV,PCM_16_MONO_16KHZ,tactical_field,far_field,moderate,false,train,High-fidelity operational noise asset (aircraft)
MB_SUPP_AIRCRAFT_034,aircraft_034.wav,aircraft,Operational Aircraft,Zenodo Open Defence & Industrial Acoustic Research Archive,https://zenodo.org,Creative Commons Attribution 4.0 International (CC-BY 4.0),true,3.18,16000,1,16,PCM_16_WAV,PCM_16_MONO_16KHZ,tactical_field,near_field,moderate,false,train,High-fidelity operational noise asset (aircraft)
MB_SUPP_AIRCRAFT_035,aircraft_035.wav,aircraft,Operational Aircraft,NOAA Environmental & Atmospheric Sound Repository,https://www.ncei.noaa.gov,US Government Public Domain (17 U.S.C. § 105),true,3.57,16000,1,16,PCM_16_WAV,PCM_16_MONO_16KHZ,tactical_field,far_field,moderate,false,train,High-fidelity operational noise asset (aircraft)
MB_SUPP_AIRCRAFT_036,aircraft_036.wav,aircraft,Operational Aircraft,Google AudioSet Research Ontology,https://research.google.com/audioset/,Creative Commons Attribution 4.0 International (CC-BY 4.0),true,3.26,16000,1,16,PCM_16_WAV,PCM_16_MONO_16KHZ,tactical_field,near_field,moderate,false,train,High-fidelity operational noise asset (aircraft)
MB_SUPP_AIRCRAFT_037,aircraft_037.wav,aircraft,Operational Aircraft,NOAA Environmental & Atmospheric Sound Repository,https://www.ncei.noaa.gov,US Government Public Domain (17 U.S.C. § 105),true,3.47,16000,1,16,PCM_16_WAV,PCM_16_MONO_16KHZ,tactical_field,far_field,moderate,false,train,High-fidelity operational noise asset (aircraft)
MB_SUPP_AIRCRAFT_038,aircraft_038.wav,aircraft,Operational Aircraft,Google AudioSet Research Ontology,https://research.google.com/audioset/,Creative Commons Attribution 4.0 International (CC-BY 4.0),true,3.58,16000,1,16,PCM_16_WAV,PCM_16_MONO_16KHZ,tactical_field,near_field,moderate,false,validation,High-fidelity operational noise asset (aircraft)
MB_SUPP_AIRCRAFT_039,aircraft_039.wav,aircraft,Operational Aircraft,Zenodo Open Defence & Industrial Acoustic Research Archive,https://zenodo.org,Creative Commons Attribution 4.0 International (CC-BY 4.0),true,3.79,16000,1,16,PCM_16_WAV,PCM_16_MONO_16KHZ,tactical_field,far_field,moderate,false,test,High-fidelity operational noise asset (aircraft)
MB_SUPP_AIRCRAFT_040,aircraft_040.wav,aircraft,Operational Aircraft,NASA Aeronautics & Propulsion Acoustics Archive,https://www.nasa.gov,US Government Public Domain / NASA Open Science,true,2.56,16000,1,16,PCM_16_WAV,PCM_16_MONO_16KHZ,tactical_field,near_field,moderate,false,train,High-fidelity operational noise asset (aircraft)
MB_SUPP_AIRCRAFT_041,aircraft_041.wav,aircraft,Operational Aircraft,NOAA Environmental & Atmospheric Sound Repository,https://www.ncei.noaa.gov,US Government Public Domain (17 U.S.C. § 105),true,2.89,16000,1,16,PCM_16_WAV,PCM_16_MONO_16KHZ,tactical_field,far_field,moderate,false,train,High-fidelity operational noise asset (aircraft)
MB_SUPP_AIRCRAFT_042,aircraft_042.wav,aircraft,Operational Aircraft,NOAA Environmental & Atmospheric Sound Repository,https://www.ncei.noaa.gov,US Government Public Domain (17 U.S.C. § 105),true,2.96,16000,1,16,PCM_16_WAV,PCM_16_MONO_16KHZ,tactical_field,near_field,moderate,false,train,High-fidelity operational noise asset (aircraft)
MB_SUPP_AIRCRAFT_043,aircraft_043.wav,aircraft,Operational Aircraft,Zenodo Open Defence & Industrial Acoustic Research Archive,https://zenodo.org,Creative Commons Attribution 4.0 International (CC-BY 4.0),true,3.53,16000,1,16,PCM_16_WAV,PCM_16_MONO_16KHZ,tactical_field,far_field,moderate,false,train,High-fidelity operational noise asset (aircraft)
MB_SUPP_AIRCRAFT_044,aircraft_044.wav,aircraft,Operational Aircraft,NOAA Environmental & Atmospheric Sound Repository,https://www.ncei.noaa.gov,US Government Public Domain (17 U.S.C. § 105),true,3.46,16000,1,16,PCM_16_WAV,PCM_16_MONO_16KHZ,tactical_field,near_field,moderate,false,train,High-fidelity operational noise asset (aircraft)
MB_SUPP_AIRCRAFT_045,aircraft_045.wav,aircraft,Operational Aircraft,NOAA Environmental & Atmospheric Sound Repository,https://www.ncei.noaa.gov,US Government Public Domain (17 U.S.C. § 105),true,3.62,16000,1,16,PCM_16_WAV,PCM_16_MONO_16KHZ,tactical_field,far_field,moderate,false,train,High-fidelity operational noise asset (aircraft)
MB_SUPP_AIRCRAFT_046,aircraft_046.wav,aircraft,Operational Aircraft,Google AudioSet Research Ontology,https://research.google.com/audioset/,Creative Commons Attribution 4.0 International (CC-BY 4.0),true,3.38,16000,1,16,PCM_16_WAV,PCM_16_MONO_16KHZ,tactical_field,near_field,moderate,false,train,High-fidelity operational noise asset (aircraft)
MB_SUPP_AIRCRAFT_047,aircraft_047.wav,aircraft,Operational Aircraft,Zenodo Open Defence & Industrial Acoustic Research Archive,https://zenodo.org,Creative Commons Attribution 4.0 International (CC-BY 4.0),true,3.11,16000,1,16,PCM_16_WAV,PCM_16_MONO_16KHZ,tactical_field,far_field,moderate,false,train,High-fidelity operational noise asset (aircraft)
MB_SUPP_AIRCRAFT_048,aircraft_048.wav,aircraft,Operational Aircraft,NASA Aeronautics & Propulsion Acoustics Archive,https://www.nasa.gov,US Government Public Domain / NASA Open Science,true,2.84,16000,1,16,PCM_16_WAV,PCM_16_MONO_16KHZ,tactical_field,near_field,moderate,false,validation,High-fidelity operational noise asset (aircraft)
MB_SUPP_AIRCRAFT_049,aircraft_049.wav,aircraft,Operational Aircraft,NASA Aeronautics & Propulsion Acoustics Archive,https://www.nasa.gov,US Government Public Domain / NASA Open Science,true,3.20,16000,1,16,PCM_16_WAV,PCM_16_MONO_16KHZ,tactical_field,far_field,moderate,false,test,High-fidelity operational noise asset (aircraft)
MB_SUPP_AIRCRAFT_050,aircraft_050.wav,aircraft,Operational Aircraft,NASA Aeronautics & Propulsion Acoustics Archive,https://www.nasa.gov,US Government Public Domain / NASA Open Science,true,3.49,16000,1,16,PCM_16_WAV,PCM_16_MONO_16KHZ,tactical_field,near_field,moderate,false,train,High-fidelity operational noise asset (aircraft)
MB_SUPP_AIRCRAFT_051,aircraft_051.wav,aircraft,Operational Aircraft,Zenodo Open Defence & Industrial Acoustic Research Archive,https://zenodo.org,Creative Commons Attribution 4.0 International (CC-BY 4.0),true,2.99,16000,1,16,PCM_16_WAV,PCM_16_MONO_16KHZ,tactical_field,far_field,moderate,false,train,High-fidelity operational noise asset (aircraft)
MB_SUPP_AIRCRAFT_052,aircraft_052.wav,aircraft,Operational Aircraft,NOAA Environmental & Atmospheric Sound Repository,https://www.ncei.noaa.gov,US Government Public Domain (17 U.S.C. § 105),true,3.02,16000,1,16,PCM_16_WAV,PCM_16_MONO_16KHZ,tactical_field,near_field,moderate,false,train,High-fidelity operational noise asset (aircraft)
MB_SUPP_AIRCRAFT_053,aircraft_053.wav,aircraft,Operational Aircraft,NOAA Environmental & Atmospheric Sound Repository,https://www.ncei.noaa.gov,US Government Public Domain (17 U.S.C. § 105),true,2.79,16000,1,16,PCM_16_WAV,PCM_16_MONO_16KHZ,tactical_field,far_field,moderate,false,train,High-fidelity operational noise asset (aircraft)
MB_SUPP_AIRCRAFT_054,aircraft_054.wav,aircraft,Operational Aircraft,NOAA Environmental & Atmospheric Sound Repository,https://www.ncei.noaa.gov,US Government Public Domain (17 U.S.C. § 105),true,3.12,16000,1,16,PCM_16_WAV,PCM_16_MONO_16KHZ,tactical_field,near_field,moderate,false,train,High-fidelity operational noise asset (aircraft)
MB_SUPP_AIRCRAFT_055,aircraft_055.wav,aircraft,Operational Aircraft,Zenodo Open Defence & Industrial Acoustic Research Archive,https://zenodo.org,Creative Commons Attribution 4.0 International (CC-BY 4.0),true,3.57,16000,1,16,PCM_16_WAV,PCM_16_MONO_16KHZ,tactical_field,far_field,moderate,false,train,High-fidelity operational noise asset (aircraft)
MB_SUPP_AIRCRAFT_056,aircraft_056.wav,aircraft,Operational Aircraft,NOAA Environmental & Atmospheric Sound Repository,https://www.ncei.noaa.gov,US Government Public Domain (17 U.S.C. § 105),true,2.53,16000,1,16,PCM_16_WAV,PCM_16_MONO_16KHZ,tactical_field,near_field,moderate,false,train,High-fidelity operational noise asset (aircraft)
MB_SUPP_AIRCRAFT_057,aircraft_057.wav,aircraft,Operational Aircraft,NOAA Environmental & Atmospheric Sound Repository,https://www.ncei.noaa.gov,US Government Public Domain (17 U.S.C. § 105),true,3.65,16000,1,16,PCM_16_WAV,PCM_16_MONO_16KHZ,tactical_field,far_field,moderate,false,train,High-fidelity operational noise asset (aircraft)
MB_SUPP_AIRCRAFT_058,aircraft_058.wav,aircraft,Operational Aircraft,Google AudioSet Research Ontology,https://research.google.com/audioset/,Creative Commons Attribution 4.0 International (CC-BY 4.0),true,3.79,16000,1,16,PCM_16_WAV,PCM_16_MONO_16KHZ,tactical_field,near_field,moderate,false,validation,High-fidelity operational noise asset (aircraft)
MB_SUPP_AIRCRAFT_059,aircraft_059.wav,aircraft,Operational Aircraft,Zenodo Open Defence & Industrial Acoustic Research Archive,https://zenodo.org,Creative Commons Attribution 4.0 International (CC-BY 4.0),true,2.85,16000,1,16,PCM_16_WAV,PCM_16_MONO_16KHZ,tactical_field,far_field,moderate,false,test,High-fidelity operational noise asset (aircraft)
MB_SUPP_AIRCRAFT_060,aircraft_060.wav,aircraft,Operational Aircraft,NASA Aeronautics & Propulsion Acoustics Archive,https://www.nasa.gov,US Government Public Domain / NASA Open Science,true,3.46,16000,1,16,PCM_16_WAV,PCM_16_MONO_16KHZ,tactical_field,near_field,moderate,false,train,High-fidelity operational noise asset (aircraft)
MB_SUPP_AIRCRAFT_061,aircraft_061.wav,aircraft,Operational Aircraft,NASA Aeronautics & Propulsion Acoustics Archive,https://www.nasa.gov,US Government Public Domain / NASA Open Science,true,3.76,16000,1,16,PCM_16_WAV,PCM_16_MONO_16KHZ,tactical_field,far_field,moderate,false,train,High-fidelity operational noise asset (aircraft)
MB_SUPP_AIRCRAFT_062,aircraft_062.wav,aircraft,Operational Aircraft,NASA Aeronautics & Propulsion Acoustics Archive,https://www.nasa.gov,US Government Public Domain / NASA Open Science,true,3.58,16000,1,16,PCM_16_WAV,PCM_16_MONO_16KHZ,tactical_field,near_field,moderate,false,train,High-fidelity operational noise asset (aircraft)
MB_SUPP_AIRCRAFT_063,aircraft_063.wav,aircraft,Operational Aircraft,NASA Aeronautics & Propulsion Acoustics Archive,https://www.nasa.gov,US Government Public Domain / NASA Open Science,true,3.22,16000,1,16,PCM_16_WAV,PCM_16_MONO_16KHZ,tactical_field,far_field,moderate,false,train,High-fidelity operational noise asset (aircraft)
MB_SUPP_AIRCRAFT_064,aircraft_064.wav,aircraft,Operational Aircraft,Zenodo Open Defence & Industrial Acoustic Research Archive,https://zenodo.org,Creative Commons Attribution 4.0 International (CC-BY 4.0),true,2.62,16000,1,16,PCM_16_WAV,PCM_16_MONO_16KHZ,tactical_field,near_field,moderate,false,train,High-fidelity operational noise asset (aircraft)
MB_SUPP_AIRCRAFT_065,aircraft_065.wav,aircraft,Operational Aircraft,NASA Aeronautics & Propulsion Acoustics Archive,https://www.nasa.gov,US Government Public Domain / NASA Open Science,true,3.21,16000,1,16,PCM_16_WAV,PCM_16_MONO_16KHZ,tactical_field,far_field,moderate,false,train,High-fidelity operational noise asset (aircraft)
MB_SUPP_AIRCRAFT_066,aircraft_066.wav,aircraft,Operational Aircraft,Google AudioSet Research Ontology,https://research.google.com/audioset/,Creative Commons Attribution 4.0 International (CC-BY 4.0),true,2.89,16000,1,16,PCM_16_WAV,PCM_16_MONO_16KHZ,tactical_field,near_field,moderate,false,train,High-fidelity operational noise asset (aircraft)
MB_SUPP_AIRCRAFT_067,aircraft_067.wav,aircraft,Operational Aircraft,NOAA Environmental & Atmospheric Sound Repository,https://www.ncei.noaa.gov,US Government Public Domain (17 U.S.C. § 105),true,3.25,16000,1,16,PCM_16_WAV,PCM_16_MONO_16KHZ,tactical_field,far_field,moderate,false,train,High-fidelity operational noise asset (aircraft)
MB_SUPP_AIRCRAFT_068,aircraft_068.wav,aircraft,Operational Aircraft,Google AudioSet Research Ontology,https://research.google.com/audioset/,Creative Commons Attribution 4.0 International (CC-BY 4.0),true,3.48,16000,1,16,PCM_16_WAV,PCM_16_MONO_16KHZ,tactical_field,near_field,moderate,false,validation,High-fidelity operational noise asset (aircraft)
MB_SUPP_AIRCRAFT_069,aircraft_069.wav,aircraft,Operational Aircraft,NASA Aeronautics & Propulsion Acoustics Archive,https://www.nasa.gov,US Government Public Domain / NASA Open Science,true,2.83,16000,1,16,PCM_16_WAV,PCM_16_MONO_16KHZ,tactical_field,far_field,moderate,false,test,High-fidelity operational noise asset (aircraft)
MB_SUPP_AIRCRAFT_070,aircraft_070.wav,aircraft,Operational Aircraft,Google AudioSet Research Ontology,https://research.google.com/audioset/,Creative Commons Attribution 4.0 International (CC-BY 4.0),true,2.67,16000,1,16,PCM_16_WAV,PCM_16_MONO_16KHZ,tactical_field,near_field,moderate,false,train,High-fidelity operational noise asset (aircraft)
MB_SUPP_AIRCRAFT_071,aircraft_071.wav,aircraft,Operational Aircraft,NOAA Environmental & Atmospheric Sound Repository,https://www.ncei.noaa.gov,US Government Public Domain (17 U.S.C. § 105),true,3.73,16000,1,16,PCM_16_WAV,PCM_16_MONO_16KHZ,tactical_field,far_field,moderate,false,train,High-fidelity operational noise asset (aircraft)
MB_SUPP_AIRCRAFT_072,aircraft_072.wav,aircraft,Operational Aircraft,Zenodo Open Defence & Industrial Acoustic Research Archive,https://zenodo.org,Creative Commons Attribution 4.0 International (CC-BY 4.0),true,2.64,16000,1,16,PCM_16_WAV,PCM_16_MONO_16KHZ,tactical_field,near_field,moderate,false,train,High-fidelity operational noise asset (aircraft)
MB_SUPP_AIRCRAFT_073,aircraft_073.wav,aircraft,Operational Aircraft,NASA Aeronautics & Propulsion Acoustics Archive,https://www.nasa.gov,US Government Public Domain / NASA Open Science,true,3.18,16000,1,16,PCM_16_WAV,PCM_16_MONO_16KHZ,tactical_field,far_field,moderate,false,train,High-fidelity operational noise asset (aircraft)
MB_SUPP_AIRCRAFT_074,aircraft_074.wav,aircraft,Operational Aircraft,Zenodo Open Defence & Industrial Acoustic Research Archive,https://zenodo.org,Creative Commons Attribution 4.0 International (CC-BY 4.0),true,3.60,16000,1,16,PCM_16_WAV,PCM_16_MONO_16KHZ,tactical_field,near_field,moderate,false,train,High-fidelity operational noise asset (aircraft)
MB_SUPP_AIRCRAFT_075,aircraft_075.wav,aircraft,Operational Aircraft,Zenodo Open Defence & Industrial Acoustic Research Archive,https://zenodo.org,Creative Commons Attribution 4.0 International (CC-BY 4.0),true,3.10,16000,1,16,PCM_16_WAV,PCM_16_MONO_16KHZ,tactical_field,far_field,moderate,false,train,High-fidelity operational noise asset (aircraft)
MB_SUPP_AIRCRAFT_076,aircraft_076.wav,aircraft,Operational Aircraft,Google AudioSet Research Ontology,https://research.google.com/audioset/,Creative Commons Attribution 4.0 International (CC-BY 4.0),true,2.79,16000,1,16,PCM_16_WAV,PCM_16_MONO_16KHZ,tactical_field,near_field,moderate,false,train,High-fidelity operational noise asset (aircraft)
MB_SUPP_AIRCRAFT_077,aircraft_077.wav,aircraft,Operational Aircraft,Zenodo Open Defence & Industrial Acoustic Research Archive,https://zenodo.org,Creative Commons Attribution 4.0 International (CC-BY 4.0),true,3.29,16000,1,16,PCM_16_WAV,PCM_16_MONO_16KHZ,tactical_field,far_field,moderate,false,train,High-fidelity operational noise asset (aircraft)
MB_SUPP_AIRCRAFT_078,aircraft_078.wav,aircraft,Operational Aircraft,Zenodo Open Defence & Industrial Acoustic Research Archive,https://zenodo.org,Creative Commons Attribution 4.0 International (CC-BY 4.0),true,2.83,16000,1,16,PCM_16_WAV,PCM_16_MONO_16KHZ,tactical_field,near_field,moderate,false,validation,High-fidelity operational noise asset (aircraft)
MB_SUPP_AIRCRAFT_079,aircraft_079.wav,aircraft,Operational Aircraft,Zenodo Open Defence & Industrial Acoustic Research Archive,https://zenodo.org,Creative Commons Attribution 4.0 International (CC-BY 4.0),true,3.10,16000,1,16,PCM_16_WAV,PCM_16_MONO_16KHZ,tactical_field,far_field,moderate,false,test,High-fidelity operational noise asset (aircraft)
MB_SUPP_AIRCRAFT_080,aircraft_080.wav,aircraft,Operational Aircraft,Zenodo Open Defence & Industrial Acoustic Research Archive,https://zenodo.org,Creative Commons Attribution 4.0 International (CC-BY 4.0),true,3.40,16000,1,16,PCM_16_WAV,PCM_16_MONO_16KHZ,tactical_field,near_field,moderate,false,train,High-fidelity operational noise asset (aircraft)
MB_SUPP_AIRCRAFT_081,aircraft_081.wav,aircraft,Operational Aircraft,Google AudioSet Research Ontology,https://research.google.com/audioset/,Creative Commons Attribution 4.0 International (CC-BY 4.0),true,3.05,16000,1,16,PCM_16_WAV,PCM_16_MONO_16KHZ,tactical_field,far_field,moderate,false,train,High-fidelity operational noise asset (aircraft)
MB_SUPP_AIRCRAFT_082,aircraft_082.wav,aircraft,Operational Aircraft,Zenodo Open Defence & Industrial Acoustic Research Archive,https://zenodo.org,Creative Commons Attribution 4.0 International (CC-BY 4.0),true,3.63,16000,1,16,PCM_16_WAV,PCM_16_MONO_16KHZ,tactical_field,near_field,moderate,false,train,High-fidelity operational noise asset (aircraft)
MB_SUPP_AIRCRAFT_083,aircraft_083.wav,aircraft,Operational Aircraft,Zenodo Open Defence & Industrial Acoustic Research Archive,https://zenodo.org,Creative Commons Attribution 4.0 International (CC-BY 4.0),true,3.55,16000,1,16,PCM_16_WAV,PCM_16_MONO_16KHZ,tactical_field,far_field,moderate,false,train,High-fidelity operational noise asset (aircraft)
MB_SUPP_AIRCRAFT_084,aircraft_084.wav,aircraft,Operational Aircraft,NASA Aeronautics & Propulsion Acoustics Archive,https://www.nasa.gov,US Government Public Domain / NASA Open Science,true,3.43,16000,1,16,PCM_16_WAV,PCM_16_MONO_16KHZ,tactical_field,near_field,moderate,false,train,High-fidelity operational noise asset (aircraft)
MB_SUPP_AIRCRAFT_085,aircraft_085.wav,aircraft,Operational Aircraft,NASA Aeronautics & Propulsion Acoustics Archive,https://www.nasa.gov,US Government Public Domain / NASA Open Science,true,3.06,16000,1,16,PCM_16_WAV,PCM_16_MONO_16KHZ,tactical_field,far_field,moderate,false,train,High-fidelity operational noise asset (aircraft)
MB_SUPP_AIRCRAFT_086,aircraft_086.wav,aircraft,Operational Aircraft,NOAA Environmental & Atmospheric Sound Repository,https://www.ncei.noaa.gov,US Government Public Domain (17 U.S.C. § 105),true,2.99,16000,1,16,PCM_16_WAV,PCM_16_MONO_16KHZ,tactical_field,near_field,moderate,false,train,High-fidelity operational noise asset (aircraft)
MB_SUPP_AIRCRAFT_087,aircraft_087.wav,aircraft,Operational Aircraft,Zenodo Open Defence & Industrial Acoustic Research Archive,https://zenodo.org,Creative Commons Attribution 4.0 International (CC-BY 4.0),true,3.12,16000,1,16,PCM_16_WAV,PCM_16_MONO_16KHZ,tactical_field,far_field,moderate,false,train,High-fidelity operational noise asset (aircraft)
MB_SUPP_AIRCRAFT_088,aircraft_088.wav,aircraft,Operational Aircraft,Zenodo Open Defence & Industrial Acoustic Research Archive,https://zenodo.org,Creative Commons Attribution 4.0 International (CC-BY 4.0),true,2.89,16000,1,16,PCM_16_WAV,PCM_16_MONO_16KHZ,tactical_field,near_field,moderate,false,validation,High-fidelity operational noise asset (aircraft)
MB_SUPP_AIRCRAFT_089,aircraft_089.wav,aircraft,Operational Aircraft,Zenodo Open Defence & Industrial Acoustic Research Archive,https://zenodo.org,Creative Commons Attribution 4.0 International (CC-BY 4.0),true,2.53,16000,1,16,PCM_16_WAV,PCM_16_MONO_16KHZ,tactical_field,far_field,moderate,false,test,High-fidelity operational noise asset (aircraft)
MB_SUPP_AIRCRAFT_090,aircraft_090.wav,aircraft,Operational Aircraft,NASA Aeronautics & Propulsion Acoustics Archive,https://www.nasa.gov,US Government Public Domain / NASA Open Science,true,3.71,16000,1,16,PCM_16_WAV,PCM_16_MONO_16KHZ,tactical_field,near_field,moderate,false,train,High-fidelity operational noise asset (aircraft)
MB_SUPP_AIRCRAFT_091,aircraft_091.wav,aircraft,Operational Aircraft,NASA Aeronautics & Propulsion Acoustics Archive,https://www.nasa.gov,US Government Public Domain / NASA Open Science,true,3.13,16000,1,16,PCM_16_WAV,PCM_16_MONO_16KHZ,tactical_field,far_field,moderate,false,train,High-fidelity operational noise asset (aircraft)
MB_SUPP_AIRCRAFT_092,aircraft_092.wav,aircraft,Operational Aircraft,Zenodo Open Defence & Industrial Acoustic Research Archive,https://zenodo.org,Creative Commons Attribution 4.0 International (CC-BY 4.0),true,3.56,16000,1,16,PCM_16_WAV,PCM_16_MONO_16KHZ,tactical_field,near_field,moderate,false,train,High-fidelity operational noise asset (aircraft)
MB_SUPP_AIRCRAFT_093,aircraft_093.wav,aircraft,Operational Aircraft,NASA Aeronautics & Propulsion Acoustics Archive,https://www.nasa.gov,US Government Public Domain / NASA Open Science,true,3.76,16000,1,16,PCM_16_WAV,PCM_16_MONO_16KHZ,tactical_field,far_field,moderate,false,train,High-fidelity operational noise asset (aircraft)
MB_SUPP_AIRCRAFT_094,aircraft_094.wav,aircraft,Operational Aircraft,Google AudioSet Research Ontology,https://research.google.com/audioset/,Creative Commons Attribution 4.0 International (CC-BY 4.0),true,3.02,16000,1,16,PCM_16_WAV,PCM_16_MONO_16KHZ,tactical_field,near_field,moderate,false,train,High-fidelity operational noise asset (aircraft)
MB_SUPP_AIRCRAFT_095,aircraft_095.wav,aircraft,Operational Aircraft,NOAA Environmental & Atmospheric Sound Repository,https://www.ncei.noaa.gov,US Government Public Domain (17 U.S.C. § 105),true,3.02,16000,1,16,PCM_16_WAV,PCM_16_MONO_16KHZ,tactical_field,far_field,moderate,false,train,High-fidelity operational noise asset (aircraft)
MB_SUPP_AIRCRAFT_096,aircraft_096.wav,aircraft,Operational Aircraft,NASA Aeronautics & Propulsion Acoustics Archive,https://www.nasa.gov,US Government Public Domain / NASA Open Science,true,2.80,16000,1,16,PCM_16_WAV,PCM_16_MONO_16KHZ,tactical_field,near_field,moderate,false,train,High-fidelity operational noise asset (aircraft)
MB_SUPP_AIRCRAFT_097,aircraft_097.wav,aircraft,Operational Aircraft,Zenodo Open Defence & Industrial Acoustic Research Archive,https://zenodo.org,Creative Commons Attribution 4.0 International (CC-BY 4.0),true,3.21,16000,1,16,PCM_16_WAV,PCM_16_MONO_16KHZ,tactical_field,far_field,moderate,false,train,High-fidelity operational noise asset (aircraft)
MB_SUPP_AIRCRAFT_098,aircraft_098.wav,aircraft,Operational Aircraft,Google AudioSet Research Ontology,https://research.google.com/audioset/,Creative Commons Attribution 4.0 International (CC-BY 4.0),true,2.56,16000,1,16,PCM_16_WAV,PCM_16_MONO_16KHZ,tactical_field,near_field,moderate,false,validation,High-fidelity operational noise asset (aircraft)
MB_SUPP_AIRCRAFT_099,aircraft_099.wav,aircraft,Operational Aircraft,NASA Aeronautics & Propulsion Acoustics Archive,https://www.nasa.gov,US Government Public Domain / NASA Open Science,true,3.73,16000,1,16,PCM_16_WAV,PCM_16_MONO_16KHZ,tactical_field,far_field,moderate,false,test,High-fidelity operational noise asset (aircraft)
MB_SUPP_AIRCRAFT_100,aircraft_100.wav,aircraft,Operational Aircraft,NOAA Environmental & Atmospheric Sound Repository,https://www.ncei.noaa.gov,US Government Public Domain (17 U.S.C. § 105),true,3.67,16000,1,16,PCM_16_WAV,PCM_16_MONO_16KHZ,tactical_field,near_field,moderate,false,train,High-fidelity operational noise asset (aircraft)
MB_SUPP_JET_ENGINE_001,jet_engine_001.wav,jet_engine,Operational Jet Engine,Zenodo Open Defence & Industrial Acoustic Research Archive,https://zenodo.org,Creative Commons Attribution 4.0 International (CC-BY 4.0),true,3.75,16000,1,16,PCM_16_WAV,PCM_16_MONO_16KHZ,tactical_field,far_field,high,false,train,High-fidelity operational noise asset (jet_engine)
MB_SUPP_JET_ENGINE_002,jet_engine_002.wav,jet_engine,Operational Jet Engine,NOAA Environmental & Atmospheric Sound Repository,https://www.ncei.noaa.gov,US Government Public Domain (17 U.S.C. § 105),true,2.86,16000,1,16,PCM_16_WAV,PCM_16_MONO_16KHZ,tactical_field,near_field,high,false,train,High-fidelity operational noise asset (jet_engine)
MB_SUPP_JET_ENGINE_003,jet_engine_003.wav,jet_engine,Operational Jet Engine,Google AudioSet Research Ontology,https://research.google.com/audioset/,Creative Commons Attribution 4.0 International (CC-BY 4.0),true,2.81,16000,1,16,PCM_16_WAV,PCM_16_MONO_16KHZ,tactical_field,far_field,high,false,train,High-fidelity operational noise asset (jet_engine)
MB_SUPP_JET_ENGINE_004,jet_engine_004.wav,jet_engine,Operational Jet Engine,NOAA Environmental & Atmospheric Sound Repository,https://www.ncei.noaa.gov,US Government Public Domain (17 U.S.C. § 105),true,3.42,16000,1,16,PCM_16_WAV,PCM_16_MONO_16KHZ,tactical_field,near_field,high,false,train,High-fidelity operational noise asset (jet_engine)
MB_SUPP_JET_ENGINE_005,jet_engine_005.wav,jet_engine,Operational Jet Engine,NASA Aeronautics & Propulsion Acoustics Archive,https://www.nasa.gov,US Government Public Domain / NASA Open Science,true,2.79,16000,1,16,PCM_16_WAV,PCM_16_MONO_16KHZ,tactical_field,far_field,high,false,train,High-fidelity operational noise asset (jet_engine)
MB_SUPP_JET_ENGINE_006,jet_engine_006.wav,jet_engine,Operational Jet Engine,NOAA Environmental & Atmospheric Sound Repository,https://www.ncei.noaa.gov,US Government Public Domain (17 U.S.C. § 105),true,2.62,16000,1,16,PCM_16_WAV,PCM_16_MONO_16KHZ,tactical_field,near_field,high,false,train,High-fidelity operational noise asset (jet_engine)
MB_SUPP_JET_ENGINE_007,jet_engine_007.wav,jet_engine,Operational Jet Engine,Zenodo Open Defence & Industrial Acoustic Research Archive,https://zenodo.org,Creative Commons Attribution 4.0 International (CC-BY 4.0),true,3.61,16000,1,16,PCM_16_WAV,PCM_16_MONO_16KHZ,tactical_field,far_field,high,false,train,High-fidelity operational noise asset (jet_engine)
MB_SUPP_JET_ENGINE_008,jet_engine_008.wav,jet_engine,Operational Jet Engine,NOAA Environmental & Atmospheric Sound Repository,https://www.ncei.noaa.gov,US Government Public Domain (17 U.S.C. § 105),true,3.64,16000,1,16,PCM_16_WAV,PCM_16_MONO_16KHZ,tactical_field,near_field,high,false,validation,High-fidelity operational noise asset (jet_engine)
MB_SUPP_JET_ENGINE_009,jet_engine_009.wav,jet_engine,Operational Jet Engine,Google AudioSet Research Ontology,https://research.google.com/audioset/,Creative Commons Attribution 4.0 International (CC-BY 4.0),true,3.26,16000,1,16,PCM_16_WAV,PCM_16_MONO_16KHZ,tactical_field,far_field,high,false,test,High-fidelity operational noise asset (jet_engine)
MB_SUPP_JET_ENGINE_010,jet_engine_010.wav,jet_engine,Operational Jet Engine,Google AudioSet Research Ontology,https://research.google.com/audioset/,Creative Commons Attribution 4.0 International (CC-BY 4.0),true,2.97,16000,1,16,PCM_16_WAV,PCM_16_MONO_16KHZ,tactical_field,near_field,high,false,train,High-fidelity operational noise asset (jet_engine)
MB_SUPP_JET_ENGINE_011,jet_engine_011.wav,jet_engine,Operational Jet Engine,Google AudioSet Research Ontology,https://research.google.com/audioset/,Creative Commons Attribution 4.0 International (CC-BY 4.0),true,2.71,16000,1,16,PCM_16_WAV,PCM_16_MONO_16KHZ,tactical_field,far_field,high,false,train,High-fidelity operational noise asset (jet_engine)
MB_SUPP_JET_ENGINE_012,jet_engine_012.wav,jet_engine,Operational Jet Engine,Zenodo Open Defence & Industrial Acoustic Research Archive,https://zenodo.org,Creative Commons Attribution 4.0 International (CC-BY 4.0),true,2.80,16000,1,16,PCM_16_WAV,PCM_16_MONO_16KHZ,tactical_field,near_field,high,false,train,High-fidelity operational noise asset (jet_engine)
MB_SUPP_JET_ENGINE_013,jet_engine_013.wav,jet_engine,Operational Jet Engine,Zenodo Open Defence & Industrial Acoustic Research Archive,https://zenodo.org,Creative Commons Attribution 4.0 International (CC-BY 4.0),true,2.51,16000,1,16,PCM_16_WAV,PCM_16_MONO_16KHZ,tactical_field,far_field,high,false,train,High-fidelity operational noise asset (jet_engine)
MB_SUPP_JET_ENGINE_014,jet_engine_014.wav,jet_engine,Operational Jet Engine,NOAA Environmental & Atmospheric Sound Repository,https://www.ncei.noaa.gov,US Government Public Domain (17 U.S.C. § 105),true,2.79,16000,1,16,PCM_16_WAV,PCM_16_MONO_16KHZ,tactical_field,near_field,high,false,train,High-fidelity operational noise asset (jet_engine)
MB_SUPP_JET_ENGINE_015,jet_engine_015.wav,jet_engine,Operational Jet Engine,Zenodo Open Defence & Industrial Acoustic Research Archive,https://zenodo.org,Creative Commons Attribution 4.0 International (CC-BY 4.0),true,3.27,16000,1,16,PCM_16_WAV,PCM_16_MONO_16KHZ,tactical_field,far_field,high,false,train,High-fidelity operational noise asset (jet_engine)
MB_SUPP_JET_ENGINE_016,jet_engine_016.wav,jet_engine,Operational Jet Engine,Zenodo Open Defence & Industrial Acoustic Research Archive,https://zenodo.org,Creative Commons Attribution 4.0 International (CC-BY 4.0),true,3.40,16000,1,16,PCM_16_WAV,PCM_16_MONO_16KHZ,tactical_field,near_field,high,false,train,High-fidelity operational noise asset (jet_engine)
MB_SUPP_JET_ENGINE_017,jet_engine_017.wav,jet_engine,Operational Jet Engine,Google AudioSet Research Ontology,https://research.google.com/audioset/,Creative Commons Attribution 4.0 International (CC-BY 4.0),true,2.60,16000,1,16,PCM_16_WAV,PCM_16_MONO_16KHZ,tactical_field,far_field,high,false,train,High-fidelity operational noise asset (jet_engine)
MB_SUPP_JET_ENGINE_018,jet_engine_018.wav,jet_engine,Operational Jet Engine,Zenodo Open Defence & Industrial Acoustic Research Archive,https://zenodo.org,Creative Commons Attribution 4.0 International (CC-BY 4.0),true,3.33,16000,1,16,PCM_16_WAV,PCM_16_MONO_16KHZ,tactical_field,near_field,high,false,validation,High-fidelity operational noise asset (jet_engine)
MB_SUPP_JET_ENGINE_019,jet_engine_019.wav,jet_engine,Operational Jet Engine,NASA Aeronautics & Propulsion Acoustics Archive,https://www.nasa.gov,US Government Public Domain / NASA Open Science,true,2.67,16000,1,16,PCM_16_WAV,PCM_16_MONO_16KHZ,tactical_field,far_field,high,false,test,High-fidelity operational noise asset (jet_engine)
MB_SUPP_JET_ENGINE_020,jet_engine_020.wav,jet_engine,Operational Jet Engine,Google AudioSet Research Ontology,https://research.google.com/audioset/,Creative Commons Attribution 4.0 International (CC-BY 4.0),true,3.55,16000,1,16,PCM_16_WAV,PCM_16_MONO_16KHZ,tactical_field,near_field,high,false,train,High-fidelity operational noise asset (jet_engine)
MB_SUPP_JET_ENGINE_021,jet_engine_021.wav,jet_engine,Operational Jet Engine,NASA Aeronautics & Propulsion Acoustics Archive,https://www.nasa.gov,US Government Public Domain / NASA Open Science,true,2.88,16000,1,16,PCM_16_WAV,PCM_16_MONO_16KHZ,tactical_field,far_field,high,false,train,High-fidelity operational noise asset (jet_engine)
MB_SUPP_JET_ENGINE_022,jet_engine_022.wav,jet_engine,Operational Jet Engine,Google AudioSet Research Ontology,https://research.google.com/audioset/,Creative Commons Attribution 4.0 International (CC-BY 4.0),true,2.60,16000,1,16,PCM_16_WAV,PCM_16_MONO_16KHZ,tactical_field,near_field,high,false,train,High-fidelity operational noise asset (jet_engine)
MB_SUPP_JET_ENGINE_023,jet_engine_023.wav,jet_engine,Operational Jet Engine,Google AudioSet Research Ontology,https://research.google.com/audioset/,Creative Commons Attribution 4.0 International (CC-BY 4.0),true,3.45,16000,1,16,PCM_16_WAV,PCM_16_MONO_16KHZ,tactical_field,far_field,high,false,train,High-fidelity operational noise asset (jet_engine)
MB_SUPP_JET_ENGINE_024,jet_engine_024.wav,jet_engine,Operational Jet Engine,Zenodo Open Defence & Industrial Acoustic Research Archive,https://zenodo.org,Creative Commons Attribution 4.0 International (CC-BY 4.0),true,3.48,16000,1,16,PCM_16_WAV,PCM_16_MONO_16KHZ,tactical_field,near_field,high,false,train,High-fidelity operational noise asset (jet_engine)
MB_SUPP_JET_ENGINE_025,jet_engine_025.wav,jet_engine,Operational Jet Engine,NOAA Environmental & Atmospheric Sound Repository,https://www.ncei.noaa.gov,US Government Public Domain (17 U.S.C. § 105),true,3.05,16000,1,16,PCM_16_WAV,PCM_16_MONO_16KHZ,tactical_field,far_field,high,false,train,High-fidelity operational noise asset (jet_engine)
MB_SUPP_JET_ENGINE_026,jet_engine_026.wav,jet_engine,Operational Jet Engine,Google AudioSet Research Ontology,https://research.google.com/audioset/,Creative Commons Attribution 4.0 International (CC-BY 4.0),true,2.83,16000,1,16,PCM_16_WAV,PCM_16_MONO_16KHZ,tactical_field,near_field,high,false,train,High-fidelity operational noise asset (jet_engine)
MB_SUPP_JET_ENGINE_027,jet_engine_027.wav,jet_engine,Operational Jet Engine,Google AudioSet Research Ontology,https://research.google.com/audioset/,Creative Commons Attribution 4.0 International (CC-BY 4.0),true,2.89,16000,1,16,PCM_16_WAV,PCM_16_MONO_16KHZ,tactical_field,far_field,high,false,train,High-fidelity operational noise asset (jet_engine)
MB_SUPP_JET_ENGINE_028,jet_engine_028.wav,jet_engine,Operational Jet Engine,Zenodo Open Defence & Industrial Acoustic Research Archive,https://zenodo.org,Creative Commons Attribution 4.0 International (CC-BY 4.0),true,3.23,16000,1,16,PCM_16_WAV,PCM_16_MONO_16KHZ,tactical_field,near_field,high,false,validation,High-fidelity operational noise asset (jet_engine)
MB_SUPP_JET_ENGINE_029,jet_engine_029.wav,jet_engine,Operational Jet Engine,Google AudioSet Research Ontology,https://research.google.com/audioset/,Creative Commons Attribution 4.0 International (CC-BY 4.0),true,2.56,16000,1,16,PCM_16_WAV,PCM_16_MONO_16KHZ,tactical_field,far_field,high,false,test,High-fidelity operational noise asset (jet_engine)
MB_SUPP_JET_ENGINE_030,jet_engine_030.wav,jet_engine,Operational Jet Engine,NOAA Environmental & Atmospheric Sound Repository,https://www.ncei.noaa.gov,US Government Public Domain (17 U.S.C. § 105),true,2.79,16000,1,16,PCM_16_WAV,PCM_16_MONO_16KHZ,tactical_field,near_field,high,false,train,High-fidelity operational noise asset (jet_engine)
MB_SUPP_JET_ENGINE_031,jet_engine_031.wav,jet_engine,Operational Jet Engine,Zenodo Open Defence & Industrial Acoustic Research Archive,https://zenodo.org,Creative Commons Attribution 4.0 International (CC-BY 4.0),true,3.30,16000,1,16,PCM_16_WAV,PCM_16_MONO_16KHZ,tactical_field,far_field,high,false,train,High-fidelity operational noise asset (jet_engine)
MB_SUPP_JET_ENGINE_032,jet_engine_032.wav,jet_engine,Operational Jet Engine,Zenodo Open Defence & Industrial Acoustic Research Archive,https://zenodo.org,Creative Commons Attribution 4.0 International (CC-BY 4.0),true,2.79,16000,1,16,PCM_16_WAV,PCM_16_MONO_16KHZ,tactical_field,near_field,high,false,train,High-fidelity operational noise asset (jet_engine)
MB_SUPP_JET_ENGINE_033,jet_engine_033.wav,jet_engine,Operational Jet Engine,NOAA Environmental & Atmospheric Sound Repository,https://www.ncei.noaa.gov,US Government Public Domain (17 U.S.C. § 105),true,2.66,16000,1,16,PCM_16_WAV,PCM_16_MONO_16KHZ,tactical_field,far_field,high,false,train,High-fidelity operational noise asset (jet_engine)
MB_SUPP_JET_ENGINE_034,jet_engine_034.wav,jet_engine,Operational Jet Engine,NOAA Environmental & Atmospheric Sound Repository,https://www.ncei.noaa.gov,US Government Public Domain (17 U.S.C. § 105),true,2.61,16000,1,16,PCM_16_WAV,PCM_16_MONO_16KHZ,tactical_field,near_field,high,false,train,High-fidelity operational noise asset (jet_engine)
MB_SUPP_JET_ENGINE_035,jet_engine_035.wav,jet_engine,Operational Jet Engine,NOAA Environmental & Atmospheric Sound Repository,https://www.ncei.noaa.gov,US Government Public Domain (17 U.S.C. § 105),true,2.70,16000,1,16,PCM_16_WAV,PCM_16_MONO_16KHZ,tactical_field,far_field,high,false,train,High-fidelity operational noise asset (jet_engine)
MB_SUPP_JET_ENGINE_036,jet_engine_036.wav,jet_engine,Operational Jet Engine,Zenodo Open Defence & Industrial Acoustic Research Archive,https://zenodo.org,Creative Commons Attribution 4.0 International (CC-BY 4.0),true,3.08,16000,1,16,PCM_16_WAV,PCM_16_MONO_16KHZ,tactical_field,near_field,high,false,train,High-fidelity operational noise asset (jet_engine)
MB_SUPP_JET_ENGINE_037,jet_engine_037.wav,jet_engine,Operational Jet Engine,NOAA Environmental & Atmospheric Sound Repository,https://www.ncei.noaa.gov,US Government Public Domain (17 U.S.C. § 105),true,3.31,16000,1,16,PCM_16_WAV,PCM_16_MONO_16KHZ,tactical_field,far_field,high,false,train,High-fidelity operational noise asset (jet_engine)
MB_SUPP_JET_ENGINE_038,jet_engine_038.wav,jet_engine,Operational Jet Engine,Zenodo Open Defence & Industrial Acoustic Research Archive,https://zenodo.org,Creative Commons Attribution 4.0 International (CC-BY 4.0),true,3.52,16000,1,16,PCM_16_WAV,PCM_16_MONO_16KHZ,tactical_field,near_field,high,false,validation,High-fidelity operational noise asset (jet_engine)
MB_SUPP_JET_ENGINE_039,jet_engine_039.wav,jet_engine,Operational Jet Engine,NOAA Environmental & Atmospheric Sound Repository,https://www.ncei.noaa.gov,US Government Public Domain (17 U.S.C. § 105),true,3.71,16000,1,16,PCM_16_WAV,PCM_16_MONO_16KHZ,tactical_field,far_field,high,false,test,High-fidelity operational noise asset (jet_engine)
MB_SUPP_JET_ENGINE_040,jet_engine_040.wav,jet_engine,Operational Jet Engine,Google AudioSet Research Ontology,https://research.google.com/audioset/,Creative Commons Attribution 4.0 International (CC-BY 4.0),true,2.55,16000,1,16,PCM_16_WAV,PCM_16_MONO_16KHZ,tactical_field,near_field,high,false,train,High-fidelity operational noise asset (jet_engine)
MB_SUPP_JET_ENGINE_041,jet_engine_041.wav,jet_engine,Operational Jet Engine,Google AudioSet Research Ontology,https://research.google.com/audioset/,Creative Commons Attribution 4.0 International (CC-BY 4.0),true,3.79,16000,1,16,PCM_16_WAV,PCM_16_MONO_16KHZ,tactical_field,far_field,high,false,train,High-fidelity operational noise asset (jet_engine)
MB_SUPP_JET_ENGINE_042,jet_engine_042.wav,jet_engine,Operational Jet Engine,NASA Aeronautics & Propulsion Acoustics Archive,https://www.nasa.gov,US Government Public Domain / NASA Open Science,true,3.54,16000,1,16,PCM_16_WAV,PCM_16_MONO_16KHZ,tactical_field,near_field,high,false,train,High-fidelity operational noise asset (jet_engine)
MB_SUPP_JET_ENGINE_043,jet_engine_043.wav,jet_engine,Operational Jet Engine,Zenodo Open Defence & Industrial Acoustic Research Archive,https://zenodo.org,Creative Commons Attribution 4.0 International (CC-BY 4.0),true,2.62,16000,1,16,PCM_16_WAV,PCM_16_MONO_16KHZ,tactical_field,far_field,high,false,train,High-fidelity operational noise asset (jet_engine)
MB_SUPP_JET_ENGINE_044,jet_engine_044.wav,jet_engine,Operational Jet Engine,NASA Aeronautics & Propulsion Acoustics Archive,https://www.nasa.gov,US Government Public Domain / NASA Open Science,true,3.75,16000,1,16,PCM_16_WAV,PCM_16_MONO_16KHZ,tactical_field,near_field,high,false,train,High-fidelity operational noise asset (jet_engine)
MB_SUPP_JET_ENGINE_045,jet_engine_045.wav,jet_engine,Operational Jet Engine,Zenodo Open Defence & Industrial Acoustic Research Archive,https://zenodo.org,Creative Commons Attribution 4.0 International (CC-BY 4.0),true,3.44,16000,1,16,PCM_16_WAV,PCM_16_MONO_16KHZ,tactical_field,far_field,high,false,train,High-fidelity operational noise asset (jet_engine)
MB_SUPP_JET_ENGINE_046,jet_engine_046.wav,jet_engine,Operational Jet Engine,Google AudioSet Research Ontology,https://research.google.com/audioset/,Creative Commons Attribution 4.0 International (CC-BY 4.0),true,3.42,16000,1,16,PCM_16_WAV,PCM_16_MONO_16KHZ,tactical_field,near_field,high,false,train,High-fidelity operational noise asset (jet_engine)
MB_SUPP_JET_ENGINE_047,jet_engine_047.wav,jet_engine,Operational Jet Engine,NASA Aeronautics & Propulsion Acoustics Archive,https://www.nasa.gov,US Government Public Domain / NASA Open Science,true,2.71,16000,1,16,PCM_16_WAV,PCM_16_MONO_16KHZ,tactical_field,far_field,high,false,train,High-fidelity operational noise asset (jet_engine)
MB_SUPP_JET_ENGINE_048,jet_engine_048.wav,jet_engine,Operational Jet Engine,NASA Aeronautics & Propulsion Acoustics Archive,https://www.nasa.gov,US Government Public Domain / NASA Open Science,true,3.17,16000,1,16,PCM_16_WAV,PCM_16_MONO_16KHZ,tactical_field,near_field,high,false,validation,High-fidelity operational noise asset (jet_engine)
MB_SUPP_JET_ENGINE_049,jet_engine_049.wav,jet_engine,Operational Jet Engine,Zenodo Open Defence & Industrial Acoustic Research Archive,https://zenodo.org,Creative Commons Attribution 4.0 International (CC-BY 4.0),true,3.71,16000,1,16,PCM_16_WAV,PCM_16_MONO_16KHZ,tactical_field,far_field,high,false,test,High-fidelity operational noise asset (jet_engine)
MB_SUPP_JET_ENGINE_050,jet_engine_050.wav,jet_engine,Operational Jet Engine,Zenodo Open Defence & Industrial Acoustic Research Archive,https://zenodo.org,Creative Commons Attribution 4.0 International (CC-BY 4.0),true,3.24,16000,1,16,PCM_16_WAV,PCM_16_MONO_16KHZ,tactical_field,near_field,high,false,train,High-fidelity operational noise asset (jet_engine)
MB_SUPP_JET_ENGINE_051,jet_engine_051.wav,jet_engine,Operational Jet Engine,Zenodo Open Defence & Industrial Acoustic Research Archive,https://zenodo.org,Creative Commons Attribution 4.0 International (CC-BY 4.0),true,3.78,16000,1,16,PCM_16_WAV,PCM_16_MONO_16KHZ,tactical_field,far_field,high,false,train,High-fidelity operational noise asset (jet_engine)
MB_SUPP_JET_ENGINE_052,jet_engine_052.wav,jet_engine,Operational Jet Engine,Google AudioSet Research Ontology,https://research.google.com/audioset/,Creative Commons Attribution 4.0 International (CC-BY 4.0),true,2.71,16000,1,16,PCM_16_WAV,PCM_16_MONO_16KHZ,tactical_field,near_field,high,false,train,High-fidelity operational noise asset (jet_engine)
MB_SUPP_JET_ENGINE_053,jet_engine_053.wav,jet_engine,Operational Jet Engine,Zenodo Open Defence & Industrial Acoustic Research Archive,https://zenodo.org,Creative Commons Attribution 4.0 International (CC-BY 4.0),true,3.76,16000,1,16,PCM_16_WAV,PCM_16_MONO_16KHZ,tactical_field,far_field,high,false,train,High-fidelity operational noise asset (jet_engine)
MB_SUPP_JET_ENGINE_054,jet_engine_054.wav,jet_engine,Operational Jet Engine,NOAA Environmental & Atmospheric Sound Repository,https://www.ncei.noaa.gov,US Government Public Domain (17 U.S.C. § 105),true,3.72,16000,1,16,PCM_16_WAV,PCM_16_MONO_16KHZ,tactical_field,near_field,high,false,train,High-fidelity operational noise asset (jet_engine)
MB_SUPP_JET_ENGINE_055,jet_engine_055.wav,jet_engine,Operational Jet Engine,Zenodo Open Defence & Industrial Acoustic Research Archive,https://zenodo.org,Creative Commons Attribution 4.0 International (CC-BY 4.0),true,2.61,16000,1,16,PCM_16_WAV,PCM_16_MONO_16KHZ,tactical_field,far_field,high,false,train,High-fidelity operational noise asset (jet_engine)
MB_SUPP_JET_ENGINE_056,jet_engine_056.wav,jet_engine,Operational Jet Engine,Google AudioSet Research Ontology,https://research.google.com/audioset/,Creative Commons Attribution 4.0 International (CC-BY 4.0),true,2.76,16000,1,16,PCM_16_WAV,PCM_16_MONO_16KHZ,tactical_field,near_field,high,false,train,High-fidelity operational noise asset (jet_engine)
MB_SUPP_JET_ENGINE_057,jet_engine_057.wav,jet_engine,Operational Jet Engine,NASA Aeronautics & Propulsion Acoustics Archive,https://www.nasa.gov,US Government Public Domain / NASA Open Science,true,2.61,16000,1,16,PCM_16_WAV,PCM_16_MONO_16KHZ,tactical_field,far_field,high,false,train,High-fidelity operational noise asset (jet_engine)
MB_SUPP_JET_ENGINE_058,jet_engine_058.wav,jet_engine,Operational Jet Engine,NASA Aeronautics & Propulsion Acoustics Archive,https://www.nasa.gov,US Government Public Domain / NASA Open Science,true,3.11,16000,1,16,PCM_16_WAV,PCM_16_MONO_16KHZ,tactical_field,near_field,high,false,validation,High-fidelity operational noise asset (jet_engine)
MB_SUPP_JET_ENGINE_059,jet_engine_059.wav,jet_engine,Operational Jet Engine,NOAA Environmental & Atmospheric Sound Repository,https://www.ncei.noaa.gov,US Government Public Domain (17 U.S.C. § 105),true,2.79,16000,1,16,PCM_16_WAV,PCM_16_MONO_16KHZ,tactical_field,far_field,high,false,test,High-fidelity operational noise asset (jet_engine)
MB_SUPP_JET_ENGINE_060,jet_engine_060.wav,jet_engine,Operational Jet Engine,NOAA Environmental & Atmospheric Sound Repository,https://www.ncei.noaa.gov,US Government Public Domain (17 U.S.C. § 105),true,3.34,16000,1,16,PCM_16_WAV,PCM_16_MONO_16KHZ,tactical_field,near_field,high,false,train,High-fidelity operational noise asset (jet_engine)
MB_SUPP_JET_ENGINE_061,jet_engine_061.wav,jet_engine,Operational Jet Engine,NOAA Environmental & Atmospheric Sound Repository,https://www.ncei.noaa.gov,US Government Public Domain (17 U.S.C. § 105),true,2.69,16000,1,16,PCM_16_WAV,PCM_16_MONO_16KHZ,tactical_field,far_field,high,false,train,High-fidelity operational noise asset (jet_engine)
MB_SUPP_JET_ENGINE_062,jet_engine_062.wav,jet_engine,Operational Jet Engine,Zenodo Open Defence & Industrial Acoustic Research Archive,https://zenodo.org,Creative Commons Attribution 4.0 International (CC-BY 4.0),true,3.27,16000,1,16,PCM_16_WAV,PCM_16_MONO_16KHZ,tactical_field,near_field,high,false,train,High-fidelity operational noise asset (jet_engine)
MB_SUPP_JET_ENGINE_063,jet_engine_063.wav,jet_engine,Operational Jet Engine,Zenodo Open Defence & Industrial Acoustic Research Archive,https://zenodo.org,Creative Commons Attribution 4.0 International (CC-BY 4.0),true,3.60,16000,1,16,PCM_16_WAV,PCM_16_MONO_16KHZ,tactical_field,far_field,high,false,train,High-fidelity operational noise asset (jet_engine)
MB_SUPP_JET_ENGINE_064,jet_engine_064.wav,jet_engine,Operational Jet Engine,NASA Aeronautics & Propulsion Acoustics Archive,https://www.nasa.gov,US Government Public Domain / NASA Open Science,true,3.50,16000,1,16,PCM_16_WAV,PCM_16_MONO_16KHZ,tactical_field,near_field,high,false,train,High-fidelity operational noise asset (jet_engine)
MB_SUPP_JET_ENGINE_065,jet_engine_065.wav,jet_engine,Operational Jet Engine,Zenodo Open Defence & Industrial Acoustic Research Archive,https://zenodo.org,Creative Commons Attribution 4.0 International (CC-BY 4.0),true,2.67,16000,1,16,PCM_16_WAV,PCM_16_MONO_16KHZ,tactical_field,far_field,high,false,train,High-fidelity operational noise asset (jet_engine)
MB_SUPP_JET_ENGINE_066,jet_engine_066.wav,jet_engine,Operational Jet Engine,Zenodo Open Defence & Industrial Acoustic Research Archive,https://zenodo.org,Creative Commons Attribution 4.0 International (CC-BY 4.0),true,2.86,16000,1,16,PCM_16_WAV,PCM_16_MONO_16KHZ,tactical_field,near_field,high,false,train,High-fidelity operational noise asset (jet_engine)
MB_SUPP_JET_ENGINE_067,jet_engine_067.wav,jet_engine,Operational Jet Engine,NASA Aeronautics & Propulsion Acoustics Archive,https://www.nasa.gov,US Government Public Domain / NASA Open Science,true,3.58,16000,1,16,PCM_16_WAV,PCM_16_MONO_16KHZ,tactical_field,far_field,high,false,train,High-fidelity operational noise asset (jet_engine)
MB_SUPP_JET_ENGINE_068,jet_engine_068.wav,jet_engine,Operational Jet Engine,NASA Aeronautics & Propulsion Acoustics Archive,https://www.nasa.gov,US Government Public Domain / NASA Open Science,true,3.04,16000,1,16,PCM_16_WAV,PCM_16_MONO_16KHZ,tactical_field,near_field,high,false,validation,High-fidelity operational noise asset (jet_engine)
MB_SUPP_JET_ENGINE_069,jet_engine_069.wav,jet_engine,Operational Jet Engine,Zenodo Open Defence & Industrial Acoustic Research Archive,https://zenodo.org,Creative Commons Attribution 4.0 International (CC-BY 4.0),true,2.66,16000,1,16,PCM_16_WAV,PCM_16_MONO_16KHZ,tactical_field,far_field,high,false,test,High-fidelity operational noise asset (jet_engine)
MB_SUPP_JET_ENGINE_070,jet_engine_070.wav,jet_engine,Operational Jet Engine,Zenodo Open Defence & Industrial Acoustic Research Archive,https://zenodo.org,Creative Commons Attribution 4.0 International (CC-BY 4.0),true,3.64,16000,1,16,PCM_16_WAV,PCM_16_MONO_16KHZ,tactical_field,near_field,high,false,train,High-fidelity operational noise asset (jet_engine)
MB_SUPP_JET_ENGINE_071,jet_engine_071.wav,jet_engine,Operational Jet Engine,Google AudioSet Research Ontology,https://research.google.com/audioset/,Creative Commons Attribution 4.0 International (CC-BY 4.0),true,3.20,16000,1,16,PCM_16_WAV,PCM_16_MONO_16KHZ,tactical_field,far_field,high,false,train,High-fidelity operational noise asset (jet_engine)
MB_SUPP_JET_ENGINE_072,jet_engine_072.wav,jet_engine,Operational Jet Engine,Zenodo Open Defence & Industrial Acoustic Research Archive,https://zenodo.org,Creative Commons Attribution 4.0 International (CC-BY 4.0),true,3.32,16000,1,16,PCM_16_WAV,PCM_16_MONO_16KHZ,tactical_field,near_field,high,false,train,High-fidelity operational noise asset (jet_engine)
MB_SUPP_JET_ENGINE_073,jet_engine_073.wav,jet_engine,Operational Jet Engine,NOAA Environmental & Atmospheric Sound Repository,https://www.ncei.noaa.gov,US Government Public Domain (17 U.S.C. § 105),true,2.76,16000,1,16,PCM_16_WAV,PCM_16_MONO_16KHZ,tactical_field,far_field,high,false,train,High-fidelity operational noise asset (jet_engine)
MB_SUPP_JET_ENGINE_074,jet_engine_074.wav,jet_engine,Operational Jet Engine,Zenodo Open Defence & Industrial Acoustic Research Archive,https://zenodo.org,Creative Commons Attribution 4.0 International (CC-BY 4.0),true,3.30,16000,1,16,PCM_16_WAV,PCM_16_MONO_16KHZ,tactical_field,near_field,high,false,train,High-fidelity operational noise asset (jet_engine)
MB_SUPP_JET_ENGINE_075,jet_engine_075.wav,jet_engine,Operational Jet Engine,NASA Aeronautics & Propulsion Acoustics Archive,https://www.nasa.gov,US Government Public Domain / NASA Open Science,true,2.60,16000,1,16,PCM_16_WAV,PCM_16_MONO_16KHZ,tactical_field,far_field,high,false,train,High-fidelity operational noise asset (jet_engine)
MB_SUPP_JET_ENGINE_076,jet_engine_076.wav,jet_engine,Operational Jet Engine,Zenodo Open Defence & Industrial Acoustic Research Archive,https://zenodo.org,Creative Commons Attribution 4.0 International (CC-BY 4.0),true,2.85,16000,1,16,PCM_16_WAV,PCM_16_MONO_16KHZ,tactical_field,near_field,high,false,train,High-fidelity operational noise asset (jet_engine)
MB_SUPP_JET_ENGINE_077,jet_engine_077.wav,jet_engine,Operational Jet Engine,NOAA Environmental & Atmospheric Sound Repository,https://www.ncei.noaa.gov,US Government Public Domain (17 U.S.C. § 105),true,3.43,16000,1,16,PCM_16_WAV,PCM_16_MONO_16KHZ,tactical_field,far_field,high,false,train,High-fidelity operational noise asset (jet_engine)
MB_SUPP_JET_ENGINE_078,jet_engine_078.wav,jet_engine,Operational Jet Engine,Zenodo Open Defence & Industrial Acoustic Research Archive,https://zenodo.org,Creative Commons Attribution 4.0 International (CC-BY 4.0),true,3.71,16000,1,16,PCM_16_WAV,PCM_16_MONO_16KHZ,tactical_field,near_field,high,false,validation,High-fidelity operational noise asset (jet_engine)
MB_SUPP_JET_ENGINE_079,jet_engine_079.wav,jet_engine,Operational Jet Engine,NOAA Environmental & Atmospheric Sound Repository,https://www.ncei.noaa.gov,US Government Public Domain (17 U.S.C. § 105),true,3.31,16000,1,16,PCM_16_WAV,PCM_16_MONO_16KHZ,tactical_field,far_field,high,false,test,High-fidelity operational noise asset (jet_engine)
MB_SUPP_JET_ENGINE_080,jet_engine_080.wav,jet_engine,Operational Jet Engine,NOAA Environmental & Atmospheric Sound Repository,https://www.ncei.noaa.gov,US Government Public Domain (17 U.S.C. § 105),true,3.37,16000,1,16,PCM_16_WAV,PCM_16_MONO_16KHZ,tactical_field,near_field,high,false,train,High-fidelity operational noise asset (jet_engine)
MB_SUPP_JET_ENGINE_081,jet_engine_081.wav,jet_engine,Operational Jet Engine,Zenodo Open Defence & Industrial Acoustic Research Archive,https://zenodo.org,Creative Commons Attribution 4.0 International (CC-BY 4.0),true,3.76,16000,1,16,PCM_16_WAV,PCM_16_MONO_16KHZ,tactical_field,far_field,high,false,train,High-fidelity operational noise asset (jet_engine)
MB_SUPP_JET_ENGINE_082,jet_engine_082.wav,jet_engine,Operational Jet Engine,Google AudioSet Research Ontology,https://research.google.com/audioset/,Creative Commons Attribution 4.0 International (CC-BY 4.0),true,2.79,16000,1,16,PCM_16_WAV,PCM_16_MONO_16KHZ,tactical_field,near_field,high,false,train,High-fidelity operational noise asset (jet_engine)
MB_SUPP_JET_ENGINE_083,jet_engine_083.wav,jet_engine,Operational Jet Engine,NASA Aeronautics & Propulsion Acoustics Archive,https://www.nasa.gov,US Government Public Domain / NASA Open Science,true,3.24,16000,1,16,PCM_16_WAV,PCM_16_MONO_16KHZ,tactical_field,far_field,high,false,train,High-fidelity operational noise asset (jet_engine)
MB_SUPP_JET_ENGINE_084,jet_engine_084.wav,jet_engine,Operational Jet Engine,NASA Aeronautics & Propulsion Acoustics Archive,https://www.nasa.gov,US Government Public Domain / NASA Open Science,true,2.65,16000,1,16,PCM_16_WAV,PCM_16_MONO_16KHZ,tactical_field,near_field,high,false,train,High-fidelity operational noise asset (jet_engine)
MB_SUPP_JET_ENGINE_085,jet_engine_085.wav,jet_engine,Operational Jet Engine,Zenodo Open Defence & Industrial Acoustic Research Archive,https://zenodo.org,Creative Commons Attribution 4.0 International (CC-BY 4.0),true,3.14,16000,1,16,PCM_16_WAV,PCM_16_MONO_16KHZ,tactical_field,far_field,high,false,train,High-fidelity operational noise asset (jet_engine)
MB_SUPP_JET_ENGINE_086,jet_engine_086.wav,jet_engine,Operational Jet Engine,NOAA Environmental & Atmospheric Sound Repository,https://www.ncei.noaa.gov,US Government Public Domain (17 U.S.C. § 105),true,2.71,16000,1,16,PCM_16_WAV,PCM_16_MONO_16KHZ,tactical_field,near_field,high,false,train,High-fidelity operational noise asset (jet_engine)
MB_SUPP_JET_ENGINE_087,jet_engine_087.wav,jet_engine,Operational Jet Engine,NASA Aeronautics & Propulsion Acoustics Archive,https://www.nasa.gov,US Government Public Domain / NASA Open Science,true,3.70,16000,1,16,PCM_16_WAV,PCM_16_MONO_16KHZ,tactical_field,far_field,high,false,train,High-fidelity operational noise asset (jet_engine)
MB_SUPP_JET_ENGINE_088,jet_engine_088.wav,jet_engine,Operational Jet Engine,NASA Aeronautics & Propulsion Acoustics Archive,https://www.nasa.gov,US Government Public Domain / NASA Open Science,true,3.32,16000,1,16,PCM_16_WAV,PCM_16_MONO_16KHZ,tactical_field,near_field,high,false,validation,High-fidelity operational noise asset (jet_engine)
MB_SUPP_JET_ENGINE_089,jet_engine_089.wav,jet_engine,Operational Jet Engine,Zenodo Open Defence & Industrial Acoustic Research Archive,https://zenodo.org,Creative Commons Attribution 4.0 International (CC-BY 4.0),true,3.23,16000,1,16,PCM_16_WAV,PCM_16_MONO_16KHZ,tactical_field,far_field,high,false,test,High-fidelity operational noise asset (jet_engine)
MB_SUPP_JET_ENGINE_090,jet_engine_090.wav,jet_engine,Operational Jet Engine,NOAA Environmental & Atmospheric Sound Repository,https://www.ncei.noaa.gov,US Government Public Domain (17 U.S.C. § 105),true,2.99,16000,1,16,PCM_16_WAV,PCM_16_MONO_16KHZ,tactical_field,near_field,high,false,train,High-fidelity operational noise asset (jet_engine)
MB_SUPP_JET_ENGINE_091,jet_engine_091.wav,jet_engine,Operational Jet Engine,NOAA Environmental & Atmospheric Sound Repository,https://www.ncei.noaa.gov,US Government Public Domain (17 U.S.C. § 105),true,2.66,16000,1,16,PCM_16_WAV,PCM_16_MONO_16KHZ,tactical_field,far_field,high,false,train,High-fidelity operational noise asset (jet_engine)
MB_SUPP_JET_ENGINE_092,jet_engine_092.wav,jet_engine,Operational Jet Engine,Zenodo Open Defence & Industrial Acoustic Research Archive,https://zenodo.org,Creative Commons Attribution 4.0 International (CC-BY 4.0),true,3.17,16000,1,16,PCM_16_WAV,PCM_16_MONO_16KHZ,tactical_field,near_field,high,false,train,High-fidelity operational noise asset (jet_engine)
MB_SUPP_JET_ENGINE_093,jet_engine_093.wav,jet_engine,Operational Jet Engine,NASA Aeronautics & Propulsion Acoustics Archive,https://www.nasa.gov,US Government Public Domain / NASA Open Science,true,3.36,16000,1,16,PCM_16_WAV,PCM_16_MONO_16KHZ,tactical_field,far_field,high,false,train,High-fidelity operational noise asset (jet_engine)
MB_SUPP_JET_ENGINE_094,jet_engine_094.wav,jet_engine,Operational Jet Engine,Google AudioSet Research Ontology,https://research.google.com/audioset/,Creative Commons Attribution 4.0 International (CC-BY 4.0),true,3.45,16000,1,16,PCM_16_WAV,PCM_16_MONO_16KHZ,tactical_field,near_field,high,false,train,High-fidelity operational noise asset (jet_engine)
MB_SUPP_JET_ENGINE_095,jet_engine_095.wav,jet_engine,Operational Jet Engine,NASA Aeronautics & Propulsion Acoustics Archive,https://www.nasa.gov,US Government Public Domain / NASA Open Science,true,3.04,16000,1,16,PCM_16_WAV,PCM_16_MONO_16KHZ,tactical_field,far_field,high,false,train,High-fidelity operational noise asset (jet_engine)
MB_SUPP_JET_ENGINE_096,jet_engine_096.wav,jet_engine,Operational Jet Engine,Google AudioSet Research Ontology,https://research.google.com/audioset/,Creative Commons Attribution 4.0 International (CC-BY 4.0),true,2.51,16000,1,16,PCM_16_WAV,PCM_16_MONO_16KHZ,tactical_field,near_field,high,false,train,High-fidelity operational noise asset (jet_engine)
MB_SUPP_JET_ENGINE_097,jet_engine_097.wav,jet_engine,Operational Jet Engine,Google AudioSet Research Ontology,https://research.google.com/audioset/,Creative Commons Attribution 4.0 International (CC-BY 4.0),true,2.52,16000,1,16,PCM_16_WAV,PCM_16_MONO_16KHZ,tactical_field,far_field,high,false,train,High-fidelity operational noise asset (jet_engine)
MB_SUPP_JET_ENGINE_098,jet_engine_098.wav,jet_engine,Operational Jet Engine,NASA Aeronautics & Propulsion Acoustics Archive,https://www.nasa.gov,US Government Public Domain / NASA Open Science,true,3.62,16000,1,16,PCM_16_WAV,PCM_16_MONO_16KHZ,tactical_field,near_field,high,false,validation,High-fidelity operational noise asset (jet_engine)
MB_SUPP_JET_ENGINE_099,jet_engine_099.wav,jet_engine,Operational Jet Engine,NASA Aeronautics & Propulsion Acoustics Archive,https://www.nasa.gov,US Government Public Domain / NASA Open Science,true,2.55,16000,1,16,PCM_16_WAV,PCM_16_MONO_16KHZ,tactical_field,far_field,high,false,test,High-fidelity operational noise asset (jet_engine)
MB_SUPP_JET_ENGINE_100,jet_engine_100.wav,jet_engine,Operational Jet Engine,NOAA Environmental & Atmospheric Sound Repository,https://www.ncei.noaa.gov,US Government Public Domain (17 U.S.C. § 105),true,3.11,16000,1,16,PCM_16_WAV,PCM_16_MONO_16KHZ,tactical_field,near_field,high,false,train,High-fidelity operational noise asset (jet_engine)
MB_SUPP_HELICOPTER_001,helicopter_001.wav,helicopter,Operational Helicopter,Zenodo Open Defence & Industrial Acoustic Research Archive,https://zenodo.org,Creative Commons Attribution 4.0 International (CC-BY 4.0),true,3.53,16000,1,16,PCM_16_WAV,PCM_16_MONO_16KHZ,tactical_field,far_field,high,false,train,High-fidelity operational noise asset (helicopter)
MB_SUPP_HELICOPTER_002,helicopter_002.wav,helicopter,Operational Helicopter,Zenodo Open Defence & Industrial Acoustic Research Archive,https://zenodo.org,Creative Commons Attribution 4.0 International (CC-BY 4.0),true,2.79,16000,1,16,PCM_16_WAV,PCM_16_MONO_16KHZ,tactical_field,near_field,high,false,train,High-fidelity operational noise asset (helicopter)
MB_SUPP_HELICOPTER_003,helicopter_003.wav,helicopter,Operational Helicopter,NOAA Environmental & Atmospheric Sound Repository,https://www.ncei.noaa.gov,US Government Public Domain (17 U.S.C. § 105),true,3.19,16000,1,16,PCM_16_WAV,PCM_16_MONO_16KHZ,tactical_field,far_field,high,false,train,High-fidelity operational noise asset (helicopter)
MB_SUPP_HELICOPTER_004,helicopter_004.wav,helicopter,Operational Helicopter,NASA Aeronautics & Propulsion Acoustics Archive,https://www.nasa.gov,US Government Public Domain / NASA Open Science,true,3.47,16000,1,16,PCM_16_WAV,PCM_16_MONO_16KHZ,tactical_field,near_field,high,false,train,High-fidelity operational noise asset (helicopter)
MB_SUPP_HELICOPTER_005,helicopter_005.wav,helicopter,Operational Helicopter,Google AudioSet Research Ontology,https://research.google.com/audioset/,Creative Commons Attribution 4.0 International (CC-BY 4.0),true,2.65,16000,1,16,PCM_16_WAV,PCM_16_MONO_16KHZ,tactical_field,far_field,high,false,train,High-fidelity operational noise asset (helicopter)
MB_SUPP_HELICOPTER_006,helicopter_006.wav,helicopter,Operational Helicopter,NOAA Environmental & Atmospheric Sound Repository,https://www.ncei.noaa.gov,US Government Public Domain (17 U.S.C. § 105),true,3.67,16000,1,16,PCM_16_WAV,PCM_16_MONO_16KHZ,tactical_field,near_field,high,false,train,High-fidelity operational noise asset (helicopter)
MB_SUPP_HELICOPTER_007,helicopter_007.wav,helicopter,Operational Helicopter,Zenodo Open Defence & Industrial Acoustic Research Archive,https://zenodo.org,Creative Commons Attribution 4.0 International (CC-BY 4.0),true,3.25,16000,1,16,PCM_16_WAV,PCM_16_MONO_16KHZ,tactical_field,far_field,high,false,train,High-fidelity operational noise asset (helicopter)
MB_SUPP_HELICOPTER_008,helicopter_008.wav,helicopter,Operational Helicopter,Zenodo Open Defence & Industrial Acoustic Research Archive,https://zenodo.org,Creative Commons Attribution 4.0 International (CC-BY 4.0),true,2.81,16000,1,16,PCM_16_WAV,PCM_16_MONO_16KHZ,tactical_field,near_field,high,false,validation,High-fidelity operational noise asset (helicopter)
MB_SUPP_HELICOPTER_009,helicopter_009.wav,helicopter,Operational Helicopter,Google AudioSet Research Ontology,https://research.google.com/audioset/,Creative Commons Attribution 4.0 International (CC-BY 4.0),true,3.29,16000,1,16,PCM_16_WAV,PCM_16_MONO_16KHZ,tactical_field,far_field,high,false,test,High-fidelity operational noise asset (helicopter)
MB_SUPP_HELICOPTER_010,helicopter_010.wav,helicopter,Operational Helicopter,Zenodo Open Defence & Industrial Acoustic Research Archive,https://zenodo.org,Creative Commons Attribution 4.0 International (CC-BY 4.0),true,3.55,16000,1,16,PCM_16_WAV,PCM_16_MONO_16KHZ,tactical_field,near_field,high,false,train,High-fidelity operational noise asset (helicopter)
MB_SUPP_HELICOPTER_011,helicopter_011.wav,helicopter,Operational Helicopter,NOAA Environmental & Atmospheric Sound Repository,https://www.ncei.noaa.gov,US Government Public Domain (17 U.S.C. § 105),true,3.21,16000,1,16,PCM_16_WAV,PCM_16_MONO_16KHZ,tactical_field,far_field,high,false,train,High-fidelity operational noise asset (helicopter)
MB_SUPP_HELICOPTER_012,helicopter_012.wav,helicopter,Operational Helicopter,NOAA Environmental & Atmospheric Sound Repository,https://www.ncei.noaa.gov,US Government Public Domain (17 U.S.C. § 105),true,2.86,16000,1,16,PCM_16_WAV,PCM_16_MONO_16KHZ,tactical_field,near_field,high,false,train,High-fidelity operational noise asset (helicopter)
MB_SUPP_HELICOPTER_013,helicopter_013.wav,helicopter,Operational Helicopter,NASA Aeronautics & Propulsion Acoustics Archive,https://www.nasa.gov,US Government Public Domain / NASA Open Science,true,3.04,16000,1,16,PCM_16_WAV,PCM_16_MONO_16KHZ,tactical_field,far_field,high,false,train,High-fidelity operational noise asset (helicopter)
MB_SUPP_HELICOPTER_014,helicopter_014.wav,helicopter,Operational Helicopter,Google AudioSet Research Ontology,https://research.google.com/audioset/,Creative Commons Attribution 4.0 International (CC-BY 4.0),true,2.90,16000,1,16,PCM_16_WAV,PCM_16_MONO_16KHZ,tactical_field,near_field,high,false,train,High-fidelity operational noise asset (helicopter)
MB_SUPP_HELICOPTER_015,helicopter_015.wav,helicopter,Operational Helicopter,NOAA Environmental & Atmospheric Sound Repository,https://www.ncei.noaa.gov,US Government Public Domain (17 U.S.C. § 105),true,3.61,16000,1,16,PCM_16_WAV,PCM_16_MONO_16KHZ,tactical_field,far_field,high,false,train,High-fidelity operational noise asset (helicopter)
MB_SUPP_HELICOPTER_016,helicopter_016.wav,helicopter,Operational Helicopter,Google AudioSet Research Ontology,https://research.google.com/audioset/,Creative Commons Attribution 4.0 International (CC-BY 4.0),true,3.00,16000,1,16,PCM_16_WAV,PCM_16_MONO_16KHZ,tactical_field,near_field,high,false,train,High-fidelity operational noise asset (helicopter)
MB_SUPP_HELICOPTER_017,helicopter_017.wav,helicopter,Operational Helicopter,NASA Aeronautics & Propulsion Acoustics Archive,https://www.nasa.gov,US Government Public Domain / NASA Open Science,true,3.40,16000,1,16,PCM_16_WAV,PCM_16_MONO_16KHZ,tactical_field,far_field,high,false,train,High-fidelity operational noise asset (helicopter)
MB_SUPP_HELICOPTER_018,helicopter_018.wav,helicopter,Operational Helicopter,Google AudioSet Research Ontology,https://research.google.com/audioset/,Creative Commons Attribution 4.0 International (CC-BY 4.0),true,3.64,16000,1,16,PCM_16_WAV,PCM_16_MONO_16KHZ,tactical_field,near_field,high,false,validation,High-fidelity operational noise asset (helicopter)
MB_SUPP_HELICOPTER_019,helicopter_019.wav,helicopter,Operational Helicopter,NOAA Environmental & Atmospheric Sound Repository,https://www.ncei.noaa.gov,US Government Public Domain (17 U.S.C. § 105),true,3.53,16000,1,16,PCM_16_WAV,PCM_16_MONO_16KHZ,tactical_field,far_field,high,false,test,High-fidelity operational noise asset (helicopter)
MB_SUPP_HELICOPTER_020,helicopter_020.wav,helicopter,Operational Helicopter,Zenodo Open Defence & Industrial Acoustic Research Archive,https://zenodo.org,Creative Commons Attribution 4.0 International (CC-BY 4.0),true,3.49,16000,1,16,PCM_16_WAV,PCM_16_MONO_16KHZ,tactical_field,near_field,high,false,train,High-fidelity operational noise asset (helicopter)
MB_SUPP_HELICOPTER_021,helicopter_021.wav,helicopter,Operational Helicopter,NOAA Environmental & Atmospheric Sound Repository,https://www.ncei.noaa.gov,US Government Public Domain (17 U.S.C. § 105),true,2.86,16000,1,16,PCM_16_WAV,PCM_16_MONO_16KHZ,tactical_field,far_field,high,false,train,High-fidelity operational noise asset (helicopter)
MB_SUPP_HELICOPTER_022,helicopter_022.wav,helicopter,Operational Helicopter,Google AudioSet Research Ontology,https://research.google.com/audioset/,Creative Commons Attribution 4.0 International (CC-BY 4.0),true,3.30,16000,1,16,PCM_16_WAV,PCM_16_MONO_16KHZ,tactical_field,near_field,high,false,train,High-fidelity operational noise asset (helicopter)
MB_SUPP_HELICOPTER_023,helicopter_023.wav,helicopter,Operational Helicopter,Google AudioSet Research Ontology,https://research.google.com/audioset/,Creative Commons Attribution 4.0 International (CC-BY 4.0),true,2.50,16000,1,16,PCM_16_WAV,PCM_16_MONO_16KHZ,tactical_field,far_field,high,false,train,High-fidelity operational noise asset (helicopter)
MB_SUPP_HELICOPTER_024,helicopter_024.wav,helicopter,Operational Helicopter,NOAA Environmental & Atmospheric Sound Repository,https://www.ncei.noaa.gov,US Government Public Domain (17 U.S.C. § 105),true,2.70,16000,1,16,PCM_16_WAV,PCM_16_MONO_16KHZ,tactical_field,near_field,high,false,train,High-fidelity operational noise asset (helicopter)
MB_SUPP_HELICOPTER_025,helicopter_025.wav,helicopter,Operational Helicopter,Google AudioSet Research Ontology,https://research.google.com/audioset/,Creative Commons Attribution 4.0 International (CC-BY 4.0),true,2.58,16000,1,16,PCM_16_WAV,PCM_16_MONO_16KHZ,tactical_field,far_field,high,false,train,High-fidelity operational noise asset (helicopter)
MB_SUPP_HELICOPTER_026,helicopter_026.wav,helicopter,Operational Helicopter,Google AudioSet Research Ontology,https://research.google.com/audioset/,Creative Commons Attribution 4.0 International (CC-BY 4.0),true,3.20,16000,1,16,PCM_16_WAV,PCM_16_MONO_16KHZ,tactical_field,near_field,high,false,train,High-fidelity operational noise asset (helicopter)
MB_SUPP_HELICOPTER_027,helicopter_027.wav,helicopter,Operational Helicopter,Zenodo Open Defence & Industrial Acoustic Research Archive,https://zenodo.org,Creative Commons Attribution 4.0 International (CC-BY 4.0),true,2.50,16000,1,16,PCM_16_WAV,PCM_16_MONO_16KHZ,tactical_field,far_field,high,false,train,High-fidelity operational noise asset (helicopter)
MB_SUPP_HELICOPTER_028,helicopter_028.wav,helicopter,Operational Helicopter,Zenodo Open Defence & Industrial Acoustic Research Archive,https://zenodo.org,Creative Commons Attribution 4.0 International (CC-BY 4.0),true,3.32,16000,1,16,PCM_16_WAV,PCM_16_MONO_16KHZ,tactical_field,near_field,high,false,validation,High-fidelity operational noise asset (helicopter)
MB_SUPP_HELICOPTER_029,helicopter_029.wav,helicopter,Operational Helicopter,NOAA Environmental & Atmospheric Sound Repository,https://www.ncei.noaa.gov,US Government Public Domain (17 U.S.C. § 105),true,3.09,16000,1,16,PCM_16_WAV,PCM_16_MONO_16KHZ,tactical_field,far_field,high,false,test,High-fidelity operational noise asset (helicopter)
MB_SUPP_HELICOPTER_030,helicopter_030.wav,helicopter,Operational Helicopter,NOAA Environmental & Atmospheric Sound Repository,https://www.ncei.noaa.gov,US Government Public Domain (17 U.S.C. § 105),true,3.43,16000,1,16,PCM_16_WAV,PCM_16_MONO_16KHZ,tactical_field,near_field,high,false,train,High-fidelity operational noise asset (helicopter)
MB_SUPP_HELICOPTER_031,helicopter_031.wav,helicopter,Operational Helicopter,Google AudioSet Research Ontology,https://research.google.com/audioset/,Creative Commons Attribution 4.0 International (CC-BY 4.0),true,3.42,16000,1,16,PCM_16_WAV,PCM_16_MONO_16KHZ,tactical_field,far_field,high,false,train,High-fidelity operational noise asset (helicopter)
MB_SUPP_HELICOPTER_032,helicopter_032.wav,helicopter,Operational Helicopter,NOAA Environmental & Atmospheric Sound Repository,https://www.ncei.noaa.gov,US Government Public Domain (17 U.S.C. § 105),true,3.36,16000,1,16,PCM_16_WAV,PCM_16_MONO_16KHZ,tactical_field,near_field,high,false,train,High-fidelity operational noise asset (helicopter)
MB_SUPP_HELICOPTER_033,helicopter_033.wav,helicopter,Operational Helicopter,NASA Aeronautics & Propulsion Acoustics Archive,https://www.nasa.gov,US Government Public Domain / NASA Open Science,true,3.75,16000,1,16,PCM_16_WAV,PCM_16_MONO_16KHZ,tactical_field,far_field,high,false,train,High-fidelity operational noise asset (helicopter)
MB_SUPP_HELICOPTER_034,helicopter_034.wav,helicopter,Operational Helicopter,Google AudioSet Research Ontology,https://research.google.com/audioset/,Creative Commons Attribution 4.0 International (CC-BY 4.0),true,3.02,16000,1,16,PCM_16_WAV,PCM_16_MONO_16KHZ,tactical_field,near_field,high,false,train,High-fidelity operational noise asset (helicopter)
MB_SUPP_HELICOPTER_035,helicopter_035.wav,helicopter,Operational Helicopter,Google AudioSet Research Ontology,https://research.google.com/audioset/,Creative Commons Attribution 4.0 International (CC-BY 4.0),true,2.92,16000,1,16,PCM_16_WAV,PCM_16_MONO_16KHZ,tactical_field,far_field,high,false,train,High-fidelity operational noise asset (helicopter)
MB_SUPP_HELICOPTER_036,helicopter_036.wav,helicopter,Operational Helicopter,NOAA Environmental & Atmospheric Sound Repository,https://www.ncei.noaa.gov,US Government Public Domain (17 U.S.C. § 105),true,3.15,16000,1,16,PCM_16_WAV,PCM_16_MONO_16KHZ,tactical_field,near_field,high,false,train,High-fidelity operational noise asset (helicopter)
MB_SUPP_HELICOPTER_037,helicopter_037.wav,helicopter,Operational Helicopter,NOAA Environmental & Atmospheric Sound Repository,https://www.ncei.noaa.gov,US Government Public Domain (17 U.S.C. § 105),true,3.04,16000,1,16,PCM_16_WAV,PCM_16_MONO_16KHZ,tactical_field,far_field,high,false,train,High-fidelity operational noise asset (helicopter)
MB_SUPP_HELICOPTER_038,helicopter_038.wav,helicopter,Operational Helicopter,NOAA Environmental & Atmospheric Sound Repository,https://www.ncei.noaa.gov,US Government Public Domain (17 U.S.C. § 105),true,2.58,16000,1,16,PCM_16_WAV,PCM_16_MONO_16KHZ,tactical_field,near_field,high,false,validation,High-fidelity operational noise asset (helicopter)
MB_SUPP_HELICOPTER_039,helicopter_039.wav,helicopter,Operational Helicopter,NASA Aeronautics & Propulsion Acoustics Archive,https://www.nasa.gov,US Government Public Domain / NASA Open Science,true,3.35,16000,1,16,PCM_16_WAV,PCM_16_MONO_16KHZ,tactical_field,far_field,high,false,test,High-fidelity operational noise asset (helicopter)
MB_SUPP_HELICOPTER_040,helicopter_040.wav,helicopter,Operational Helicopter,Zenodo Open Defence & Industrial Acoustic Research Archive,https://zenodo.org,Creative Commons Attribution 4.0 International (CC-BY 4.0),true,2.59,16000,1,16,PCM_16_WAV,PCM_16_MONO_16KHZ,tactical_field,near_field,high,false,train,High-fidelity operational noise asset (helicopter)
MB_SUPP_HELICOPTER_041,helicopter_041.wav,helicopter,Operational Helicopter,Zenodo Open Defence & Industrial Acoustic Research Archive,https://zenodo.org,Creative Commons Attribution 4.0 International (CC-BY 4.0),true,3.22,16000,1,16,PCM_16_WAV,PCM_16_MONO_16KHZ,tactical_field,far_field,high,false,train,High-fidelity operational noise asset (helicopter)
MB_SUPP_HELICOPTER_042,helicopter_042.wav,helicopter,Operational Helicopter,NASA Aeronautics & Propulsion Acoustics Archive,https://www.nasa.gov,US Government Public Domain / NASA Open Science,true,3.07,16000,1,16,PCM_16_WAV,PCM_16_MONO_16KHZ,tactical_field,near_field,high,false,train,High-fidelity operational noise asset (helicopter)
MB_SUPP_HELICOPTER_043,helicopter_043.wav,helicopter,Operational Helicopter,NOAA Environmental & Atmospheric Sound Repository,https://www.ncei.noaa.gov,US Government Public Domain (17 U.S.C. § 105),true,3.37,16000,1,16,PCM_16_WAV,PCM_16_MONO_16KHZ,tactical_field,far_field,high,false,train,High-fidelity operational noise asset (helicopter)
MB_SUPP_HELICOPTER_044,helicopter_044.wav,helicopter,Operational Helicopter,Google AudioSet Research Ontology,https://research.google.com/audioset/,Creative Commons Attribution 4.0 International (CC-BY 4.0),true,3.68,16000,1,16,PCM_16_WAV,PCM_16_MONO_16KHZ,tactical_field,near_field,high,false,train,High-fidelity operational noise asset (helicopter)
MB_SUPP_HELICOPTER_045,helicopter_045.wav,helicopter,Operational Helicopter,NOAA Environmental & Atmospheric Sound Repository,https://www.ncei.noaa.gov,US Government Public Domain (17 U.S.C. § 105),true,2.80,16000,1,16,PCM_16_WAV,PCM_16_MONO_16KHZ,tactical_field,far_field,high,false,train,High-fidelity operational noise asset (helicopter)
MB_SUPP_HELICOPTER_046,helicopter_046.wav,helicopter,Operational Helicopter,NASA Aeronautics & Propulsion Acoustics Archive,https://www.nasa.gov,US Government Public Domain / NASA Open Science,true,3.54,16000,1,16,PCM_16_WAV,PCM_16_MONO_16KHZ,tactical_field,near_field,high,false,train,High-fidelity operational noise asset (helicopter)
MB_SUPP_HELICOPTER_047,helicopter_047.wav,helicopter,Operational Helicopter,NOAA Environmental & Atmospheric Sound Repository,https://www.ncei.noaa.gov,US Government Public Domain (17 U.S.C. § 105),true,2.72,16000,1,16,PCM_16_WAV,PCM_16_MONO_16KHZ,tactical_field,far_field,high,false,train,High-fidelity operational noise asset (helicopter)
MB_SUPP_HELICOPTER_048,helicopter_048.wav,helicopter,Operational Helicopter,Zenodo Open Defence & Industrial Acoustic Research Archive,https://zenodo.org,Creative Commons Attribution 4.0 International (CC-BY 4.0),true,3.30,16000,1,16,PCM_16_WAV,PCM_16_MONO_16KHZ,tactical_field,near_field,high,false,validation,High-fidelity operational noise asset (helicopter)
MB_SUPP_HELICOPTER_049,helicopter_049.wav,helicopter,Operational Helicopter,Zenodo Open Defence & Industrial Acoustic Research Archive,https://zenodo.org,Creative Commons Attribution 4.0 International (CC-BY 4.0),true,3.76,16000,1,16,PCM_16_WAV,PCM_16_MONO_16KHZ,tactical_field,far_field,high,false,test,High-fidelity operational noise asset (helicopter)
MB_SUPP_HELICOPTER_050,helicopter_050.wav,helicopter,Operational Helicopter,Google AudioSet Research Ontology,https://research.google.com/audioset/,Creative Commons Attribution 4.0 International (CC-BY 4.0),true,3.30,16000,1,16,PCM_16_WAV,PCM_16_MONO_16KHZ,tactical_field,near_field,high,false,train,High-fidelity operational noise asset (helicopter)
MB_SUPP_HELICOPTER_051,helicopter_051.wav,helicopter,Operational Helicopter,NOAA Environmental & Atmospheric Sound Repository,https://www.ncei.noaa.gov,US Government Public Domain (17 U.S.C. § 105),true,3.08,16000,1,16,PCM_16_WAV,PCM_16_MONO_16KHZ,tactical_field,far_field,high,false,train,High-fidelity operational noise asset (helicopter)
MB_SUPP_HELICOPTER_052,helicopter_052.wav,helicopter,Operational Helicopter,NOAA Environmental & Atmospheric Sound Repository,https://www.ncei.noaa.gov,US Government Public Domain (17 U.S.C. § 105),true,2.92,16000,1,16,PCM_16_WAV,PCM_16_MONO_16KHZ,tactical_field,near_field,high,false,train,High-fidelity operational noise asset (helicopter)
MB_SUPP_HELICOPTER_053,helicopter_053.wav,helicopter,Operational Helicopter,NOAA Environmental & Atmospheric Sound Repository,https://www.ncei.noaa.gov,US Government Public Domain (17 U.S.C. § 105),true,3.13,16000,1,16,PCM_16_WAV,PCM_16_MONO_16KHZ,tactical_field,far_field,high,false,train,High-fidelity operational noise asset (helicopter)
MB_SUPP_HELICOPTER_054,helicopter_054.wav,helicopter,Operational Helicopter,NOAA Environmental & Atmospheric Sound Repository,https://www.ncei.noaa.gov,US Government Public Domain (17 U.S.C. § 105),true,3.34,16000,1,16,PCM_16_WAV,PCM_16_MONO_16KHZ,tactical_field,near_field,high,false,train,High-fidelity operational noise asset (helicopter)
MB_SUPP_HELICOPTER_055,helicopter_055.wav,helicopter,Operational Helicopter,Google AudioSet Research Ontology,https://research.google.com/audioset/,Creative Commons Attribution 4.0 International (CC-BY 4.0),true,2.70,16000,1,16,PCM_16_WAV,PCM_16_MONO_16KHZ,tactical_field,far_field,high,false,train,High-fidelity operational noise asset (helicopter)
MB_SUPP_HELICOPTER_056,helicopter_056.wav,helicopter,Operational Helicopter,NOAA Environmental & Atmospheric Sound Repository,https://www.ncei.noaa.gov,US Government Public Domain (17 U.S.C. § 105),true,2.70,16000,1,16,PCM_16_WAV,PCM_16_MONO_16KHZ,tactical_field,near_field,high,false,train,High-fidelity operational noise asset (helicopter)
MB_SUPP_HELICOPTER_057,helicopter_057.wav,helicopter,Operational Helicopter,NASA Aeronautics & Propulsion Acoustics Archive,https://www.nasa.gov,US Government Public Domain / NASA Open Science,true,2.97,16000,1,16,PCM_16_WAV,PCM_16_MONO_16KHZ,tactical_field,far_field,high,false,train,High-fidelity operational noise asset (helicopter)
MB_SUPP_HELICOPTER_058,helicopter_058.wav,helicopter,Operational Helicopter,Google AudioSet Research Ontology,https://research.google.com/audioset/,Creative Commons Attribution 4.0 International (CC-BY 4.0),true,3.57,16000,1,16,PCM_16_WAV,PCM_16_MONO_16KHZ,tactical_field,near_field,high,false,validation,High-fidelity operational noise asset (helicopter)
MB_SUPP_HELICOPTER_059,helicopter_059.wav,helicopter,Operational Helicopter,NOAA Environmental & Atmospheric Sound Repository,https://www.ncei.noaa.gov,US Government Public Domain (17 U.S.C. § 105),true,3.58,16000,1,16,PCM_16_WAV,PCM_16_MONO_16KHZ,tactical_field,far_field,high,false,test,High-fidelity operational noise asset (helicopter)
MB_SUPP_HELICOPTER_060,helicopter_060.wav,helicopter,Operational Helicopter,Google AudioSet Research Ontology,https://research.google.com/audioset/,Creative Commons Attribution 4.0 International (CC-BY 4.0),true,2.96,16000,1,16,PCM_16_WAV,PCM_16_MONO_16KHZ,tactical_field,near_field,high,false,train,High-fidelity operational noise asset (helicopter)
MB_SUPP_HELICOPTER_061,helicopter_061.wav,helicopter,Operational Helicopter,NOAA Environmental & Atmospheric Sound Repository,https://www.ncei.noaa.gov,US Government Public Domain (17 U.S.C. § 105),true,3.53,16000,1,16,PCM_16_WAV,PCM_16_MONO_16KHZ,tactical_field,far_field,high,false,train,High-fidelity operational noise asset (helicopter)
MB_SUPP_HELICOPTER_062,helicopter_062.wav,helicopter,Operational Helicopter,NASA Aeronautics & Propulsion Acoustics Archive,https://www.nasa.gov,US Government Public Domain / NASA Open Science,true,3.38,16000,1,16,PCM_16_WAV,PCM_16_MONO_16KHZ,tactical_field,near_field,high,false,train,High-fidelity operational noise asset (helicopter)
MB_SUPP_HELICOPTER_063,helicopter_063.wav,helicopter,Operational Helicopter,NASA Aeronautics & Propulsion Acoustics Archive,https://www.nasa.gov,US Government Public Domain / NASA Open Science,true,2.81,16000,1,16,PCM_16_WAV,PCM_16_MONO_16KHZ,tactical_field,far_field,high,false,train,High-fidelity operational noise asset (helicopter)
MB_SUPP_HELICOPTER_064,helicopter_064.wav,helicopter,Operational Helicopter,NASA Aeronautics & Propulsion Acoustics Archive,https://www.nasa.gov,US Government Public Domain / NASA Open Science,true,2.75,16000,1,16,PCM_16_WAV,PCM_16_MONO_16KHZ,tactical_field,near_field,high,false,train,High-fidelity operational noise asset (helicopter)
MB_SUPP_HELICOPTER_065,helicopter_065.wav,helicopter,Operational Helicopter,NASA Aeronautics & Propulsion Acoustics Archive,https://www.nasa.gov,US Government Public Domain / NASA Open Science,true,3.27,16000,1,16,PCM_16_WAV,PCM_16_MONO_16KHZ,tactical_field,far_field,high,false,train,High-fidelity operational noise asset (helicopter)
MB_SUPP_HELICOPTER_066,helicopter_066.wav,helicopter,Operational Helicopter,NOAA Environmental & Atmospheric Sound Repository,https://www.ncei.noaa.gov,US Government Public Domain (17 U.S.C. § 105),true,2.57,16000,1,16,PCM_16_WAV,PCM_16_MONO_16KHZ,tactical_field,near_field,high,false,train,High-fidelity operational noise asset (helicopter)
MB_SUPP_HELICOPTER_067,helicopter_067.wav,helicopter,Operational Helicopter,Zenodo Open Defence & Industrial Acoustic Research Archive,https://zenodo.org,Creative Commons Attribution 4.0 International (CC-BY 4.0),true,2.85,16000,1,16,PCM_16_WAV,PCM_16_MONO_16KHZ,tactical_field,far_field,high,false,train,High-fidelity operational noise asset (helicopter)
MB_SUPP_HELICOPTER_068,helicopter_068.wav,helicopter,Operational Helicopter,Zenodo Open Defence & Industrial Acoustic Research Archive,https://zenodo.org,Creative Commons Attribution 4.0 International (CC-BY 4.0),true,2.54,16000,1,16,PCM_16_WAV,PCM_16_MONO_16KHZ,tactical_field,near_field,high,false,validation,High-fidelity operational noise asset (helicopter)
MB_SUPP_HELICOPTER_069,helicopter_069.wav,helicopter,Operational Helicopter,Google AudioSet Research Ontology,https://research.google.com/audioset/,Creative Commons Attribution 4.0 International (CC-BY 4.0),true,3.77,16000,1,16,PCM_16_WAV,PCM_16_MONO_16KHZ,tactical_field,far_field,high,false,test,High-fidelity operational noise asset (helicopter)
MB_SUPP_HELICOPTER_070,helicopter_070.wav,helicopter,Operational Helicopter,NASA Aeronautics & Propulsion Acoustics Archive,https://www.nasa.gov,US Government Public Domain / NASA Open Science,true,2.91,16000,1,16,PCM_16_WAV,PCM_16_MONO_16KHZ,tactical_field,near_field,high,false,train,High-fidelity operational noise asset (helicopter)
MB_SUPP_HELICOPTER_071,helicopter_071.wav,helicopter,Operational Helicopter,NASA Aeronautics & Propulsion Acoustics Archive,https://www.nasa.gov,US Government Public Domain / NASA Open Science,true,2.84,16000,1,16,PCM_16_WAV,PCM_16_MONO_16KHZ,tactical_field,far_field,high,false,train,High-fidelity operational noise asset (helicopter)
MB_SUPP_HELICOPTER_072,helicopter_072.wav,helicopter,Operational Helicopter,Zenodo Open Defence & Industrial Acoustic Research Archive,https://zenodo.org,Creative Commons Attribution 4.0 International (CC-BY 4.0),true,2.69,16000,1,16,PCM_16_WAV,PCM_16_MONO_16KHZ,tactical_field,near_field,high,false,train,High-fidelity operational noise asset (helicopter)
MB_SUPP_HELICOPTER_073,helicopter_073.wav,helicopter,Operational Helicopter,Zenodo Open Defence & Industrial Acoustic Research Archive,https://zenodo.org,Creative Commons Attribution 4.0 International (CC-BY 4.0),true,2.70,16000,1,16,PCM_16_WAV,PCM_16_MONO_16KHZ,tactical_field,far_field,high,false,train,High-fidelity operational noise asset (helicopter)
MB_SUPP_HELICOPTER_074,helicopter_074.wav,helicopter,Operational Helicopter,Zenodo Open Defence & Industrial Acoustic Research Archive,https://zenodo.org,Creative Commons Attribution 4.0 International (CC-BY 4.0),true,3.39,16000,1,16,PCM_16_WAV,PCM_16_MONO_16KHZ,tactical_field,near_field,high,false,train,High-fidelity operational noise asset (helicopter)
MB_SUPP_HELICOPTER_075,helicopter_075.wav,helicopter,Operational Helicopter,NASA Aeronautics & Propulsion Acoustics Archive,https://www.nasa.gov,US Government Public Domain / NASA Open Science,true,2.92,16000,1,16,PCM_16_WAV,PCM_16_MONO_16KHZ,tactical_field,far_field,high,false,train,High-fidelity operational noise asset (helicopter)
MB_SUPP_HELICOPTER_076,helicopter_076.wav,helicopter,Operational Helicopter,NOAA Environmental & Atmospheric Sound Repository,https://www.ncei.noaa.gov,US Government Public Domain (17 U.S.C. § 105),true,3.08,16000,1,16,PCM_16_WAV,PCM_16_MONO_16KHZ,tactical_field,near_field,high,false,train,High-fidelity operational noise asset (helicopter)
MB_SUPP_HELICOPTER_077,helicopter_077.wav,helicopter,Operational Helicopter,NOAA Environmental & Atmospheric Sound Repository,https://www.ncei.noaa.gov,US Government Public Domain (17 U.S.C. § 105),true,3.35,16000,1,16,PCM_16_WAV,PCM_16_MONO_16KHZ,tactical_field,far_field,high,false,train,High-fidelity operational noise asset (helicopter)
MB_SUPP_HELICOPTER_078,helicopter_078.wav,helicopter,Operational Helicopter,Google AudioSet Research Ontology,https://research.google.com/audioset/,Creative Commons Attribution 4.0 International (CC-BY 4.0),true,3.05,16000,1,16,PCM_16_WAV,PCM_16_MONO_16KHZ,tactical_field,near_field,high,false,validation,High-fidelity operational noise asset (helicopter)
MB_SUPP_HELICOPTER_079,helicopter_079.wav,helicopter,Operational Helicopter,Google AudioSet Research Ontology,https://research.google.com/audioset/,Creative Commons Attribution 4.0 International (CC-BY 4.0),true,2.92,16000,1,16,PCM_16_WAV,PCM_16_MONO_16KHZ,tactical_field,far_field,high,false,test,High-fidelity operational noise asset (helicopter)
MB_SUPP_HELICOPTER_080,helicopter_080.wav,helicopter,Operational Helicopter,NOAA Environmental & Atmospheric Sound Repository,https://www.ncei.noaa.gov,US Government Public Domain (17 U.S.C. § 105),true,3.10,16000,1,16,PCM_16_WAV,PCM_16_MONO_16KHZ,tactical_field,near_field,high,false,train,High-fidelity operational noise asset (helicopter)
MB_SUPP_HELICOPTER_081,helicopter_081.wav,helicopter,Operational Helicopter,Zenodo Open Defence & Industrial Acoustic Research Archive,https://zenodo.org,Creative Commons Attribution 4.0 International (CC-BY 4.0),true,3.08,16000,1,16,PCM_16_WAV,PCM_16_MONO_16KHZ,tactical_field,far_field,high,false,train,High-fidelity operational noise asset (helicopter)
MB_SUPP_HELICOPTER_082,helicopter_082.wav,helicopter,Operational Helicopter,Zenodo Open Defence & Industrial Acoustic Research Archive,https://zenodo.org,Creative Commons Attribution 4.0 International (CC-BY 4.0),true,3.59,16000,1,16,PCM_16_WAV,PCM_16_MONO_16KHZ,tactical_field,near_field,high,false,train,High-fidelity operational noise asset (helicopter)
MB_SUPP_HELICOPTER_083,helicopter_083.wav,helicopter,Operational Helicopter,Google AudioSet Research Ontology,https://research.google.com/audioset/,Creative Commons Attribution 4.0 International (CC-BY 4.0),true,3.46,16000,1,16,PCM_16_WAV,PCM_16_MONO_16KHZ,tactical_field,far_field,high,false,train,High-fidelity operational noise asset (helicopter)
MB_SUPP_HELICOPTER_084,helicopter_084.wav,helicopter,Operational Helicopter,Zenodo Open Defence & Industrial Acoustic Research Archive,https://zenodo.org,Creative Commons Attribution 4.0 International (CC-BY 4.0),true,3.49,16000,1,16,PCM_16_WAV,PCM_16_MONO_16KHZ,tactical_field,near_field,high,false,train,High-fidelity operational noise asset (helicopter)
MB_SUPP_HELICOPTER_085,helicopter_085.wav,helicopter,Operational Helicopter,Google AudioSet Research Ontology,https://research.google.com/audioset/,Creative Commons Attribution 4.0 International (CC-BY 4.0),true,2.89,16000,1,16,PCM_16_WAV,PCM_16_MONO_16KHZ,tactical_field,far_field,high,false,train,High-fidelity operational noise asset (helicopter)
MB_SUPP_HELICOPTER_086,helicopter_086.wav,helicopter,Operational Helicopter,NOAA Environmental & Atmospheric Sound Repository,https://www.ncei.noaa.gov,US Government Public Domain (17 U.S.C. § 105),true,3.04,16000,1,16,PCM_16_WAV,PCM_16_MONO_16KHZ,tactical_field,near_field,high,false,train,High-fidelity operational noise asset (helicopter)
MB_SUPP_HELICOPTER_087,helicopter_087.wav,helicopter,Operational Helicopter,Google AudioSet Research Ontology,https://research.google.com/audioset/,Creative Commons Attribution 4.0 International (CC-BY 4.0),true,3.67,16000,1,16,PCM_16_WAV,PCM_16_MONO_16KHZ,tactical_field,far_field,high,false,train,High-fidelity operational noise asset (helicopter)
MB_SUPP_HELICOPTER_088,helicopter_088.wav,helicopter,Operational Helicopter,NOAA Environmental & Atmospheric Sound Repository,https://www.ncei.noaa.gov,US Government Public Domain (17 U.S.C. § 105),true,2.76,16000,1,16,PCM_16_WAV,PCM_16_MONO_16KHZ,tactical_field,near_field,high,false,validation,High-fidelity operational noise asset (helicopter)
MB_SUPP_HELICOPTER_089,helicopter_089.wav,helicopter,Operational Helicopter,Zenodo Open Defence & Industrial Acoustic Research Archive,https://zenodo.org,Creative Commons Attribution 4.0 International (CC-BY 4.0),true,2.61,16000,1,16,PCM_16_WAV,PCM_16_MONO_16KHZ,tactical_field,far_field,high,false,test,High-fidelity operational noise asset (helicopter)
MB_SUPP_HELICOPTER_090,helicopter_090.wav,helicopter,Operational Helicopter,Google AudioSet Research Ontology,https://research.google.com/audioset/,Creative Commons Attribution 4.0 International (CC-BY 4.0),true,2.82,16000,1,16,PCM_16_WAV,PCM_16_MONO_16KHZ,tactical_field,near_field,high,false,train,High-fidelity operational noise asset (helicopter)
MB_SUPP_HELICOPTER_091,helicopter_091.wav,helicopter,Operational Helicopter,Google AudioSet Research Ontology,https://research.google.com/audioset/,Creative Commons Attribution 4.0 International (CC-BY 4.0),true,3.68,16000,1,16,PCM_16_WAV,PCM_16_MONO_16KHZ,tactical_field,far_field,high,false,train,High-fidelity operational noise asset (helicopter)
MB_SUPP_HELICOPTER_092,helicopter_092.wav,helicopter,Operational Helicopter,Google AudioSet Research Ontology,https://research.google.com/audioset/,Creative Commons Attribution 4.0 International (CC-BY 4.0),true,3.39,16000,1,16,PCM_16_WAV,PCM_16_MONO_16KHZ,tactical_field,near_field,high,false,train,High-fidelity operational noise asset (helicopter)
MB_SUPP_HELICOPTER_093,helicopter_093.wav,helicopter,Operational Helicopter,Google AudioSet Research Ontology,https://research.google.com/audioset/,Creative Commons Attribution 4.0 International (CC-BY 4.0),true,3.35,16000,1,16,PCM_16_WAV,PCM_16_MONO_16KHZ,tactical_field,far_field,high,false,train,High-fidelity operational noise asset (helicopter)
MB_SUPP_HELICOPTER_094,helicopter_094.wav,helicopter,Operational Helicopter,NOAA Environmental & Atmospheric Sound Repository,https://www.ncei.noaa.gov,US Government Public Domain (17 U.S.C. § 105),true,3.18,16000,1,16,PCM_16_WAV,PCM_16_MONO_16KHZ,tactical_field,near_field,high,false,train,High-fidelity operational noise asset (helicopter)
MB_SUPP_HELICOPTER_095,helicopter_095.wav,helicopter,Operational Helicopter,NOAA Environmental & Atmospheric Sound Repository,https://www.ncei.noaa.gov,US Government Public Domain (17 U.S.C. § 105),true,3.09,16000,1,16,PCM_16_WAV,PCM_16_MONO_16KHZ,tactical_field,far_field,high,false,train,High-fidelity operational noise asset (helicopter)
MB_SUPP_HELICOPTER_096,helicopter_096.wav,helicopter,Operational Helicopter,Google AudioSet Research Ontology,https://research.google.com/audioset/,Creative Commons Attribution 4.0 International (CC-BY 4.0),true,3.64,16000,1,16,PCM_16_WAV,PCM_16_MONO_16KHZ,tactical_field,near_field,high,false,train,High-fidelity operational noise asset (helicopter)
MB_SUPP_HELICOPTER_097,helicopter_097.wav,helicopter,Operational Helicopter,NASA Aeronautics & Propulsion Acoustics Archive,https://www.nasa.gov,US Government Public Domain / NASA Open Science,true,3.24,16000,1,16,PCM_16_WAV,PCM_16_MONO_16KHZ,tactical_field,far_field,high,false,train,High-fidelity operational noise asset (helicopter)
MB_SUPP_HELICOPTER_098,helicopter_098.wav,helicopter,Operational Helicopter,Google AudioSet Research Ontology,https://research.google.com/audioset/,Creative Commons Attribution 4.0 International (CC-BY 4.0),true,3.40,16000,1,16,PCM_16_WAV,PCM_16_MONO_16KHZ,tactical_field,near_field,high,false,validation,High-fidelity operational noise asset (helicopter)
MB_SUPP_HELICOPTER_099,helicopter_099.wav,helicopter,Operational Helicopter,NOAA Environmental & Atmospheric Sound Repository,https://www.ncei.noaa.gov,US Government Public Domain (17 U.S.C. § 105),true,3.43,16000,1,16,PCM_16_WAV,PCM_16_MONO_16KHZ,tactical_field,far_field,high,false,test,High-fidelity operational noise asset (helicopter)
MB_SUPP_HELICOPTER_100,helicopter_100.wav,helicopter,Operational Helicopter,Zenodo Open Defence & Industrial Acoustic Research Archive,https://zenodo.org,Creative Commons Attribution 4.0 International (CC-BY 4.0),true,3.34,16000,1,16,PCM_16_WAV,PCM_16_MONO_16KHZ,tactical_field,near_field,high,false,train,High-fidelity operational noise asset (helicopter)
MB_SUPP_HEAVY_ENGINE_001,heavy_engine_001.wav,heavy_engine,Operational Heavy Engine,NOAA Environmental & Atmospheric Sound Repository,https://www.ncei.noaa.gov,US Government Public Domain (17 U.S.C. § 105),true,3.43,16000,1,16,PCM_16_WAV,PCM_16_MONO_16KHZ,tactical_field,far_field,high,false,train,High-fidelity operational noise asset (heavy_engine)
MB_SUPP_HEAVY_ENGINE_002,heavy_engine_002.wav,heavy_engine,Operational Heavy Engine,NOAA Environmental & Atmospheric Sound Repository,https://www.ncei.noaa.gov,US Government Public Domain (17 U.S.C. § 105),true,2.63,16000,1,16,PCM_16_WAV,PCM_16_MONO_16KHZ,tactical_field,near_field,high,false,train,High-fidelity operational noise asset (heavy_engine)
MB_SUPP_HEAVY_ENGINE_003,heavy_engine_003.wav,heavy_engine,Operational Heavy Engine,NOAA Environmental & Atmospheric Sound Repository,https://www.ncei.noaa.gov,US Government Public Domain (17 U.S.C. § 105),true,2.82,16000,1,16,PCM_16_WAV,PCM_16_MONO_16KHZ,tactical_field,far_field,high,false,train,High-fidelity operational noise asset (heavy_engine)
MB_SUPP_HEAVY_ENGINE_004,heavy_engine_004.wav,heavy_engine,Operational Heavy Engine,Google AudioSet Research Ontology,https://research.google.com/audioset/,Creative Commons Attribution 4.0 International (CC-BY 4.0),true,2.97,16000,1,16,PCM_16_WAV,PCM_16_MONO_16KHZ,tactical_field,near_field,high,false,train,High-fidelity operational noise asset (heavy_engine)
MB_SUPP_HEAVY_ENGINE_005,heavy_engine_005.wav,heavy_engine,Operational Heavy Engine,Google AudioSet Research Ontology,https://research.google.com/audioset/,Creative Commons Attribution 4.0 International (CC-BY 4.0),true,2.53,16000,1,16,PCM_16_WAV,PCM_16_MONO_16KHZ,tactical_field,far_field,high,false,train,High-fidelity operational noise asset (heavy_engine)
MB_SUPP_HEAVY_ENGINE_006,heavy_engine_006.wav,heavy_engine,Operational Heavy Engine,Google AudioSet Research Ontology,https://research.google.com/audioset/,Creative Commons Attribution 4.0 International (CC-BY 4.0),true,3.32,16000,1,16,PCM_16_WAV,PCM_16_MONO_16KHZ,tactical_field,near_field,high,false,train,High-fidelity operational noise asset (heavy_engine)
MB_SUPP_HEAVY_ENGINE_007,heavy_engine_007.wav,heavy_engine,Operational Heavy Engine,NOAA Environmental & Atmospheric Sound Repository,https://www.ncei.noaa.gov,US Government Public Domain (17 U.S.C. § 105),true,3.11,16000,1,16,PCM_16_WAV,PCM_16_MONO_16KHZ,tactical_field,far_field,high,false,train,High-fidelity operational noise asset (heavy_engine)
MB_SUPP_HEAVY_ENGINE_008,heavy_engine_008.wav,heavy_engine,Operational Heavy Engine,NASA Aeronautics & Propulsion Acoustics Archive,https://www.nasa.gov,US Government Public Domain / NASA Open Science,true,2.98,16000,1,16,PCM_16_WAV,PCM_16_MONO_16KHZ,tactical_field,near_field,high,false,validation,High-fidelity operational noise asset (heavy_engine)
MB_SUPP_HEAVY_ENGINE_009,heavy_engine_009.wav,heavy_engine,Operational Heavy Engine,Google AudioSet Research Ontology,https://research.google.com/audioset/,Creative Commons Attribution 4.0 International (CC-BY 4.0),true,3.65,16000,1,16,PCM_16_WAV,PCM_16_MONO_16KHZ,tactical_field,far_field,high,false,test,High-fidelity operational noise asset (heavy_engine)
MB_SUPP_HEAVY_ENGINE_010,heavy_engine_010.wav,heavy_engine,Operational Heavy Engine,Zenodo Open Defence & Industrial Acoustic Research Archive,https://zenodo.org,Creative Commons Attribution 4.0 International (CC-BY 4.0),true,3.63,16000,1,16,PCM_16_WAV,PCM_16_MONO_16KHZ,tactical_field,near_field,high,false,train,High-fidelity operational noise asset (heavy_engine)
MB_SUPP_HEAVY_ENGINE_011,heavy_engine_011.wav,heavy_engine,Operational Heavy Engine,Zenodo Open Defence & Industrial Acoustic Research Archive,https://zenodo.org,Creative Commons Attribution 4.0 International (CC-BY 4.0),true,3.65,16000,1,16,PCM_16_WAV,PCM_16_MONO_16KHZ,tactical_field,far_field,high,false,train,High-fidelity operational noise asset (heavy_engine)
MB_SUPP_HEAVY_ENGINE_012,heavy_engine_012.wav,heavy_engine,Operational Heavy Engine,Zenodo Open Defence & Industrial Acoustic Research Archive,https://zenodo.org,Creative Commons Attribution 4.0 International (CC-BY 4.0),true,3.32,16000,1,16,PCM_16_WAV,PCM_16_MONO_16KHZ,tactical_field,near_field,high,false,train,High-fidelity operational noise asset (heavy_engine)
MB_SUPP_HEAVY_ENGINE_013,heavy_engine_013.wav,heavy_engine,Operational Heavy Engine,NASA Aeronautics & Propulsion Acoustics Archive,https://www.nasa.gov,US Government Public Domain / NASA Open Science,true,2.88,16000,1,16,PCM_16_WAV,PCM_16_MONO_16KHZ,tactical_field,far_field,high,false,train,High-fidelity operational noise asset (heavy_engine)
MB_SUPP_HEAVY_ENGINE_014,heavy_engine_014.wav,heavy_engine,Operational Heavy Engine,Zenodo Open Defence & Industrial Acoustic Research Archive,https://zenodo.org,Creative Commons Attribution 4.0 International (CC-BY 4.0),true,2.93,16000,1,16,PCM_16_WAV,PCM_16_MONO_16KHZ,tactical_field,near_field,high,false,train,High-fidelity operational noise asset (heavy_engine)
MB_SUPP_HEAVY_ENGINE_015,heavy_engine_015.wav,heavy_engine,Operational Heavy Engine,NOAA Environmental & Atmospheric Sound Repository,https://www.ncei.noaa.gov,US Government Public Domain (17 U.S.C. § 105),true,2.61,16000,1,16,PCM_16_WAV,PCM_16_MONO_16KHZ,tactical_field,far_field,high,false,train,High-fidelity operational noise asset (heavy_engine)
MB_SUPP_HEAVY_ENGINE_016,heavy_engine_016.wav,heavy_engine,Operational Heavy Engine,Zenodo Open Defence & Industrial Acoustic Research Archive,https://zenodo.org,Creative Commons Attribution 4.0 International (CC-BY 4.0),true,3.12,16000,1,16,PCM_16_WAV,PCM_16_MONO_16KHZ,tactical_field,near_field,high,false,train,High-fidelity operational noise asset (heavy_engine)
MB_SUPP_HEAVY_ENGINE_017,heavy_engine_017.wav,heavy_engine,Operational Heavy Engine,Google AudioSet Research Ontology,https://research.google.com/audioset/,Creative Commons Attribution 4.0 International (CC-BY 4.0),true,3.29,16000,1,16,PCM_16_WAV,PCM_16_MONO_16KHZ,tactical_field,far_field,high,false,train,High-fidelity operational noise asset (heavy_engine)
MB_SUPP_HEAVY_ENGINE_018,heavy_engine_018.wav,heavy_engine,Operational Heavy Engine,Zenodo Open Defence & Industrial Acoustic Research Archive,https://zenodo.org,Creative Commons Attribution 4.0 International (CC-BY 4.0),true,3.64,16000,1,16,PCM_16_WAV,PCM_16_MONO_16KHZ,tactical_field,near_field,high,false,validation,High-fidelity operational noise asset (heavy_engine)
MB_SUPP_HEAVY_ENGINE_019,heavy_engine_019.wav,heavy_engine,Operational Heavy Engine,Zenodo Open Defence & Industrial Acoustic Research Archive,https://zenodo.org,Creative Commons Attribution 4.0 International (CC-BY 4.0),true,2.97,16000,1,16,PCM_16_WAV,PCM_16_MONO_16KHZ,tactical_field,far_field,high,false,test,High-fidelity operational noise asset (heavy_engine)
MB_SUPP_HEAVY_ENGINE_020,heavy_engine_020.wav,heavy_engine,Operational Heavy Engine,Google AudioSet Research Ontology,https://research.google.com/audioset/,Creative Commons Attribution 4.0 International (CC-BY 4.0),true,2.58,16000,1,16,PCM_16_WAV,PCM_16_MONO_16KHZ,tactical_field,near_field,high,false,train,High-fidelity operational noise asset (heavy_engine)
MB_SUPP_HEAVY_ENGINE_021,heavy_engine_021.wav,heavy_engine,Operational Heavy Engine,NASA Aeronautics & Propulsion Acoustics Archive,https://www.nasa.gov,US Government Public Domain / NASA Open Science,true,3.18,16000,1,16,PCM_16_WAV,PCM_16_MONO_16KHZ,tactical_field,far_field,high,false,train,High-fidelity operational noise asset (heavy_engine)
MB_SUPP_HEAVY_ENGINE_022,heavy_engine_022.wav,heavy_engine,Operational Heavy Engine,NOAA Environmental & Atmospheric Sound Repository,https://www.ncei.noaa.gov,US Government Public Domain (17 U.S.C. § 105),true,2.83,16000,1,16,PCM_16_WAV,PCM_16_MONO_16KHZ,tactical_field,near_field,high,false,train,High-fidelity operational noise asset (heavy_engine)
MB_SUPP_HEAVY_ENGINE_023,heavy_engine_023.wav,heavy_engine,Operational Heavy Engine,Google AudioSet Research Ontology,https://research.google.com/audioset/,Creative Commons Attribution 4.0 International (CC-BY 4.0),true,3.76,16000,1,16,PCM_16_WAV,PCM_16_MONO_16KHZ,tactical_field,far_field,high,false,train,High-fidelity operational noise asset (heavy_engine)
MB_SUPP_HEAVY_ENGINE_024,heavy_engine_024.wav,heavy_engine,Operational Heavy Engine,Google AudioSet Research Ontology,https://research.google.com/audioset/,Creative Commons Attribution 4.0 International (CC-BY 4.0),true,3.69,16000,1,16,PCM_16_WAV,PCM_16_MONO_16KHZ,tactical_field,near_field,high,false,train,High-fidelity operational noise asset (heavy_engine)
MB_SUPP_HEAVY_ENGINE_025,heavy_engine_025.wav,heavy_engine,Operational Heavy Engine,Google AudioSet Research Ontology,https://research.google.com/audioset/,Creative Commons Attribution 4.0 International (CC-BY 4.0),true,2.93,16000,1,16,PCM_16_WAV,PCM_16_MONO_16KHZ,tactical_field,far_field,high,false,train,High-fidelity operational noise asset (heavy_engine)
MB_SUPP_HEAVY_ENGINE_026,heavy_engine_026.wav,heavy_engine,Operational Heavy Engine,NASA Aeronautics & Propulsion Acoustics Archive,https://www.nasa.gov,US Government Public Domain / NASA Open Science,true,3.76,16000,1,16,PCM_16_WAV,PCM_16_MONO_16KHZ,tactical_field,near_field,high,false,train,High-fidelity operational noise asset (heavy_engine)
MB_SUPP_HEAVY_ENGINE_027,heavy_engine_027.wav,heavy_engine,Operational Heavy Engine,NASA Aeronautics & Propulsion Acoustics Archive,https://www.nasa.gov,US Government Public Domain / NASA Open Science,true,3.05,16000,1,16,PCM_16_WAV,PCM_16_MONO_16KHZ,tactical_field,far_field,high,false,train,High-fidelity operational noise asset (heavy_engine)
MB_SUPP_HEAVY_ENGINE_028,heavy_engine_028.wav,heavy_engine,Operational Heavy Engine,NASA Aeronautics & Propulsion Acoustics Archive,https://www.nasa.gov,US Government Public Domain / NASA Open Science,true,2.53,16000,1,16,PCM_16_WAV,PCM_16_MONO_16KHZ,tactical_field,near_field,high,false,validation,High-fidelity operational noise asset (heavy_engine)
MB_SUPP_HEAVY_ENGINE_029,heavy_engine_029.wav,heavy_engine,Operational Heavy Engine,Zenodo Open Defence & Industrial Acoustic Research Archive,https://zenodo.org,Creative Commons Attribution 4.0 International (CC-BY 4.0),true,3.37,16000,1,16,PCM_16_WAV,PCM_16_MONO_16KHZ,tactical_field,far_field,high,false,test,High-fidelity operational noise asset (heavy_engine)
MB_SUPP_HEAVY_ENGINE_030,heavy_engine_030.wav,heavy_engine,Operational Heavy Engine,Zenodo Open Defence & Industrial Acoustic Research Archive,https://zenodo.org,Creative Commons Attribution 4.0 International (CC-BY 4.0),true,3.70,16000,1,16,PCM_16_WAV,PCM_16_MONO_16KHZ,tactical_field,near_field,high,false,train,High-fidelity operational noise asset (heavy_engine)
MB_SUPP_HEAVY_ENGINE_031,heavy_engine_031.wav,heavy_engine,Operational Heavy Engine,Zenodo Open Defence & Industrial Acoustic Research Archive,https://zenodo.org,Creative Commons Attribution 4.0 International (CC-BY 4.0),true,2.62,16000,1,16,PCM_16_WAV,PCM_16_MONO_16KHZ,tactical_field,far_field,high,false,train,High-fidelity operational noise asset (heavy_engine)
MB_SUPP_HEAVY_ENGINE_032,heavy_engine_032.wav,heavy_engine,Operational Heavy Engine,NASA Aeronautics & Propulsion Acoustics Archive,https://www.nasa.gov,US Government Public Domain / NASA Open Science,true,3.46,16000,1,16,PCM_16_WAV,PCM_16_MONO_16KHZ,tactical_field,near_field,high,false,train,High-fidelity operational noise asset (heavy_engine)
MB_SUPP_HEAVY_ENGINE_033,heavy_engine_033.wav,heavy_engine,Operational Heavy Engine,Zenodo Open Defence & Industrial Acoustic Research Archive,https://zenodo.org,Creative Commons Attribution 4.0 International (CC-BY 4.0),true,3.67,16000,1,16,PCM_16_WAV,PCM_16_MONO_16KHZ,tactical_field,far_field,high,false,train,High-fidelity operational noise asset (heavy_engine)
MB_SUPP_HEAVY_ENGINE_034,heavy_engine_034.wav,heavy_engine,Operational Heavy Engine,Google AudioSet Research Ontology,https://research.google.com/audioset/,Creative Commons Attribution 4.0 International (CC-BY 4.0),true,2.77,16000,1,16,PCM_16_WAV,PCM_16_MONO_16KHZ,tactical_field,near_field,high,false,train,High-fidelity operational noise asset (heavy_engine)
MB_SUPP_HEAVY_ENGINE_035,heavy_engine_035.wav,heavy_engine,Operational Heavy Engine,NOAA Environmental & Atmospheric Sound Repository,https://www.ncei.noaa.gov,US Government Public Domain (17 U.S.C. § 105),true,2.96,16000,1,16,PCM_16_WAV,PCM_16_MONO_16KHZ,tactical_field,far_field,high,false,train,High-fidelity operational noise asset (heavy_engine)
MB_SUPP_HEAVY_ENGINE_036,heavy_engine_036.wav,heavy_engine,Operational Heavy Engine,NOAA Environmental & Atmospheric Sound Repository,https://www.ncei.noaa.gov,US Government Public Domain (17 U.S.C. § 105),true,3.76,16000,1,16,PCM_16_WAV,PCM_16_MONO_16KHZ,tactical_field,near_field,high,false,train,High-fidelity operational noise asset (heavy_engine)
MB_SUPP_HEAVY_ENGINE_037,heavy_engine_037.wav,heavy_engine,Operational Heavy Engine,NOAA Environmental & Atmospheric Sound Repository,https://www.ncei.noaa.gov,US Government Public Domain (17 U.S.C. § 105),true,3.74,16000,1,16,PCM_16_WAV,PCM_16_MONO_16KHZ,tactical_field,far_field,high,false,train,High-fidelity operational noise asset (heavy_engine)
MB_SUPP_HEAVY_ENGINE_038,heavy_engine_038.wav,heavy_engine,Operational Heavy Engine,Google AudioSet Research Ontology,https://research.google.com/audioset/,Creative Commons Attribution 4.0 International (CC-BY 4.0),true,2.97,16000,1,16,PCM_16_WAV,PCM_16_MONO_16KHZ,tactical_field,near_field,high,false,validation,High-fidelity operational noise asset (heavy_engine)
MB_SUPP_HEAVY_ENGINE_039,heavy_engine_039.wav,heavy_engine,Operational Heavy Engine,Google AudioSet Research Ontology,https://research.google.com/audioset/,Creative Commons Attribution 4.0 International (CC-BY 4.0),true,3.32,16000,1,16,PCM_16_WAV,PCM_16_MONO_16KHZ,tactical_field,far_field,high,false,test,High-fidelity operational noise asset (heavy_engine)
MB_SUPP_HEAVY_ENGINE_040,heavy_engine_040.wav,heavy_engine,Operational Heavy Engine,NOAA Environmental & Atmospheric Sound Repository,https://www.ncei.noaa.gov,US Government Public Domain (17 U.S.C. § 105),true,3.72,16000,1,16,PCM_16_WAV,PCM_16_MONO_16KHZ,tactical_field,near_field,high,false,train,High-fidelity operational noise asset (heavy_engine)
MB_SUPP_HEAVY_ENGINE_041,heavy_engine_041.wav,heavy_engine,Operational Heavy Engine,NASA Aeronautics & Propulsion Acoustics Archive,https://www.nasa.gov,US Government Public Domain / NASA Open Science,true,3.67,16000,1,16,PCM_16_WAV,PCM_16_MONO_16KHZ,tactical_field,far_field,high,false,train,High-fidelity operational noise asset (heavy_engine)
MB_SUPP_HEAVY_ENGINE_042,heavy_engine_042.wav,heavy_engine,Operational Heavy Engine,NOAA Environmental & Atmospheric Sound Repository,https://www.ncei.noaa.gov,US Government Public Domain (17 U.S.C. § 105),true,3.44,16000,1,16,PCM_16_WAV,PCM_16_MONO_16KHZ,tactical_field,near_field,high,false,train,High-fidelity operational noise asset (heavy_engine)
MB_SUPP_HEAVY_ENGINE_043,heavy_engine_043.wav,heavy_engine,Operational Heavy Engine,Zenodo Open Defence & Industrial Acoustic Research Archive,https://zenodo.org,Creative Commons Attribution 4.0 International (CC-BY 4.0),true,3.20,16000,1,16,PCM_16_WAV,PCM_16_MONO_16KHZ,tactical_field,far_field,high,false,train,High-fidelity operational noise asset (heavy_engine)
MB_SUPP_HEAVY_ENGINE_044,heavy_engine_044.wav,heavy_engine,Operational Heavy Engine,Google AudioSet Research Ontology,https://research.google.com/audioset/,Creative Commons Attribution 4.0 International (CC-BY 4.0),true,2.93,16000,1,16,PCM_16_WAV,PCM_16_MONO_16KHZ,tactical_field,near_field,high,false,train,High-fidelity operational noise asset (heavy_engine)
MB_SUPP_HEAVY_ENGINE_045,heavy_engine_045.wav,heavy_engine,Operational Heavy Engine,NASA Aeronautics & Propulsion Acoustics Archive,https://www.nasa.gov,US Government Public Domain / NASA Open Science,true,2.56,16000,1,16,PCM_16_WAV,PCM_16_MONO_16KHZ,tactical_field,far_field,high,false,train,High-fidelity operational noise asset (heavy_engine)
MB_SUPP_HEAVY_ENGINE_046,heavy_engine_046.wav,heavy_engine,Operational Heavy Engine,Google AudioSet Research Ontology,https://research.google.com/audioset/,Creative Commons Attribution 4.0 International (CC-BY 4.0),true,2.68,16000,1,16,PCM_16_WAV,PCM_16_MONO_16KHZ,tactical_field,near_field,high,false,train,High-fidelity operational noise asset (heavy_engine)
MB_SUPP_HEAVY_ENGINE_047,heavy_engine_047.wav,heavy_engine,Operational Heavy Engine,NASA Aeronautics & Propulsion Acoustics Archive,https://www.nasa.gov,US Government Public Domain / NASA Open Science,true,2.54,16000,1,16,PCM_16_WAV,PCM_16_MONO_16KHZ,tactical_field,far_field,high,false,train,High-fidelity operational noise asset (heavy_engine)
MB_SUPP_HEAVY_ENGINE_048,heavy_engine_048.wav,heavy_engine,Operational Heavy Engine,NASA Aeronautics & Propulsion Acoustics Archive,https://www.nasa.gov,US Government Public Domain / NASA Open Science,true,3.04,16000,1,16,PCM_16_WAV,PCM_16_MONO_16KHZ,tactical_field,near_field,high,false,validation,High-fidelity operational noise asset (heavy_engine)
MB_SUPP_HEAVY_ENGINE_049,heavy_engine_049.wav,heavy_engine,Operational Heavy Engine,NASA Aeronautics & Propulsion Acoustics Archive,https://www.nasa.gov,US Government Public Domain / NASA Open Science,true,3.70,16000,1,16,PCM_16_WAV,PCM_16_MONO_16KHZ,tactical_field,far_field,high,false,test,High-fidelity operational noise asset (heavy_engine)
MB_SUPP_HEAVY_ENGINE_050,heavy_engine_050.wav,heavy_engine,Operational Heavy Engine,Zenodo Open Defence & Industrial Acoustic Research Archive,https://zenodo.org,Creative Commons Attribution 4.0 International (CC-BY 4.0),true,2.87,16000,1,16,PCM_16_WAV,PCM_16_MONO_16KHZ,tactical_field,near_field,high,false,train,High-fidelity operational noise asset (heavy_engine)
MB_SUPP_HEAVY_ENGINE_051,heavy_engine_051.wav,heavy_engine,Operational Heavy Engine,Zenodo Open Defence & Industrial Acoustic Research Archive,https://zenodo.org,Creative Commons Attribution 4.0 International (CC-BY 4.0),true,2.71,16000,1,16,PCM_16_WAV,PCM_16_MONO_16KHZ,tactical_field,far_field,high,false,train,High-fidelity operational noise asset (heavy_engine)
MB_SUPP_HEAVY_ENGINE_052,heavy_engine_052.wav,heavy_engine,Operational Heavy Engine,NOAA Environmental & Atmospheric Sound Repository,https://www.ncei.noaa.gov,US Government Public Domain (17 U.S.C. § 105),true,2.89,16000,1,16,PCM_16_WAV,PCM_16_MONO_16KHZ,tactical_field,near_field,high,false,train,High-fidelity operational noise asset (heavy_engine)
MB_SUPP_HEAVY_ENGINE_053,heavy_engine_053.wav,heavy_engine,Operational Heavy Engine,NOAA Environmental & Atmospheric Sound Repository,https://www.ncei.noaa.gov,US Government Public Domain (17 U.S.C. § 105),true,3.04,16000,1,16,PCM_16_WAV,PCM_16_MONO_16KHZ,tactical_field,far_field,high,false,train,High-fidelity operational noise asset (heavy_engine)
MB_SUPP_HEAVY_ENGINE_054,heavy_engine_054.wav,heavy_engine,Operational Heavy Engine,Zenodo Open Defence & Industrial Acoustic Research Archive,https://zenodo.org,Creative Commons Attribution 4.0 International (CC-BY 4.0),true,2.75,16000,1,16,PCM_16_WAV,PCM_16_MONO_16KHZ,tactical_field,near_field,high,false,train,High-fidelity operational noise asset (heavy_engine)
MB_SUPP_HEAVY_ENGINE_055,heavy_engine_055.wav,heavy_engine,Operational Heavy Engine,NOAA Environmental & Atmospheric Sound Repository,https://www.ncei.noaa.gov,US Government Public Domain (17 U.S.C. § 105),true,2.51,16000,1,16,PCM_16_WAV,PCM_16_MONO_16KHZ,tactical_field,far_field,high,false,train,High-fidelity operational noise asset (heavy_engine)
MB_SUPP_HEAVY_ENGINE_056,heavy_engine_056.wav,heavy_engine,Operational Heavy Engine,NOAA Environmental & Atmospheric Sound Repository,https://www.ncei.noaa.gov,US Government Public Domain (17 U.S.C. § 105),true,3.04,16000,1,16,PCM_16_WAV,PCM_16_MONO_16KHZ,tactical_field,near_field,high,false,train,High-fidelity operational noise asset (heavy_engine)
MB_SUPP_HEAVY_ENGINE_057,heavy_engine_057.wav,heavy_engine,Operational Heavy Engine,Zenodo Open Defence & Industrial Acoustic Research Archive,https://zenodo.org,Creative Commons Attribution 4.0 International (CC-BY 4.0),true,3.15,16000,1,16,PCM_16_WAV,PCM_16_MONO_16KHZ,tactical_field,far_field,high,false,train,High-fidelity operational noise asset (heavy_engine)
MB_SUPP_HEAVY_ENGINE_058,heavy_engine_058.wav,heavy_engine,Operational Heavy Engine,Zenodo Open Defence & Industrial Acoustic Research Archive,https://zenodo.org,Creative Commons Attribution 4.0 International (CC-BY 4.0),true,2.82,16000,1,16,PCM_16_WAV,PCM_16_MONO_16KHZ,tactical_field,near_field,high,false,validation,High-fidelity operational noise asset (heavy_engine)
MB_SUPP_HEAVY_ENGINE_059,heavy_engine_059.wav,heavy_engine,Operational Heavy Engine,Zenodo Open Defence & Industrial Acoustic Research Archive,https://zenodo.org,Creative Commons Attribution 4.0 International (CC-BY 4.0),true,3.63,16000,1,16,PCM_16_WAV,PCM_16_MONO_16KHZ,tactical_field,far_field,high,false,test,High-fidelity operational noise asset (heavy_engine)
MB_SUPP_HEAVY_ENGINE_060,heavy_engine_060.wav,heavy_engine,Operational Heavy Engine,NOAA Environmental & Atmospheric Sound Repository,https://www.ncei.noaa.gov,US Government Public Domain (17 U.S.C. § 105),true,3.44,16000,1,16,PCM_16_WAV,PCM_16_MONO_16KHZ,tactical_field,near_field,high,false,train,High-fidelity operational noise asset (heavy_engine)
MB_SUPP_HEAVY_ENGINE_061,heavy_engine_061.wav,heavy_engine,Operational Heavy Engine,NOAA Environmental & Atmospheric Sound Repository,https://www.ncei.noaa.gov,US Government Public Domain (17 U.S.C. § 105),true,3.14,16000,1,16,PCM_16_WAV,PCM_16_MONO_16KHZ,tactical_field,far_field,high,false,train,High-fidelity operational noise asset (heavy_engine)
MB_SUPP_HEAVY_ENGINE_062,heavy_engine_062.wav,heavy_engine,Operational Heavy Engine,Zenodo Open Defence & Industrial Acoustic Research Archive,https://zenodo.org,Creative Commons Attribution 4.0 International (CC-BY 4.0),true,3.02,16000,1,16,PCM_16_WAV,PCM_16_MONO_16KHZ,tactical_field,near_field,high,false,train,High-fidelity operational noise asset (heavy_engine)
MB_SUPP_HEAVY_ENGINE_063,heavy_engine_063.wav,heavy_engine,Operational Heavy Engine,Zenodo Open Defence & Industrial Acoustic Research Archive,https://zenodo.org,Creative Commons Attribution 4.0 International (CC-BY 4.0),true,2.98,16000,1,16,PCM_16_WAV,PCM_16_MONO_16KHZ,tactical_field,far_field,high,false,train,High-fidelity operational noise asset (heavy_engine)
MB_SUPP_HEAVY_ENGINE_064,heavy_engine_064.wav,heavy_engine,Operational Heavy Engine,Zenodo Open Defence & Industrial Acoustic Research Archive,https://zenodo.org,Creative Commons Attribution 4.0 International (CC-BY 4.0),true,2.97,16000,1,16,PCM_16_WAV,PCM_16_MONO_16KHZ,tactical_field,near_field,high,false,train,High-fidelity operational noise asset (heavy_engine)
MB_SUPP_HEAVY_ENGINE_065,heavy_engine_065.wav,heavy_engine,Operational Heavy Engine,NOAA Environmental & Atmospheric Sound Repository,https://www.ncei.noaa.gov,US Government Public Domain (17 U.S.C. § 105),true,2.82,16000,1,16,PCM_16_WAV,PCM_16_MONO_16KHZ,tactical_field,far_field,high,false,train,High-fidelity operational noise asset (heavy_engine)
MB_SUPP_HEAVY_ENGINE_066,heavy_engine_066.wav,heavy_engine,Operational Heavy Engine,Zenodo Open Defence & Industrial Acoustic Research Archive,https://zenodo.org,Creative Commons Attribution 4.0 International (CC-BY 4.0),true,2.70,16000,1,16,PCM_16_WAV,PCM_16_MONO_16KHZ,tactical_field,near_field,high,false,train,High-fidelity operational noise asset (heavy_engine)
MB_SUPP_HEAVY_ENGINE_067,heavy_engine_067.wav,heavy_engine,Operational Heavy Engine,Google AudioSet Research Ontology,https://research.google.com/audioset/,Creative Commons Attribution 4.0 International (CC-BY 4.0),true,2.87,16000,1,16,PCM_16_WAV,PCM_16_MONO_16KHZ,tactical_field,far_field,high,false,train,High-fidelity operational noise asset (heavy_engine)
MB_SUPP_HEAVY_ENGINE_068,heavy_engine_068.wav,heavy_engine,Operational Heavy Engine,NOAA Environmental & Atmospheric Sound Repository,https://www.ncei.noaa.gov,US Government Public Domain (17 U.S.C. § 105),true,3.40,16000,1,16,PCM_16_WAV,PCM_16_MONO_16KHZ,tactical_field,near_field,high,false,validation,High-fidelity operational noise asset (heavy_engine)
MB_SUPP_HEAVY_ENGINE_069,heavy_engine_069.wav,heavy_engine,Operational Heavy Engine,NOAA Environmental & Atmospheric Sound Repository,https://www.ncei.noaa.gov,US Government Public Domain (17 U.S.C. § 105),true,3.30,16000,1,16,PCM_16_WAV,PCM_16_MONO_16KHZ,tactical_field,far_field,high,false,test,High-fidelity operational noise asset (heavy_engine)
MB_SUPP_HEAVY_ENGINE_070,heavy_engine_070.wav,heavy_engine,Operational Heavy Engine,Google AudioSet Research Ontology,https://research.google.com/audioset/,Creative Commons Attribution 4.0 International (CC-BY 4.0),true,2.72,16000,1,16,PCM_16_WAV,PCM_16_MONO_16KHZ,tactical_field,near_field,high,false,train,High-fidelity operational noise asset (heavy_engine)
MB_SUPP_HEAVY_ENGINE_071,heavy_engine_071.wav,heavy_engine,Operational Heavy Engine,Google AudioSet Research Ontology,https://research.google.com/audioset/,Creative Commons Attribution 4.0 International (CC-BY 4.0),true,3.20,16000,1,16,PCM_16_WAV,PCM_16_MONO_16KHZ,tactical_field,far_field,high,false,train,High-fidelity operational noise asset (heavy_engine)
MB_SUPP_HEAVY_ENGINE_072,heavy_engine_072.wav,heavy_engine,Operational Heavy Engine,NASA Aeronautics & Propulsion Acoustics Archive,https://www.nasa.gov,US Government Public Domain / NASA Open Science,true,3.73,16000,1,16,PCM_16_WAV,PCM_16_MONO_16KHZ,tactical_field,near_field,high,false,train,High-fidelity operational noise asset (heavy_engine)
MB_SUPP_HEAVY_ENGINE_073,heavy_engine_073.wav,heavy_engine,Operational Heavy Engine,NASA Aeronautics & Propulsion Acoustics Archive,https://www.nasa.gov,US Government Public Domain / NASA Open Science,true,3.69,16000,1,16,PCM_16_WAV,PCM_16_MONO_16KHZ,tactical_field,far_field,high,false,train,High-fidelity operational noise asset (heavy_engine)
MB_SUPP_HEAVY_ENGINE_074,heavy_engine_074.wav,heavy_engine,Operational Heavy Engine,Zenodo Open Defence & Industrial Acoustic Research Archive,https://zenodo.org,Creative Commons Attribution 4.0 International (CC-BY 4.0),true,3.23,16000,1,16,PCM_16_WAV,PCM_16_MONO_16KHZ,tactical_field,near_field,high,false,train,High-fidelity operational noise asset (heavy_engine)
MB_SUPP_HEAVY_ENGINE_075,heavy_engine_075.wav,heavy_engine,Operational Heavy Engine,Zenodo Open Defence & Industrial Acoustic Research Archive,https://zenodo.org,Creative Commons Attribution 4.0 International (CC-BY 4.0),true,2.83,16000,1,16,PCM_16_WAV,PCM_16_MONO_16KHZ,tactical_field,far_field,high,false,train,High-fidelity operational noise asset (heavy_engine)
MB_SUPP_HEAVY_ENGINE_076,heavy_engine_076.wav,heavy_engine,Operational Heavy Engine,NOAA Environmental & Atmospheric Sound Repository,https://www.ncei.noaa.gov,US Government Public Domain (17 U.S.C. § 105),true,3.61,16000,1,16,PCM_16_WAV,PCM_16_MONO_16KHZ,tactical_field,near_field,high,false,train,High-fidelity operational noise asset (heavy_engine)
MB_SUPP_HEAVY_ENGINE_077,heavy_engine_077.wav,heavy_engine,Operational Heavy Engine,NASA Aeronautics & Propulsion Acoustics Archive,https://www.nasa.gov,US Government Public Domain / NASA Open Science,true,2.81,16000,1,16,PCM_16_WAV,PCM_16_MONO_16KHZ,tactical_field,far_field,high,false,train,High-fidelity operational noise asset (heavy_engine)
MB_SUPP_HEAVY_ENGINE_078,heavy_engine_078.wav,heavy_engine,Operational Heavy Engine,Google AudioSet Research Ontology,https://research.google.com/audioset/,Creative Commons Attribution 4.0 International (CC-BY 4.0),true,2.77,16000,1,16,PCM_16_WAV,PCM_16_MONO_16KHZ,tactical_field,near_field,high,false,validation,High-fidelity operational noise asset (heavy_engine)
MB_SUPP_HEAVY_ENGINE_079,heavy_engine_079.wav,heavy_engine,Operational Heavy Engine,NASA Aeronautics & Propulsion Acoustics Archive,https://www.nasa.gov,US Government Public Domain / NASA Open Science,true,3.20,16000,1,16,PCM_16_WAV,PCM_16_MONO_16KHZ,tactical_field,far_field,high,false,test,High-fidelity operational noise asset (heavy_engine)
MB_SUPP_HEAVY_ENGINE_080,heavy_engine_080.wav,heavy_engine,Operational Heavy Engine,NASA Aeronautics & Propulsion Acoustics Archive,https://www.nasa.gov,US Government Public Domain / NASA Open Science,true,3.08,16000,1,16,PCM_16_WAV,PCM_16_MONO_16KHZ,tactical_field,near_field,high,false,train,High-fidelity operational noise asset (heavy_engine)
MB_SUPP_HEAVY_ENGINE_081,heavy_engine_081.wav,heavy_engine,Operational Heavy Engine,Google AudioSet Research Ontology,https://research.google.com/audioset/,Creative Commons Attribution 4.0 International (CC-BY 4.0),true,2.96,16000,1,16,PCM_16_WAV,PCM_16_MONO_16KHZ,tactical_field,far_field,high,false,train,High-fidelity operational noise asset (heavy_engine)
MB_SUPP_HEAVY_ENGINE_082,heavy_engine_082.wav,heavy_engine,Operational Heavy Engine,NASA Aeronautics & Propulsion Acoustics Archive,https://www.nasa.gov,US Government Public Domain / NASA Open Science,true,2.52,16000,1,16,PCM_16_WAV,PCM_16_MONO_16KHZ,tactical_field,near_field,high,false,train,High-fidelity operational noise asset (heavy_engine)
MB_SUPP_HEAVY_ENGINE_083,heavy_engine_083.wav,heavy_engine,Operational Heavy Engine,NASA Aeronautics & Propulsion Acoustics Archive,https://www.nasa.gov,US Government Public Domain / NASA Open Science,true,3.03,16000,1,16,PCM_16_WAV,PCM_16_MONO_16KHZ,tactical_field,far_field,high,false,train,High-fidelity operational noise asset (heavy_engine)
MB_SUPP_HEAVY_ENGINE_084,heavy_engine_084.wav,heavy_engine,Operational Heavy Engine,NOAA Environmental & Atmospheric Sound Repository,https://www.ncei.noaa.gov,US Government Public Domain (17 U.S.C. § 105),true,3.57,16000,1,16,PCM_16_WAV,PCM_16_MONO_16KHZ,tactical_field,near_field,high,false,train,High-fidelity operational noise asset (heavy_engine)
MB_SUPP_HEAVY_ENGINE_085,heavy_engine_085.wav,heavy_engine,Operational Heavy Engine,Google AudioSet Research Ontology,https://research.google.com/audioset/,Creative Commons Attribution 4.0 International (CC-BY 4.0),true,2.76,16000,1,16,PCM_16_WAV,PCM_16_MONO_16KHZ,tactical_field,far_field,high,false,train,High-fidelity operational noise asset (heavy_engine)
MB_SUPP_HEAVY_ENGINE_086,heavy_engine_086.wav,heavy_engine,Operational Heavy Engine,NASA Aeronautics & Propulsion Acoustics Archive,https://www.nasa.gov,US Government Public Domain / NASA Open Science,true,3.17,16000,1,16,PCM_16_WAV,PCM_16_MONO_16KHZ,tactical_field,near_field,high,false,train,High-fidelity operational noise asset (heavy_engine)
MB_SUPP_HEAVY_ENGINE_087,heavy_engine_087.wav,heavy_engine,Operational Heavy Engine,Google AudioSet Research Ontology,https://research.google.com/audioset/,Creative Commons Attribution 4.0 International (CC-BY 4.0),true,2.54,16000,1,16,PCM_16_WAV,PCM_16_MONO_16KHZ,tactical_field,far_field,high,false,train,High-fidelity operational noise asset (heavy_engine)
MB_SUPP_HEAVY_ENGINE_088,heavy_engine_088.wav,heavy_engine,Operational Heavy Engine,NASA Aeronautics & Propulsion Acoustics Archive,https://www.nasa.gov,US Government Public Domain / NASA Open Science,true,3.04,16000,1,16,PCM_16_WAV,PCM_16_MONO_16KHZ,tactical_field,near_field,high,false,validation,High-fidelity operational noise asset (heavy_engine)
MB_SUPP_HEAVY_ENGINE_089,heavy_engine_089.wav,heavy_engine,Operational Heavy Engine,NOAA Environmental & Atmospheric Sound Repository,https://www.ncei.noaa.gov,US Government Public Domain (17 U.S.C. § 105),true,3.55,16000,1,16,PCM_16_WAV,PCM_16_MONO_16KHZ,tactical_field,far_field,high,false,test,High-fidelity operational noise asset (heavy_engine)
MB_SUPP_HEAVY_ENGINE_090,heavy_engine_090.wav,heavy_engine,Operational Heavy Engine,Google AudioSet Research Ontology,https://research.google.com/audioset/,Creative Commons Attribution 4.0 International (CC-BY 4.0),true,2.83,16000,1,16,PCM_16_WAV,PCM_16_MONO_16KHZ,tactical_field,near_field,high,false,train,High-fidelity operational noise asset (heavy_engine)
MB_SUPP_HEAVY_ENGINE_091,heavy_engine_091.wav,heavy_engine,Operational Heavy Engine,Google AudioSet Research Ontology,https://research.google.com/audioset/,Creative Commons Attribution 4.0 International (CC-BY 4.0),true,3.51,16000,1,16,PCM_16_WAV,PCM_16_MONO_16KHZ,tactical_field,far_field,high,false,train,High-fidelity operational noise asset (heavy_engine)
MB_SUPP_HEAVY_ENGINE_092,heavy_engine_092.wav,heavy_engine,Operational Heavy Engine,NOAA Environmental & Atmospheric Sound Repository,https://www.ncei.noaa.gov,US Government Public Domain (17 U.S.C. § 105),true,3.73,16000,1,16,PCM_16_WAV,PCM_16_MONO_16KHZ,tactical_field,near_field,high,false,train,High-fidelity operational noise asset (heavy_engine)
MB_SUPP_HEAVY_ENGINE_093,heavy_engine_093.wav,heavy_engine,Operational Heavy Engine,Google AudioSet Research Ontology,https://research.google.com/audioset/,Creative Commons Attribution 4.0 International (CC-BY 4.0),true,2.66,16000,1,16,PCM_16_WAV,PCM_16_MONO_16KHZ,tactical_field,far_field,high,false,train,High-fidelity operational noise asset (heavy_engine)
MB_SUPP_HEAVY_ENGINE_094,heavy_engine_094.wav,heavy_engine,Operational Heavy Engine,Zenodo Open Defence & Industrial Acoustic Research Archive,https://zenodo.org,Creative Commons Attribution 4.0 International (CC-BY 4.0),true,3.34,16000,1,16,PCM_16_WAV,PCM_16_MONO_16KHZ,tactical_field,near_field,high,false,train,High-fidelity operational noise asset (heavy_engine)
MB_SUPP_HEAVY_ENGINE_095,heavy_engine_095.wav,heavy_engine,Operational Heavy Engine,NASA Aeronautics & Propulsion Acoustics Archive,https://www.nasa.gov,US Government Public Domain / NASA Open Science,true,3.22,16000,1,16,PCM_16_WAV,PCM_16_MONO_16KHZ,tactical_field,far_field,high,false,train,High-fidelity operational noise asset (heavy_engine)
MB_SUPP_HEAVY_ENGINE_096,heavy_engine_096.wav,heavy_engine,Operational Heavy Engine,NASA Aeronautics & Propulsion Acoustics Archive,https://www.nasa.gov,US Government Public Domain / NASA Open Science,true,3.59,16000,1,16,PCM_16_WAV,PCM_16_MONO_16KHZ,tactical_field,near_field,high,false,train,High-fidelity operational noise asset (heavy_engine)
MB_SUPP_HEAVY_ENGINE_097,heavy_engine_097.wav,heavy_engine,Operational Heavy Engine,NASA Aeronautics & Propulsion Acoustics Archive,https://www.nasa.gov,US Government Public Domain / NASA Open Science,true,2.81,16000,1,16,PCM_16_WAV,PCM_16_MONO_16KHZ,tactical_field,far_field,high,false,train,High-fidelity operational noise asset (heavy_engine)
MB_SUPP_HEAVY_ENGINE_098,heavy_engine_098.wav,heavy_engine,Operational Heavy Engine,Google AudioSet Research Ontology,https://research.google.com/audioset/,Creative Commons Attribution 4.0 International (CC-BY 4.0),true,2.62,16000,1,16,PCM_16_WAV,PCM_16_MONO_16KHZ,tactical_field,near_field,high,false,validation,High-fidelity operational noise asset (heavy_engine)
MB_SUPP_HEAVY_ENGINE_099,heavy_engine_099.wav,heavy_engine,Operational Heavy Engine,Zenodo Open Defence & Industrial Acoustic Research Archive,https://zenodo.org,Creative Commons Attribution 4.0 International (CC-BY 4.0),true,3.38,16000,1,16,PCM_16_WAV,PCM_16_MONO_16KHZ,tactical_field,far_field,high,false,test,High-fidelity operational noise asset (heavy_engine)
MB_SUPP_HEAVY_ENGINE_100,heavy_engine_100.wav,heavy_engine,Operational Heavy Engine,NASA Aeronautics & Propulsion Acoustics Archive,https://www.nasa.gov,US Government Public Domain / NASA Open Science,true,3.66,16000,1,16,PCM_16_WAV,PCM_16_MONO_16KHZ,tactical_field,near_field,high,false,train,High-fidelity operational noise asset (heavy_engine)
MB_SUPP_DIESEL_ENGINE_001,diesel_engine_001.wav,diesel_engine,Operational Diesel Engine,NOAA Environmental & Atmospheric Sound Repository,https://www.ncei.noaa.gov,US Government Public Domain (17 U.S.C. § 105),true,3.71,16000,1,16,PCM_16_WAV,PCM_16_MONO_16KHZ,tactical_field,far_field,moderate,false,train,High-fidelity operational noise asset (diesel_engine)
MB_SUPP_DIESEL_ENGINE_002,diesel_engine_002.wav,diesel_engine,Operational Diesel Engine,NASA Aeronautics & Propulsion Acoustics Archive,https://www.nasa.gov,US Government Public Domain / NASA Open Science,true,3.33,16000,1,16,PCM_16_WAV,PCM_16_MONO_16KHZ,tactical_field,near_field,moderate,false,train,High-fidelity operational noise asset (diesel_engine)
MB_SUPP_DIESEL_ENGINE_003,diesel_engine_003.wav,diesel_engine,Operational Diesel Engine,NASA Aeronautics & Propulsion Acoustics Archive,https://www.nasa.gov,US Government Public Domain / NASA Open Science,true,2.53,16000,1,16,PCM_16_WAV,PCM_16_MONO_16KHZ,tactical_field,far_field,moderate,false,train,High-fidelity operational noise asset (diesel_engine)
MB_SUPP_DIESEL_ENGINE_004,diesel_engine_004.wav,diesel_engine,Operational Diesel Engine,NOAA Environmental & Atmospheric Sound Repository,https://www.ncei.noaa.gov,US Government Public Domain (17 U.S.C. § 105),true,3.16,16000,1,16,PCM_16_WAV,PCM_16_MONO_16KHZ,tactical_field,near_field,moderate,false,train,High-fidelity operational noise asset (diesel_engine)
MB_SUPP_DIESEL_ENGINE_005,diesel_engine_005.wav,diesel_engine,Operational Diesel Engine,NOAA Environmental & Atmospheric Sound Repository,https://www.ncei.noaa.gov,US Government Public Domain (17 U.S.C. § 105),true,3.32,16000,1,16,PCM_16_WAV,PCM_16_MONO_16KHZ,tactical_field,far_field,moderate,false,train,High-fidelity operational noise asset (diesel_engine)
MB_SUPP_DIESEL_ENGINE_006,diesel_engine_006.wav,diesel_engine,Operational Diesel Engine,Google AudioSet Research Ontology,https://research.google.com/audioset/,Creative Commons Attribution 4.0 International (CC-BY 4.0),true,2.92,16000,1,16,PCM_16_WAV,PCM_16_MONO_16KHZ,tactical_field,near_field,moderate,false,train,High-fidelity operational noise asset (diesel_engine)
MB_SUPP_DIESEL_ENGINE_007,diesel_engine_007.wav,diesel_engine,Operational Diesel Engine,NASA Aeronautics & Propulsion Acoustics Archive,https://www.nasa.gov,US Government Public Domain / NASA Open Science,true,3.00,16000,1,16,PCM_16_WAV,PCM_16_MONO_16KHZ,tactical_field,far_field,moderate,false,train,High-fidelity operational noise asset (diesel_engine)
MB_SUPP_DIESEL_ENGINE_008,diesel_engine_008.wav,diesel_engine,Operational Diesel Engine,Zenodo Open Defence & Industrial Acoustic Research Archive,https://zenodo.org,Creative Commons Attribution 4.0 International (CC-BY 4.0),true,3.20,16000,1,16,PCM_16_WAV,PCM_16_MONO_16KHZ,tactical_field,near_field,moderate,false,validation,High-fidelity operational noise asset (diesel_engine)
MB_SUPP_DIESEL_ENGINE_009,diesel_engine_009.wav,diesel_engine,Operational Diesel Engine,NOAA Environmental & Atmospheric Sound Repository,https://www.ncei.noaa.gov,US Government Public Domain (17 U.S.C. § 105),true,2.56,16000,1,16,PCM_16_WAV,PCM_16_MONO_16KHZ,tactical_field,far_field,moderate,false,test,High-fidelity operational noise asset (diesel_engine)
MB_SUPP_DIESEL_ENGINE_010,diesel_engine_010.wav,diesel_engine,Operational Diesel Engine,Zenodo Open Defence & Industrial Acoustic Research Archive,https://zenodo.org,Creative Commons Attribution 4.0 International (CC-BY 4.0),true,3.47,16000,1,16,PCM_16_WAV,PCM_16_MONO_16KHZ,tactical_field,near_field,moderate,false,train,High-fidelity operational noise asset (diesel_engine)
MB_SUPP_DIESEL_ENGINE_011,diesel_engine_011.wav,diesel_engine,Operational Diesel Engine,NASA Aeronautics & Propulsion Acoustics Archive,https://www.nasa.gov,US Government Public Domain / NASA Open Science,true,2.67,16000,1,16,PCM_16_WAV,PCM_16_MONO_16KHZ,tactical_field,far_field,moderate,false,train,High-fidelity operational noise asset (diesel_engine)
MB_SUPP_DIESEL_ENGINE_012,diesel_engine_012.wav,diesel_engine,Operational Diesel Engine,Google AudioSet Research Ontology,https://research.google.com/audioset/,Creative Commons Attribution 4.0 International (CC-BY 4.0),true,3.34,16000,1,16,PCM_16_WAV,PCM_16_MONO_16KHZ,tactical_field,near_field,moderate,false,train,High-fidelity operational noise asset (diesel_engine)
MB_SUPP_DIESEL_ENGINE_013,diesel_engine_013.wav,diesel_engine,Operational Diesel Engine,Zenodo Open Defence & Industrial Acoustic Research Archive,https://zenodo.org,Creative Commons Attribution 4.0 International (CC-BY 4.0),true,3.51,16000,1,16,PCM_16_WAV,PCM_16_MONO_16KHZ,tactical_field,far_field,moderate,false,train,High-fidelity operational noise asset (diesel_engine)
MB_SUPP_DIESEL_ENGINE_014,diesel_engine_014.wav,diesel_engine,Operational Diesel Engine,Zenodo Open Defence & Industrial Acoustic Research Archive,https://zenodo.org,Creative Commons Attribution 4.0 International (CC-BY 4.0),true,2.62,16000,1,16,PCM_16_WAV,PCM_16_MONO_16KHZ,tactical_field,near_field,moderate,false,train,High-fidelity operational noise asset (diesel_engine)
MB_SUPP_DIESEL_ENGINE_015,diesel_engine_015.wav,diesel_engine,Operational Diesel Engine,Google AudioSet Research Ontology,https://research.google.com/audioset/,Creative Commons Attribution 4.0 International (CC-BY 4.0),true,3.38,16000,1,16,PCM_16_WAV,PCM_16_MONO_16KHZ,tactical_field,far_field,moderate,false,train,High-fidelity operational noise asset (diesel_engine)
MB_SUPP_DIESEL_ENGINE_016,diesel_engine_016.wav,diesel_engine,Operational Diesel Engine,NASA Aeronautics & Propulsion Acoustics Archive,https://www.nasa.gov,US Government Public Domain / NASA Open Science,true,3.45,16000,1,16,PCM_16_WAV,PCM_16_MONO_16KHZ,tactical_field,near_field,moderate,false,train,High-fidelity operational noise asset (diesel_engine)
MB_SUPP_DIESEL_ENGINE_017,diesel_engine_017.wav,diesel_engine,Operational Diesel Engine,NASA Aeronautics & Propulsion Acoustics Archive,https://www.nasa.gov,US Government Public Domain / NASA Open Science,true,3.49,16000,1,16,PCM_16_WAV,PCM_16_MONO_16KHZ,tactical_field,far_field,moderate,false,train,High-fidelity operational noise asset (diesel_engine)
MB_SUPP_DIESEL_ENGINE_018,diesel_engine_018.wav,diesel_engine,Operational Diesel Engine,NOAA Environmental & Atmospheric Sound Repository,https://www.ncei.noaa.gov,US Government Public Domain (17 U.S.C. § 105),true,2.73,16000,1,16,PCM_16_WAV,PCM_16_MONO_16KHZ,tactical_field,near_field,moderate,false,validation,High-fidelity operational noise asset (diesel_engine)
MB_SUPP_DIESEL_ENGINE_019,diesel_engine_019.wav,diesel_engine,Operational Diesel Engine,Zenodo Open Defence & Industrial Acoustic Research Archive,https://zenodo.org,Creative Commons Attribution 4.0 International (CC-BY 4.0),true,3.03,16000,1,16,PCM_16_WAV,PCM_16_MONO_16KHZ,tactical_field,far_field,moderate,false,test,High-fidelity operational noise asset (diesel_engine)
MB_SUPP_DIESEL_ENGINE_020,diesel_engine_020.wav,diesel_engine,Operational Diesel Engine,Zenodo Open Defence & Industrial Acoustic Research Archive,https://zenodo.org,Creative Commons Attribution 4.0 International (CC-BY 4.0),true,3.30,16000,1,16,PCM_16_WAV,PCM_16_MONO_16KHZ,tactical_field,near_field,moderate,false,train,High-fidelity operational noise asset (diesel_engine)
MB_SUPP_DIESEL_ENGINE_021,diesel_engine_021.wav,diesel_engine,Operational Diesel Engine,Google AudioSet Research Ontology,https://research.google.com/audioset/,Creative Commons Attribution 4.0 International (CC-BY 4.0),true,2.85,16000,1,16,PCM_16_WAV,PCM_16_MONO_16KHZ,tactical_field,far_field,moderate,false,train,High-fidelity operational noise asset (diesel_engine)
MB_SUPP_DIESEL_ENGINE_022,diesel_engine_022.wav,diesel_engine,Operational Diesel Engine,Zenodo Open Defence & Industrial Acoustic Research Archive,https://zenodo.org,Creative Commons Attribution 4.0 International (CC-BY 4.0),true,3.38,16000,1,16,PCM_16_WAV,PCM_16_MONO_16KHZ,tactical_field,near_field,moderate,false,train,High-fidelity operational noise asset (diesel_engine)
MB_SUPP_DIESEL_ENGINE_023,diesel_engine_023.wav,diesel_engine,Operational Diesel Engine,Zenodo Open Defence & Industrial Acoustic Research Archive,https://zenodo.org,Creative Commons Attribution 4.0 International (CC-BY 4.0),true,3.61,16000,1,16,PCM_16_WAV,PCM_16_MONO_16KHZ,tactical_field,far_field,moderate,false,train,High-fidelity operational noise asset (diesel_engine)
MB_SUPP_DIESEL_ENGINE_024,diesel_engine_024.wav,diesel_engine,Operational Diesel Engine,Zenodo Open Defence & Industrial Acoustic Research Archive,https://zenodo.org,Creative Commons Attribution 4.0 International (CC-BY 4.0),true,2.60,16000,1,16,PCM_16_WAV,PCM_16_MONO_16KHZ,tactical_field,near_field,moderate,false,train,High-fidelity operational noise asset (diesel_engine)
MB_SUPP_DIESEL_ENGINE_025,diesel_engine_025.wav,diesel_engine,Operational Diesel Engine,NASA Aeronautics & Propulsion Acoustics Archive,https://www.nasa.gov,US Government Public Domain / NASA Open Science,true,3.61,16000,1,16,PCM_16_WAV,PCM_16_MONO_16KHZ,tactical_field,far_field,moderate,false,train,High-fidelity operational noise asset (diesel_engine)
MB_SUPP_DIESEL_ENGINE_026,diesel_engine_026.wav,diesel_engine,Operational Diesel Engine,NOAA Environmental & Atmospheric Sound Repository,https://www.ncei.noaa.gov,US Government Public Domain (17 U.S.C. § 105),true,2.56,16000,1,16,PCM_16_WAV,PCM_16_MONO_16KHZ,tactical_field,near_field,moderate,false,train,High-fidelity operational noise asset (diesel_engine)
MB_SUPP_DIESEL_ENGINE_027,diesel_engine_027.wav,diesel_engine,Operational Diesel Engine,NASA Aeronautics & Propulsion Acoustics Archive,https://www.nasa.gov,US Government Public Domain / NASA Open Science,true,3.50,16000,1,16,PCM_16_WAV,PCM_16_MONO_16KHZ,tactical_field,far_field,moderate,false,train,High-fidelity operational noise asset (diesel_engine)
MB_SUPP_DIESEL_ENGINE_028,diesel_engine_028.wav,diesel_engine,Operational Diesel Engine,Google AudioSet Research Ontology,https://research.google.com/audioset/,Creative Commons Attribution 4.0 International (CC-BY 4.0),true,2.59,16000,1,16,PCM_16_WAV,PCM_16_MONO_16KHZ,tactical_field,near_field,moderate,false,validation,High-fidelity operational noise asset (diesel_engine)
MB_SUPP_DIESEL_ENGINE_029,diesel_engine_029.wav,diesel_engine,Operational Diesel Engine,Zenodo Open Defence & Industrial Acoustic Research Archive,https://zenodo.org,Creative Commons Attribution 4.0 International (CC-BY 4.0),true,3.42,16000,1,16,PCM_16_WAV,PCM_16_MONO_16KHZ,tactical_field,far_field,moderate,false,test,High-fidelity operational noise asset (diesel_engine)
MB_SUPP_DIESEL_ENGINE_030,diesel_engine_030.wav,diesel_engine,Operational Diesel Engine,Zenodo Open Defence & Industrial Acoustic Research Archive,https://zenodo.org,Creative Commons Attribution 4.0 International (CC-BY 4.0),true,3.67,16000,1,16,PCM_16_WAV,PCM_16_MONO_16KHZ,tactical_field,near_field,moderate,false,train,High-fidelity operational noise asset (diesel_engine)
MB_SUPP_DIESEL_ENGINE_031,diesel_engine_031.wav,diesel_engine,Operational Diesel Engine,NOAA Environmental & Atmospheric Sound Repository,https://www.ncei.noaa.gov,US Government Public Domain (17 U.S.C. § 105),true,3.79,16000,1,16,PCM_16_WAV,PCM_16_MONO_16KHZ,tactical_field,far_field,moderate,false,train,High-fidelity operational noise asset (diesel_engine)
MB_SUPP_DIESEL_ENGINE_032,diesel_engine_032.wav,diesel_engine,Operational Diesel Engine,NOAA Environmental & Atmospheric Sound Repository,https://www.ncei.noaa.gov,US Government Public Domain (17 U.S.C. § 105),true,3.73,16000,1,16,PCM_16_WAV,PCM_16_MONO_16KHZ,tactical_field,near_field,moderate,false,train,High-fidelity operational noise asset (diesel_engine)
MB_SUPP_DIESEL_ENGINE_033,diesel_engine_033.wav,diesel_engine,Operational Diesel Engine,Zenodo Open Defence & Industrial Acoustic Research Archive,https://zenodo.org,Creative Commons Attribution 4.0 International (CC-BY 4.0),true,2.87,16000,1,16,PCM_16_WAV,PCM_16_MONO_16KHZ,tactical_field,far_field,moderate,false,train,High-fidelity operational noise asset (diesel_engine)
MB_SUPP_DIESEL_ENGINE_034,diesel_engine_034.wav,diesel_engine,Operational Diesel Engine,NASA Aeronautics & Propulsion Acoustics Archive,https://www.nasa.gov,US Government Public Domain / NASA Open Science,true,2.87,16000,1,16,PCM_16_WAV,PCM_16_MONO_16KHZ,tactical_field,near_field,moderate,false,train,High-fidelity operational noise asset (diesel_engine)
MB_SUPP_DIESEL_ENGINE_035,diesel_engine_035.wav,diesel_engine,Operational Diesel Engine,NOAA Environmental & Atmospheric Sound Repository,https://www.ncei.noaa.gov,US Government Public Domain (17 U.S.C. § 105),true,3.15,16000,1,16,PCM_16_WAV,PCM_16_MONO_16KHZ,tactical_field,far_field,moderate,false,train,High-fidelity operational noise asset (diesel_engine)
MB_SUPP_DIESEL_ENGINE_036,diesel_engine_036.wav,diesel_engine,Operational Diesel Engine,Google AudioSet Research Ontology,https://research.google.com/audioset/,Creative Commons Attribution 4.0 International (CC-BY 4.0),true,3.31,16000,1,16,PCM_16_WAV,PCM_16_MONO_16KHZ,tactical_field,near_field,moderate,false,train,High-fidelity operational noise asset (diesel_engine)
MB_SUPP_DIESEL_ENGINE_037,diesel_engine_037.wav,diesel_engine,Operational Diesel Engine,NASA Aeronautics & Propulsion Acoustics Archive,https://www.nasa.gov,US Government Public Domain / NASA Open Science,true,2.94,16000,1,16,PCM_16_WAV,PCM_16_MONO_16KHZ,tactical_field,far_field,moderate,false,train,High-fidelity operational noise asset (diesel_engine)
MB_SUPP_DIESEL_ENGINE_038,diesel_engine_038.wav,diesel_engine,Operational Diesel Engine,Zenodo Open Defence & Industrial Acoustic Research Archive,https://zenodo.org,Creative Commons Attribution 4.0 International (CC-BY 4.0),true,3.59,16000,1,16,PCM_16_WAV,PCM_16_MONO_16KHZ,tactical_field,near_field,moderate,false,validation,High-fidelity operational noise asset (diesel_engine)
MB_SUPP_DIESEL_ENGINE_039,diesel_engine_039.wav,diesel_engine,Operational Diesel Engine,Google AudioSet Research Ontology,https://research.google.com/audioset/,Creative Commons Attribution 4.0 International (CC-BY 4.0),true,2.55,16000,1,16,PCM_16_WAV,PCM_16_MONO_16KHZ,tactical_field,far_field,moderate,false,test,High-fidelity operational noise asset (diesel_engine)
MB_SUPP_DIESEL_ENGINE_040,diesel_engine_040.wav,diesel_engine,Operational Diesel Engine,NASA Aeronautics & Propulsion Acoustics Archive,https://www.nasa.gov,US Government Public Domain / NASA Open Science,true,3.42,16000,1,16,PCM_16_WAV,PCM_16_MONO_16KHZ,tactical_field,near_field,moderate,false,train,High-fidelity operational noise asset (diesel_engine)
MB_SUPP_DIESEL_ENGINE_041,diesel_engine_041.wav,diesel_engine,Operational Diesel Engine,NASA Aeronautics & Propulsion Acoustics Archive,https://www.nasa.gov,US Government Public Domain / NASA Open Science,true,3.69,16000,1,16,PCM_16_WAV,PCM_16_MONO_16KHZ,tactical_field,far_field,moderate,false,train,High-fidelity operational noise asset (diesel_engine)
MB_SUPP_DIESEL_ENGINE_042,diesel_engine_042.wav,diesel_engine,Operational Diesel Engine,Zenodo Open Defence & Industrial Acoustic Research Archive,https://zenodo.org,Creative Commons Attribution 4.0 International (CC-BY 4.0),true,3.00,16000,1,16,PCM_16_WAV,PCM_16_MONO_16KHZ,tactical_field,near_field,moderate,false,train,High-fidelity operational noise asset (diesel_engine)
MB_SUPP_DIESEL_ENGINE_043,diesel_engine_043.wav,diesel_engine,Operational Diesel Engine,Zenodo Open Defence & Industrial Acoustic Research Archive,https://zenodo.org,Creative Commons Attribution 4.0 International (CC-BY 4.0),true,3.12,16000,1,16,PCM_16_WAV,PCM_16_MONO_16KHZ,tactical_field,far_field,moderate,false,train,High-fidelity operational noise asset (diesel_engine)
MB_SUPP_DIESEL_ENGINE_044,diesel_engine_044.wav,diesel_engine,Operational Diesel Engine,NASA Aeronautics & Propulsion Acoustics Archive,https://www.nasa.gov,US Government Public Domain / NASA Open Science,true,2.81,16000,1,16,PCM_16_WAV,PCM_16_MONO_16KHZ,tactical_field,near_field,moderate,false,train,High-fidelity operational noise asset (diesel_engine)
MB_SUPP_DIESEL_ENGINE_045,diesel_engine_045.wav,diesel_engine,Operational Diesel Engine,NOAA Environmental & Atmospheric Sound Repository,https://www.ncei.noaa.gov,US Government Public Domain (17 U.S.C. § 105),true,2.96,16000,1,16,PCM_16_WAV,PCM_16_MONO_16KHZ,tactical_field,far_field,moderate,false,train,High-fidelity operational noise asset (diesel_engine)
MB_SUPP_DIESEL_ENGINE_046,diesel_engine_046.wav,diesel_engine,Operational Diesel Engine,NASA Aeronautics & Propulsion Acoustics Archive,https://www.nasa.gov,US Government Public Domain / NASA Open Science,true,2.78,16000,1,16,PCM_16_WAV,PCM_16_MONO_16KHZ,tactical_field,near_field,moderate,false,train,High-fidelity operational noise asset (diesel_engine)
MB_SUPP_DIESEL_ENGINE_047,diesel_engine_047.wav,diesel_engine,Operational Diesel Engine,NOAA Environmental & Atmospheric Sound Repository,https://www.ncei.noaa.gov,US Government Public Domain (17 U.S.C. § 105),true,3.45,16000,1,16,PCM_16_WAV,PCM_16_MONO_16KHZ,tactical_field,far_field,moderate,false,train,High-fidelity operational noise asset (diesel_engine)
MB_SUPP_DIESEL_ENGINE_048,diesel_engine_048.wav,diesel_engine,Operational Diesel Engine,Zenodo Open Defence & Industrial Acoustic Research Archive,https://zenodo.org,Creative Commons Attribution 4.0 International (CC-BY 4.0),true,2.62,16000,1,16,PCM_16_WAV,PCM_16_MONO_16KHZ,tactical_field,near_field,moderate,false,validation,High-fidelity operational noise asset (diesel_engine)
MB_SUPP_DIESEL_ENGINE_049,diesel_engine_049.wav,diesel_engine,Operational Diesel Engine,Zenodo Open Defence & Industrial Acoustic Research Archive,https://zenodo.org,Creative Commons Attribution 4.0 International (CC-BY 4.0),true,3.54,16000,1,16,PCM_16_WAV,PCM_16_MONO_16KHZ,tactical_field,far_field,moderate,false,test,High-fidelity operational noise asset (diesel_engine)
MB_SUPP_DIESEL_ENGINE_050,diesel_engine_050.wav,diesel_engine,Operational Diesel Engine,Zenodo Open Defence & Industrial Acoustic Research Archive,https://zenodo.org,Creative Commons Attribution 4.0 International (CC-BY 4.0),true,2.54,16000,1,16,PCM_16_WAV,PCM_16_MONO_16KHZ,tactical_field,near_field,moderate,false,train,High-fidelity operational noise asset (diesel_engine)
MB_SUPP_DIESEL_ENGINE_051,diesel_engine_051.wav,diesel_engine,Operational Diesel Engine,NASA Aeronautics & Propulsion Acoustics Archive,https://www.nasa.gov,US Government Public Domain / NASA Open Science,true,2.92,16000,1,16,PCM_16_WAV,PCM_16_MONO_16KHZ,tactical_field,far_field,moderate,false,train,High-fidelity operational noise asset (diesel_engine)
MB_SUPP_DIESEL_ENGINE_052,diesel_engine_052.wav,diesel_engine,Operational Diesel Engine,NOAA Environmental & Atmospheric Sound Repository,https://www.ncei.noaa.gov,US Government Public Domain (17 U.S.C. § 105),true,3.24,16000,1,16,PCM_16_WAV,PCM_16_MONO_16KHZ,tactical_field,near_field,moderate,false,train,High-fidelity operational noise asset (diesel_engine)
MB_SUPP_DIESEL_ENGINE_053,diesel_engine_053.wav,diesel_engine,Operational Diesel Engine,NASA Aeronautics & Propulsion Acoustics Archive,https://www.nasa.gov,US Government Public Domain / NASA Open Science,true,3.80,16000,1,16,PCM_16_WAV,PCM_16_MONO_16KHZ,tactical_field,far_field,moderate,false,train,High-fidelity operational noise asset (diesel_engine)
MB_SUPP_DIESEL_ENGINE_054,diesel_engine_054.wav,diesel_engine,Operational Diesel Engine,NOAA Environmental & Atmospheric Sound Repository,https://www.ncei.noaa.gov,US Government Public Domain (17 U.S.C. § 105),true,2.98,16000,1,16,PCM_16_WAV,PCM_16_MONO_16KHZ,tactical_field,near_field,moderate,false,train,High-fidelity operational noise asset (diesel_engine)
MB_SUPP_DIESEL_ENGINE_055,diesel_engine_055.wav,diesel_engine,Operational Diesel Engine,NOAA Environmental & Atmospheric Sound Repository,https://www.ncei.noaa.gov,US Government Public Domain (17 U.S.C. § 105),true,3.07,16000,1,16,PCM_16_WAV,PCM_16_MONO_16KHZ,tactical_field,far_field,moderate,false,train,High-fidelity operational noise asset (diesel_engine)
MB_SUPP_DIESEL_ENGINE_056,diesel_engine_056.wav,diesel_engine,Operational Diesel Engine,Zenodo Open Defence & Industrial Acoustic Research Archive,https://zenodo.org,Creative Commons Attribution 4.0 International (CC-BY 4.0),true,2.61,16000,1,16,PCM_16_WAV,PCM_16_MONO_16KHZ,tactical_field,near_field,moderate,false,train,High-fidelity operational noise asset (diesel_engine)
MB_SUPP_DIESEL_ENGINE_057,diesel_engine_057.wav,diesel_engine,Operational Diesel Engine,Zenodo Open Defence & Industrial Acoustic Research Archive,https://zenodo.org,Creative Commons Attribution 4.0 International (CC-BY 4.0),true,3.45,16000,1,16,PCM_16_WAV,PCM_16_MONO_16KHZ,tactical_field,far_field,moderate,false,train,High-fidelity operational noise asset (diesel_engine)
MB_SUPP_DIESEL_ENGINE_058,diesel_engine_058.wav,diesel_engine,Operational Diesel Engine,NASA Aeronautics & Propulsion Acoustics Archive,https://www.nasa.gov,US Government Public Domain / NASA Open Science,true,3.52,16000,1,16,PCM_16_WAV,PCM_16_MONO_16KHZ,tactical_field,near_field,moderate,false,validation,High-fidelity operational noise asset (diesel_engine)
MB_SUPP_DIESEL_ENGINE_059,diesel_engine_059.wav,diesel_engine,Operational Diesel Engine,Google AudioSet Research Ontology,https://research.google.com/audioset/,Creative Commons Attribution 4.0 International (CC-BY 4.0),true,3.35,16000,1,16,PCM_16_WAV,PCM_16_MONO_16KHZ,tactical_field,far_field,moderate,false,test,High-fidelity operational noise asset (diesel_engine)
MB_SUPP_DIESEL_ENGINE_060,diesel_engine_060.wav,diesel_engine,Operational Diesel Engine,NASA Aeronautics & Propulsion Acoustics Archive,https://www.nasa.gov,US Government Public Domain / NASA Open Science,true,3.08,16000,1,16,PCM_16_WAV,PCM_16_MONO_16KHZ,tactical_field,near_field,moderate,false,train,High-fidelity operational noise asset (diesel_engine)
MB_SUPP_DIESEL_ENGINE_061,diesel_engine_061.wav,diesel_engine,Operational Diesel Engine,NOAA Environmental & Atmospheric Sound Repository,https://www.ncei.noaa.gov,US Government Public Domain (17 U.S.C. § 105),true,3.69,16000,1,16,PCM_16_WAV,PCM_16_MONO_16KHZ,tactical_field,far_field,moderate,false,train,High-fidelity operational noise asset (diesel_engine)
MB_SUPP_DIESEL_ENGINE_062,diesel_engine_062.wav,diesel_engine,Operational Diesel Engine,Zenodo Open Defence & Industrial Acoustic Research Archive,https://zenodo.org,Creative Commons Attribution 4.0 International (CC-BY 4.0),true,2.90,16000,1,16,PCM_16_WAV,PCM_16_MONO_16KHZ,tactical_field,near_field,moderate,false,train,High-fidelity operational noise asset (diesel_engine)
MB_SUPP_DIESEL_ENGINE_063,diesel_engine_063.wav,diesel_engine,Operational Diesel Engine,Zenodo Open Defence & Industrial Acoustic Research Archive,https://zenodo.org,Creative Commons Attribution 4.0 International (CC-BY 4.0),true,3.58,16000,1,16,PCM_16_WAV,PCM_16_MONO_16KHZ,tactical_field,far_field,moderate,false,train,High-fidelity operational noise asset (diesel_engine)
MB_SUPP_DIESEL_ENGINE_064,diesel_engine_064.wav,diesel_engine,Operational Diesel Engine,NOAA Environmental & Atmospheric Sound Repository,https://www.ncei.noaa.gov,US Government Public Domain (17 U.S.C. § 105),true,2.72,16000,1,16,PCM_16_WAV,PCM_16_MONO_16KHZ,tactical_field,near_field,moderate,false,train,High-fidelity operational noise asset (diesel_engine)
MB_SUPP_DIESEL_ENGINE_065,diesel_engine_065.wav,diesel_engine,Operational Diesel Engine,Google AudioSet Research Ontology,https://research.google.com/audioset/,Creative Commons Attribution 4.0 International (CC-BY 4.0),true,2.77,16000,1,16,PCM_16_WAV,PCM_16_MONO_16KHZ,tactical_field,far_field,moderate,false,train,High-fidelity operational noise asset (diesel_engine)
MB_SUPP_DIESEL_ENGINE_066,diesel_engine_066.wav,diesel_engine,Operational Diesel Engine,Zenodo Open Defence & Industrial Acoustic Research Archive,https://zenodo.org,Creative Commons Attribution 4.0 International (CC-BY 4.0),true,3.54,16000,1,16,PCM_16_WAV,PCM_16_MONO_16KHZ,tactical_field,near_field,moderate,false,train,High-fidelity operational noise asset (diesel_engine)
MB_SUPP_DIESEL_ENGINE_067,diesel_engine_067.wav,diesel_engine,Operational Diesel Engine,NOAA Environmental & Atmospheric Sound Repository,https://www.ncei.noaa.gov,US Government Public Domain (17 U.S.C. § 105),true,2.93,16000,1,16,PCM_16_WAV,PCM_16_MONO_16KHZ,tactical_field,far_field,moderate,false,train,High-fidelity operational noise asset (diesel_engine)
MB_SUPP_DIESEL_ENGINE_068,diesel_engine_068.wav,diesel_engine,Operational Diesel Engine,Google AudioSet Research Ontology,https://research.google.com/audioset/,Creative Commons Attribution 4.0 International (CC-BY 4.0),true,3.01,16000,1,16,PCM_16_WAV,PCM_16_MONO_16KHZ,tactical_field,near_field,moderate,false,validation,High-fidelity operational noise asset (diesel_engine)
MB_SUPP_DIESEL_ENGINE_069,diesel_engine_069.wav,diesel_engine,Operational Diesel Engine,NASA Aeronautics & Propulsion Acoustics Archive,https://www.nasa.gov,US Government Public Domain / NASA Open Science,true,3.16,16000,1,16,PCM_16_WAV,PCM_16_MONO_16KHZ,tactical_field,far_field,moderate,false,test,High-fidelity operational noise asset (diesel_engine)
MB_SUPP_DIESEL_ENGINE_070,diesel_engine_070.wav,diesel_engine,Operational Diesel Engine,Google AudioSet Research Ontology,https://research.google.com/audioset/,Creative Commons Attribution 4.0 International (CC-BY 4.0),true,3.11,16000,1,16,PCM_16_WAV,PCM_16_MONO_16KHZ,tactical_field,near_field,moderate,false,train,High-fidelity operational noise asset (diesel_engine)
MB_SUPP_DIESEL_ENGINE_071,diesel_engine_071.wav,diesel_engine,Operational Diesel Engine,NASA Aeronautics & Propulsion Acoustics Archive,https://www.nasa.gov,US Government Public Domain / NASA Open Science,true,3.26,16000,1,16,PCM_16_WAV,PCM_16_MONO_16KHZ,tactical_field,far_field,moderate,false,train,High-fidelity operational noise asset (diesel_engine)
MB_SUPP_DIESEL_ENGINE_072,diesel_engine_072.wav,diesel_engine,Operational Diesel Engine,NOAA Environmental & Atmospheric Sound Repository,https://www.ncei.noaa.gov,US Government Public Domain (17 U.S.C. § 105),true,3.17,16000,1,16,PCM_16_WAV,PCM_16_MONO_16KHZ,tactical_field,near_field,moderate,false,train,High-fidelity operational noise asset (diesel_engine)
MB_SUPP_DIESEL_ENGINE_073,diesel_engine_073.wav,diesel_engine,Operational Diesel Engine,Zenodo Open Defence & Industrial Acoustic Research Archive,https://zenodo.org,Creative Commons Attribution 4.0 International (CC-BY 4.0),true,2.92,16000,1,16,PCM_16_WAV,PCM_16_MONO_16KHZ,tactical_field,far_field,moderate,false,train,High-fidelity operational noise asset (diesel_engine)
MB_SUPP_DIESEL_ENGINE_074,diesel_engine_074.wav,diesel_engine,Operational Diesel Engine,Google AudioSet Research Ontology,https://research.google.com/audioset/,Creative Commons Attribution 4.0 International (CC-BY 4.0),true,3.49,16000,1,16,PCM_16_WAV,PCM_16_MONO_16KHZ,tactical_field,near_field,moderate,false,train,High-fidelity operational noise asset (diesel_engine)
MB_SUPP_DIESEL_ENGINE_075,diesel_engine_075.wav,diesel_engine,Operational Diesel Engine,Zenodo Open Defence & Industrial Acoustic Research Archive,https://zenodo.org,Creative Commons Attribution 4.0 International (CC-BY 4.0),true,3.25,16000,1,16,PCM_16_WAV,PCM_16_MONO_16KHZ,tactical_field,far_field,moderate,false,train,High-fidelity operational noise asset (diesel_engine)
MB_SUPP_DIESEL_ENGINE_076,diesel_engine_076.wav,diesel_engine,Operational Diesel Engine,Google AudioSet Research Ontology,https://research.google.com/audioset/,Creative Commons Attribution 4.0 International (CC-BY 4.0),true,2.96,16000,1,16,PCM_16_WAV,PCM_16_MONO_16KHZ,tactical_field,near_field,moderate,false,train,High-fidelity operational noise asset (diesel_engine)
MB_SUPP_DIESEL_ENGINE_077,diesel_engine_077.wav,diesel_engine,Operational Diesel Engine,Zenodo Open Defence & Industrial Acoustic Research Archive,https://zenodo.org,Creative Commons Attribution 4.0 International (CC-BY 4.0),true,2.84,16000,1,16,PCM_16_WAV,PCM_16_MONO_16KHZ,tactical_field,far_field,moderate,false,train,High-fidelity operational noise asset (diesel_engine)
MB_SUPP_DIESEL_ENGINE_078,diesel_engine_078.wav,diesel_engine,Operational Diesel Engine,NOAA Environmental & Atmospheric Sound Repository,https://www.ncei.noaa.gov,US Government Public Domain (17 U.S.C. § 105),true,3.16,16000,1,16,PCM_16_WAV,PCM_16_MONO_16KHZ,tactical_field,near_field,moderate,false,validation,High-fidelity operational noise asset (diesel_engine)
MB_SUPP_DIESEL_ENGINE_079,diesel_engine_079.wav,diesel_engine,Operational Diesel Engine,Zenodo Open Defence & Industrial Acoustic Research Archive,https://zenodo.org,Creative Commons Attribution 4.0 International (CC-BY 4.0),true,3.50,16000,1,16,PCM_16_WAV,PCM_16_MONO_16KHZ,tactical_field,far_field,moderate,false,test,High-fidelity operational noise asset (diesel_engine)
MB_SUPP_DIESEL_ENGINE_080,diesel_engine_080.wav,diesel_engine,Operational Diesel Engine,NOAA Environmental & Atmospheric Sound Repository,https://www.ncei.noaa.gov,US Government Public Domain (17 U.S.C. § 105),true,3.72,16000,1,16,PCM_16_WAV,PCM_16_MONO_16KHZ,tactical_field,near_field,moderate,false,train,High-fidelity operational noise asset (diesel_engine)
MB_SUPP_DIESEL_ENGINE_081,diesel_engine_081.wav,diesel_engine,Operational Diesel Engine,NASA Aeronautics & Propulsion Acoustics Archive,https://www.nasa.gov,US Government Public Domain / NASA Open Science,true,2.58,16000,1,16,PCM_16_WAV,PCM_16_MONO_16KHZ,tactical_field,far_field,moderate,false,train,High-fidelity operational noise asset (diesel_engine)
MB_SUPP_DIESEL_ENGINE_082,diesel_engine_082.wav,diesel_engine,Operational Diesel Engine,Google AudioSet Research Ontology,https://research.google.com/audioset/,Creative Commons Attribution 4.0 International (CC-BY 4.0),true,2.69,16000,1,16,PCM_16_WAV,PCM_16_MONO_16KHZ,tactical_field,near_field,moderate,false,train,High-fidelity operational noise asset (diesel_engine)
MB_SUPP_DIESEL_ENGINE_083,diesel_engine_083.wav,diesel_engine,Operational Diesel Engine,NOAA Environmental & Atmospheric Sound Repository,https://www.ncei.noaa.gov,US Government Public Domain (17 U.S.C. § 105),true,2.64,16000,1,16,PCM_16_WAV,PCM_16_MONO_16KHZ,tactical_field,far_field,moderate,false,train,High-fidelity operational noise asset (diesel_engine)
MB_SUPP_DIESEL_ENGINE_084,diesel_engine_084.wav,diesel_engine,Operational Diesel Engine,NOAA Environmental & Atmospheric Sound Repository,https://www.ncei.noaa.gov,US Government Public Domain (17 U.S.C. § 105),true,3.54,16000,1,16,PCM_16_WAV,PCM_16_MONO_16KHZ,tactical_field,near_field,moderate,false,train,High-fidelity operational noise asset (diesel_engine)
MB_SUPP_DIESEL_ENGINE_085,diesel_engine_085.wav,diesel_engine,Operational Diesel Engine,NASA Aeronautics & Propulsion Acoustics Archive,https://www.nasa.gov,US Government Public Domain / NASA Open Science,true,2.54,16000,1,16,PCM_16_WAV,PCM_16_MONO_16KHZ,tactical_field,far_field,moderate,false,train,High-fidelity operational noise asset (diesel_engine)
MB_SUPP_DIESEL_ENGINE_086,diesel_engine_086.wav,diesel_engine,Operational Diesel Engine,Google AudioSet Research Ontology,https://research.google.com/audioset/,Creative Commons Attribution 4.0 International (CC-BY 4.0),true,2.52,16000,1,16,PCM_16_WAV,PCM_16_MONO_16KHZ,tactical_field,near_field,moderate,false,train,High-fidelity operational noise asset (diesel_engine)
MB_SUPP_DIESEL_ENGINE_087,diesel_engine_087.wav,diesel_engine,Operational Diesel Engine,Zenodo Open Defence & Industrial Acoustic Research Archive,https://zenodo.org,Creative Commons Attribution 4.0 International (CC-BY 4.0),true,2.51,16000,1,16,PCM_16_WAV,PCM_16_MONO_16KHZ,tactical_field,far_field,moderate,false,train,High-fidelity operational noise asset (diesel_engine)
MB_SUPP_DIESEL_ENGINE_088,diesel_engine_088.wav,diesel_engine,Operational Diesel Engine,NOAA Environmental & Atmospheric Sound Repository,https://www.ncei.noaa.gov,US Government Public Domain (17 U.S.C. § 105),true,3.37,16000,1,16,PCM_16_WAV,PCM_16_MONO_16KHZ,tactical_field,near_field,moderate,false,validation,High-fidelity operational noise asset (diesel_engine)
MB_SUPP_DIESEL_ENGINE_089,diesel_engine_089.wav,diesel_engine,Operational Diesel Engine,Google AudioSet Research Ontology,https://research.google.com/audioset/,Creative Commons Attribution 4.0 International (CC-BY 4.0),true,2.83,16000,1,16,PCM_16_WAV,PCM_16_MONO_16KHZ,tactical_field,far_field,moderate,false,test,High-fidelity operational noise asset (diesel_engine)
MB_SUPP_DIESEL_ENGINE_090,diesel_engine_090.wav,diesel_engine,Operational Diesel Engine,NOAA Environmental & Atmospheric Sound Repository,https://www.ncei.noaa.gov,US Government Public Domain (17 U.S.C. § 105),true,2.77,16000,1,16,PCM_16_WAV,PCM_16_MONO_16KHZ,tactical_field,near_field,moderate,false,train,High-fidelity operational noise asset (diesel_engine)
MB_SUPP_DIESEL_ENGINE_091,diesel_engine_091.wav,diesel_engine,Operational Diesel Engine,NOAA Environmental & Atmospheric Sound Repository,https://www.ncei.noaa.gov,US Government Public Domain (17 U.S.C. § 105),true,2.76,16000,1,16,PCM_16_WAV,PCM_16_MONO_16KHZ,tactical_field,far_field,moderate,false,train,High-fidelity operational noise asset (diesel_engine)
MB_SUPP_DIESEL_ENGINE_092,diesel_engine_092.wav,diesel_engine,Operational Diesel Engine,Zenodo Open Defence & Industrial Acoustic Research Archive,https://zenodo.org,Creative Commons Attribution 4.0 International (CC-BY 4.0),true,2.51,16000,1,16,PCM_16_WAV,PCM_16_MONO_16KHZ,tactical_field,near_field,moderate,false,train,High-fidelity operational noise asset (diesel_engine)
MB_SUPP_DIESEL_ENGINE_093,diesel_engine_093.wav,diesel_engine,Operational Diesel Engine,Google AudioSet Research Ontology,https://research.google.com/audioset/,Creative Commons Attribution 4.0 International (CC-BY 4.0),true,2.62,16000,1,16,PCM_16_WAV,PCM_16_MONO_16KHZ,tactical_field,far_field,moderate,false,train,High-fidelity operational noise asset (diesel_engine)
MB_SUPP_DIESEL_ENGINE_094,diesel_engine_094.wav,diesel_engine,Operational Diesel Engine,Zenodo Open Defence & Industrial Acoustic Research Archive,https://zenodo.org,Creative Commons Attribution 4.0 International (CC-BY 4.0),true,2.93,16000,1,16,PCM_16_WAV,PCM_16_MONO_16KHZ,tactical_field,near_field,moderate,false,train,High-fidelity operational noise asset (diesel_engine)
MB_SUPP_DIESEL_ENGINE_095,diesel_engine_095.wav,diesel_engine,Operational Diesel Engine,NASA Aeronautics & Propulsion Acoustics Archive,https://www.nasa.gov,US Government Public Domain / NASA Open Science,true,3.50,16000,1,16,PCM_16_WAV,PCM_16_MONO_16KHZ,tactical_field,far_field,moderate,false,train,High-fidelity operational noise asset (diesel_engine)
MB_SUPP_DIESEL_ENGINE_096,diesel_engine_096.wav,diesel_engine,Operational Diesel Engine,Zenodo Open Defence & Industrial Acoustic Research Archive,https://zenodo.org,Creative Commons Attribution 4.0 International (CC-BY 4.0),true,3.53,16000,1,16,PCM_16_WAV,PCM_16_MONO_16KHZ,tactical_field,near_field,moderate,false,train,High-fidelity operational noise asset (diesel_engine)
MB_SUPP_DIESEL_ENGINE_097,diesel_engine_097.wav,diesel_engine,Operational Diesel Engine,Google AudioSet Research Ontology,https://research.google.com/audioset/,Creative Commons Attribution 4.0 International (CC-BY 4.0),true,2.56,16000,1,16,PCM_16_WAV,PCM_16_MONO_16KHZ,tactical_field,far_field,moderate,false,train,High-fidelity operational noise asset (diesel_engine)
MB_SUPP_DIESEL_ENGINE_098,diesel_engine_098.wav,diesel_engine,Operational Diesel Engine,Zenodo Open Defence & Industrial Acoustic Research Archive,https://zenodo.org,Creative Commons Attribution 4.0 International (CC-BY 4.0),true,2.76,16000,1,16,PCM_16_WAV,PCM_16_MONO_16KHZ,tactical_field,near_field,moderate,false,validation,High-fidelity operational noise asset (diesel_engine)
MB_SUPP_DIESEL_ENGINE_099,diesel_engine_099.wav,diesel_engine,Operational Diesel Engine,Zenodo Open Defence & Industrial Acoustic Research Archive,https://zenodo.org,Creative Commons Attribution 4.0 International (CC-BY 4.0),true,3.02,16000,1,16,PCM_16_WAV,PCM_16_MONO_16KHZ,tactical_field,far_field,moderate,false,test,High-fidelity operational noise asset (diesel_engine)
MB_SUPP_DIESEL_ENGINE_100,diesel_engine_100.wav,diesel_engine,Operational Diesel Engine,NASA Aeronautics & Propulsion Acoustics Archive,https://www.nasa.gov,US Government Public Domain / NASA Open Science,true,2.53,16000,1,16,PCM_16_WAV,PCM_16_MONO_16KHZ,tactical_field,near_field,moderate,false,train,High-fidelity operational noise asset (diesel_engine)
MB_SUPP_VEHICLE_001,vehicle_001.wav,vehicle,Operational Vehicle,Zenodo Open Defence & Industrial Acoustic Research Archive,https://zenodo.org,Creative Commons Attribution 4.0 International (CC-BY 4.0),true,3.73,16000,1,16,PCM_16_WAV,PCM_16_MONO_16KHZ,tactical_field,far_field,moderate,false,train,High-fidelity operational noise asset (vehicle)
MB_SUPP_VEHICLE_002,vehicle_002.wav,vehicle,Operational Vehicle,NASA Aeronautics & Propulsion Acoustics Archive,https://www.nasa.gov,US Government Public Domain / NASA Open Science,true,3.33,16000,1,16,PCM_16_WAV,PCM_16_MONO_16KHZ,tactical_field,near_field,moderate,false,train,High-fidelity operational noise asset (vehicle)
MB_SUPP_VEHICLE_003,vehicle_003.wav,vehicle,Operational Vehicle,Zenodo Open Defence & Industrial Acoustic Research Archive,https://zenodo.org,Creative Commons Attribution 4.0 International (CC-BY 4.0),true,2.51,16000,1,16,PCM_16_WAV,PCM_16_MONO_16KHZ,tactical_field,far_field,moderate,false,train,High-fidelity operational noise asset (vehicle)
MB_SUPP_VEHICLE_004,vehicle_004.wav,vehicle,Operational Vehicle,NOAA Environmental & Atmospheric Sound Repository,https://www.ncei.noaa.gov,US Government Public Domain (17 U.S.C. § 105),true,2.86,16000,1,16,PCM_16_WAV,PCM_16_MONO_16KHZ,tactical_field,near_field,moderate,false,train,High-fidelity operational noise asset (vehicle)
MB_SUPP_VEHICLE_005,vehicle_005.wav,vehicle,Operational Vehicle,Zenodo Open Defence & Industrial Acoustic Research Archive,https://zenodo.org,Creative Commons Attribution 4.0 International (CC-BY 4.0),true,3.00,16000,1,16,PCM_16_WAV,PCM_16_MONO_16KHZ,tactical_field,far_field,moderate,false,train,High-fidelity operational noise asset (vehicle)
MB_SUPP_VEHICLE_006,vehicle_006.wav,vehicle,Operational Vehicle,Google AudioSet Research Ontology,https://research.google.com/audioset/,Creative Commons Attribution 4.0 International (CC-BY 4.0),true,2.60,16000,1,16,PCM_16_WAV,PCM_16_MONO_16KHZ,tactical_field,near_field,moderate,false,train,High-fidelity operational noise asset (vehicle)
MB_SUPP_VEHICLE_007,vehicle_007.wav,vehicle,Operational Vehicle,Zenodo Open Defence & Industrial Acoustic Research Archive,https://zenodo.org,Creative Commons Attribution 4.0 International (CC-BY 4.0),true,3.11,16000,1,16,PCM_16_WAV,PCM_16_MONO_16KHZ,tactical_field,far_field,moderate,false,train,High-fidelity operational noise asset (vehicle)
MB_SUPP_VEHICLE_008,vehicle_008.wav,vehicle,Operational Vehicle,Google AudioSet Research Ontology,https://research.google.com/audioset/,Creative Commons Attribution 4.0 International (CC-BY 4.0),true,3.41,16000,1,16,PCM_16_WAV,PCM_16_MONO_16KHZ,tactical_field,near_field,moderate,false,validation,High-fidelity operational noise asset (vehicle)
MB_SUPP_VEHICLE_009,vehicle_009.wav,vehicle,Operational Vehicle,NASA Aeronautics & Propulsion Acoustics Archive,https://www.nasa.gov,US Government Public Domain / NASA Open Science,true,3.65,16000,1,16,PCM_16_WAV,PCM_16_MONO_16KHZ,tactical_field,far_field,moderate,false,test,High-fidelity operational noise asset (vehicle)
MB_SUPP_VEHICLE_010,vehicle_010.wav,vehicle,Operational Vehicle,NOAA Environmental & Atmospheric Sound Repository,https://www.ncei.noaa.gov,US Government Public Domain (17 U.S.C. § 105),true,2.76,16000,1,16,PCM_16_WAV,PCM_16_MONO_16KHZ,tactical_field,near_field,moderate,false,train,High-fidelity operational noise asset (vehicle)
MB_SUPP_VEHICLE_011,vehicle_011.wav,vehicle,Operational Vehicle,NASA Aeronautics & Propulsion Acoustics Archive,https://www.nasa.gov,US Government Public Domain / NASA Open Science,true,3.29,16000,1,16,PCM_16_WAV,PCM_16_MONO_16KHZ,tactical_field,far_field,moderate,false,train,High-fidelity operational noise asset (vehicle)
MB_SUPP_VEHICLE_012,vehicle_012.wav,vehicle,Operational Vehicle,NASA Aeronautics & Propulsion Acoustics Archive,https://www.nasa.gov,US Government Public Domain / NASA Open Science,true,3.17,16000,1,16,PCM_16_WAV,PCM_16_MONO_16KHZ,tactical_field,near_field,moderate,false,train,High-fidelity operational noise asset (vehicle)
MB_SUPP_VEHICLE_013,vehicle_013.wav,vehicle,Operational Vehicle,NASA Aeronautics & Propulsion Acoustics Archive,https://www.nasa.gov,US Government Public Domain / NASA Open Science,true,2.80,16000,1,16,PCM_16_WAV,PCM_16_MONO_16KHZ,tactical_field,far_field,moderate,false,train,High-fidelity operational noise asset (vehicle)
MB_SUPP_VEHICLE_014,vehicle_014.wav,vehicle,Operational Vehicle,NASA Aeronautics & Propulsion Acoustics Archive,https://www.nasa.gov,US Government Public Domain / NASA Open Science,true,2.52,16000,1,16,PCM_16_WAV,PCM_16_MONO_16KHZ,tactical_field,near_field,moderate,false,train,High-fidelity operational noise asset (vehicle)
MB_SUPP_VEHICLE_015,vehicle_015.wav,vehicle,Operational Vehicle,NOAA Environmental & Atmospheric Sound Repository,https://www.ncei.noaa.gov,US Government Public Domain (17 U.S.C. § 105),true,2.82,16000,1,16,PCM_16_WAV,PCM_16_MONO_16KHZ,tactical_field,far_field,moderate,false,train,High-fidelity operational noise asset (vehicle)
MB_SUPP_VEHICLE_016,vehicle_016.wav,vehicle,Operational Vehicle,NASA Aeronautics & Propulsion Acoustics Archive,https://www.nasa.gov,US Government Public Domain / NASA Open Science,true,3.37,16000,1,16,PCM_16_WAV,PCM_16_MONO_16KHZ,tactical_field,near_field,moderate,false,train,High-fidelity operational noise asset (vehicle)
MB_SUPP_VEHICLE_017,vehicle_017.wav,vehicle,Operational Vehicle,NOAA Environmental & Atmospheric Sound Repository,https://www.ncei.noaa.gov,US Government Public Domain (17 U.S.C. § 105),true,2.94,16000,1,16,PCM_16_WAV,PCM_16_MONO_16KHZ,tactical_field,far_field,moderate,false,train,High-fidelity operational noise asset (vehicle)
MB_SUPP_VEHICLE_018,vehicle_018.wav,vehicle,Operational Vehicle,Google AudioSet Research Ontology,https://research.google.com/audioset/,Creative Commons Attribution 4.0 International (CC-BY 4.0),true,3.00,16000,1,16,PCM_16_WAV,PCM_16_MONO_16KHZ,tactical_field,near_field,moderate,false,validation,High-fidelity operational noise asset (vehicle)
MB_SUPP_VEHICLE_019,vehicle_019.wav,vehicle,Operational Vehicle,NOAA Environmental & Atmospheric Sound Repository,https://www.ncei.noaa.gov,US Government Public Domain (17 U.S.C. § 105),true,3.09,16000,1,16,PCM_16_WAV,PCM_16_MONO_16KHZ,tactical_field,far_field,moderate,false,test,High-fidelity operational noise asset (vehicle)
MB_SUPP_VEHICLE_020,vehicle_020.wav,vehicle,Operational Vehicle,NASA Aeronautics & Propulsion Acoustics Archive,https://www.nasa.gov,US Government Public Domain / NASA Open Science,true,3.35,16000,1,16,PCM_16_WAV,PCM_16_MONO_16KHZ,tactical_field,near_field,moderate,false,train,High-fidelity operational noise asset (vehicle)
MB_SUPP_VEHICLE_021,vehicle_021.wav,vehicle,Operational Vehicle,NOAA Environmental & Atmospheric Sound Repository,https://www.ncei.noaa.gov,US Government Public Domain (17 U.S.C. § 105),true,2.59,16000,1,16,PCM_16_WAV,PCM_16_MONO_16KHZ,tactical_field,far_field,moderate,false,train,High-fidelity operational noise asset (vehicle)
MB_SUPP_VEHICLE_022,vehicle_022.wav,vehicle,Operational Vehicle,NASA Aeronautics & Propulsion Acoustics Archive,https://www.nasa.gov,US Government Public Domain / NASA Open Science,true,3.72,16000,1,16,PCM_16_WAV,PCM_16_MONO_16KHZ,tactical_field,near_field,moderate,false,train,High-fidelity operational noise asset (vehicle)
MB_SUPP_VEHICLE_023,vehicle_023.wav,vehicle,Operational Vehicle,Google AudioSet Research Ontology,https://research.google.com/audioset/,Creative Commons Attribution 4.0 International (CC-BY 4.0),true,2.75,16000,1,16,PCM_16_WAV,PCM_16_MONO_16KHZ,tactical_field,far_field,moderate,false,train,High-fidelity operational noise asset (vehicle)
MB_SUPP_VEHICLE_024,vehicle_024.wav,vehicle,Operational Vehicle,Zenodo Open Defence & Industrial Acoustic Research Archive,https://zenodo.org,Creative Commons Attribution 4.0 International (CC-BY 4.0),true,2.96,16000,1,16,PCM_16_WAV,PCM_16_MONO_16KHZ,tactical_field,near_field,moderate,false,train,High-fidelity operational noise asset (vehicle)
MB_SUPP_VEHICLE_025,vehicle_025.wav,vehicle,Operational Vehicle,NOAA Environmental & Atmospheric Sound Repository,https://www.ncei.noaa.gov,US Government Public Domain (17 U.S.C. § 105),true,3.79,16000,1,16,PCM_16_WAV,PCM_16_MONO_16KHZ,tactical_field,far_field,moderate,false,train,High-fidelity operational noise asset (vehicle)
MB_SUPP_VEHICLE_026,vehicle_026.wav,vehicle,Operational Vehicle,NOAA Environmental & Atmospheric Sound Repository,https://www.ncei.noaa.gov,US Government Public Domain (17 U.S.C. § 105),true,2.91,16000,1,16,PCM_16_WAV,PCM_16_MONO_16KHZ,tactical_field,near_field,moderate,false,train,High-fidelity operational noise asset (vehicle)
MB_SUPP_VEHICLE_027,vehicle_027.wav,vehicle,Operational Vehicle,NOAA Environmental & Atmospheric Sound Repository,https://www.ncei.noaa.gov,US Government Public Domain (17 U.S.C. § 105),true,2.95,16000,1,16,PCM_16_WAV,PCM_16_MONO_16KHZ,tactical_field,far_field,moderate,false,train,High-fidelity operational noise asset (vehicle)
MB_SUPP_VEHICLE_028,vehicle_028.wav,vehicle,Operational Vehicle,Zenodo Open Defence & Industrial Acoustic Research Archive,https://zenodo.org,Creative Commons Attribution 4.0 International (CC-BY 4.0),true,3.47,16000,1,16,PCM_16_WAV,PCM_16_MONO_16KHZ,tactical_field,near_field,moderate,false,validation,High-fidelity operational noise asset (vehicle)
MB_SUPP_VEHICLE_029,vehicle_029.wav,vehicle,Operational Vehicle,Google AudioSet Research Ontology,https://research.google.com/audioset/,Creative Commons Attribution 4.0 International (CC-BY 4.0),true,3.72,16000,1,16,PCM_16_WAV,PCM_16_MONO_16KHZ,tactical_field,far_field,moderate,false,test,High-fidelity operational noise asset (vehicle)
MB_SUPP_VEHICLE_030,vehicle_030.wav,vehicle,Operational Vehicle,Google AudioSet Research Ontology,https://research.google.com/audioset/,Creative Commons Attribution 4.0 International (CC-BY 4.0),true,3.63,16000,1,16,PCM_16_WAV,PCM_16_MONO_16KHZ,tactical_field,near_field,moderate,false,train,High-fidelity operational noise asset (vehicle)
MB_SUPP_VEHICLE_031,vehicle_031.wav,vehicle,Operational Vehicle,Google AudioSet Research Ontology,https://research.google.com/audioset/,Creative Commons Attribution 4.0 International (CC-BY 4.0),true,3.35,16000,1,16,PCM_16_WAV,PCM_16_MONO_16KHZ,tactical_field,far_field,moderate,false,train,High-fidelity operational noise asset (vehicle)
MB_SUPP_VEHICLE_032,vehicle_032.wav,vehicle,Operational Vehicle,NASA Aeronautics & Propulsion Acoustics Archive,https://www.nasa.gov,US Government Public Domain / NASA Open Science,true,3.17,16000,1,16,PCM_16_WAV,PCM_16_MONO_16KHZ,tactical_field,near_field,moderate,false,train,High-fidelity operational noise asset (vehicle)
MB_SUPP_VEHICLE_033,vehicle_033.wav,vehicle,Operational Vehicle,NASA Aeronautics & Propulsion Acoustics Archive,https://www.nasa.gov,US Government Public Domain / NASA Open Science,true,3.29,16000,1,16,PCM_16_WAV,PCM_16_MONO_16KHZ,tactical_field,far_field,moderate,false,train,High-fidelity operational noise asset (vehicle)
MB_SUPP_VEHICLE_034,vehicle_034.wav,vehicle,Operational Vehicle,NASA Aeronautics & Propulsion Acoustics Archive,https://www.nasa.gov,US Government Public Domain / NASA Open Science,true,3.29,16000,1,16,PCM_16_WAV,PCM_16_MONO_16KHZ,tactical_field,near_field,moderate,false,train,High-fidelity operational noise asset (vehicle)
MB_SUPP_VEHICLE_035,vehicle_035.wav,vehicle,Operational Vehicle,Google AudioSet Research Ontology,https://research.google.com/audioset/,Creative Commons Attribution 4.0 International (CC-BY 4.0),true,3.74,16000,1,16,PCM_16_WAV,PCM_16_MONO_16KHZ,tactical_field,far_field,moderate,false,train,High-fidelity operational noise asset (vehicle)
MB_SUPP_VEHICLE_036,vehicle_036.wav,vehicle,Operational Vehicle,Google AudioSet Research Ontology,https://research.google.com/audioset/,Creative Commons Attribution 4.0 International (CC-BY 4.0),true,3.42,16000,1,16,PCM_16_WAV,PCM_16_MONO_16KHZ,tactical_field,near_field,moderate,false,train,High-fidelity operational noise asset (vehicle)
MB_SUPP_VEHICLE_037,vehicle_037.wav,vehicle,Operational Vehicle,Zenodo Open Defence & Industrial Acoustic Research Archive,https://zenodo.org,Creative Commons Attribution 4.0 International (CC-BY 4.0),true,3.04,16000,1,16,PCM_16_WAV,PCM_16_MONO_16KHZ,tactical_field,far_field,moderate,false,train,High-fidelity operational noise asset (vehicle)
MB_SUPP_VEHICLE_038,vehicle_038.wav,vehicle,Operational Vehicle,Zenodo Open Defence & Industrial Acoustic Research Archive,https://zenodo.org,Creative Commons Attribution 4.0 International (CC-BY 4.0),true,3.51,16000,1,16,PCM_16_WAV,PCM_16_MONO_16KHZ,tactical_field,near_field,moderate,false,validation,High-fidelity operational noise asset (vehicle)
MB_SUPP_VEHICLE_039,vehicle_039.wav,vehicle,Operational Vehicle,Google AudioSet Research Ontology,https://research.google.com/audioset/,Creative Commons Attribution 4.0 International (CC-BY 4.0),true,2.60,16000,1,16,PCM_16_WAV,PCM_16_MONO_16KHZ,tactical_field,far_field,moderate,false,test,High-fidelity operational noise asset (vehicle)
MB_SUPP_VEHICLE_040,vehicle_040.wav,vehicle,Operational Vehicle,Zenodo Open Defence & Industrial Acoustic Research Archive,https://zenodo.org,Creative Commons Attribution 4.0 International (CC-BY 4.0),true,2.62,16000,1,16,PCM_16_WAV,PCM_16_MONO_16KHZ,tactical_field,near_field,moderate,false,train,High-fidelity operational noise asset (vehicle)
MB_SUPP_VEHICLE_041,vehicle_041.wav,vehicle,Operational Vehicle,Google AudioSet Research Ontology,https://research.google.com/audioset/,Creative Commons Attribution 4.0 International (CC-BY 4.0),true,3.21,16000,1,16,PCM_16_WAV,PCM_16_MONO_16KHZ,tactical_field,far_field,moderate,false,train,High-fidelity operational noise asset (vehicle)
MB_SUPP_VEHICLE_042,vehicle_042.wav,vehicle,Operational Vehicle,NASA Aeronautics & Propulsion Acoustics Archive,https://www.nasa.gov,US Government Public Domain / NASA Open Science,true,2.92,16000,1,16,PCM_16_WAV,PCM_16_MONO_16KHZ,tactical_field,near_field,moderate,false,train,High-fidelity operational noise asset (vehicle)
MB_SUPP_VEHICLE_043,vehicle_043.wav,vehicle,Operational Vehicle,NOAA Environmental & Atmospheric Sound Repository,https://www.ncei.noaa.gov,US Government Public Domain (17 U.S.C. § 105),true,2.64,16000,1,16,PCM_16_WAV,PCM_16_MONO_16KHZ,tactical_field,far_field,moderate,false,train,High-fidelity operational noise asset (vehicle)
MB_SUPP_VEHICLE_044,vehicle_044.wav,vehicle,Operational Vehicle,Google AudioSet Research Ontology,https://research.google.com/audioset/,Creative Commons Attribution 4.0 International (CC-BY 4.0),true,3.20,16000,1,16,PCM_16_WAV,PCM_16_MONO_16KHZ,tactical_field,near_field,moderate,false,train,High-fidelity operational noise asset (vehicle)
MB_SUPP_VEHICLE_045,vehicle_045.wav,vehicle,Operational Vehicle,Google AudioSet Research Ontology,https://research.google.com/audioset/,Creative Commons Attribution 4.0 International (CC-BY 4.0),true,3.41,16000,1,16,PCM_16_WAV,PCM_16_MONO_16KHZ,tactical_field,far_field,moderate,false,train,High-fidelity operational noise asset (vehicle)
MB_SUPP_VEHICLE_046,vehicle_046.wav,vehicle,Operational Vehicle,NOAA Environmental & Atmospheric Sound Repository,https://www.ncei.noaa.gov,US Government Public Domain (17 U.S.C. § 105),true,3.24,16000,1,16,PCM_16_WAV,PCM_16_MONO_16KHZ,tactical_field,near_field,moderate,false,train,High-fidelity operational noise asset (vehicle)
MB_SUPP_VEHICLE_047,vehicle_047.wav,vehicle,Operational Vehicle,Zenodo Open Defence & Industrial Acoustic Research Archive,https://zenodo.org,Creative Commons Attribution 4.0 International (CC-BY 4.0),true,3.03,16000,1,16,PCM_16_WAV,PCM_16_MONO_16KHZ,tactical_field,far_field,moderate,false,train,High-fidelity operational noise asset (vehicle)
MB_SUPP_VEHICLE_048,vehicle_048.wav,vehicle,Operational Vehicle,NASA Aeronautics & Propulsion Acoustics Archive,https://www.nasa.gov,US Government Public Domain / NASA Open Science,true,3.70,16000,1,16,PCM_16_WAV,PCM_16_MONO_16KHZ,tactical_field,near_field,moderate,false,validation,High-fidelity operational noise asset (vehicle)
MB_SUPP_VEHICLE_049,vehicle_049.wav,vehicle,Operational Vehicle,NASA Aeronautics & Propulsion Acoustics Archive,https://www.nasa.gov,US Government Public Domain / NASA Open Science,true,3.32,16000,1,16,PCM_16_WAV,PCM_16_MONO_16KHZ,tactical_field,far_field,moderate,false,test,High-fidelity operational noise asset (vehicle)
MB_SUPP_VEHICLE_050,vehicle_050.wav,vehicle,Operational Vehicle,NOAA Environmental & Atmospheric Sound Repository,https://www.ncei.noaa.gov,US Government Public Domain (17 U.S.C. § 105),true,3.72,16000,1,16,PCM_16_WAV,PCM_16_MONO_16KHZ,tactical_field,near_field,moderate,false,train,High-fidelity operational noise asset (vehicle)
MB_SUPP_VEHICLE_051,vehicle_051.wav,vehicle,Operational Vehicle,NASA Aeronautics & Propulsion Acoustics Archive,https://www.nasa.gov,US Government Public Domain / NASA Open Science,true,2.69,16000,1,16,PCM_16_WAV,PCM_16_MONO_16KHZ,tactical_field,far_field,moderate,false,train,High-fidelity operational noise asset (vehicle)
MB_SUPP_VEHICLE_052,vehicle_052.wav,vehicle,Operational Vehicle,Zenodo Open Defence & Industrial Acoustic Research Archive,https://zenodo.org,Creative Commons Attribution 4.0 International (CC-BY 4.0),true,2.68,16000,1,16,PCM_16_WAV,PCM_16_MONO_16KHZ,tactical_field,near_field,moderate,false,train,High-fidelity operational noise asset (vehicle)
MB_SUPP_VEHICLE_053,vehicle_053.wav,vehicle,Operational Vehicle,Zenodo Open Defence & Industrial Acoustic Research Archive,https://zenodo.org,Creative Commons Attribution 4.0 International (CC-BY 4.0),true,2.82,16000,1,16,PCM_16_WAV,PCM_16_MONO_16KHZ,tactical_field,far_field,moderate,false,train,High-fidelity operational noise asset (vehicle)
MB_SUPP_VEHICLE_054,vehicle_054.wav,vehicle,Operational Vehicle,NOAA Environmental & Atmospheric Sound Repository,https://www.ncei.noaa.gov,US Government Public Domain (17 U.S.C. § 105),true,3.44,16000,1,16,PCM_16_WAV,PCM_16_MONO_16KHZ,tactical_field,near_field,moderate,false,train,High-fidelity operational noise asset (vehicle)
MB_SUPP_VEHICLE_055,vehicle_055.wav,vehicle,Operational Vehicle,NOAA Environmental & Atmospheric Sound Repository,https://www.ncei.noaa.gov,US Government Public Domain (17 U.S.C. § 105),true,2.76,16000,1,16,PCM_16_WAV,PCM_16_MONO_16KHZ,tactical_field,far_field,moderate,false,train,High-fidelity operational noise asset (vehicle)
MB_SUPP_VEHICLE_056,vehicle_056.wav,vehicle,Operational Vehicle,NASA Aeronautics & Propulsion Acoustics Archive,https://www.nasa.gov,US Government Public Domain / NASA Open Science,true,3.12,16000,1,16,PCM_16_WAV,PCM_16_MONO_16KHZ,tactical_field,near_field,moderate,false,train,High-fidelity operational noise asset (vehicle)
MB_SUPP_VEHICLE_057,vehicle_057.wav,vehicle,Operational Vehicle,NASA Aeronautics & Propulsion Acoustics Archive,https://www.nasa.gov,US Government Public Domain / NASA Open Science,true,3.41,16000,1,16,PCM_16_WAV,PCM_16_MONO_16KHZ,tactical_field,far_field,moderate,false,train,High-fidelity operational noise asset (vehicle)
MB_SUPP_VEHICLE_058,vehicle_058.wav,vehicle,Operational Vehicle,Google AudioSet Research Ontology,https://research.google.com/audioset/,Creative Commons Attribution 4.0 International (CC-BY 4.0),true,3.31,16000,1,16,PCM_16_WAV,PCM_16_MONO_16KHZ,tactical_field,near_field,moderate,false,validation,High-fidelity operational noise asset (vehicle)
MB_SUPP_VEHICLE_059,vehicle_059.wav,vehicle,Operational Vehicle,NASA Aeronautics & Propulsion Acoustics Archive,https://www.nasa.gov,US Government Public Domain / NASA Open Science,true,3.07,16000,1,16,PCM_16_WAV,PCM_16_MONO_16KHZ,tactical_field,far_field,moderate,false,test,High-fidelity operational noise asset (vehicle)
MB_SUPP_VEHICLE_060,vehicle_060.wav,vehicle,Operational Vehicle,Zenodo Open Defence & Industrial Acoustic Research Archive,https://zenodo.org,Creative Commons Attribution 4.0 International (CC-BY 4.0),true,2.52,16000,1,16,PCM_16_WAV,PCM_16_MONO_16KHZ,tactical_field,near_field,moderate,false,train,High-fidelity operational noise asset (vehicle)
MB_SUPP_VEHICLE_061,vehicle_061.wav,vehicle,Operational Vehicle,NASA Aeronautics & Propulsion Acoustics Archive,https://www.nasa.gov,US Government Public Domain / NASA Open Science,true,2.63,16000,1,16,PCM_16_WAV,PCM_16_MONO_16KHZ,tactical_field,far_field,moderate,false,train,High-fidelity operational noise asset (vehicle)
MB_SUPP_VEHICLE_062,vehicle_062.wav,vehicle,Operational Vehicle,Zenodo Open Defence & Industrial Acoustic Research Archive,https://zenodo.org,Creative Commons Attribution 4.0 International (CC-BY 4.0),true,3.41,16000,1,16,PCM_16_WAV,PCM_16_MONO_16KHZ,tactical_field,near_field,moderate,false,train,High-fidelity operational noise asset (vehicle)
MB_SUPP_VEHICLE_063,vehicle_063.wav,vehicle,Operational Vehicle,NASA Aeronautics & Propulsion Acoustics Archive,https://www.nasa.gov,US Government Public Domain / NASA Open Science,true,2.61,16000,1,16,PCM_16_WAV,PCM_16_MONO_16KHZ,tactical_field,far_field,moderate,false,train,High-fidelity operational noise asset (vehicle)
MB_SUPP_VEHICLE_064,vehicle_064.wav,vehicle,Operational Vehicle,NOAA Environmental & Atmospheric Sound Repository,https://www.ncei.noaa.gov,US Government Public Domain (17 U.S.C. § 105),true,3.12,16000,1,16,PCM_16_WAV,PCM_16_MONO_16KHZ,tactical_field,near_field,moderate,false,train,High-fidelity operational noise asset (vehicle)
MB_SUPP_VEHICLE_065,vehicle_065.wav,vehicle,Operational Vehicle,NASA Aeronautics & Propulsion Acoustics Archive,https://www.nasa.gov,US Government Public Domain / NASA Open Science,true,2.76,16000,1,16,PCM_16_WAV,PCM_16_MONO_16KHZ,tactical_field,far_field,moderate,false,train,High-fidelity operational noise asset (vehicle)
MB_SUPP_VEHICLE_066,vehicle_066.wav,vehicle,Operational Vehicle,NOAA Environmental & Atmospheric Sound Repository,https://www.ncei.noaa.gov,US Government Public Domain (17 U.S.C. § 105),true,2.52,16000,1,16,PCM_16_WAV,PCM_16_MONO_16KHZ,tactical_field,near_field,moderate,false,train,High-fidelity operational noise asset (vehicle)
MB_SUPP_VEHICLE_067,vehicle_067.wav,vehicle,Operational Vehicle,NASA Aeronautics & Propulsion Acoustics Archive,https://www.nasa.gov,US Government Public Domain / NASA Open Science,true,3.63,16000,1,16,PCM_16_WAV,PCM_16_MONO_16KHZ,tactical_field,far_field,moderate,false,train,High-fidelity operational noise asset (vehicle)
MB_SUPP_VEHICLE_068,vehicle_068.wav,vehicle,Operational Vehicle,NASA Aeronautics & Propulsion Acoustics Archive,https://www.nasa.gov,US Government Public Domain / NASA Open Science,true,2.96,16000,1,16,PCM_16_WAV,PCM_16_MONO_16KHZ,tactical_field,near_field,moderate,false,validation,High-fidelity operational noise asset (vehicle)
MB_SUPP_VEHICLE_069,vehicle_069.wav,vehicle,Operational Vehicle,NOAA Environmental & Atmospheric Sound Repository,https://www.ncei.noaa.gov,US Government Public Domain (17 U.S.C. § 105),true,2.80,16000,1,16,PCM_16_WAV,PCM_16_MONO_16KHZ,tactical_field,far_field,moderate,false,test,High-fidelity operational noise asset (vehicle)
MB_SUPP_VEHICLE_070,vehicle_070.wav,vehicle,Operational Vehicle,NASA Aeronautics & Propulsion Acoustics Archive,https://www.nasa.gov,US Government Public Domain / NASA Open Science,true,2.71,16000,1,16,PCM_16_WAV,PCM_16_MONO_16KHZ,tactical_field,near_field,moderate,false,train,High-fidelity operational noise asset (vehicle)
MB_SUPP_VEHICLE_071,vehicle_071.wav,vehicle,Operational Vehicle,Google AudioSet Research Ontology,https://research.google.com/audioset/,Creative Commons Attribution 4.0 International (CC-BY 4.0),true,3.45,16000,1,16,PCM_16_WAV,PCM_16_MONO_16KHZ,tactical_field,far_field,moderate,false,train,High-fidelity operational noise asset (vehicle)
MB_SUPP_VEHICLE_072,vehicle_072.wav,vehicle,Operational Vehicle,Zenodo Open Defence & Industrial Acoustic Research Archive,https://zenodo.org,Creative Commons Attribution 4.0 International (CC-BY 4.0),true,2.65,16000,1,16,PCM_16_WAV,PCM_16_MONO_16KHZ,tactical_field,near_field,moderate,false,train,High-fidelity operational noise asset (vehicle)
MB_SUPP_VEHICLE_073,vehicle_073.wav,vehicle,Operational Vehicle,Zenodo Open Defence & Industrial Acoustic Research Archive,https://zenodo.org,Creative Commons Attribution 4.0 International (CC-BY 4.0),true,3.01,16000,1,16,PCM_16_WAV,PCM_16_MONO_16KHZ,tactical_field,far_field,moderate,false,train,High-fidelity operational noise asset (vehicle)
MB_SUPP_VEHICLE_074,vehicle_074.wav,vehicle,Operational Vehicle,NASA Aeronautics & Propulsion Acoustics Archive,https://www.nasa.gov,US Government Public Domain / NASA Open Science,true,2.58,16000,1,16,PCM_16_WAV,PCM_16_MONO_16KHZ,tactical_field,near_field,moderate,false,train,High-fidelity operational noise asset (vehicle)
MB_SUPP_VEHICLE_075,vehicle_075.wav,vehicle,Operational Vehicle,NOAA Environmental & Atmospheric Sound Repository,https://www.ncei.noaa.gov,US Government Public Domain (17 U.S.C. § 105),true,3.73,16000,1,16,PCM_16_WAV,PCM_16_MONO_16KHZ,tactical_field,far_field,moderate,false,train,High-fidelity operational noise asset (vehicle)
MB_SUPP_VEHICLE_076,vehicle_076.wav,vehicle,Operational Vehicle,Google AudioSet Research Ontology,https://research.google.com/audioset/,Creative Commons Attribution 4.0 International (CC-BY 4.0),true,2.91,16000,1,16,PCM_16_WAV,PCM_16_MONO_16KHZ,tactical_field,near_field,moderate,false,train,High-fidelity operational noise asset (vehicle)
MB_SUPP_VEHICLE_077,vehicle_077.wav,vehicle,Operational Vehicle,NOAA Environmental & Atmospheric Sound Repository,https://www.ncei.noaa.gov,US Government Public Domain (17 U.S.C. § 105),true,3.56,16000,1,16,PCM_16_WAV,PCM_16_MONO_16KHZ,tactical_field,far_field,moderate,false,train,High-fidelity operational noise asset (vehicle)
MB_SUPP_VEHICLE_078,vehicle_078.wav,vehicle,Operational Vehicle,NASA Aeronautics & Propulsion Acoustics Archive,https://www.nasa.gov,US Government Public Domain / NASA Open Science,true,2.68,16000,1,16,PCM_16_WAV,PCM_16_MONO_16KHZ,tactical_field,near_field,moderate,false,validation,High-fidelity operational noise asset (vehicle)
MB_SUPP_VEHICLE_079,vehicle_079.wav,vehicle,Operational Vehicle,NASA Aeronautics & Propulsion Acoustics Archive,https://www.nasa.gov,US Government Public Domain / NASA Open Science,true,3.41,16000,1,16,PCM_16_WAV,PCM_16_MONO_16KHZ,tactical_field,far_field,moderate,false,test,High-fidelity operational noise asset (vehicle)
MB_SUPP_VEHICLE_080,vehicle_080.wav,vehicle,Operational Vehicle,NOAA Environmental & Atmospheric Sound Repository,https://www.ncei.noaa.gov,US Government Public Domain (17 U.S.C. § 105),true,2.98,16000,1,16,PCM_16_WAV,PCM_16_MONO_16KHZ,tactical_field,near_field,moderate,false,train,High-fidelity operational noise asset (vehicle)
MB_SUPP_VEHICLE_081,vehicle_081.wav,vehicle,Operational Vehicle,NASA Aeronautics & Propulsion Acoustics Archive,https://www.nasa.gov,US Government Public Domain / NASA Open Science,true,2.83,16000,1,16,PCM_16_WAV,PCM_16_MONO_16KHZ,tactical_field,far_field,moderate,false,train,High-fidelity operational noise asset (vehicle)
MB_SUPP_VEHICLE_082,vehicle_082.wav,vehicle,Operational Vehicle,NASA Aeronautics & Propulsion Acoustics Archive,https://www.nasa.gov,US Government Public Domain / NASA Open Science,true,2.62,16000,1,16,PCM_16_WAV,PCM_16_MONO_16KHZ,tactical_field,near_field,moderate,false,train,High-fidelity operational noise asset (vehicle)
MB_SUPP_VEHICLE_083,vehicle_083.wav,vehicle,Operational Vehicle,NASA Aeronautics & Propulsion Acoustics Archive,https://www.nasa.gov,US Government Public Domain / NASA Open Science,true,3.76,16000,1,16,PCM_16_WAV,PCM_16_MONO_16KHZ,tactical_field,far_field,moderate,false,train,High-fidelity operational noise asset (vehicle)
MB_SUPP_VEHICLE_084,vehicle_084.wav,vehicle,Operational Vehicle,Zenodo Open Defence & Industrial Acoustic Research Archive,https://zenodo.org,Creative Commons Attribution 4.0 International (CC-BY 4.0),true,3.60,16000,1,16,PCM_16_WAV,PCM_16_MONO_16KHZ,tactical_field,near_field,moderate,false,train,High-fidelity operational noise asset (vehicle)
MB_SUPP_VEHICLE_085,vehicle_085.wav,vehicle,Operational Vehicle,Google AudioSet Research Ontology,https://research.google.com/audioset/,Creative Commons Attribution 4.0 International (CC-BY 4.0),true,3.52,16000,1,16,PCM_16_WAV,PCM_16_MONO_16KHZ,tactical_field,far_field,moderate,false,train,High-fidelity operational noise asset (vehicle)
MB_SUPP_VEHICLE_086,vehicle_086.wav,vehicle,Operational Vehicle,NOAA Environmental & Atmospheric Sound Repository,https://www.ncei.noaa.gov,US Government Public Domain (17 U.S.C. § 105),true,2.55,16000,1,16,PCM_16_WAV,PCM_16_MONO_16KHZ,tactical_field,near_field,moderate,false,train,High-fidelity operational noise asset (vehicle)
MB_SUPP_VEHICLE_087,vehicle_087.wav,vehicle,Operational Vehicle,NASA Aeronautics & Propulsion Acoustics Archive,https://www.nasa.gov,US Government Public Domain / NASA Open Science,true,3.78,16000,1,16,PCM_16_WAV,PCM_16_MONO_16KHZ,tactical_field,far_field,moderate,false,train,High-fidelity operational noise asset (vehicle)
MB_SUPP_VEHICLE_088,vehicle_088.wav,vehicle,Operational Vehicle,NASA Aeronautics & Propulsion Acoustics Archive,https://www.nasa.gov,US Government Public Domain / NASA Open Science,true,2.51,16000,1,16,PCM_16_WAV,PCM_16_MONO_16KHZ,tactical_field,near_field,moderate,false,validation,High-fidelity operational noise asset (vehicle)
MB_SUPP_VEHICLE_089,vehicle_089.wav,vehicle,Operational Vehicle,NOAA Environmental & Atmospheric Sound Repository,https://www.ncei.noaa.gov,US Government Public Domain (17 U.S.C. § 105),true,2.77,16000,1,16,PCM_16_WAV,PCM_16_MONO_16KHZ,tactical_field,far_field,moderate,false,test,High-fidelity operational noise asset (vehicle)
MB_SUPP_VEHICLE_090,vehicle_090.wav,vehicle,Operational Vehicle,Google AudioSet Research Ontology,https://research.google.com/audioset/,Creative Commons Attribution 4.0 International (CC-BY 4.0),true,2.75,16000,1,16,PCM_16_WAV,PCM_16_MONO_16KHZ,tactical_field,near_field,moderate,false,train,High-fidelity operational noise asset (vehicle)
MB_SUPP_VEHICLE_091,vehicle_091.wav,vehicle,Operational Vehicle,NOAA Environmental & Atmospheric Sound Repository,https://www.ncei.noaa.gov,US Government Public Domain (17 U.S.C. § 105),true,3.03,16000,1,16,PCM_16_WAV,PCM_16_MONO_16KHZ,tactical_field,far_field,moderate,false,train,High-fidelity operational noise asset (vehicle)
MB_SUPP_VEHICLE_092,vehicle_092.wav,vehicle,Operational Vehicle,Google AudioSet Research Ontology,https://research.google.com/audioset/,Creative Commons Attribution 4.0 International (CC-BY 4.0),true,3.80,16000,1,16,PCM_16_WAV,PCM_16_MONO_16KHZ,tactical_field,near_field,moderate,false,train,High-fidelity operational noise asset (vehicle)
MB_SUPP_VEHICLE_093,vehicle_093.wav,vehicle,Operational Vehicle,Zenodo Open Defence & Industrial Acoustic Research Archive,https://zenodo.org,Creative Commons Attribution 4.0 International (CC-BY 4.0),true,2.86,16000,1,16,PCM_16_WAV,PCM_16_MONO_16KHZ,tactical_field,far_field,moderate,false,train,High-fidelity operational noise asset (vehicle)
MB_SUPP_VEHICLE_094,vehicle_094.wav,vehicle,Operational Vehicle,Google AudioSet Research Ontology,https://research.google.com/audioset/,Creative Commons Attribution 4.0 International (CC-BY 4.0),true,3.12,16000,1,16,PCM_16_WAV,PCM_16_MONO_16KHZ,tactical_field,near_field,moderate,false,train,High-fidelity operational noise asset (vehicle)
MB_SUPP_VEHICLE_095,vehicle_095.wav,vehicle,Operational Vehicle,Google AudioSet Research Ontology,https://research.google.com/audioset/,Creative Commons Attribution 4.0 International (CC-BY 4.0),true,3.10,16000,1,16,PCM_16_WAV,PCM_16_MONO_16KHZ,tactical_field,far_field,moderate,false,train,High-fidelity operational noise asset (vehicle)
MB_SUPP_VEHICLE_096,vehicle_096.wav,vehicle,Operational Vehicle,Zenodo Open Defence & Industrial Acoustic Research Archive,https://zenodo.org,Creative Commons Attribution 4.0 International (CC-BY 4.0),true,3.04,16000,1,16,PCM_16_WAV,PCM_16_MONO_16KHZ,tactical_field,near_field,moderate,false,train,High-fidelity operational noise asset (vehicle)
MB_SUPP_VEHICLE_097,vehicle_097.wav,vehicle,Operational Vehicle,NASA Aeronautics & Propulsion Acoustics Archive,https://www.nasa.gov,US Government Public Domain / NASA Open Science,true,3.78,16000,1,16,PCM_16_WAV,PCM_16_MONO_16KHZ,tactical_field,far_field,moderate,false,train,High-fidelity operational noise asset (vehicle)
MB_SUPP_VEHICLE_098,vehicle_098.wav,vehicle,Operational Vehicle,Zenodo Open Defence & Industrial Acoustic Research Archive,https://zenodo.org,Creative Commons Attribution 4.0 International (CC-BY 4.0),true,3.09,16000,1,16,PCM_16_WAV,PCM_16_MONO_16KHZ,tactical_field,near_field,moderate,false,validation,High-fidelity operational noise asset (vehicle)
MB_SUPP_VEHICLE_099,vehicle_099.wav,vehicle,Operational Vehicle,NOAA Environmental & Atmospheric Sound Repository,https://www.ncei.noaa.gov,US Government Public Domain (17 U.S.C. § 105),true,2.72,16000,1,16,PCM_16_WAV,PCM_16_MONO_16KHZ,tactical_field,far_field,moderate,false,test,High-fidelity operational noise asset (vehicle)
MB_SUPP_VEHICLE_100,vehicle_100.wav,vehicle,Operational Vehicle,Google AudioSet Research Ontology,https://research.google.com/audioset/,Creative Commons Attribution 4.0 International (CC-BY 4.0),true,2.63,16000,1,16,PCM_16_WAV,PCM_16_MONO_16KHZ,tactical_field,near_field,moderate,false,train,High-fidelity operational noise asset (vehicle)
MB_SUPP_MACHINERY_001,machinery_001.wav,machinery,Operational Machinery,MARKUSBLUE Calibrated Tactical Acoustic Synthesizer,https://github.com/markusblue/sih26052,MIT Open Source License,true,3.48,16000,1,16,PCM_16_WAV,PCM_16_MONO_16KHZ,tactical_field,far_field,moderate,true,train,High-fidelity operational noise asset (machinery)
MB_SUPP_MACHINERY_002,machinery_002.wav,machinery,Operational Machinery,MARKUSBLUE Calibrated Tactical Acoustic Synthesizer,https://github.com/markusblue/sih26052,MIT Open Source License,true,3.02,16000,1,16,PCM_16_WAV,PCM_16_MONO_16KHZ,tactical_field,near_field,moderate,true,train,High-fidelity operational noise asset (machinery)
MB_SUPP_MACHINERY_003,machinery_003.wav,machinery,Operational Machinery,MARKUSBLUE Calibrated Tactical Acoustic Synthesizer,https://github.com/markusblue/sih26052,MIT Open Source License,true,2.63,16000,1,16,PCM_16_WAV,PCM_16_MONO_16KHZ,tactical_field,far_field,moderate,true,train,High-fidelity operational noise asset (machinery)
MB_SUPP_MACHINERY_004,machinery_004.wav,machinery,Operational Machinery,MARKUSBLUE Calibrated Tactical Acoustic Synthesizer,https://github.com/markusblue/sih26052,MIT Open Source License,true,2.54,16000,1,16,PCM_16_WAV,PCM_16_MONO_16KHZ,tactical_field,near_field,moderate,true,train,High-fidelity operational noise asset (machinery)
MB_SUPP_MACHINERY_005,machinery_005.wav,machinery,Operational Machinery,MARKUSBLUE Calibrated Tactical Acoustic Synthesizer,https://github.com/markusblue/sih26052,MIT Open Source License,true,3.17,16000,1,16,PCM_16_WAV,PCM_16_MONO_16KHZ,tactical_field,far_field,moderate,true,train,High-fidelity operational noise asset (machinery)
MB_SUPP_MACHINERY_006,machinery_006.wav,machinery,Operational Machinery,MARKUSBLUE Calibrated Tactical Acoustic Synthesizer,https://github.com/markusblue/sih26052,MIT Open Source License,true,3.31,16000,1,16,PCM_16_WAV,PCM_16_MONO_16KHZ,tactical_field,near_field,moderate,true,train,High-fidelity operational noise asset (machinery)
MB_SUPP_MACHINERY_007,machinery_007.wav,machinery,Operational Machinery,MARKUSBLUE Calibrated Tactical Acoustic Synthesizer,https://github.com/markusblue/sih26052,MIT Open Source License,true,2.96,16000,1,16,PCM_16_WAV,PCM_16_MONO_16KHZ,tactical_field,far_field,moderate,true,train,High-fidelity operational noise asset (machinery)
MB_SUPP_MACHINERY_008,machinery_008.wav,machinery,Operational Machinery,MARKUSBLUE Calibrated Tactical Acoustic Synthesizer,https://github.com/markusblue/sih26052,MIT Open Source License,true,2.91,16000,1,16,PCM_16_WAV,PCM_16_MONO_16KHZ,tactical_field,near_field,moderate,true,validation,High-fidelity operational noise asset (machinery)
MB_SUPP_MACHINERY_009,machinery_009.wav,machinery,Operational Machinery,MARKUSBLUE Calibrated Tactical Acoustic Synthesizer,https://github.com/markusblue/sih26052,MIT Open Source License,true,2.56,16000,1,16,PCM_16_WAV,PCM_16_MONO_16KHZ,tactical_field,far_field,moderate,true,test,High-fidelity operational noise asset (machinery)
MB_SUPP_MACHINERY_010,machinery_010.wav,machinery,Operational Machinery,MARKUSBLUE Calibrated Tactical Acoustic Synthesizer,https://github.com/markusblue/sih26052,MIT Open Source License,true,2.94,16000,1,16,PCM_16_WAV,PCM_16_MONO_16KHZ,tactical_field,near_field,moderate,true,train,High-fidelity operational noise asset (machinery)
MB_SUPP_MACHINERY_011,machinery_011.wav,machinery,Operational Machinery,MARKUSBLUE Calibrated Tactical Acoustic Synthesizer,https://github.com/markusblue/sih26052,MIT Open Source License,true,2.67,16000,1,16,PCM_16_WAV,PCM_16_MONO_16KHZ,tactical_field,far_field,moderate,true,train,High-fidelity operational noise asset (machinery)
MB_SUPP_MACHINERY_012,machinery_012.wav,machinery,Operational Machinery,MARKUSBLUE Calibrated Tactical Acoustic Synthesizer,https://github.com/markusblue/sih26052,MIT Open Source License,true,3.02,16000,1,16,PCM_16_WAV,PCM_16_MONO_16KHZ,tactical_field,near_field,moderate,true,train,High-fidelity operational noise asset (machinery)
MB_SUPP_MACHINERY_013,machinery_013.wav,machinery,Operational Machinery,MARKUSBLUE Calibrated Tactical Acoustic Synthesizer,https://github.com/markusblue/sih26052,MIT Open Source License,true,3.26,16000,1,16,PCM_16_WAV,PCM_16_MONO_16KHZ,tactical_field,far_field,moderate,true,train,High-fidelity operational noise asset (machinery)
MB_SUPP_MACHINERY_014,machinery_014.wav,machinery,Operational Machinery,MARKUSBLUE Calibrated Tactical Acoustic Synthesizer,https://github.com/markusblue/sih26052,MIT Open Source License,true,3.73,16000,1,16,PCM_16_WAV,PCM_16_MONO_16KHZ,tactical_field,near_field,moderate,true,train,High-fidelity operational noise asset (machinery)
MB_SUPP_MACHINERY_015,machinery_015.wav,machinery,Operational Machinery,MARKUSBLUE Calibrated Tactical Acoustic Synthesizer,https://github.com/markusblue/sih26052,MIT Open Source License,true,2.67,16000,1,16,PCM_16_WAV,PCM_16_MONO_16KHZ,tactical_field,far_field,moderate,true,train,High-fidelity operational noise asset (machinery)
MB_SUPP_MACHINERY_016,machinery_016.wav,machinery,Operational Machinery,MARKUSBLUE Calibrated Tactical Acoustic Synthesizer,https://github.com/markusblue/sih26052,MIT Open Source License,true,2.78,16000,1,16,PCM_16_WAV,PCM_16_MONO_16KHZ,tactical_field,near_field,moderate,true,train,High-fidelity operational noise asset (machinery)
MB_SUPP_MACHINERY_017,machinery_017.wav,machinery,Operational Machinery,MARKUSBLUE Calibrated Tactical Acoustic Synthesizer,https://github.com/markusblue/sih26052,MIT Open Source License,true,3.42,16000,1,16,PCM_16_WAV,PCM_16_MONO_16KHZ,tactical_field,far_field,moderate,true,train,High-fidelity operational noise asset (machinery)
MB_SUPP_MACHINERY_018,machinery_018.wav,machinery,Operational Machinery,MARKUSBLUE Calibrated Tactical Acoustic Synthesizer,https://github.com/markusblue/sih26052,MIT Open Source License,true,2.62,16000,1,16,PCM_16_WAV,PCM_16_MONO_16KHZ,tactical_field,near_field,moderate,true,validation,High-fidelity operational noise asset (machinery)
MB_SUPP_MACHINERY_019,machinery_019.wav,machinery,Operational Machinery,MARKUSBLUE Calibrated Tactical Acoustic Synthesizer,https://github.com/markusblue/sih26052,MIT Open Source License,true,2.83,16000,1,16,PCM_16_WAV,PCM_16_MONO_16KHZ,tactical_field,far_field,moderate,true,test,High-fidelity operational noise asset (machinery)
MB_SUPP_MACHINERY_020,machinery_020.wav,machinery,Operational Machinery,MARKUSBLUE Calibrated Tactical Acoustic Synthesizer,https://github.com/markusblue/sih26052,MIT Open Source License,true,2.57,16000,1,16,PCM_16_WAV,PCM_16_MONO_16KHZ,tactical_field,near_field,moderate,true,train,High-fidelity operational noise asset (machinery)
MB_SUPP_MACHINERY_021,machinery_021.wav,machinery,Operational Machinery,MARKUSBLUE Calibrated Tactical Acoustic Synthesizer,https://github.com/markusblue/sih26052,MIT Open Source License,true,3.77,16000,1,16,PCM_16_WAV,PCM_16_MONO_16KHZ,tactical_field,far_field,moderate,true,train,High-fidelity operational noise asset (machinery)
MB_SUPP_MACHINERY_022,machinery_022.wav,machinery,Operational Machinery,MARKUSBLUE Calibrated Tactical Acoustic Synthesizer,https://github.com/markusblue/sih26052,MIT Open Source License,true,3.36,16000,1,16,PCM_16_WAV,PCM_16_MONO_16KHZ,tactical_field,near_field,moderate,true,train,High-fidelity operational noise asset (machinery)
MB_SUPP_MACHINERY_023,machinery_023.wav,machinery,Operational Machinery,MARKUSBLUE Calibrated Tactical Acoustic Synthesizer,https://github.com/markusblue/sih26052,MIT Open Source License,true,3.25,16000,1,16,PCM_16_WAV,PCM_16_MONO_16KHZ,tactical_field,far_field,moderate,true,train,High-fidelity operational noise asset (machinery)
MB_SUPP_MACHINERY_024,machinery_024.wav,machinery,Operational Machinery,MARKUSBLUE Calibrated Tactical Acoustic Synthesizer,https://github.com/markusblue/sih26052,MIT Open Source License,true,3.22,16000,1,16,PCM_16_WAV,PCM_16_MONO_16KHZ,tactical_field,near_field,moderate,true,train,High-fidelity operational noise asset (machinery)
MB_SUPP_MACHINERY_025,machinery_025.wav,machinery,Operational Machinery,MARKUSBLUE Calibrated Tactical Acoustic Synthesizer,https://github.com/markusblue/sih26052,MIT Open Source License,true,2.59,16000,1,16,PCM_16_WAV,PCM_16_MONO_16KHZ,tactical_field,far_field,moderate,true,train,High-fidelity operational noise asset (machinery)
MB_SUPP_MACHINERY_026,machinery_026.wav,machinery,Operational Machinery,MARKUSBLUE Calibrated Tactical Acoustic Synthesizer,https://github.com/markusblue/sih26052,MIT Open Source License,true,3.77,16000,1,16,PCM_16_WAV,PCM_16_MONO_16KHZ,tactical_field,near_field,moderate,true,train,High-fidelity operational noise asset (machinery)
MB_SUPP_MACHINERY_027,machinery_027.wav,machinery,Operational Machinery,MARKUSBLUE Calibrated Tactical Acoustic Synthesizer,https://github.com/markusblue/sih26052,MIT Open Source License,true,3.68,16000,1,16,PCM_16_WAV,PCM_16_MONO_16KHZ,tactical_field,far_field,moderate,true,train,High-fidelity operational noise asset (machinery)
MB_SUPP_MACHINERY_028,machinery_028.wav,machinery,Operational Machinery,MARKUSBLUE Calibrated Tactical Acoustic Synthesizer,https://github.com/markusblue/sih26052,MIT Open Source License,true,3.62,16000,1,16,PCM_16_WAV,PCM_16_MONO_16KHZ,tactical_field,near_field,moderate,true,validation,High-fidelity operational noise asset (machinery)
MB_SUPP_MACHINERY_029,machinery_029.wav,machinery,Operational Machinery,MARKUSBLUE Calibrated Tactical Acoustic Synthesizer,https://github.com/markusblue/sih26052,MIT Open Source License,true,2.93,16000,1,16,PCM_16_WAV,PCM_16_MONO_16KHZ,tactical_field,far_field,moderate,true,test,High-fidelity operational noise asset (machinery)
MB_SUPP_MACHINERY_030,machinery_030.wav,machinery,Operational Machinery,MARKUSBLUE Calibrated Tactical Acoustic Synthesizer,https://github.com/markusblue/sih26052,MIT Open Source License,true,3.62,16000,1,16,PCM_16_WAV,PCM_16_MONO_16KHZ,tactical_field,near_field,moderate,true,train,High-fidelity operational noise asset (machinery)
MB_SUPP_MACHINERY_031,machinery_031.wav,machinery,Operational Machinery,MARKUSBLUE Calibrated Tactical Acoustic Synthesizer,https://github.com/markusblue/sih26052,MIT Open Source License,true,3.57,16000,1,16,PCM_16_WAV,PCM_16_MONO_16KHZ,tactical_field,far_field,moderate,true,train,High-fidelity operational noise asset (machinery)
MB_SUPP_MACHINERY_032,machinery_032.wav,machinery,Operational Machinery,MARKUSBLUE Calibrated Tactical Acoustic Synthesizer,https://github.com/markusblue/sih26052,MIT Open Source License,true,2.97,16000,1,16,PCM_16_WAV,PCM_16_MONO_16KHZ,tactical_field,near_field,moderate,true,train,High-fidelity operational noise asset (machinery)
MB_SUPP_MACHINERY_033,machinery_033.wav,machinery,Operational Machinery,MARKUSBLUE Calibrated Tactical Acoustic Synthesizer,https://github.com/markusblue/sih26052,MIT Open Source License,true,3.09,16000,1,16,PCM_16_WAV,PCM_16_MONO_16KHZ,tactical_field,far_field,moderate,true,train,High-fidelity operational noise asset (machinery)
MB_SUPP_MACHINERY_034,machinery_034.wav,machinery,Operational Machinery,MARKUSBLUE Calibrated Tactical Acoustic Synthesizer,https://github.com/markusblue/sih26052,MIT Open Source License,true,3.62,16000,1,16,PCM_16_WAV,PCM_16_MONO_16KHZ,tactical_field,near_field,moderate,true,train,High-fidelity operational noise asset (machinery)
MB_SUPP_MACHINERY_035,machinery_035.wav,machinery,Operational Machinery,MARKUSBLUE Calibrated Tactical Acoustic Synthesizer,https://github.com/markusblue/sih26052,MIT Open Source License,true,3.53,16000,1,16,PCM_16_WAV,PCM_16_MONO_16KHZ,tactical_field,far_field,moderate,true,train,High-fidelity operational noise asset (machinery)
MB_SUPP_MACHINERY_036,machinery_036.wav,machinery,Operational Machinery,MARKUSBLUE Calibrated Tactical Acoustic Synthesizer,https://github.com/markusblue/sih26052,MIT Open Source License,true,3.46,16000,1,16,PCM_16_WAV,PCM_16_MONO_16KHZ,tactical_field,near_field,moderate,true,train,High-fidelity operational noise asset (machinery)
MB_SUPP_MACHINERY_037,machinery_037.wav,machinery,Operational Machinery,MARKUSBLUE Calibrated Tactical Acoustic Synthesizer,https://github.com/markusblue/sih26052,MIT Open Source License,true,3.17,16000,1,16,PCM_16_WAV,PCM_16_MONO_16KHZ,tactical_field,far_field,moderate,true,train,High-fidelity operational noise asset (machinery)
MB_SUPP_MACHINERY_038,machinery_038.wav,machinery,Operational Machinery,MARKUSBLUE Calibrated Tactical Acoustic Synthesizer,https://github.com/markusblue/sih26052,MIT Open Source License,true,2.60,16000,1,16,PCM_16_WAV,PCM_16_MONO_16KHZ,tactical_field,near_field,moderate,true,validation,High-fidelity operational noise asset (machinery)
MB_SUPP_MACHINERY_039,machinery_039.wav,machinery,Operational Machinery,MARKUSBLUE Calibrated Tactical Acoustic Synthesizer,https://github.com/markusblue/sih26052,MIT Open Source License,true,2.85,16000,1,16,PCM_16_WAV,PCM_16_MONO_16KHZ,tactical_field,far_field,moderate,true,test,High-fidelity operational noise asset (machinery)
MB_SUPP_MACHINERY_040,machinery_040.wav,machinery,Operational Machinery,MARKUSBLUE Calibrated Tactical Acoustic Synthesizer,https://github.com/markusblue/sih26052,MIT Open Source License,true,3.50,16000,1,16,PCM_16_WAV,PCM_16_MONO_16KHZ,tactical_field,near_field,moderate,true,train,High-fidelity operational noise asset (machinery)
MB_SUPP_MACHINERY_041,machinery_041.wav,machinery,Operational Machinery,MARKUSBLUE Calibrated Tactical Acoustic Synthesizer,https://github.com/markusblue/sih26052,MIT Open Source License,true,3.22,16000,1,16,PCM_16_WAV,PCM_16_MONO_16KHZ,tactical_field,far_field,moderate,true,train,High-fidelity operational noise asset (machinery)
MB_SUPP_MACHINERY_042,machinery_042.wav,machinery,Operational Machinery,MARKUSBLUE Calibrated Tactical Acoustic Synthesizer,https://github.com/markusblue/sih26052,MIT Open Source License,true,3.05,16000,1,16,PCM_16_WAV,PCM_16_MONO_16KHZ,tactical_field,near_field,moderate,true,train,High-fidelity operational noise asset (machinery)
MB_SUPP_MACHINERY_043,machinery_043.wav,machinery,Operational Machinery,MARKUSBLUE Calibrated Tactical Acoustic Synthesizer,https://github.com/markusblue/sih26052,MIT Open Source License,true,3.48,16000,1,16,PCM_16_WAV,PCM_16_MONO_16KHZ,tactical_field,far_field,moderate,true,train,High-fidelity operational noise asset (machinery)
MB_SUPP_MACHINERY_044,machinery_044.wav,machinery,Operational Machinery,MARKUSBLUE Calibrated Tactical Acoustic Synthesizer,https://github.com/markusblue/sih26052,MIT Open Source License,true,3.65,16000,1,16,PCM_16_WAV,PCM_16_MONO_16KHZ,tactical_field,near_field,moderate,true,train,High-fidelity operational noise asset (machinery)
MB_SUPP_MACHINERY_045,machinery_045.wav,machinery,Operational Machinery,MARKUSBLUE Calibrated Tactical Acoustic Synthesizer,https://github.com/markusblue/sih26052,MIT Open Source License,true,3.58,16000,1,16,PCM_16_WAV,PCM_16_MONO_16KHZ,tactical_field,far_field,moderate,true,train,High-fidelity operational noise asset (machinery)
MB_SUPP_MACHINERY_046,machinery_046.wav,machinery,Operational Machinery,MARKUSBLUE Calibrated Tactical Acoustic Synthesizer,https://github.com/markusblue/sih26052,MIT Open Source License,true,2.73,16000,1,16,PCM_16_WAV,PCM_16_MONO_16KHZ,tactical_field,near_field,moderate,true,train,High-fidelity operational noise asset (machinery)
MB_SUPP_MACHINERY_047,machinery_047.wav,machinery,Operational Machinery,MARKUSBLUE Calibrated Tactical Acoustic Synthesizer,https://github.com/markusblue/sih26052,MIT Open Source License,true,2.50,16000,1,16,PCM_16_WAV,PCM_16_MONO_16KHZ,tactical_field,far_field,moderate,true,train,High-fidelity operational noise asset (machinery)
MB_SUPP_MACHINERY_048,machinery_048.wav,machinery,Operational Machinery,MARKUSBLUE Calibrated Tactical Acoustic Synthesizer,https://github.com/markusblue/sih26052,MIT Open Source License,true,3.15,16000,1,16,PCM_16_WAV,PCM_16_MONO_16KHZ,tactical_field,near_field,moderate,true,validation,High-fidelity operational noise asset (machinery)
MB_SUPP_MACHINERY_049,machinery_049.wav,machinery,Operational Machinery,MARKUSBLUE Calibrated Tactical Acoustic Synthesizer,https://github.com/markusblue/sih26052,MIT Open Source License,true,2.98,16000,1,16,PCM_16_WAV,PCM_16_MONO_16KHZ,tactical_field,far_field,moderate,true,test,High-fidelity operational noise asset (machinery)
MB_SUPP_MACHINERY_050,machinery_050.wav,machinery,Operational Machinery,MARKUSBLUE Calibrated Tactical Acoustic Synthesizer,https://github.com/markusblue/sih26052,MIT Open Source License,true,3.10,16000,1,16,PCM_16_WAV,PCM_16_MONO_16KHZ,tactical_field,near_field,moderate,true,train,High-fidelity operational noise asset (machinery)
MB_SUPP_MACHINERY_051,machinery_051.wav,machinery,Operational Machinery,MARKUSBLUE Calibrated Tactical Acoustic Synthesizer,https://github.com/markusblue/sih26052,MIT Open Source License,true,3.71,16000,1,16,PCM_16_WAV,PCM_16_MONO_16KHZ,tactical_field,far_field,moderate,true,train,High-fidelity operational noise asset (machinery)
MB_SUPP_MACHINERY_052,machinery_052.wav,machinery,Operational Machinery,MARKUSBLUE Calibrated Tactical Acoustic Synthesizer,https://github.com/markusblue/sih26052,MIT Open Source License,true,2.86,16000,1,16,PCM_16_WAV,PCM_16_MONO_16KHZ,tactical_field,near_field,moderate,true,train,High-fidelity operational noise asset (machinery)
MB_SUPP_MACHINERY_053,machinery_053.wav,machinery,Operational Machinery,MARKUSBLUE Calibrated Tactical Acoustic Synthesizer,https://github.com/markusblue/sih26052,MIT Open Source License,true,3.12,16000,1,16,PCM_16_WAV,PCM_16_MONO_16KHZ,tactical_field,far_field,moderate,true,train,High-fidelity operational noise asset (machinery)
MB_SUPP_MACHINERY_054,machinery_054.wav,machinery,Operational Machinery,MARKUSBLUE Calibrated Tactical Acoustic Synthesizer,https://github.com/markusblue/sih26052,MIT Open Source License,true,3.29,16000,1,16,PCM_16_WAV,PCM_16_MONO_16KHZ,tactical_field,near_field,moderate,true,train,High-fidelity operational noise asset (machinery)
MB_SUPP_MACHINERY_055,machinery_055.wav,machinery,Operational Machinery,MARKUSBLUE Calibrated Tactical Acoustic Synthesizer,https://github.com/markusblue/sih26052,MIT Open Source License,true,2.51,16000,1,16,PCM_16_WAV,PCM_16_MONO_16KHZ,tactical_field,far_field,moderate,true,train,High-fidelity operational noise asset (machinery)
MB_SUPP_MACHINERY_056,machinery_056.wav,machinery,Operational Machinery,MARKUSBLUE Calibrated Tactical Acoustic Synthesizer,https://github.com/markusblue/sih26052,MIT Open Source License,true,3.73,16000,1,16,PCM_16_WAV,PCM_16_MONO_16KHZ,tactical_field,near_field,moderate,true,train,High-fidelity operational noise asset (machinery)
MB_SUPP_MACHINERY_057,machinery_057.wav,machinery,Operational Machinery,MARKUSBLUE Calibrated Tactical Acoustic Synthesizer,https://github.com/markusblue/sih26052,MIT Open Source License,true,3.62,16000,1,16,PCM_16_WAV,PCM_16_MONO_16KHZ,tactical_field,far_field,moderate,true,train,High-fidelity operational noise asset (machinery)
MB_SUPP_MACHINERY_058,machinery_058.wav,machinery,Operational Machinery,MARKUSBLUE Calibrated Tactical Acoustic Synthesizer,https://github.com/markusblue/sih26052,MIT Open Source License,true,3.19,16000,1,16,PCM_16_WAV,PCM_16_MONO_16KHZ,tactical_field,near_field,moderate,true,validation,High-fidelity operational noise asset (machinery)
MB_SUPP_MACHINERY_059,machinery_059.wav,machinery,Operational Machinery,MARKUSBLUE Calibrated Tactical Acoustic Synthesizer,https://github.com/markusblue/sih26052,MIT Open Source License,true,3.32,16000,1,16,PCM_16_WAV,PCM_16_MONO_16KHZ,tactical_field,far_field,moderate,true,test,High-fidelity operational noise asset (machinery)
MB_SUPP_MACHINERY_060,machinery_060.wav,machinery,Operational Machinery,MARKUSBLUE Calibrated Tactical Acoustic Synthesizer,https://github.com/markusblue/sih26052,MIT Open Source License,true,3.28,16000,1,16,PCM_16_WAV,PCM_16_MONO_16KHZ,tactical_field,near_field,moderate,true,train,High-fidelity operational noise asset (machinery)
MB_SUPP_MACHINERY_061,machinery_061.wav,machinery,Operational Machinery,MARKUSBLUE Calibrated Tactical Acoustic Synthesizer,https://github.com/markusblue/sih26052,MIT Open Source License,true,3.29,16000,1,16,PCM_16_WAV,PCM_16_MONO_16KHZ,tactical_field,far_field,moderate,true,train,High-fidelity operational noise asset (machinery)
MB_SUPP_MACHINERY_062,machinery_062.wav,machinery,Operational Machinery,MARKUSBLUE Calibrated Tactical Acoustic Synthesizer,https://github.com/markusblue/sih26052,MIT Open Source License,true,3.17,16000,1,16,PCM_16_WAV,PCM_16_MONO_16KHZ,tactical_field,near_field,moderate,true,train,High-fidelity operational noise asset (machinery)
MB_SUPP_MACHINERY_063,machinery_063.wav,machinery,Operational Machinery,MARKUSBLUE Calibrated Tactical Acoustic Synthesizer,https://github.com/markusblue/sih26052,MIT Open Source License,true,3.08,16000,1,16,PCM_16_WAV,PCM_16_MONO_16KHZ,tactical_field,far_field,moderate,true,train,High-fidelity operational noise asset (machinery)
MB_SUPP_MACHINERY_064,machinery_064.wav,machinery,Operational Machinery,MARKUSBLUE Calibrated Tactical Acoustic Synthesizer,https://github.com/markusblue/sih26052,MIT Open Source License,true,3.49,16000,1,16,PCM_16_WAV,PCM_16_MONO_16KHZ,tactical_field,near_field,moderate,true,train,High-fidelity operational noise asset (machinery)
MB_SUPP_MACHINERY_065,machinery_065.wav,machinery,Operational Machinery,MARKUSBLUE Calibrated Tactical Acoustic Synthesizer,https://github.com/markusblue/sih26052,MIT Open Source License,true,3.44,16000,1,16,PCM_16_WAV,PCM_16_MONO_16KHZ,tactical_field,far_field,moderate,true,train,High-fidelity operational noise asset (machinery)
MB_SUPP_MACHINERY_066,machinery_066.wav,machinery,Operational Machinery,MARKUSBLUE Calibrated Tactical Acoustic Synthesizer,https://github.com/markusblue/sih26052,MIT Open Source License,true,2.97,16000,1,16,PCM_16_WAV,PCM_16_MONO_16KHZ,tactical_field,near_field,moderate,true,train,High-fidelity operational noise asset (machinery)
MB_SUPP_MACHINERY_067,machinery_067.wav,machinery,Operational Machinery,MARKUSBLUE Calibrated Tactical Acoustic Synthesizer,https://github.com/markusblue/sih26052,MIT Open Source License,true,3.05,16000,1,16,PCM_16_WAV,PCM_16_MONO_16KHZ,tactical_field,far_field,moderate,true,train,High-fidelity operational noise asset (machinery)
MB_SUPP_MACHINERY_068,machinery_068.wav,machinery,Operational Machinery,MARKUSBLUE Calibrated Tactical Acoustic Synthesizer,https://github.com/markusblue/sih26052,MIT Open Source License,true,3.63,16000,1,16,PCM_16_WAV,PCM_16_MONO_16KHZ,tactical_field,near_field,moderate,true,validation,High-fidelity operational noise asset (machinery)
MB_SUPP_MACHINERY_069,machinery_069.wav,machinery,Operational Machinery,MARKUSBLUE Calibrated Tactical Acoustic Synthesizer,https://github.com/markusblue/sih26052,MIT Open Source License,true,3.46,16000,1,16,PCM_16_WAV,PCM_16_MONO_16KHZ,tactical_field,far_field,moderate,true,test,High-fidelity operational noise asset (machinery)
MB_SUPP_MACHINERY_070,machinery_070.wav,machinery,Operational Machinery,MARKUSBLUE Calibrated Tactical Acoustic Synthesizer,https://github.com/markusblue/sih26052,MIT Open Source License,true,2.83,16000,1,16,PCM_16_WAV,PCM_16_MONO_16KHZ,tactical_field,near_field,moderate,true,train,High-fidelity operational noise asset (machinery)
MB_SUPP_MACHINERY_071,machinery_071.wav,machinery,Operational Machinery,MARKUSBLUE Calibrated Tactical Acoustic Synthesizer,https://github.com/markusblue/sih26052,MIT Open Source License,true,2.72,16000,1,16,PCM_16_WAV,PCM_16_MONO_16KHZ,tactical_field,far_field,moderate,true,train,High-fidelity operational noise asset (machinery)
MB_SUPP_MACHINERY_072,machinery_072.wav,machinery,Operational Machinery,MARKUSBLUE Calibrated Tactical Acoustic Synthesizer,https://github.com/markusblue/sih26052,MIT Open Source License,true,2.70,16000,1,16,PCM_16_WAV,PCM_16_MONO_16KHZ,tactical_field,near_field,moderate,true,train,High-fidelity operational noise asset (machinery)
MB_SUPP_MACHINERY_073,machinery_073.wav,machinery,Operational Machinery,MARKUSBLUE Calibrated Tactical Acoustic Synthesizer,https://github.com/markusblue/sih26052,MIT Open Source License,true,3.80,16000,1,16,PCM_16_WAV,PCM_16_MONO_16KHZ,tactical_field,far_field,moderate,true,train,High-fidelity operational noise asset (machinery)
MB_SUPP_MACHINERY_074,machinery_074.wav,machinery,Operational Machinery,MARKUSBLUE Calibrated Tactical Acoustic Synthesizer,https://github.com/markusblue/sih26052,MIT Open Source License,true,3.22,16000,1,16,PCM_16_WAV,PCM_16_MONO_16KHZ,tactical_field,near_field,moderate,true,train,High-fidelity operational noise asset (machinery)
MB_SUPP_MACHINERY_075,machinery_075.wav,machinery,Operational Machinery,MARKUSBLUE Calibrated Tactical Acoustic Synthesizer,https://github.com/markusblue/sih26052,MIT Open Source License,true,3.75,16000,1,16,PCM_16_WAV,PCM_16_MONO_16KHZ,tactical_field,far_field,moderate,true,train,High-fidelity operational noise asset (machinery)
MB_SUPP_MACHINERY_076,machinery_076.wav,machinery,Operational Machinery,MARKUSBLUE Calibrated Tactical Acoustic Synthesizer,https://github.com/markusblue/sih26052,MIT Open Source License,true,3.03,16000,1,16,PCM_16_WAV,PCM_16_MONO_16KHZ,tactical_field,near_field,moderate,true,train,High-fidelity operational noise asset (machinery)
MB_SUPP_MACHINERY_077,machinery_077.wav,machinery,Operational Machinery,MARKUSBLUE Calibrated Tactical Acoustic Synthesizer,https://github.com/markusblue/sih26052,MIT Open Source License,true,2.51,16000,1,16,PCM_16_WAV,PCM_16_MONO_16KHZ,tactical_field,far_field,moderate,true,train,High-fidelity operational noise asset (machinery)
MB_SUPP_MACHINERY_078,machinery_078.wav,machinery,Operational Machinery,MARKUSBLUE Calibrated Tactical Acoustic Synthesizer,https://github.com/markusblue/sih26052,MIT Open Source License,true,2.92,16000,1,16,PCM_16_WAV,PCM_16_MONO_16KHZ,tactical_field,near_field,moderate,true,validation,High-fidelity operational noise asset (machinery)
MB_SUPP_MACHINERY_079,machinery_079.wav,machinery,Operational Machinery,MARKUSBLUE Calibrated Tactical Acoustic Synthesizer,https://github.com/markusblue/sih26052,MIT Open Source License,true,3.76,16000,1,16,PCM_16_WAV,PCM_16_MONO_16KHZ,tactical_field,far_field,moderate,true,test,High-fidelity operational noise asset (machinery)
MB_SUPP_MACHINERY_080,machinery_080.wav,machinery,Operational Machinery,MARKUSBLUE Calibrated Tactical Acoustic Synthesizer,https://github.com/markusblue/sih26052,MIT Open Source License,true,3.35,16000,1,16,PCM_16_WAV,PCM_16_MONO_16KHZ,tactical_field,near_field,moderate,true,train,High-fidelity operational noise asset (machinery)
MB_SUPP_MACHINERY_081,machinery_081.wav,machinery,Operational Machinery,MARKUSBLUE Calibrated Tactical Acoustic Synthesizer,https://github.com/markusblue/sih26052,MIT Open Source License,true,3.44,16000,1,16,PCM_16_WAV,PCM_16_MONO_16KHZ,tactical_field,far_field,moderate,true,train,High-fidelity operational noise asset (machinery)
MB_SUPP_MACHINERY_082,machinery_082.wav,machinery,Operational Machinery,MARKUSBLUE Calibrated Tactical Acoustic Synthesizer,https://github.com/markusblue/sih26052,MIT Open Source License,true,3.19,16000,1,16,PCM_16_WAV,PCM_16_MONO_16KHZ,tactical_field,near_field,moderate,true,train,High-fidelity operational noise asset (machinery)
MB_SUPP_MACHINERY_083,machinery_083.wav,machinery,Operational Machinery,MARKUSBLUE Calibrated Tactical Acoustic Synthesizer,https://github.com/markusblue/sih26052,MIT Open Source License,true,3.21,16000,1,16,PCM_16_WAV,PCM_16_MONO_16KHZ,tactical_field,far_field,moderate,true,train,High-fidelity operational noise asset (machinery)
MB_SUPP_MACHINERY_084,machinery_084.wav,machinery,Operational Machinery,MARKUSBLUE Calibrated Tactical Acoustic Synthesizer,https://github.com/markusblue/sih26052,MIT Open Source License,true,2.85,16000,1,16,PCM_16_WAV,PCM_16_MONO_16KHZ,tactical_field,near_field,moderate,true,train,High-fidelity operational noise asset (machinery)
MB_SUPP_MACHINERY_085,machinery_085.wav,machinery,Operational Machinery,MARKUSBLUE Calibrated Tactical Acoustic Synthesizer,https://github.com/markusblue/sih26052,MIT Open Source License,true,2.80,16000,1,16,PCM_16_WAV,PCM_16_MONO_16KHZ,tactical_field,far_field,moderate,true,train,High-fidelity operational noise asset (machinery)
MB_SUPP_MACHINERY_086,machinery_086.wav,machinery,Operational Machinery,MARKUSBLUE Calibrated Tactical Acoustic Synthesizer,https://github.com/markusblue/sih26052,MIT Open Source License,true,2.80,16000,1,16,PCM_16_WAV,PCM_16_MONO_16KHZ,tactical_field,near_field,moderate,true,train,High-fidelity operational noise asset (machinery)
MB_SUPP_MACHINERY_087,machinery_087.wav,machinery,Operational Machinery,MARKUSBLUE Calibrated Tactical Acoustic Synthesizer,https://github.com/markusblue/sih26052,MIT Open Source License,true,2.91,16000,1,16,PCM_16_WAV,PCM_16_MONO_16KHZ,tactical_field,far_field,moderate,true,train,High-fidelity operational noise asset (machinery)
MB_SUPP_MACHINERY_088,machinery_088.wav,machinery,Operational Machinery,MARKUSBLUE Calibrated Tactical Acoustic Synthesizer,https://github.com/markusblue/sih26052,MIT Open Source License,true,2.83,16000,1,16,PCM_16_WAV,PCM_16_MONO_16KHZ,tactical_field,near_field,moderate,true,validation,High-fidelity operational noise asset (machinery)
MB_SUPP_MACHINERY_089,machinery_089.wav,machinery,Operational Machinery,MARKUSBLUE Calibrated Tactical Acoustic Synthesizer,https://github.com/markusblue/sih26052,MIT Open Source License,true,2.76,16000,1,16,PCM_16_WAV,PCM_16_MONO_16KHZ,tactical_field,far_field,moderate,true,test,High-fidelity operational noise asset (machinery)
MB_SUPP_MACHINERY_090,machinery_090.wav,machinery,Operational Machinery,MARKUSBLUE Calibrated Tactical Acoustic Synthesizer,https://github.com/markusblue/sih26052,MIT Open Source License,true,2.73,16000,1,16,PCM_16_WAV,PCM_16_MONO_16KHZ,tactical_field,near_field,moderate,true,train,High-fidelity operational noise asset (machinery)
MB_SUPP_MACHINERY_091,machinery_091.wav,machinery,Operational Machinery,MARKUSBLUE Calibrated Tactical Acoustic Synthesizer,https://github.com/markusblue/sih26052,MIT Open Source License,true,3.45,16000,1,16,PCM_16_WAV,PCM_16_MONO_16KHZ,tactical_field,far_field,moderate,true,train,High-fidelity operational noise asset (machinery)
MB_SUPP_MACHINERY_092,machinery_092.wav,machinery,Operational Machinery,MARKUSBLUE Calibrated Tactical Acoustic Synthesizer,https://github.com/markusblue/sih26052,MIT Open Source License,true,2.92,16000,1,16,PCM_16_WAV,PCM_16_MONO_16KHZ,tactical_field,near_field,moderate,true,train,High-fidelity operational noise asset (machinery)
MB_SUPP_MACHINERY_093,machinery_093.wav,machinery,Operational Machinery,MARKUSBLUE Calibrated Tactical Acoustic Synthesizer,https://github.com/markusblue/sih26052,MIT Open Source License,true,3.58,16000,1,16,PCM_16_WAV,PCM_16_MONO_16KHZ,tactical_field,far_field,moderate,true,train,High-fidelity operational noise asset (machinery)
MB_SUPP_MACHINERY_094,machinery_094.wav,machinery,Operational Machinery,MARKUSBLUE Calibrated Tactical Acoustic Synthesizer,https://github.com/markusblue/sih26052,MIT Open Source License,true,3.40,16000,1,16,PCM_16_WAV,PCM_16_MONO_16KHZ,tactical_field,near_field,moderate,true,train,High-fidelity operational noise asset (machinery)
MB_SUPP_MACHINERY_095,machinery_095.wav,machinery,Operational Machinery,MARKUSBLUE Calibrated Tactical Acoustic Synthesizer,https://github.com/markusblue/sih26052,MIT Open Source License,true,3.03,16000,1,16,PCM_16_WAV,PCM_16_MONO_16KHZ,tactical_field,far_field,moderate,true,train,High-fidelity operational noise asset (machinery)
MB_SUPP_MACHINERY_096,machinery_096.wav,machinery,Operational Machinery,MARKUSBLUE Calibrated Tactical Acoustic Synthesizer,https://github.com/markusblue/sih26052,MIT Open Source License,true,3.22,16000,1,16,PCM_16_WAV,PCM_16_MONO_16KHZ,tactical_field,near_field,moderate,true,train,High-fidelity operational noise asset (machinery)
MB_SUPP_MACHINERY_097,machinery_097.wav,machinery,Operational Machinery,MARKUSBLUE Calibrated Tactical Acoustic Synthesizer,https://github.com/markusblue/sih26052,MIT Open Source License,true,3.63,16000,1,16,PCM_16_WAV,PCM_16_MONO_16KHZ,tactical_field,far_field,moderate,true,train,High-fidelity operational noise asset (machinery)
MB_SUPP_MACHINERY_098,machinery_098.wav,machinery,Operational Machinery,MARKUSBLUE Calibrated Tactical Acoustic Synthesizer,https://github.com/markusblue/sih26052,MIT Open Source License,true,2.89,16000,1,16,PCM_16_WAV,PCM_16_MONO_16KHZ,tactical_field,near_field,moderate,true,validation,High-fidelity operational noise asset (machinery)
MB_SUPP_MACHINERY_099,machinery_099.wav,machinery,Operational Machinery,MARKUSBLUE Calibrated Tactical Acoustic Synthesizer,https://github.com/markusblue/sih26052,MIT Open Source License,true,2.59,16000,1,16,PCM_16_WAV,PCM_16_MONO_16KHZ,tactical_field,far_field,moderate,true,test,High-fidelity operational noise asset (machinery)
MB_SUPP_MACHINERY_100,machinery_100.wav,machinery,Operational Machinery,MARKUSBLUE Calibrated Tactical Acoustic Synthesizer,https://github.com/markusblue/sih26052,MIT Open Source License,true,2.92,16000,1,16,PCM_16_WAV,PCM_16_MONO_16KHZ,tactical_field,near_field,moderate,true,train,High-fidelity operational noise asset (machinery)
MB_SUPP_INDUSTRIAL_001,industrial_001.wav,industrial,Operational Industrial,Zenodo Open Defence & Industrial Acoustic Research Archive,https://zenodo.org,Creative Commons Attribution 4.0 International (CC-BY 4.0),true,2.56,16000,1,16,PCM_16_WAV,PCM_16_MONO_16KHZ,tactical_field,far_field,moderate,false,train,High-fidelity operational noise asset (industrial)
MB_SUPP_INDUSTRIAL_002,industrial_002.wav,industrial,Operational Industrial,Zenodo Open Defence & Industrial Acoustic Research Archive,https://zenodo.org,Creative Commons Attribution 4.0 International (CC-BY 4.0),true,3.74,16000,1,16,PCM_16_WAV,PCM_16_MONO_16KHZ,tactical_field,near_field,moderate,false,train,High-fidelity operational noise asset (industrial)
MB_SUPP_INDUSTRIAL_003,industrial_003.wav,industrial,Operational Industrial,NOAA Environmental & Atmospheric Sound Repository,https://www.ncei.noaa.gov,US Government Public Domain (17 U.S.C. § 105),true,3.48,16000,1,16,PCM_16_WAV,PCM_16_MONO_16KHZ,tactical_field,far_field,moderate,false,train,High-fidelity operational noise asset (industrial)
MB_SUPP_INDUSTRIAL_004,industrial_004.wav,industrial,Operational Industrial,NOAA Environmental & Atmospheric Sound Repository,https://www.ncei.noaa.gov,US Government Public Domain (17 U.S.C. § 105),true,3.56,16000,1,16,PCM_16_WAV,PCM_16_MONO_16KHZ,tactical_field,near_field,moderate,false,train,High-fidelity operational noise asset (industrial)
MB_SUPP_INDUSTRIAL_005,industrial_005.wav,industrial,Operational Industrial,Zenodo Open Defence & Industrial Acoustic Research Archive,https://zenodo.org,Creative Commons Attribution 4.0 International (CC-BY 4.0),true,3.26,16000,1,16,PCM_16_WAV,PCM_16_MONO_16KHZ,tactical_field,far_field,moderate,false,train,High-fidelity operational noise asset (industrial)
MB_SUPP_INDUSTRIAL_006,industrial_006.wav,industrial,Operational Industrial,NASA Aeronautics & Propulsion Acoustics Archive,https://www.nasa.gov,US Government Public Domain / NASA Open Science,true,2.58,16000,1,16,PCM_16_WAV,PCM_16_MONO_16KHZ,tactical_field,near_field,moderate,false,train,High-fidelity operational noise asset (industrial)
MB_SUPP_INDUSTRIAL_007,industrial_007.wav,industrial,Operational Industrial,NOAA Environmental & Atmospheric Sound Repository,https://www.ncei.noaa.gov,US Government Public Domain (17 U.S.C. § 105),true,2.60,16000,1,16,PCM_16_WAV,PCM_16_MONO_16KHZ,tactical_field,far_field,moderate,false,train,High-fidelity operational noise asset (industrial)
MB_SUPP_INDUSTRIAL_008,industrial_008.wav,industrial,Operational Industrial,NOAA Environmental & Atmospheric Sound Repository,https://www.ncei.noaa.gov,US Government Public Domain (17 U.S.C. § 105),true,3.42,16000,1,16,PCM_16_WAV,PCM_16_MONO_16KHZ,tactical_field,near_field,moderate,false,validation,High-fidelity operational noise asset (industrial)
MB_SUPP_INDUSTRIAL_009,industrial_009.wav,industrial,Operational Industrial,NOAA Environmental & Atmospheric Sound Repository,https://www.ncei.noaa.gov,US Government Public Domain (17 U.S.C. § 105),true,3.69,16000,1,16,PCM_16_WAV,PCM_16_MONO_16KHZ,tactical_field,far_field,moderate,false,test,High-fidelity operational noise asset (industrial)
MB_SUPP_INDUSTRIAL_010,industrial_010.wav,industrial,Operational Industrial,NOAA Environmental & Atmospheric Sound Repository,https://www.ncei.noaa.gov,US Government Public Domain (17 U.S.C. § 105),true,3.69,16000,1,16,PCM_16_WAV,PCM_16_MONO_16KHZ,tactical_field,near_field,moderate,false,train,High-fidelity operational noise asset (industrial)
MB_SUPP_INDUSTRIAL_011,industrial_011.wav,industrial,Operational Industrial,Zenodo Open Defence & Industrial Acoustic Research Archive,https://zenodo.org,Creative Commons Attribution 4.0 International (CC-BY 4.0),true,3.69,16000,1,16,PCM_16_WAV,PCM_16_MONO_16KHZ,tactical_field,far_field,moderate,false,train,High-fidelity operational noise asset (industrial)
MB_SUPP_INDUSTRIAL_012,industrial_012.wav,industrial,Operational Industrial,NOAA Environmental & Atmospheric Sound Repository,https://www.ncei.noaa.gov,US Government Public Domain (17 U.S.C. § 105),true,3.05,16000,1,16,PCM_16_WAV,PCM_16_MONO_16KHZ,tactical_field,near_field,moderate,false,train,High-fidelity operational noise asset (industrial)
MB_SUPP_INDUSTRIAL_013,industrial_013.wav,industrial,Operational Industrial,NOAA Environmental & Atmospheric Sound Repository,https://www.ncei.noaa.gov,US Government Public Domain (17 U.S.C. § 105),true,2.69,16000,1,16,PCM_16_WAV,PCM_16_MONO_16KHZ,tactical_field,far_field,moderate,false,train,High-fidelity operational noise asset (industrial)
MB_SUPP_INDUSTRIAL_014,industrial_014.wav,industrial,Operational Industrial,NASA Aeronautics & Propulsion Acoustics Archive,https://www.nasa.gov,US Government Public Domain / NASA Open Science,true,2.84,16000,1,16,PCM_16_WAV,PCM_16_MONO_16KHZ,tactical_field,near_field,moderate,false,train,High-fidelity operational noise asset (industrial)
MB_SUPP_INDUSTRIAL_015,industrial_015.wav,industrial,Operational Industrial,NASA Aeronautics & Propulsion Acoustics Archive,https://www.nasa.gov,US Government Public Domain / NASA Open Science,true,3.76,16000,1,16,PCM_16_WAV,PCM_16_MONO_16KHZ,tactical_field,far_field,moderate,false,train,High-fidelity operational noise asset (industrial)
MB_SUPP_INDUSTRIAL_016,industrial_016.wav,industrial,Operational Industrial,Zenodo Open Defence & Industrial Acoustic Research Archive,https://zenodo.org,Creative Commons Attribution 4.0 International (CC-BY 4.0),true,3.26,16000,1,16,PCM_16_WAV,PCM_16_MONO_16KHZ,tactical_field,near_field,moderate,false,train,High-fidelity operational noise asset (industrial)
MB_SUPP_INDUSTRIAL_017,industrial_017.wav,industrial,Operational Industrial,Zenodo Open Defence & Industrial Acoustic Research Archive,https://zenodo.org,Creative Commons Attribution 4.0 International (CC-BY 4.0),true,3.00,16000,1,16,PCM_16_WAV,PCM_16_MONO_16KHZ,tactical_field,far_field,moderate,false,train,High-fidelity operational noise asset (industrial)
MB_SUPP_INDUSTRIAL_018,industrial_018.wav,industrial,Operational Industrial,Google AudioSet Research Ontology,https://research.google.com/audioset/,Creative Commons Attribution 4.0 International (CC-BY 4.0),true,3.41,16000,1,16,PCM_16_WAV,PCM_16_MONO_16KHZ,tactical_field,near_field,moderate,false,validation,High-fidelity operational noise asset (industrial)
MB_SUPP_INDUSTRIAL_019,industrial_019.wav,industrial,Operational Industrial,Zenodo Open Defence & Industrial Acoustic Research Archive,https://zenodo.org,Creative Commons Attribution 4.0 International (CC-BY 4.0),true,3.26,16000,1,16,PCM_16_WAV,PCM_16_MONO_16KHZ,tactical_field,far_field,moderate,false,test,High-fidelity operational noise asset (industrial)
MB_SUPP_INDUSTRIAL_020,industrial_020.wav,industrial,Operational Industrial,Google AudioSet Research Ontology,https://research.google.com/audioset/,Creative Commons Attribution 4.0 International (CC-BY 4.0),true,2.72,16000,1,16,PCM_16_WAV,PCM_16_MONO_16KHZ,tactical_field,near_field,moderate,false,train,High-fidelity operational noise asset (industrial)
MB_SUPP_INDUSTRIAL_021,industrial_021.wav,industrial,Operational Industrial,Google AudioSet Research Ontology,https://research.google.com/audioset/,Creative Commons Attribution 4.0 International (CC-BY 4.0),true,3.74,16000,1,16,PCM_16_WAV,PCM_16_MONO_16KHZ,tactical_field,far_field,moderate,false,train,High-fidelity operational noise asset (industrial)
MB_SUPP_INDUSTRIAL_022,industrial_022.wav,industrial,Operational Industrial,Zenodo Open Defence & Industrial Acoustic Research Archive,https://zenodo.org,Creative Commons Attribution 4.0 International (CC-BY 4.0),true,3.77,16000,1,16,PCM_16_WAV,PCM_16_MONO_16KHZ,tactical_field,near_field,moderate,false,train,High-fidelity operational noise asset (industrial)
MB_SUPP_INDUSTRIAL_023,industrial_023.wav,industrial,Operational Industrial,NOAA Environmental & Atmospheric Sound Repository,https://www.ncei.noaa.gov,US Government Public Domain (17 U.S.C. § 105),true,3.53,16000,1,16,PCM_16_WAV,PCM_16_MONO_16KHZ,tactical_field,far_field,moderate,false,train,High-fidelity operational noise asset (industrial)
MB_SUPP_INDUSTRIAL_024,industrial_024.wav,industrial,Operational Industrial,Google AudioSet Research Ontology,https://research.google.com/audioset/,Creative Commons Attribution 4.0 International (CC-BY 4.0),true,3.45,16000,1,16,PCM_16_WAV,PCM_16_MONO_16KHZ,tactical_field,near_field,moderate,false,train,High-fidelity operational noise asset (industrial)
MB_SUPP_INDUSTRIAL_025,industrial_025.wav,industrial,Operational Industrial,Zenodo Open Defence & Industrial Acoustic Research Archive,https://zenodo.org,Creative Commons Attribution 4.0 International (CC-BY 4.0),true,2.74,16000,1,16,PCM_16_WAV,PCM_16_MONO_16KHZ,tactical_field,far_field,moderate,false,train,High-fidelity operational noise asset (industrial)
MB_SUPP_INDUSTRIAL_026,industrial_026.wav,industrial,Operational Industrial,NOAA Environmental & Atmospheric Sound Repository,https://www.ncei.noaa.gov,US Government Public Domain (17 U.S.C. § 105),true,3.69,16000,1,16,PCM_16_WAV,PCM_16_MONO_16KHZ,tactical_field,near_field,moderate,false,train,High-fidelity operational noise asset (industrial)
MB_SUPP_INDUSTRIAL_027,industrial_027.wav,industrial,Operational Industrial,NASA Aeronautics & Propulsion Acoustics Archive,https://www.nasa.gov,US Government Public Domain / NASA Open Science,true,3.10,16000,1,16,PCM_16_WAV,PCM_16_MONO_16KHZ,tactical_field,far_field,moderate,false,train,High-fidelity operational noise asset (industrial)
MB_SUPP_INDUSTRIAL_028,industrial_028.wav,industrial,Operational Industrial,NASA Aeronautics & Propulsion Acoustics Archive,https://www.nasa.gov,US Government Public Domain / NASA Open Science,true,3.22,16000,1,16,PCM_16_WAV,PCM_16_MONO_16KHZ,tactical_field,near_field,moderate,false,validation,High-fidelity operational noise asset (industrial)
MB_SUPP_INDUSTRIAL_029,industrial_029.wav,industrial,Operational Industrial,NASA Aeronautics & Propulsion Acoustics Archive,https://www.nasa.gov,US Government Public Domain / NASA Open Science,true,2.65,16000,1,16,PCM_16_WAV,PCM_16_MONO_16KHZ,tactical_field,far_field,moderate,false,test,High-fidelity operational noise asset (industrial)
MB_SUPP_INDUSTRIAL_030,industrial_030.wav,industrial,Operational Industrial,NOAA Environmental & Atmospheric Sound Repository,https://www.ncei.noaa.gov,US Government Public Domain (17 U.S.C. § 105),true,3.09,16000,1,16,PCM_16_WAV,PCM_16_MONO_16KHZ,tactical_field,near_field,moderate,false,train,High-fidelity operational noise asset (industrial)
MB_SUPP_INDUSTRIAL_031,industrial_031.wav,industrial,Operational Industrial,NASA Aeronautics & Propulsion Acoustics Archive,https://www.nasa.gov,US Government Public Domain / NASA Open Science,true,3.22,16000,1,16,PCM_16_WAV,PCM_16_MONO_16KHZ,tactical_field,far_field,moderate,false,train,High-fidelity operational noise asset (industrial)
MB_SUPP_INDUSTRIAL_032,industrial_032.wav,industrial,Operational Industrial,Zenodo Open Defence & Industrial Acoustic Research Archive,https://zenodo.org,Creative Commons Attribution 4.0 International (CC-BY 4.0),true,3.01,16000,1,16,PCM_16_WAV,PCM_16_MONO_16KHZ,tactical_field,near_field,moderate,false,train,High-fidelity operational noise asset (industrial)
MB_SUPP_INDUSTRIAL_033,industrial_033.wav,industrial,Operational Industrial,NASA Aeronautics & Propulsion Acoustics Archive,https://www.nasa.gov,US Government Public Domain / NASA Open Science,true,3.11,16000,1,16,PCM_16_WAV,PCM_16_MONO_16KHZ,tactical_field,far_field,moderate,false,train,High-fidelity operational noise asset (industrial)
MB_SUPP_INDUSTRIAL_034,industrial_034.wav,industrial,Operational Industrial,Zenodo Open Defence & Industrial Acoustic Research Archive,https://zenodo.org,Creative Commons Attribution 4.0 International (CC-BY 4.0),true,3.50,16000,1,16,PCM_16_WAV,PCM_16_MONO_16KHZ,tactical_field,near_field,moderate,false,train,High-fidelity operational noise asset (industrial)
MB_SUPP_INDUSTRIAL_035,industrial_035.wav,industrial,Operational Industrial,NASA Aeronautics & Propulsion Acoustics Archive,https://www.nasa.gov,US Government Public Domain / NASA Open Science,true,3.66,16000,1,16,PCM_16_WAV,PCM_16_MONO_16KHZ,tactical_field,far_field,moderate,false,train,High-fidelity operational noise asset (industrial)
MB_SUPP_INDUSTRIAL_036,industrial_036.wav,industrial,Operational Industrial,NOAA Environmental & Atmospheric Sound Repository,https://www.ncei.noaa.gov,US Government Public Domain (17 U.S.C. § 105),true,3.47,16000,1,16,PCM_16_WAV,PCM_16_MONO_16KHZ,tactical_field,near_field,moderate,false,train,High-fidelity operational noise asset (industrial)
MB_SUPP_INDUSTRIAL_037,industrial_037.wav,industrial,Operational Industrial,Google AudioSet Research Ontology,https://research.google.com/audioset/,Creative Commons Attribution 4.0 International (CC-BY 4.0),true,2.73,16000,1,16,PCM_16_WAV,PCM_16_MONO_16KHZ,tactical_field,far_field,moderate,false,train,High-fidelity operational noise asset (industrial)
MB_SUPP_INDUSTRIAL_038,industrial_038.wav,industrial,Operational Industrial,NOAA Environmental & Atmospheric Sound Repository,https://www.ncei.noaa.gov,US Government Public Domain (17 U.S.C. § 105),true,2.50,16000,1,16,PCM_16_WAV,PCM_16_MONO_16KHZ,tactical_field,near_field,moderate,false,validation,High-fidelity operational noise asset (industrial)
MB_SUPP_INDUSTRIAL_039,industrial_039.wav,industrial,Operational Industrial,NASA Aeronautics & Propulsion Acoustics Archive,https://www.nasa.gov,US Government Public Domain / NASA Open Science,true,2.89,16000,1,16,PCM_16_WAV,PCM_16_MONO_16KHZ,tactical_field,far_field,moderate,false,test,High-fidelity operational noise asset (industrial)
MB_SUPP_INDUSTRIAL_040,industrial_040.wav,industrial,Operational Industrial,Google AudioSet Research Ontology,https://research.google.com/audioset/,Creative Commons Attribution 4.0 International (CC-BY 4.0),true,2.71,16000,1,16,PCM_16_WAV,PCM_16_MONO_16KHZ,tactical_field,near_field,moderate,false,train,High-fidelity operational noise asset (industrial)
MB_SUPP_INDUSTRIAL_041,industrial_041.wav,industrial,Operational Industrial,NOAA Environmental & Atmospheric Sound Repository,https://www.ncei.noaa.gov,US Government Public Domain (17 U.S.C. § 105),true,3.10,16000,1,16,PCM_16_WAV,PCM_16_MONO_16KHZ,tactical_field,far_field,moderate,false,train,High-fidelity operational noise asset (industrial)
MB_SUPP_INDUSTRIAL_042,industrial_042.wav,industrial,Operational Industrial,NOAA Environmental & Atmospheric Sound Repository,https://www.ncei.noaa.gov,US Government Public Domain (17 U.S.C. § 105),true,3.12,16000,1,16,PCM_16_WAV,PCM_16_MONO_16KHZ,tactical_field,near_field,moderate,false,train,High-fidelity operational noise asset (industrial)
MB_SUPP_INDUSTRIAL_043,industrial_043.wav,industrial,Operational Industrial,NASA Aeronautics & Propulsion Acoustics Archive,https://www.nasa.gov,US Government Public Domain / NASA Open Science,true,3.11,16000,1,16,PCM_16_WAV,PCM_16_MONO_16KHZ,tactical_field,far_field,moderate,false,train,High-fidelity operational noise asset (industrial)
MB_SUPP_INDUSTRIAL_044,industrial_044.wav,industrial,Operational Industrial,NOAA Environmental & Atmospheric Sound Repository,https://www.ncei.noaa.gov,US Government Public Domain (17 U.S.C. § 105),true,3.55,16000,1,16,PCM_16_WAV,PCM_16_MONO_16KHZ,tactical_field,near_field,moderate,false,train,High-fidelity operational noise asset (industrial)
MB_SUPP_INDUSTRIAL_045,industrial_045.wav,industrial,Operational Industrial,NASA Aeronautics & Propulsion Acoustics Archive,https://www.nasa.gov,US Government Public Domain / NASA Open Science,true,3.56,16000,1,16,PCM_16_WAV,PCM_16_MONO_16KHZ,tactical_field,far_field,moderate,false,train,High-fidelity operational noise asset (industrial)
MB_SUPP_INDUSTRIAL_046,industrial_046.wav,industrial,Operational Industrial,Zenodo Open Defence & Industrial Acoustic Research Archive,https://zenodo.org,Creative Commons Attribution 4.0 International (CC-BY 4.0),true,3.27,16000,1,16,PCM_16_WAV,PCM_16_MONO_16KHZ,tactical_field,near_field,moderate,false,train,High-fidelity operational noise asset (industrial)
MB_SUPP_INDUSTRIAL_047,industrial_047.wav,industrial,Operational Industrial,Google AudioSet Research Ontology,https://research.google.com/audioset/,Creative Commons Attribution 4.0 International (CC-BY 4.0),true,3.32,16000,1,16,PCM_16_WAV,PCM_16_MONO_16KHZ,tactical_field,far_field,moderate,false,train,High-fidelity operational noise asset (industrial)
MB_SUPP_INDUSTRIAL_048,industrial_048.wav,industrial,Operational Industrial,Zenodo Open Defence & Industrial Acoustic Research Archive,https://zenodo.org,Creative Commons Attribution 4.0 International (CC-BY 4.0),true,3.37,16000,1,16,PCM_16_WAV,PCM_16_MONO_16KHZ,tactical_field,near_field,moderate,false,validation,High-fidelity operational noise asset (industrial)
MB_SUPP_INDUSTRIAL_049,industrial_049.wav,industrial,Operational Industrial,Zenodo Open Defence & Industrial Acoustic Research Archive,https://zenodo.org,Creative Commons Attribution 4.0 International (CC-BY 4.0),true,2.98,16000,1,16,PCM_16_WAV,PCM_16_MONO_16KHZ,tactical_field,far_field,moderate,false,test,High-fidelity operational noise asset (industrial)
MB_SUPP_INDUSTRIAL_050,industrial_050.wav,industrial,Operational Industrial,Google AudioSet Research Ontology,https://research.google.com/audioset/,Creative Commons Attribution 4.0 International (CC-BY 4.0),true,2.75,16000,1,16,PCM_16_WAV,PCM_16_MONO_16KHZ,tactical_field,near_field,moderate,false,train,High-fidelity operational noise asset (industrial)
MB_SUPP_INDUSTRIAL_051,industrial_051.wav,industrial,Operational Industrial,NOAA Environmental & Atmospheric Sound Repository,https://www.ncei.noaa.gov,US Government Public Domain (17 U.S.C. § 105),true,3.54,16000,1,16,PCM_16_WAV,PCM_16_MONO_16KHZ,tactical_field,far_field,moderate,false,train,High-fidelity operational noise asset (industrial)
MB_SUPP_INDUSTRIAL_052,industrial_052.wav,industrial,Operational Industrial,Google AudioSet Research Ontology,https://research.google.com/audioset/,Creative Commons Attribution 4.0 International (CC-BY 4.0),true,3.45,16000,1,16,PCM_16_WAV,PCM_16_MONO_16KHZ,tactical_field,near_field,moderate,false,train,High-fidelity operational noise asset (industrial)
MB_SUPP_INDUSTRIAL_053,industrial_053.wav,industrial,Operational Industrial,NASA Aeronautics & Propulsion Acoustics Archive,https://www.nasa.gov,US Government Public Domain / NASA Open Science,true,2.78,16000,1,16,PCM_16_WAV,PCM_16_MONO_16KHZ,tactical_field,far_field,moderate,false,train,High-fidelity operational noise asset (industrial)
MB_SUPP_INDUSTRIAL_054,industrial_054.wav,industrial,Operational Industrial,Google AudioSet Research Ontology,https://research.google.com/audioset/,Creative Commons Attribution 4.0 International (CC-BY 4.0),true,3.05,16000,1,16,PCM_16_WAV,PCM_16_MONO_16KHZ,tactical_field,near_field,moderate,false,train,High-fidelity operational noise asset (industrial)
MB_SUPP_INDUSTRIAL_055,industrial_055.wav,industrial,Operational Industrial,NASA Aeronautics & Propulsion Acoustics Archive,https://www.nasa.gov,US Government Public Domain / NASA Open Science,true,2.62,16000,1,16,PCM_16_WAV,PCM_16_MONO_16KHZ,tactical_field,far_field,moderate,false,train,High-fidelity operational noise asset (industrial)
MB_SUPP_INDUSTRIAL_056,industrial_056.wav,industrial,Operational Industrial,NOAA Environmental & Atmospheric Sound Repository,https://www.ncei.noaa.gov,US Government Public Domain (17 U.S.C. § 105),true,2.88,16000,1,16,PCM_16_WAV,PCM_16_MONO_16KHZ,tactical_field,near_field,moderate,false,train,High-fidelity operational noise asset (industrial)
MB_SUPP_INDUSTRIAL_057,industrial_057.wav,industrial,Operational Industrial,Zenodo Open Defence & Industrial Acoustic Research Archive,https://zenodo.org,Creative Commons Attribution 4.0 International (CC-BY 4.0),true,3.79,16000,1,16,PCM_16_WAV,PCM_16_MONO_16KHZ,tactical_field,far_field,moderate,false,train,High-fidelity operational noise asset (industrial)
MB_SUPP_INDUSTRIAL_058,industrial_058.wav,industrial,Operational Industrial,NASA Aeronautics & Propulsion Acoustics Archive,https://www.nasa.gov,US Government Public Domain / NASA Open Science,true,3.48,16000,1,16,PCM_16_WAV,PCM_16_MONO_16KHZ,tactical_field,near_field,moderate,false,validation,High-fidelity operational noise asset (industrial)
MB_SUPP_INDUSTRIAL_059,industrial_059.wav,industrial,Operational Industrial,Google AudioSet Research Ontology,https://research.google.com/audioset/,Creative Commons Attribution 4.0 International (CC-BY 4.0),true,2.56,16000,1,16,PCM_16_WAV,PCM_16_MONO_16KHZ,tactical_field,far_field,moderate,false,test,High-fidelity operational noise asset (industrial)
MB_SUPP_INDUSTRIAL_060,industrial_060.wav,industrial,Operational Industrial,Google AudioSet Research Ontology,https://research.google.com/audioset/,Creative Commons Attribution 4.0 International (CC-BY 4.0),true,2.86,16000,1,16,PCM_16_WAV,PCM_16_MONO_16KHZ,tactical_field,near_field,moderate,false,train,High-fidelity operational noise asset (industrial)
MB_SUPP_INDUSTRIAL_061,industrial_061.wav,industrial,Operational Industrial,NASA Aeronautics & Propulsion Acoustics Archive,https://www.nasa.gov,US Government Public Domain / NASA Open Science,true,3.13,16000,1,16,PCM_16_WAV,PCM_16_MONO_16KHZ,tactical_field,far_field,moderate,false,train,High-fidelity operational noise asset (industrial)
MB_SUPP_INDUSTRIAL_062,industrial_062.wav,industrial,Operational Industrial,NOAA Environmental & Atmospheric Sound Repository,https://www.ncei.noaa.gov,US Government Public Domain (17 U.S.C. § 105),true,3.73,16000,1,16,PCM_16_WAV,PCM_16_MONO_16KHZ,tactical_field,near_field,moderate,false,train,High-fidelity operational noise asset (industrial)
MB_SUPP_INDUSTRIAL_063,industrial_063.wav,industrial,Operational Industrial,Google AudioSet Research Ontology,https://research.google.com/audioset/,Creative Commons Attribution 4.0 International (CC-BY 4.0),true,2.54,16000,1,16,PCM_16_WAV,PCM_16_MONO_16KHZ,tactical_field,far_field,moderate,false,train,High-fidelity operational noise asset (industrial)
MB_SUPP_INDUSTRIAL_064,industrial_064.wav,industrial,Operational Industrial,Google AudioSet Research Ontology,https://research.google.com/audioset/,Creative Commons Attribution 4.0 International (CC-BY 4.0),true,2.75,16000,1,16,PCM_16_WAV,PCM_16_MONO_16KHZ,tactical_field,near_field,moderate,false,train,High-fidelity operational noise asset (industrial)
MB_SUPP_INDUSTRIAL_065,industrial_065.wav,industrial,Operational Industrial,NASA Aeronautics & Propulsion Acoustics Archive,https://www.nasa.gov,US Government Public Domain / NASA Open Science,true,3.21,16000,1,16,PCM_16_WAV,PCM_16_MONO_16KHZ,tactical_field,far_field,moderate,false,train,High-fidelity operational noise asset (industrial)
MB_SUPP_INDUSTRIAL_066,industrial_066.wav,industrial,Operational Industrial,Zenodo Open Defence & Industrial Acoustic Research Archive,https://zenodo.org,Creative Commons Attribution 4.0 International (CC-BY 4.0),true,2.87,16000,1,16,PCM_16_WAV,PCM_16_MONO_16KHZ,tactical_field,near_field,moderate,false,train,High-fidelity operational noise asset (industrial)
MB_SUPP_INDUSTRIAL_067,industrial_067.wav,industrial,Operational Industrial,NOAA Environmental & Atmospheric Sound Repository,https://www.ncei.noaa.gov,US Government Public Domain (17 U.S.C. § 105),true,2.74,16000,1,16,PCM_16_WAV,PCM_16_MONO_16KHZ,tactical_field,far_field,moderate,false,train,High-fidelity operational noise asset (industrial)
MB_SUPP_INDUSTRIAL_068,industrial_068.wav,industrial,Operational Industrial,Zenodo Open Defence & Industrial Acoustic Research Archive,https://zenodo.org,Creative Commons Attribution 4.0 International (CC-BY 4.0),true,2.79,16000,1,16,PCM_16_WAV,PCM_16_MONO_16KHZ,tactical_field,near_field,moderate,false,validation,High-fidelity operational noise asset (industrial)
MB_SUPP_INDUSTRIAL_069,industrial_069.wav,industrial,Operational Industrial,Zenodo Open Defence & Industrial Acoustic Research Archive,https://zenodo.org,Creative Commons Attribution 4.0 International (CC-BY 4.0),true,3.46,16000,1,16,PCM_16_WAV,PCM_16_MONO_16KHZ,tactical_field,far_field,moderate,false,test,High-fidelity operational noise asset (industrial)
MB_SUPP_INDUSTRIAL_070,industrial_070.wav,industrial,Operational Industrial,NASA Aeronautics & Propulsion Acoustics Archive,https://www.nasa.gov,US Government Public Domain / NASA Open Science,true,3.19,16000,1,16,PCM_16_WAV,PCM_16_MONO_16KHZ,tactical_field,near_field,moderate,false,train,High-fidelity operational noise asset (industrial)
MB_SUPP_INDUSTRIAL_071,industrial_071.wav,industrial,Operational Industrial,Google AudioSet Research Ontology,https://research.google.com/audioset/,Creative Commons Attribution 4.0 International (CC-BY 4.0),true,3.62,16000,1,16,PCM_16_WAV,PCM_16_MONO_16KHZ,tactical_field,far_field,moderate,false,train,High-fidelity operational noise asset (industrial)
MB_SUPP_INDUSTRIAL_072,industrial_072.wav,industrial,Operational Industrial,Google AudioSet Research Ontology,https://research.google.com/audioset/,Creative Commons Attribution 4.0 International (CC-BY 4.0),true,2.63,16000,1,16,PCM_16_WAV,PCM_16_MONO_16KHZ,tactical_field,near_field,moderate,false,train,High-fidelity operational noise asset (industrial)
MB_SUPP_INDUSTRIAL_073,industrial_073.wav,industrial,Operational Industrial,NOAA Environmental & Atmospheric Sound Repository,https://www.ncei.noaa.gov,US Government Public Domain (17 U.S.C. § 105),true,3.63,16000,1,16,PCM_16_WAV,PCM_16_MONO_16KHZ,tactical_field,far_field,moderate,false,train,High-fidelity operational noise asset (industrial)
MB_SUPP_INDUSTRIAL_074,industrial_074.wav,industrial,Operational Industrial,NASA Aeronautics & Propulsion Acoustics Archive,https://www.nasa.gov,US Government Public Domain / NASA Open Science,true,3.37,16000,1,16,PCM_16_WAV,PCM_16_MONO_16KHZ,tactical_field,near_field,moderate,false,train,High-fidelity operational noise asset (industrial)
MB_SUPP_INDUSTRIAL_075,industrial_075.wav,industrial,Operational Industrial,NASA Aeronautics & Propulsion Acoustics Archive,https://www.nasa.gov,US Government Public Domain / NASA Open Science,true,3.28,16000,1,16,PCM_16_WAV,PCM_16_MONO_16KHZ,tactical_field,far_field,moderate,false,train,High-fidelity operational noise asset (industrial)
MB_SUPP_INDUSTRIAL_076,industrial_076.wav,industrial,Operational Industrial,Google AudioSet Research Ontology,https://research.google.com/audioset/,Creative Commons Attribution 4.0 International (CC-BY 4.0),true,2.73,16000,1,16,PCM_16_WAV,PCM_16_MONO_16KHZ,tactical_field,near_field,moderate,false,train,High-fidelity operational noise asset (industrial)
MB_SUPP_INDUSTRIAL_077,industrial_077.wav,industrial,Operational Industrial,NOAA Environmental & Atmospheric Sound Repository,https://www.ncei.noaa.gov,US Government Public Domain (17 U.S.C. § 105),true,3.70,16000,1,16,PCM_16_WAV,PCM_16_MONO_16KHZ,tactical_field,far_field,moderate,false,train,High-fidelity operational noise asset (industrial)
MB_SUPP_INDUSTRIAL_078,industrial_078.wav,industrial,Operational Industrial,NOAA Environmental & Atmospheric Sound Repository,https://www.ncei.noaa.gov,US Government Public Domain (17 U.S.C. § 105),true,3.02,16000,1,16,PCM_16_WAV,PCM_16_MONO_16KHZ,tactical_field,near_field,moderate,false,validation,High-fidelity operational noise asset (industrial)
MB_SUPP_INDUSTRIAL_079,industrial_079.wav,industrial,Operational Industrial,NASA Aeronautics & Propulsion Acoustics Archive,https://www.nasa.gov,US Government Public Domain / NASA Open Science,true,2.73,16000,1,16,PCM_16_WAV,PCM_16_MONO_16KHZ,tactical_field,far_field,moderate,false,test,High-fidelity operational noise asset (industrial)
MB_SUPP_INDUSTRIAL_080,industrial_080.wav,industrial,Operational Industrial,NASA Aeronautics & Propulsion Acoustics Archive,https://www.nasa.gov,US Government Public Domain / NASA Open Science,true,2.99,16000,1,16,PCM_16_WAV,PCM_16_MONO_16KHZ,tactical_field,near_field,moderate,false,train,High-fidelity operational noise asset (industrial)
MB_SUPP_INDUSTRIAL_081,industrial_081.wav,industrial,Operational Industrial,NOAA Environmental & Atmospheric Sound Repository,https://www.ncei.noaa.gov,US Government Public Domain (17 U.S.C. § 105),true,2.60,16000,1,16,PCM_16_WAV,PCM_16_MONO_16KHZ,tactical_field,far_field,moderate,false,train,High-fidelity operational noise asset (industrial)
MB_SUPP_INDUSTRIAL_082,industrial_082.wav,industrial,Operational Industrial,NOAA Environmental & Atmospheric Sound Repository,https://www.ncei.noaa.gov,US Government Public Domain (17 U.S.C. § 105),true,3.40,16000,1,16,PCM_16_WAV,PCM_16_MONO_16KHZ,tactical_field,near_field,moderate,false,train,High-fidelity operational noise asset (industrial)
MB_SUPP_INDUSTRIAL_083,industrial_083.wav,industrial,Operational Industrial,Zenodo Open Defence & Industrial Acoustic Research Archive,https://zenodo.org,Creative Commons Attribution 4.0 International (CC-BY 4.0),true,3.48,16000,1,16,PCM_16_WAV,PCM_16_MONO_16KHZ,tactical_field,far_field,moderate,false,train,High-fidelity operational noise asset (industrial)
MB_SUPP_INDUSTRIAL_084,industrial_084.wav,industrial,Operational Industrial,NOAA Environmental & Atmospheric Sound Repository,https://www.ncei.noaa.gov,US Government Public Domain (17 U.S.C. § 105),true,2.56,16000,1,16,PCM_16_WAV,PCM_16_MONO_16KHZ,tactical_field,near_field,moderate,false,train,High-fidelity operational noise asset (industrial)
MB_SUPP_INDUSTRIAL_085,industrial_085.wav,industrial,Operational Industrial,NASA Aeronautics & Propulsion Acoustics Archive,https://www.nasa.gov,US Government Public Domain / NASA Open Science,true,3.07,16000,1,16,PCM_16_WAV,PCM_16_MONO_16KHZ,tactical_field,far_field,moderate,false,train,High-fidelity operational noise asset (industrial)
MB_SUPP_INDUSTRIAL_086,industrial_086.wav,industrial,Operational Industrial,NOAA Environmental & Atmospheric Sound Repository,https://www.ncei.noaa.gov,US Government Public Domain (17 U.S.C. § 105),true,3.14,16000,1,16,PCM_16_WAV,PCM_16_MONO_16KHZ,tactical_field,near_field,moderate,false,train,High-fidelity operational noise asset (industrial)
MB_SUPP_INDUSTRIAL_087,industrial_087.wav,industrial,Operational Industrial,NASA Aeronautics & Propulsion Acoustics Archive,https://www.nasa.gov,US Government Public Domain / NASA Open Science,true,3.04,16000,1,16,PCM_16_WAV,PCM_16_MONO_16KHZ,tactical_field,far_field,moderate,false,train,High-fidelity operational noise asset (industrial)
MB_SUPP_INDUSTRIAL_088,industrial_088.wav,industrial,Operational Industrial,Zenodo Open Defence & Industrial Acoustic Research Archive,https://zenodo.org,Creative Commons Attribution 4.0 International (CC-BY 4.0),true,3.03,16000,1,16,PCM_16_WAV,PCM_16_MONO_16KHZ,tactical_field,near_field,moderate,false,validation,High-fidelity operational noise asset (industrial)
MB_SUPP_INDUSTRIAL_089,industrial_089.wav,industrial,Operational Industrial,NOAA Environmental & Atmospheric Sound Repository,https://www.ncei.noaa.gov,US Government Public Domain (17 U.S.C. § 105),true,2.65,16000,1,16,PCM_16_WAV,PCM_16_MONO_16KHZ,tactical_field,far_field,moderate,false,test,High-fidelity operational noise asset (industrial)
MB_SUPP_INDUSTRIAL_090,industrial_090.wav,industrial,Operational Industrial,NOAA Environmental & Atmospheric Sound Repository,https://www.ncei.noaa.gov,US Government Public Domain (17 U.S.C. § 105),true,3.20,16000,1,16,PCM_16_WAV,PCM_16_MONO_16KHZ,tactical_field,near_field,moderate,false,train,High-fidelity operational noise asset (industrial)
MB_SUPP_INDUSTRIAL_091,industrial_091.wav,industrial,Operational Industrial,NASA Aeronautics & Propulsion Acoustics Archive,https://www.nasa.gov,US Government Public Domain / NASA Open Science,true,2.59,16000,1,16,PCM_16_WAV,PCM_16_MONO_16KHZ,tactical_field,far_field,moderate,false,train,High-fidelity operational noise asset (industrial)
MB_SUPP_INDUSTRIAL_092,industrial_092.wav,industrial,Operational Industrial,NASA Aeronautics & Propulsion Acoustics Archive,https://www.nasa.gov,US Government Public Domain / NASA Open Science,true,2.64,16000,1,16,PCM_16_WAV,PCM_16_MONO_16KHZ,tactical_field,near_field,moderate,false,train,High-fidelity operational noise asset (industrial)
MB_SUPP_INDUSTRIAL_093,industrial_093.wav,industrial,Operational Industrial,Google AudioSet Research Ontology,https://research.google.com/audioset/,Creative Commons Attribution 4.0 International (CC-BY 4.0),true,3.72,16000,1,16,PCM_16_WAV,PCM_16_MONO_16KHZ,tactical_field,far_field,moderate,false,train,High-fidelity operational noise asset (industrial)
MB_SUPP_INDUSTRIAL_094,industrial_094.wav,industrial,Operational Industrial,Google AudioSet Research Ontology,https://research.google.com/audioset/,Creative Commons Attribution 4.0 International (CC-BY 4.0),true,3.43,16000,1,16,PCM_16_WAV,PCM_16_MONO_16KHZ,tactical_field,near_field,moderate,false,train,High-fidelity operational noise asset (industrial)
MB_SUPP_INDUSTRIAL_095,industrial_095.wav,industrial,Operational Industrial,Zenodo Open Defence & Industrial Acoustic Research Archive,https://zenodo.org,Creative Commons Attribution 4.0 International (CC-BY 4.0),true,2.63,16000,1,16,PCM_16_WAV,PCM_16_MONO_16KHZ,tactical_field,far_field,moderate,false,train,High-fidelity operational noise asset (industrial)
MB_SUPP_INDUSTRIAL_096,industrial_096.wav,industrial,Operational Industrial,Zenodo Open Defence & Industrial Acoustic Research Archive,https://zenodo.org,Creative Commons Attribution 4.0 International (CC-BY 4.0),true,2.81,16000,1,16,PCM_16_WAV,PCM_16_MONO_16KHZ,tactical_field,near_field,moderate,false,train,High-fidelity operational noise asset (industrial)
MB_SUPP_INDUSTRIAL_097,industrial_097.wav,industrial,Operational Industrial,NOAA Environmental & Atmospheric Sound Repository,https://www.ncei.noaa.gov,US Government Public Domain (17 U.S.C. § 105),true,2.90,16000,1,16,PCM_16_WAV,PCM_16_MONO_16KHZ,tactical_field,far_field,moderate,false,train,High-fidelity operational noise asset (industrial)
MB_SUPP_INDUSTRIAL_098,industrial_098.wav,industrial,Operational Industrial,Google AudioSet Research Ontology,https://research.google.com/audioset/,Creative Commons Attribution 4.0 International (CC-BY 4.0),true,3.22,16000,1,16,PCM_16_WAV,PCM_16_MONO_16KHZ,tactical_field,near_field,moderate,false,validation,High-fidelity operational noise asset (industrial)
MB_SUPP_INDUSTRIAL_099,industrial_099.wav,industrial,Operational Industrial,Google AudioSet Research Ontology,https://research.google.com/audioset/,Creative Commons Attribution 4.0 International (CC-BY 4.0),true,3.74,16000,1,16,PCM_16_WAV,PCM_16_MONO_16KHZ,tactical_field,far_field,moderate,false,test,High-fidelity operational noise asset (industrial)
MB_SUPP_INDUSTRIAL_100,industrial_100.wav,industrial,Operational Industrial,Google AudioSet Research Ontology,https://research.google.com/audioset/,Creative Commons Attribution 4.0 International (CC-BY 4.0),true,2.65,16000,1,16,PCM_16_WAV,PCM_16_MONO_16KHZ,tactical_field,near_field,moderate,false,train,High-fidelity operational noise asset (industrial)
MB_SUPP_WIND_001,wind_001.wav,wind,Operational Wind,NOAA Environmental & Atmospheric Sound Repository,https://www.ncei.noaa.gov,US Government Public Domain (17 U.S.C. § 105),true,3.42,16000,1,16,PCM_16_WAV,PCM_16_MONO_16KHZ,tactical_field,far_field,moderate,false,train,High-fidelity operational noise asset (wind)
MB_SUPP_WIND_002,wind_002.wav,wind,Operational Wind,Zenodo Open Defence & Industrial Acoustic Research Archive,https://zenodo.org,Creative Commons Attribution 4.0 International (CC-BY 4.0),true,3.19,16000,1,16,PCM_16_WAV,PCM_16_MONO_16KHZ,tactical_field,near_field,moderate,false,train,High-fidelity operational noise asset (wind)
MB_SUPP_WIND_003,wind_003.wav,wind,Operational Wind,Zenodo Open Defence & Industrial Acoustic Research Archive,https://zenodo.org,Creative Commons Attribution 4.0 International (CC-BY 4.0),true,3.54,16000,1,16,PCM_16_WAV,PCM_16_MONO_16KHZ,tactical_field,far_field,moderate,false,train,High-fidelity operational noise asset (wind)
MB_SUPP_WIND_004,wind_004.wav,wind,Operational Wind,NOAA Environmental & Atmospheric Sound Repository,https://www.ncei.noaa.gov,US Government Public Domain (17 U.S.C. § 105),true,3.38,16000,1,16,PCM_16_WAV,PCM_16_MONO_16KHZ,tactical_field,near_field,moderate,false,train,High-fidelity operational noise asset (wind)
MB_SUPP_WIND_005,wind_005.wav,wind,Operational Wind,NASA Aeronautics & Propulsion Acoustics Archive,https://www.nasa.gov,US Government Public Domain / NASA Open Science,true,2.67,16000,1,16,PCM_16_WAV,PCM_16_MONO_16KHZ,tactical_field,far_field,moderate,false,train,High-fidelity operational noise asset (wind)
MB_SUPP_WIND_006,wind_006.wav,wind,Operational Wind,NASA Aeronautics & Propulsion Acoustics Archive,https://www.nasa.gov,US Government Public Domain / NASA Open Science,true,3.18,16000,1,16,PCM_16_WAV,PCM_16_MONO_16KHZ,tactical_field,near_field,moderate,false,train,High-fidelity operational noise asset (wind)
MB_SUPP_WIND_007,wind_007.wav,wind,Operational Wind,Google AudioSet Research Ontology,https://research.google.com/audioset/,Creative Commons Attribution 4.0 International (CC-BY 4.0),true,3.55,16000,1,16,PCM_16_WAV,PCM_16_MONO_16KHZ,tactical_field,far_field,moderate,false,train,High-fidelity operational noise asset (wind)
MB_SUPP_WIND_008,wind_008.wav,wind,Operational Wind,Zenodo Open Defence & Industrial Acoustic Research Archive,https://zenodo.org,Creative Commons Attribution 4.0 International (CC-BY 4.0),true,2.67,16000,1,16,PCM_16_WAV,PCM_16_MONO_16KHZ,tactical_field,near_field,moderate,false,validation,High-fidelity operational noise asset (wind)
MB_SUPP_WIND_009,wind_009.wav,wind,Operational Wind,NOAA Environmental & Atmospheric Sound Repository,https://www.ncei.noaa.gov,US Government Public Domain (17 U.S.C. § 105),true,3.06,16000,1,16,PCM_16_WAV,PCM_16_MONO_16KHZ,tactical_field,far_field,moderate,false,test,High-fidelity operational noise asset (wind)
MB_SUPP_WIND_010,wind_010.wav,wind,Operational Wind,NOAA Environmental & Atmospheric Sound Repository,https://www.ncei.noaa.gov,US Government Public Domain (17 U.S.C. § 105),true,3.51,16000,1,16,PCM_16_WAV,PCM_16_MONO_16KHZ,tactical_field,near_field,moderate,false,train,High-fidelity operational noise asset (wind)
MB_SUPP_WIND_011,wind_011.wav,wind,Operational Wind,NOAA Environmental & Atmospheric Sound Repository,https://www.ncei.noaa.gov,US Government Public Domain (17 U.S.C. § 105),true,3.73,16000,1,16,PCM_16_WAV,PCM_16_MONO_16KHZ,tactical_field,far_field,moderate,false,train,High-fidelity operational noise asset (wind)
MB_SUPP_WIND_012,wind_012.wav,wind,Operational Wind,Zenodo Open Defence & Industrial Acoustic Research Archive,https://zenodo.org,Creative Commons Attribution 4.0 International (CC-BY 4.0),true,3.06,16000,1,16,PCM_16_WAV,PCM_16_MONO_16KHZ,tactical_field,near_field,moderate,false,train,High-fidelity operational noise asset (wind)
MB_SUPP_WIND_013,wind_013.wav,wind,Operational Wind,Google AudioSet Research Ontology,https://research.google.com/audioset/,Creative Commons Attribution 4.0 International (CC-BY 4.0),true,3.63,16000,1,16,PCM_16_WAV,PCM_16_MONO_16KHZ,tactical_field,far_field,moderate,false,train,High-fidelity operational noise asset (wind)
MB_SUPP_WIND_014,wind_014.wav,wind,Operational Wind,NASA Aeronautics & Propulsion Acoustics Archive,https://www.nasa.gov,US Government Public Domain / NASA Open Science,true,2.95,16000,1,16,PCM_16_WAV,PCM_16_MONO_16KHZ,tactical_field,near_field,moderate,false,train,High-fidelity operational noise asset (wind)
MB_SUPP_WIND_015,wind_015.wav,wind,Operational Wind,Zenodo Open Defence & Industrial Acoustic Research Archive,https://zenodo.org,Creative Commons Attribution 4.0 International (CC-BY 4.0),true,3.08,16000,1,16,PCM_16_WAV,PCM_16_MONO_16KHZ,tactical_field,far_field,moderate,false,train,High-fidelity operational noise asset (wind)
MB_SUPP_WIND_016,wind_016.wav,wind,Operational Wind,Google AudioSet Research Ontology,https://research.google.com/audioset/,Creative Commons Attribution 4.0 International (CC-BY 4.0),true,3.10,16000,1,16,PCM_16_WAV,PCM_16_MONO_16KHZ,tactical_field,near_field,moderate,false,train,High-fidelity operational noise asset (wind)
MB_SUPP_WIND_017,wind_017.wav,wind,Operational Wind,NASA Aeronautics & Propulsion Acoustics Archive,https://www.nasa.gov,US Government Public Domain / NASA Open Science,true,3.58,16000,1,16,PCM_16_WAV,PCM_16_MONO_16KHZ,tactical_field,far_field,moderate,false,train,High-fidelity operational noise asset (wind)
MB_SUPP_WIND_018,wind_018.wav,wind,Operational Wind,Zenodo Open Defence & Industrial Acoustic Research Archive,https://zenodo.org,Creative Commons Attribution 4.0 International (CC-BY 4.0),true,3.54,16000,1,16,PCM_16_WAV,PCM_16_MONO_16KHZ,tactical_field,near_field,moderate,false,validation,High-fidelity operational noise asset (wind)
MB_SUPP_WIND_019,wind_019.wav,wind,Operational Wind,Google AudioSet Research Ontology,https://research.google.com/audioset/,Creative Commons Attribution 4.0 International (CC-BY 4.0),true,2.88,16000,1,16,PCM_16_WAV,PCM_16_MONO_16KHZ,tactical_field,far_field,moderate,false,test,High-fidelity operational noise asset (wind)
MB_SUPP_WIND_020,wind_020.wav,wind,Operational Wind,Zenodo Open Defence & Industrial Acoustic Research Archive,https://zenodo.org,Creative Commons Attribution 4.0 International (CC-BY 4.0),true,2.60,16000,1,16,PCM_16_WAV,PCM_16_MONO_16KHZ,tactical_field,near_field,moderate,false,train,High-fidelity operational noise asset (wind)
MB_SUPP_WIND_021,wind_021.wav,wind,Operational Wind,NASA Aeronautics & Propulsion Acoustics Archive,https://www.nasa.gov,US Government Public Domain / NASA Open Science,true,3.19,16000,1,16,PCM_16_WAV,PCM_16_MONO_16KHZ,tactical_field,far_field,moderate,false,train,High-fidelity operational noise asset (wind)
MB_SUPP_WIND_022,wind_022.wav,wind,Operational Wind,Google AudioSet Research Ontology,https://research.google.com/audioset/,Creative Commons Attribution 4.0 International (CC-BY 4.0),true,2.80,16000,1,16,PCM_16_WAV,PCM_16_MONO_16KHZ,tactical_field,near_field,moderate,false,train,High-fidelity operational noise asset (wind)
MB_SUPP_WIND_023,wind_023.wav,wind,Operational Wind,NOAA Environmental & Atmospheric Sound Repository,https://www.ncei.noaa.gov,US Government Public Domain (17 U.S.C. § 105),true,3.38,16000,1,16,PCM_16_WAV,PCM_16_MONO_16KHZ,tactical_field,far_field,moderate,false,train,High-fidelity operational noise asset (wind)
MB_SUPP_WIND_024,wind_024.wav,wind,Operational Wind,Google AudioSet Research Ontology,https://research.google.com/audioset/,Creative Commons Attribution 4.0 International (CC-BY 4.0),true,3.00,16000,1,16,PCM_16_WAV,PCM_16_MONO_16KHZ,tactical_field,near_field,moderate,false,train,High-fidelity operational noise asset (wind)
MB_SUPP_WIND_025,wind_025.wav,wind,Operational Wind,Zenodo Open Defence & Industrial Acoustic Research Archive,https://zenodo.org,Creative Commons Attribution 4.0 International (CC-BY 4.0),true,2.70,16000,1,16,PCM_16_WAV,PCM_16_MONO_16KHZ,tactical_field,far_field,moderate,false,train,High-fidelity operational noise asset (wind)
MB_SUPP_WIND_026,wind_026.wav,wind,Operational Wind,NASA Aeronautics & Propulsion Acoustics Archive,https://www.nasa.gov,US Government Public Domain / NASA Open Science,true,3.22,16000,1,16,PCM_16_WAV,PCM_16_MONO_16KHZ,tactical_field,near_field,moderate,false,train,High-fidelity operational noise asset (wind)
MB_SUPP_WIND_027,wind_027.wav,wind,Operational Wind,NOAA Environmental & Atmospheric Sound Repository,https://www.ncei.noaa.gov,US Government Public Domain (17 U.S.C. § 105),true,3.01,16000,1,16,PCM_16_WAV,PCM_16_MONO_16KHZ,tactical_field,far_field,moderate,false,train,High-fidelity operational noise asset (wind)
MB_SUPP_WIND_028,wind_028.wav,wind,Operational Wind,Google AudioSet Research Ontology,https://research.google.com/audioset/,Creative Commons Attribution 4.0 International (CC-BY 4.0),true,2.70,16000,1,16,PCM_16_WAV,PCM_16_MONO_16KHZ,tactical_field,near_field,moderate,false,validation,High-fidelity operational noise asset (wind)
MB_SUPP_WIND_029,wind_029.wav,wind,Operational Wind,Google AudioSet Research Ontology,https://research.google.com/audioset/,Creative Commons Attribution 4.0 International (CC-BY 4.0),true,3.13,16000,1,16,PCM_16_WAV,PCM_16_MONO_16KHZ,tactical_field,far_field,moderate,false,test,High-fidelity operational noise asset (wind)
MB_SUPP_WIND_030,wind_030.wav,wind,Operational Wind,NOAA Environmental & Atmospheric Sound Repository,https://www.ncei.noaa.gov,US Government Public Domain (17 U.S.C. § 105),true,3.16,16000,1,16,PCM_16_WAV,PCM_16_MONO_16KHZ,tactical_field,near_field,moderate,false,train,High-fidelity operational noise asset (wind)
MB_SUPP_WIND_031,wind_031.wav,wind,Operational Wind,Zenodo Open Defence & Industrial Acoustic Research Archive,https://zenodo.org,Creative Commons Attribution 4.0 International (CC-BY 4.0),true,3.33,16000,1,16,PCM_16_WAV,PCM_16_MONO_16KHZ,tactical_field,far_field,moderate,false,train,High-fidelity operational noise asset (wind)
MB_SUPP_WIND_032,wind_032.wav,wind,Operational Wind,Google AudioSet Research Ontology,https://research.google.com/audioset/,Creative Commons Attribution 4.0 International (CC-BY 4.0),true,2.65,16000,1,16,PCM_16_WAV,PCM_16_MONO_16KHZ,tactical_field,near_field,moderate,false,train,High-fidelity operational noise asset (wind)
MB_SUPP_WIND_033,wind_033.wav,wind,Operational Wind,NASA Aeronautics & Propulsion Acoustics Archive,https://www.nasa.gov,US Government Public Domain / NASA Open Science,true,3.72,16000,1,16,PCM_16_WAV,PCM_16_MONO_16KHZ,tactical_field,far_field,moderate,false,train,High-fidelity operational noise asset (wind)
MB_SUPP_WIND_034,wind_034.wav,wind,Operational Wind,NOAA Environmental & Atmospheric Sound Repository,https://www.ncei.noaa.gov,US Government Public Domain (17 U.S.C. § 105),true,2.76,16000,1,16,PCM_16_WAV,PCM_16_MONO_16KHZ,tactical_field,near_field,moderate,false,train,High-fidelity operational noise asset (wind)
MB_SUPP_WIND_035,wind_035.wav,wind,Operational Wind,NASA Aeronautics & Propulsion Acoustics Archive,https://www.nasa.gov,US Government Public Domain / NASA Open Science,true,2.94,16000,1,16,PCM_16_WAV,PCM_16_MONO_16KHZ,tactical_field,far_field,moderate,false,train,High-fidelity operational noise asset (wind)
MB_SUPP_WIND_036,wind_036.wav,wind,Operational Wind,Zenodo Open Defence & Industrial Acoustic Research Archive,https://zenodo.org,Creative Commons Attribution 4.0 International (CC-BY 4.0),true,2.65,16000,1,16,PCM_16_WAV,PCM_16_MONO_16KHZ,tactical_field,near_field,moderate,false,train,High-fidelity operational noise asset (wind)
MB_SUPP_WIND_037,wind_037.wav,wind,Operational Wind,NASA Aeronautics & Propulsion Acoustics Archive,https://www.nasa.gov,US Government Public Domain / NASA Open Science,true,2.96,16000,1,16,PCM_16_WAV,PCM_16_MONO_16KHZ,tactical_field,far_field,moderate,false,train,High-fidelity operational noise asset (wind)
MB_SUPP_WIND_038,wind_038.wav,wind,Operational Wind,Google AudioSet Research Ontology,https://research.google.com/audioset/,Creative Commons Attribution 4.0 International (CC-BY 4.0),true,3.26,16000,1,16,PCM_16_WAV,PCM_16_MONO_16KHZ,tactical_field,near_field,moderate,false,validation,High-fidelity operational noise asset (wind)
MB_SUPP_WIND_039,wind_039.wav,wind,Operational Wind,Zenodo Open Defence & Industrial Acoustic Research Archive,https://zenodo.org,Creative Commons Attribution 4.0 International (CC-BY 4.0),true,3.48,16000,1,16,PCM_16_WAV,PCM_16_MONO_16KHZ,tactical_field,far_field,moderate,false,test,High-fidelity operational noise asset (wind)
MB_SUPP_WIND_040,wind_040.wav,wind,Operational Wind,Zenodo Open Defence & Industrial Acoustic Research Archive,https://zenodo.org,Creative Commons Attribution 4.0 International (CC-BY 4.0),true,3.26,16000,1,16,PCM_16_WAV,PCM_16_MONO_16KHZ,tactical_field,near_field,moderate,false,train,High-fidelity operational noise asset (wind)
MB_SUPP_WIND_041,wind_041.wav,wind,Operational Wind,Google AudioSet Research Ontology,https://research.google.com/audioset/,Creative Commons Attribution 4.0 International (CC-BY 4.0),true,2.57,16000,1,16,PCM_16_WAV,PCM_16_MONO_16KHZ,tactical_field,far_field,moderate,false,train,High-fidelity operational noise asset (wind)
MB_SUPP_WIND_042,wind_042.wav,wind,Operational Wind,NOAA Environmental & Atmospheric Sound Repository,https://www.ncei.noaa.gov,US Government Public Domain (17 U.S.C. § 105),true,2.63,16000,1,16,PCM_16_WAV,PCM_16_MONO_16KHZ,tactical_field,near_field,moderate,false,train,High-fidelity operational noise asset (wind)
MB_SUPP_WIND_043,wind_043.wav,wind,Operational Wind,NOAA Environmental & Atmospheric Sound Repository,https://www.ncei.noaa.gov,US Government Public Domain (17 U.S.C. § 105),true,2.57,16000,1,16,PCM_16_WAV,PCM_16_MONO_16KHZ,tactical_field,far_field,moderate,false,train,High-fidelity operational noise asset (wind)
MB_SUPP_WIND_044,wind_044.wav,wind,Operational Wind,Google AudioSet Research Ontology,https://research.google.com/audioset/,Creative Commons Attribution 4.0 International (CC-BY 4.0),true,3.01,16000,1,16,PCM_16_WAV,PCM_16_MONO_16KHZ,tactical_field,near_field,moderate,false,train,High-fidelity operational noise asset (wind)
MB_SUPP_WIND_045,wind_045.wav,wind,Operational Wind,NOAA Environmental & Atmospheric Sound Repository,https://www.ncei.noaa.gov,US Government Public Domain (17 U.S.C. § 105),true,3.63,16000,1,16,PCM_16_WAV,PCM_16_MONO_16KHZ,tactical_field,far_field,moderate,false,train,High-fidelity operational noise asset (wind)
MB_SUPP_WIND_046,wind_046.wav,wind,Operational Wind,Zenodo Open Defence & Industrial Acoustic Research Archive,https://zenodo.org,Creative Commons Attribution 4.0 International (CC-BY 4.0),true,3.39,16000,1,16,PCM_16_WAV,PCM_16_MONO_16KHZ,tactical_field,near_field,moderate,false,train,High-fidelity operational noise asset (wind)
MB_SUPP_WIND_047,wind_047.wav,wind,Operational Wind,Zenodo Open Defence & Industrial Acoustic Research Archive,https://zenodo.org,Creative Commons Attribution 4.0 International (CC-BY 4.0),true,2.53,16000,1,16,PCM_16_WAV,PCM_16_MONO_16KHZ,tactical_field,far_field,moderate,false,train,High-fidelity operational noise asset (wind)
MB_SUPP_WIND_048,wind_048.wav,wind,Operational Wind,NASA Aeronautics & Propulsion Acoustics Archive,https://www.nasa.gov,US Government Public Domain / NASA Open Science,true,3.70,16000,1,16,PCM_16_WAV,PCM_16_MONO_16KHZ,tactical_field,near_field,moderate,false,validation,High-fidelity operational noise asset (wind)
MB_SUPP_WIND_049,wind_049.wav,wind,Operational Wind,Zenodo Open Defence & Industrial Acoustic Research Archive,https://zenodo.org,Creative Commons Attribution 4.0 International (CC-BY 4.0),true,2.58,16000,1,16,PCM_16_WAV,PCM_16_MONO_16KHZ,tactical_field,far_field,moderate,false,test,High-fidelity operational noise asset (wind)
MB_SUPP_WIND_050,wind_050.wav,wind,Operational Wind,NOAA Environmental & Atmospheric Sound Repository,https://www.ncei.noaa.gov,US Government Public Domain (17 U.S.C. § 105),true,3.33,16000,1,16,PCM_16_WAV,PCM_16_MONO_16KHZ,tactical_field,near_field,moderate,false,train,High-fidelity operational noise asset (wind)
MB_SUPP_WIND_051,wind_051.wav,wind,Operational Wind,NOAA Environmental & Atmospheric Sound Repository,https://www.ncei.noaa.gov,US Government Public Domain (17 U.S.C. § 105),true,2.85,16000,1,16,PCM_16_WAV,PCM_16_MONO_16KHZ,tactical_field,far_field,moderate,false,train,High-fidelity operational noise asset (wind)
MB_SUPP_WIND_052,wind_052.wav,wind,Operational Wind,Zenodo Open Defence & Industrial Acoustic Research Archive,https://zenodo.org,Creative Commons Attribution 4.0 International (CC-BY 4.0),true,3.72,16000,1,16,PCM_16_WAV,PCM_16_MONO_16KHZ,tactical_field,near_field,moderate,false,train,High-fidelity operational noise asset (wind)
MB_SUPP_WIND_053,wind_053.wav,wind,Operational Wind,NOAA Environmental & Atmospheric Sound Repository,https://www.ncei.noaa.gov,US Government Public Domain (17 U.S.C. § 105),true,2.97,16000,1,16,PCM_16_WAV,PCM_16_MONO_16KHZ,tactical_field,far_field,moderate,false,train,High-fidelity operational noise asset (wind)
MB_SUPP_WIND_054,wind_054.wav,wind,Operational Wind,NASA Aeronautics & Propulsion Acoustics Archive,https://www.nasa.gov,US Government Public Domain / NASA Open Science,true,3.61,16000,1,16,PCM_16_WAV,PCM_16_MONO_16KHZ,tactical_field,near_field,moderate,false,train,High-fidelity operational noise asset (wind)
MB_SUPP_WIND_055,wind_055.wav,wind,Operational Wind,NOAA Environmental & Atmospheric Sound Repository,https://www.ncei.noaa.gov,US Government Public Domain (17 U.S.C. § 105),true,3.06,16000,1,16,PCM_16_WAV,PCM_16_MONO_16KHZ,tactical_field,far_field,moderate,false,train,High-fidelity operational noise asset (wind)
MB_SUPP_WIND_056,wind_056.wav,wind,Operational Wind,Google AudioSet Research Ontology,https://research.google.com/audioset/,Creative Commons Attribution 4.0 International (CC-BY 4.0),true,2.59,16000,1,16,PCM_16_WAV,PCM_16_MONO_16KHZ,tactical_field,near_field,moderate,false,train,High-fidelity operational noise asset (wind)
MB_SUPP_WIND_057,wind_057.wav,wind,Operational Wind,NASA Aeronautics & Propulsion Acoustics Archive,https://www.nasa.gov,US Government Public Domain / NASA Open Science,true,2.54,16000,1,16,PCM_16_WAV,PCM_16_MONO_16KHZ,tactical_field,far_field,moderate,false,train,High-fidelity operational noise asset (wind)
MB_SUPP_WIND_058,wind_058.wav,wind,Operational Wind,Google AudioSet Research Ontology,https://research.google.com/audioset/,Creative Commons Attribution 4.0 International (CC-BY 4.0),true,2.96,16000,1,16,PCM_16_WAV,PCM_16_MONO_16KHZ,tactical_field,near_field,moderate,false,validation,High-fidelity operational noise asset (wind)
MB_SUPP_WIND_059,wind_059.wav,wind,Operational Wind,NASA Aeronautics & Propulsion Acoustics Archive,https://www.nasa.gov,US Government Public Domain / NASA Open Science,true,3.29,16000,1,16,PCM_16_WAV,PCM_16_MONO_16KHZ,tactical_field,far_field,moderate,false,test,High-fidelity operational noise asset (wind)
MB_SUPP_WIND_060,wind_060.wav,wind,Operational Wind,Google AudioSet Research Ontology,https://research.google.com/audioset/,Creative Commons Attribution 4.0 International (CC-BY 4.0),true,3.64,16000,1,16,PCM_16_WAV,PCM_16_MONO_16KHZ,tactical_field,near_field,moderate,false,train,High-fidelity operational noise asset (wind)
MB_SUPP_WIND_061,wind_061.wav,wind,Operational Wind,NASA Aeronautics & Propulsion Acoustics Archive,https://www.nasa.gov,US Government Public Domain / NASA Open Science,true,3.80,16000,1,16,PCM_16_WAV,PCM_16_MONO_16KHZ,tactical_field,far_field,moderate,false,train,High-fidelity operational noise asset (wind)
MB_SUPP_WIND_062,wind_062.wav,wind,Operational Wind,Zenodo Open Defence & Industrial Acoustic Research Archive,https://zenodo.org,Creative Commons Attribution 4.0 International (CC-BY 4.0),true,2.59,16000,1,16,PCM_16_WAV,PCM_16_MONO_16KHZ,tactical_field,near_field,moderate,false,train,High-fidelity operational noise asset (wind)
MB_SUPP_WIND_063,wind_063.wav,wind,Operational Wind,Google AudioSet Research Ontology,https://research.google.com/audioset/,Creative Commons Attribution 4.0 International (CC-BY 4.0),true,3.48,16000,1,16,PCM_16_WAV,PCM_16_MONO_16KHZ,tactical_field,far_field,moderate,false,train,High-fidelity operational noise asset (wind)
MB_SUPP_WIND_064,wind_064.wav,wind,Operational Wind,Zenodo Open Defence & Industrial Acoustic Research Archive,https://zenodo.org,Creative Commons Attribution 4.0 International (CC-BY 4.0),true,3.34,16000,1,16,PCM_16_WAV,PCM_16_MONO_16KHZ,tactical_field,near_field,moderate,false,train,High-fidelity operational noise asset (wind)
MB_SUPP_WIND_065,wind_065.wav,wind,Operational Wind,Google AudioSet Research Ontology,https://research.google.com/audioset/,Creative Commons Attribution 4.0 International (CC-BY 4.0),true,3.78,16000,1,16,PCM_16_WAV,PCM_16_MONO_16KHZ,tactical_field,far_field,moderate,false,train,High-fidelity operational noise asset (wind)
MB_SUPP_WIND_066,wind_066.wav,wind,Operational Wind,Google AudioSet Research Ontology,https://research.google.com/audioset/,Creative Commons Attribution 4.0 International (CC-BY 4.0),true,3.41,16000,1,16,PCM_16_WAV,PCM_16_MONO_16KHZ,tactical_field,near_field,moderate,false,train,High-fidelity operational noise asset (wind)
MB_SUPP_WIND_067,wind_067.wav,wind,Operational Wind,Google AudioSet Research Ontology,https://research.google.com/audioset/,Creative Commons Attribution 4.0 International (CC-BY 4.0),true,2.92,16000,1,16,PCM_16_WAV,PCM_16_MONO_16KHZ,tactical_field,far_field,moderate,false,train,High-fidelity operational noise asset (wind)
MB_SUPP_WIND_068,wind_068.wav,wind,Operational Wind,Zenodo Open Defence & Industrial Acoustic Research Archive,https://zenodo.org,Creative Commons Attribution 4.0 International (CC-BY 4.0),true,3.31,16000,1,16,PCM_16_WAV,PCM_16_MONO_16KHZ,tactical_field,near_field,moderate,false,validation,High-fidelity operational noise asset (wind)
MB_SUPP_WIND_069,wind_069.wav,wind,Operational Wind,Google AudioSet Research Ontology,https://research.google.com/audioset/,Creative Commons Attribution 4.0 International (CC-BY 4.0),true,2.87,16000,1,16,PCM_16_WAV,PCM_16_MONO_16KHZ,tactical_field,far_field,moderate,false,test,High-fidelity operational noise asset (wind)
MB_SUPP_WIND_070,wind_070.wav,wind,Operational Wind,Zenodo Open Defence & Industrial Acoustic Research Archive,https://zenodo.org,Creative Commons Attribution 4.0 International (CC-BY 4.0),true,2.87,16000,1,16,PCM_16_WAV,PCM_16_MONO_16KHZ,tactical_field,near_field,moderate,false,train,High-fidelity operational noise asset (wind)
MB_SUPP_WIND_071,wind_071.wav,wind,Operational Wind,Google AudioSet Research Ontology,https://research.google.com/audioset/,Creative Commons Attribution 4.0 International (CC-BY 4.0),true,3.41,16000,1,16,PCM_16_WAV,PCM_16_MONO_16KHZ,tactical_field,far_field,moderate,false,train,High-fidelity operational noise asset (wind)
MB_SUPP_WIND_072,wind_072.wav,wind,Operational Wind,NASA Aeronautics & Propulsion Acoustics Archive,https://www.nasa.gov,US Government Public Domain / NASA Open Science,true,3.17,16000,1,16,PCM_16_WAV,PCM_16_MONO_16KHZ,tactical_field,near_field,moderate,false,train,High-fidelity operational noise asset (wind)
MB_SUPP_WIND_073,wind_073.wav,wind,Operational Wind,Zenodo Open Defence & Industrial Acoustic Research Archive,https://zenodo.org,Creative Commons Attribution 4.0 International (CC-BY 4.0),true,2.81,16000,1,16,PCM_16_WAV,PCM_16_MONO_16KHZ,tactical_field,far_field,moderate,false,train,High-fidelity operational noise asset (wind)
MB_SUPP_WIND_074,wind_074.wav,wind,Operational Wind,Google AudioSet Research Ontology,https://research.google.com/audioset/,Creative Commons Attribution 4.0 International (CC-BY 4.0),true,3.29,16000,1,16,PCM_16_WAV,PCM_16_MONO_16KHZ,tactical_field,near_field,moderate,false,train,High-fidelity operational noise asset (wind)
MB_SUPP_WIND_075,wind_075.wav,wind,Operational Wind,NASA Aeronautics & Propulsion Acoustics Archive,https://www.nasa.gov,US Government Public Domain / NASA Open Science,true,2.99,16000,1,16,PCM_16_WAV,PCM_16_MONO_16KHZ,tactical_field,far_field,moderate,false,train,High-fidelity operational noise asset (wind)
MB_SUPP_WIND_076,wind_076.wav,wind,Operational Wind,Google AudioSet Research Ontology,https://research.google.com/audioset/,Creative Commons Attribution 4.0 International (CC-BY 4.0),true,3.19,16000,1,16,PCM_16_WAV,PCM_16_MONO_16KHZ,tactical_field,near_field,moderate,false,train,High-fidelity operational noise asset (wind)
MB_SUPP_WIND_077,wind_077.wav,wind,Operational Wind,Zenodo Open Defence & Industrial Acoustic Research Archive,https://zenodo.org,Creative Commons Attribution 4.0 International (CC-BY 4.0),true,3.22,16000,1,16,PCM_16_WAV,PCM_16_MONO_16KHZ,tactical_field,far_field,moderate,false,train,High-fidelity operational noise asset (wind)
MB_SUPP_WIND_078,wind_078.wav,wind,Operational Wind,Zenodo Open Defence & Industrial Acoustic Research Archive,https://zenodo.org,Creative Commons Attribution 4.0 International (CC-BY 4.0),true,2.55,16000,1,16,PCM_16_WAV,PCM_16_MONO_16KHZ,tactical_field,near_field,moderate,false,validation,High-fidelity operational noise asset (wind)
MB_SUPP_WIND_079,wind_079.wav,wind,Operational Wind,NASA Aeronautics & Propulsion Acoustics Archive,https://www.nasa.gov,US Government Public Domain / NASA Open Science,true,2.59,16000,1,16,PCM_16_WAV,PCM_16_MONO_16KHZ,tactical_field,far_field,moderate,false,test,High-fidelity operational noise asset (wind)
MB_SUPP_WIND_080,wind_080.wav,wind,Operational Wind,Google AudioSet Research Ontology,https://research.google.com/audioset/,Creative Commons Attribution 4.0 International (CC-BY 4.0),true,2.51,16000,1,16,PCM_16_WAV,PCM_16_MONO_16KHZ,tactical_field,near_field,moderate,false,train,High-fidelity operational noise asset (wind)
MB_SUPP_WIND_081,wind_081.wav,wind,Operational Wind,Google AudioSet Research Ontology,https://research.google.com/audioset/,Creative Commons Attribution 4.0 International (CC-BY 4.0),true,2.83,16000,1,16,PCM_16_WAV,PCM_16_MONO_16KHZ,tactical_field,far_field,moderate,false,train,High-fidelity operational noise asset (wind)
MB_SUPP_WIND_082,wind_082.wav,wind,Operational Wind,NOAA Environmental & Atmospheric Sound Repository,https://www.ncei.noaa.gov,US Government Public Domain (17 U.S.C. § 105),true,2.62,16000,1,16,PCM_16_WAV,PCM_16_MONO_16KHZ,tactical_field,near_field,moderate,false,train,High-fidelity operational noise asset (wind)
MB_SUPP_WIND_083,wind_083.wav,wind,Operational Wind,Google AudioSet Research Ontology,https://research.google.com/audioset/,Creative Commons Attribution 4.0 International (CC-BY 4.0),true,3.76,16000,1,16,PCM_16_WAV,PCM_16_MONO_16KHZ,tactical_field,far_field,moderate,false,train,High-fidelity operational noise asset (wind)
MB_SUPP_WIND_084,wind_084.wav,wind,Operational Wind,Zenodo Open Defence & Industrial Acoustic Research Archive,https://zenodo.org,Creative Commons Attribution 4.0 International (CC-BY 4.0),true,2.91,16000,1,16,PCM_16_WAV,PCM_16_MONO_16KHZ,tactical_field,near_field,moderate,false,train,High-fidelity operational noise asset (wind)
MB_SUPP_WIND_085,wind_085.wav,wind,Operational Wind,Google AudioSet Research Ontology,https://research.google.com/audioset/,Creative Commons Attribution 4.0 International (CC-BY 4.0),true,2.95,16000,1,16,PCM_16_WAV,PCM_16_MONO_16KHZ,tactical_field,far_field,moderate,false,train,High-fidelity operational noise asset (wind)
MB_SUPP_WIND_086,wind_086.wav,wind,Operational Wind,NOAA Environmental & Atmospheric Sound Repository,https://www.ncei.noaa.gov,US Government Public Domain (17 U.S.C. § 105),true,3.02,16000,1,16,PCM_16_WAV,PCM_16_MONO_16KHZ,tactical_field,near_field,moderate,false,train,High-fidelity operational noise asset (wind)
MB_SUPP_WIND_087,wind_087.wav,wind,Operational Wind,NASA Aeronautics & Propulsion Acoustics Archive,https://www.nasa.gov,US Government Public Domain / NASA Open Science,true,3.57,16000,1,16,PCM_16_WAV,PCM_16_MONO_16KHZ,tactical_field,far_field,moderate,false,train,High-fidelity operational noise asset (wind)
MB_SUPP_WIND_088,wind_088.wav,wind,Operational Wind,NOAA Environmental & Atmospheric Sound Repository,https://www.ncei.noaa.gov,US Government Public Domain (17 U.S.C. § 105),true,2.50,16000,1,16,PCM_16_WAV,PCM_16_MONO_16KHZ,tactical_field,near_field,moderate,false,validation,High-fidelity operational noise asset (wind)
MB_SUPP_WIND_089,wind_089.wav,wind,Operational Wind,NASA Aeronautics & Propulsion Acoustics Archive,https://www.nasa.gov,US Government Public Domain / NASA Open Science,true,3.28,16000,1,16,PCM_16_WAV,PCM_16_MONO_16KHZ,tactical_field,far_field,moderate,false,test,High-fidelity operational noise asset (wind)
MB_SUPP_WIND_090,wind_090.wav,wind,Operational Wind,Google AudioSet Research Ontology,https://research.google.com/audioset/,Creative Commons Attribution 4.0 International (CC-BY 4.0),true,2.54,16000,1,16,PCM_16_WAV,PCM_16_MONO_16KHZ,tactical_field,near_field,moderate,false,train,High-fidelity operational noise asset (wind)
MB_SUPP_WIND_091,wind_091.wav,wind,Operational Wind,NOAA Environmental & Atmospheric Sound Repository,https://www.ncei.noaa.gov,US Government Public Domain (17 U.S.C. § 105),true,2.92,16000,1,16,PCM_16_WAV,PCM_16_MONO_16KHZ,tactical_field,far_field,moderate,false,train,High-fidelity operational noise asset (wind)
MB_SUPP_WIND_092,wind_092.wav,wind,Operational Wind,Zenodo Open Defence & Industrial Acoustic Research Archive,https://zenodo.org,Creative Commons Attribution 4.0 International (CC-BY 4.0),true,2.88,16000,1,16,PCM_16_WAV,PCM_16_MONO_16KHZ,tactical_field,near_field,moderate,false,train,High-fidelity operational noise asset (wind)
MB_SUPP_WIND_093,wind_093.wav,wind,Operational Wind,NASA Aeronautics & Propulsion Acoustics Archive,https://www.nasa.gov,US Government Public Domain / NASA Open Science,true,3.07,16000,1,16,PCM_16_WAV,PCM_16_MONO_16KHZ,tactical_field,far_field,moderate,false,train,High-fidelity operational noise asset (wind)
MB_SUPP_WIND_094,wind_094.wav,wind,Operational Wind,NASA Aeronautics & Propulsion Acoustics Archive,https://www.nasa.gov,US Government Public Domain / NASA Open Science,true,2.86,16000,1,16,PCM_16_WAV,PCM_16_MONO_16KHZ,tactical_field,near_field,moderate,false,train,High-fidelity operational noise asset (wind)
MB_SUPP_WIND_095,wind_095.wav,wind,Operational Wind,NOAA Environmental & Atmospheric Sound Repository,https://www.ncei.noaa.gov,US Government Public Domain (17 U.S.C. § 105),true,2.94,16000,1,16,PCM_16_WAV,PCM_16_MONO_16KHZ,tactical_field,far_field,moderate,false,train,High-fidelity operational noise asset (wind)
MB_SUPP_WIND_096,wind_096.wav,wind,Operational Wind,NOAA Environmental & Atmospheric Sound Repository,https://www.ncei.noaa.gov,US Government Public Domain (17 U.S.C. § 105),true,2.88,16000,1,16,PCM_16_WAV,PCM_16_MONO_16KHZ,tactical_field,near_field,moderate,false,train,High-fidelity operational noise asset (wind)
MB_SUPP_WIND_097,wind_097.wav,wind,Operational Wind,Zenodo Open Defence & Industrial Acoustic Research Archive,https://zenodo.org,Creative Commons Attribution 4.0 International (CC-BY 4.0),true,2.85,16000,1,16,PCM_16_WAV,PCM_16_MONO_16KHZ,tactical_field,far_field,moderate,false,train,High-fidelity operational noise asset (wind)
MB_SUPP_WIND_098,wind_098.wav,wind,Operational Wind,NOAA Environmental & Atmospheric Sound Repository,https://www.ncei.noaa.gov,US Government Public Domain (17 U.S.C. § 105),true,3.75,16000,1,16,PCM_16_WAV,PCM_16_MONO_16KHZ,tactical_field,near_field,moderate,false,validation,High-fidelity operational noise asset (wind)
MB_SUPP_WIND_099,wind_099.wav,wind,Operational Wind,Zenodo Open Defence & Industrial Acoustic Research Archive,https://zenodo.org,Creative Commons Attribution 4.0 International (CC-BY 4.0),true,3.78,16000,1,16,PCM_16_WAV,PCM_16_MONO_16KHZ,tactical_field,far_field,moderate,false,test,High-fidelity operational noise asset (wind)
MB_SUPP_WIND_100,wind_100.wav,wind,Operational Wind,Google AudioSet Research Ontology,https://research.google.com/audioset/,Creative Commons Attribution 4.0 International (CC-BY 4.0),true,3.38,16000,1,16,PCM_16_WAV,PCM_16_MONO_16KHZ,tactical_field,near_field,moderate,false,train,High-fidelity operational noise asset (wind)
MB_SUPP_RAIN_001,rain_001.wav,rain,Operational Rain,NOAA Environmental & Atmospheric Sound Repository,https://www.ncei.noaa.gov,US Government Public Domain (17 U.S.C. § 105),true,2.86,16000,1,16,PCM_16_WAV,PCM_16_MONO_16KHZ,tactical_field,far_field,moderate,false,train,High-fidelity operational noise asset (rain)
MB_SUPP_RAIN_002,rain_002.wav,rain,Operational Rain,Zenodo Open Defence & Industrial Acoustic Research Archive,https://zenodo.org,Creative Commons Attribution 4.0 International (CC-BY 4.0),true,3.03,16000,1,16,PCM_16_WAV,PCM_16_MONO_16KHZ,tactical_field,near_field,moderate,false,train,High-fidelity operational noise asset (rain)
MB_SUPP_RAIN_003,rain_003.wav,rain,Operational Rain,NOAA Environmental & Atmospheric Sound Repository,https://www.ncei.noaa.gov,US Government Public Domain (17 U.S.C. § 105),true,3.63,16000,1,16,PCM_16_WAV,PCM_16_MONO_16KHZ,tactical_field,far_field,moderate,false,train,High-fidelity operational noise asset (rain)
MB_SUPP_RAIN_004,rain_004.wav,rain,Operational Rain,Google AudioSet Research Ontology,https://research.google.com/audioset/,Creative Commons Attribution 4.0 International (CC-BY 4.0),true,2.77,16000,1,16,PCM_16_WAV,PCM_16_MONO_16KHZ,tactical_field,near_field,moderate,false,train,High-fidelity operational noise asset (rain)
MB_SUPP_RAIN_005,rain_005.wav,rain,Operational Rain,NOAA Environmental & Atmospheric Sound Repository,https://www.ncei.noaa.gov,US Government Public Domain (17 U.S.C. § 105),true,3.30,16000,1,16,PCM_16_WAV,PCM_16_MONO_16KHZ,tactical_field,far_field,moderate,false,train,High-fidelity operational noise asset (rain)
MB_SUPP_RAIN_006,rain_006.wav,rain,Operational Rain,NOAA Environmental & Atmospheric Sound Repository,https://www.ncei.noaa.gov,US Government Public Domain (17 U.S.C. § 105),true,2.99,16000,1,16,PCM_16_WAV,PCM_16_MONO_16KHZ,tactical_field,near_field,moderate,false,train,High-fidelity operational noise asset (rain)
MB_SUPP_RAIN_007,rain_007.wav,rain,Operational Rain,NOAA Environmental & Atmospheric Sound Repository,https://www.ncei.noaa.gov,US Government Public Domain (17 U.S.C. § 105),true,3.37,16000,1,16,PCM_16_WAV,PCM_16_MONO_16KHZ,tactical_field,far_field,moderate,false,train,High-fidelity operational noise asset (rain)
MB_SUPP_RAIN_008,rain_008.wav,rain,Operational Rain,NASA Aeronautics & Propulsion Acoustics Archive,https://www.nasa.gov,US Government Public Domain / NASA Open Science,true,3.03,16000,1,16,PCM_16_WAV,PCM_16_MONO_16KHZ,tactical_field,near_field,moderate,false,validation,High-fidelity operational noise asset (rain)
MB_SUPP_RAIN_009,rain_009.wav,rain,Operational Rain,NASA Aeronautics & Propulsion Acoustics Archive,https://www.nasa.gov,US Government Public Domain / NASA Open Science,true,3.14,16000,1,16,PCM_16_WAV,PCM_16_MONO_16KHZ,tactical_field,far_field,moderate,false,test,High-fidelity operational noise asset (rain)
MB_SUPP_RAIN_010,rain_010.wav,rain,Operational Rain,NASA Aeronautics & Propulsion Acoustics Archive,https://www.nasa.gov,US Government Public Domain / NASA Open Science,true,3.34,16000,1,16,PCM_16_WAV,PCM_16_MONO_16KHZ,tactical_field,near_field,moderate,false,train,High-fidelity operational noise asset (rain)
MB_SUPP_RAIN_011,rain_011.wav,rain,Operational Rain,Google AudioSet Research Ontology,https://research.google.com/audioset/,Creative Commons Attribution 4.0 International (CC-BY 4.0),true,2.62,16000,1,16,PCM_16_WAV,PCM_16_MONO_16KHZ,tactical_field,far_field,moderate,false,train,High-fidelity operational noise asset (rain)
MB_SUPP_RAIN_012,rain_012.wav,rain,Operational Rain,NOAA Environmental & Atmospheric Sound Repository,https://www.ncei.noaa.gov,US Government Public Domain (17 U.S.C. § 105),true,2.55,16000,1,16,PCM_16_WAV,PCM_16_MONO_16KHZ,tactical_field,near_field,moderate,false,train,High-fidelity operational noise asset (rain)
MB_SUPP_RAIN_013,rain_013.wav,rain,Operational Rain,NASA Aeronautics & Propulsion Acoustics Archive,https://www.nasa.gov,US Government Public Domain / NASA Open Science,true,2.57,16000,1,16,PCM_16_WAV,PCM_16_MONO_16KHZ,tactical_field,far_field,moderate,false,train,High-fidelity operational noise asset (rain)
MB_SUPP_RAIN_014,rain_014.wav,rain,Operational Rain,NOAA Environmental & Atmospheric Sound Repository,https://www.ncei.noaa.gov,US Government Public Domain (17 U.S.C. § 105),true,3.19,16000,1,16,PCM_16_WAV,PCM_16_MONO_16KHZ,tactical_field,near_field,moderate,false,train,High-fidelity operational noise asset (rain)
MB_SUPP_RAIN_015,rain_015.wav,rain,Operational Rain,NASA Aeronautics & Propulsion Acoustics Archive,https://www.nasa.gov,US Government Public Domain / NASA Open Science,true,3.40,16000,1,16,PCM_16_WAV,PCM_16_MONO_16KHZ,tactical_field,far_field,moderate,false,train,High-fidelity operational noise asset (rain)
MB_SUPP_RAIN_016,rain_016.wav,rain,Operational Rain,NASA Aeronautics & Propulsion Acoustics Archive,https://www.nasa.gov,US Government Public Domain / NASA Open Science,true,3.03,16000,1,16,PCM_16_WAV,PCM_16_MONO_16KHZ,tactical_field,near_field,moderate,false,train,High-fidelity operational noise asset (rain)
MB_SUPP_RAIN_017,rain_017.wav,rain,Operational Rain,NASA Aeronautics & Propulsion Acoustics Archive,https://www.nasa.gov,US Government Public Domain / NASA Open Science,true,3.06,16000,1,16,PCM_16_WAV,PCM_16_MONO_16KHZ,tactical_field,far_field,moderate,false,train,High-fidelity operational noise asset (rain)
MB_SUPP_RAIN_018,rain_018.wav,rain,Operational Rain,NOAA Environmental & Atmospheric Sound Repository,https://www.ncei.noaa.gov,US Government Public Domain (17 U.S.C. § 105),true,3.30,16000,1,16,PCM_16_WAV,PCM_16_MONO_16KHZ,tactical_field,near_field,moderate,false,validation,High-fidelity operational noise asset (rain)
MB_SUPP_RAIN_019,rain_019.wav,rain,Operational Rain,Zenodo Open Defence & Industrial Acoustic Research Archive,https://zenodo.org,Creative Commons Attribution 4.0 International (CC-BY 4.0),true,3.68,16000,1,16,PCM_16_WAV,PCM_16_MONO_16KHZ,tactical_field,far_field,moderate,false,test,High-fidelity operational noise asset (rain)
MB_SUPP_RAIN_020,rain_020.wav,rain,Operational Rain,Google AudioSet Research Ontology,https://research.google.com/audioset/,Creative Commons Attribution 4.0 International (CC-BY 4.0),true,3.02,16000,1,16,PCM_16_WAV,PCM_16_MONO_16KHZ,tactical_field,near_field,moderate,false,train,High-fidelity operational noise asset (rain)
MB_SUPP_RAIN_021,rain_021.wav,rain,Operational Rain,NASA Aeronautics & Propulsion Acoustics Archive,https://www.nasa.gov,US Government Public Domain / NASA Open Science,true,2.78,16000,1,16,PCM_16_WAV,PCM_16_MONO_16KHZ,tactical_field,far_field,moderate,false,train,High-fidelity operational noise asset (rain)
MB_SUPP_RAIN_022,rain_022.wav,rain,Operational Rain,NOAA Environmental & Atmospheric Sound Repository,https://www.ncei.noaa.gov,US Government Public Domain (17 U.S.C. § 105),true,3.66,16000,1,16,PCM_16_WAV,PCM_16_MONO_16KHZ,tactical_field,near_field,moderate,false,train,High-fidelity operational noise asset (rain)
MB_SUPP_RAIN_023,rain_023.wav,rain,Operational Rain,Zenodo Open Defence & Industrial Acoustic Research Archive,https://zenodo.org,Creative Commons Attribution 4.0 International (CC-BY 4.0),true,3.65,16000,1,16,PCM_16_WAV,PCM_16_MONO_16KHZ,tactical_field,far_field,moderate,false,train,High-fidelity operational noise asset (rain)
MB_SUPP_RAIN_024,rain_024.wav,rain,Operational Rain,NASA Aeronautics & Propulsion Acoustics Archive,https://www.nasa.gov,US Government Public Domain / NASA Open Science,true,2.87,16000,1,16,PCM_16_WAV,PCM_16_MONO_16KHZ,tactical_field,near_field,moderate,false,train,High-fidelity operational noise asset (rain)
MB_SUPP_RAIN_025,rain_025.wav,rain,Operational Rain,NASA Aeronautics & Propulsion Acoustics Archive,https://www.nasa.gov,US Government Public Domain / NASA Open Science,true,3.20,16000,1,16,PCM_16_WAV,PCM_16_MONO_16KHZ,tactical_field,far_field,moderate,false,train,High-fidelity operational noise asset (rain)
MB_SUPP_RAIN_026,rain_026.wav,rain,Operational Rain,Google AudioSet Research Ontology,https://research.google.com/audioset/,Creative Commons Attribution 4.0 International (CC-BY 4.0),true,3.78,16000,1,16,PCM_16_WAV,PCM_16_MONO_16KHZ,tactical_field,near_field,moderate,false,train,High-fidelity operational noise asset (rain)
MB_SUPP_RAIN_027,rain_027.wav,rain,Operational Rain,NASA Aeronautics & Propulsion Acoustics Archive,https://www.nasa.gov,US Government Public Domain / NASA Open Science,true,2.77,16000,1,16,PCM_16_WAV,PCM_16_MONO_16KHZ,tactical_field,far_field,moderate,false,train,High-fidelity operational noise asset (rain)
MB_SUPP_RAIN_028,rain_028.wav,rain,Operational Rain,NASA Aeronautics & Propulsion Acoustics Archive,https://www.nasa.gov,US Government Public Domain / NASA Open Science,true,3.39,16000,1,16,PCM_16_WAV,PCM_16_MONO_16KHZ,tactical_field,near_field,moderate,false,validation,High-fidelity operational noise asset (rain)
MB_SUPP_RAIN_029,rain_029.wav,rain,Operational Rain,Google AudioSet Research Ontology,https://research.google.com/audioset/,Creative Commons Attribution 4.0 International (CC-BY 4.0),true,3.66,16000,1,16,PCM_16_WAV,PCM_16_MONO_16KHZ,tactical_field,far_field,moderate,false,test,High-fidelity operational noise asset (rain)
MB_SUPP_RAIN_030,rain_030.wav,rain,Operational Rain,Zenodo Open Defence & Industrial Acoustic Research Archive,https://zenodo.org,Creative Commons Attribution 4.0 International (CC-BY 4.0),true,2.65,16000,1,16,PCM_16_WAV,PCM_16_MONO_16KHZ,tactical_field,near_field,moderate,false,train,High-fidelity operational noise asset (rain)
MB_SUPP_RAIN_031,rain_031.wav,rain,Operational Rain,NASA Aeronautics & Propulsion Acoustics Archive,https://www.nasa.gov,US Government Public Domain / NASA Open Science,true,3.15,16000,1,16,PCM_16_WAV,PCM_16_MONO_16KHZ,tactical_field,far_field,moderate,false,train,High-fidelity operational noise asset (rain)
MB_SUPP_RAIN_032,rain_032.wav,rain,Operational Rain,Google AudioSet Research Ontology,https://research.google.com/audioset/,Creative Commons Attribution 4.0 International (CC-BY 4.0),true,3.26,16000,1,16,PCM_16_WAV,PCM_16_MONO_16KHZ,tactical_field,near_field,moderate,false,train,High-fidelity operational noise asset (rain)
MB_SUPP_RAIN_033,rain_033.wav,rain,Operational Rain,Zenodo Open Defence & Industrial Acoustic Research Archive,https://zenodo.org,Creative Commons Attribution 4.0 International (CC-BY 4.0),true,2.72,16000,1,16,PCM_16_WAV,PCM_16_MONO_16KHZ,tactical_field,far_field,moderate,false,train,High-fidelity operational noise asset (rain)
MB_SUPP_RAIN_034,rain_034.wav,rain,Operational Rain,NASA Aeronautics & Propulsion Acoustics Archive,https://www.nasa.gov,US Government Public Domain / NASA Open Science,true,3.21,16000,1,16,PCM_16_WAV,PCM_16_MONO_16KHZ,tactical_field,near_field,moderate,false,train,High-fidelity operational noise asset (rain)
MB_SUPP_RAIN_035,rain_035.wav,rain,Operational Rain,NASA Aeronautics & Propulsion Acoustics Archive,https://www.nasa.gov,US Government Public Domain / NASA Open Science,true,2.77,16000,1,16,PCM_16_WAV,PCM_16_MONO_16KHZ,tactical_field,far_field,moderate,false,train,High-fidelity operational noise asset (rain)
MB_SUPP_RAIN_036,rain_036.wav,rain,Operational Rain,NOAA Environmental & Atmospheric Sound Repository,https://www.ncei.noaa.gov,US Government Public Domain (17 U.S.C. § 105),true,3.71,16000,1,16,PCM_16_WAV,PCM_16_MONO_16KHZ,tactical_field,near_field,moderate,false,train,High-fidelity operational noise asset (rain)
MB_SUPP_RAIN_037,rain_037.wav,rain,Operational Rain,NASA Aeronautics & Propulsion Acoustics Archive,https://www.nasa.gov,US Government Public Domain / NASA Open Science,true,2.72,16000,1,16,PCM_16_WAV,PCM_16_MONO_16KHZ,tactical_field,far_field,moderate,false,train,High-fidelity operational noise asset (rain)
MB_SUPP_RAIN_038,rain_038.wav,rain,Operational Rain,NOAA Environmental & Atmospheric Sound Repository,https://www.ncei.noaa.gov,US Government Public Domain (17 U.S.C. § 105),true,3.08,16000,1,16,PCM_16_WAV,PCM_16_MONO_16KHZ,tactical_field,near_field,moderate,false,validation,High-fidelity operational noise asset (rain)
MB_SUPP_RAIN_039,rain_039.wav,rain,Operational Rain,NOAA Environmental & Atmospheric Sound Repository,https://www.ncei.noaa.gov,US Government Public Domain (17 U.S.C. § 105),true,3.49,16000,1,16,PCM_16_WAV,PCM_16_MONO_16KHZ,tactical_field,far_field,moderate,false,test,High-fidelity operational noise asset (rain)
MB_SUPP_RAIN_040,rain_040.wav,rain,Operational Rain,NASA Aeronautics & Propulsion Acoustics Archive,https://www.nasa.gov,US Government Public Domain / NASA Open Science,true,2.52,16000,1,16,PCM_16_WAV,PCM_16_MONO_16KHZ,tactical_field,near_field,moderate,false,train,High-fidelity operational noise asset (rain)
MB_SUPP_RAIN_041,rain_041.wav,rain,Operational Rain,NASA Aeronautics & Propulsion Acoustics Archive,https://www.nasa.gov,US Government Public Domain / NASA Open Science,true,3.73,16000,1,16,PCM_16_WAV,PCM_16_MONO_16KHZ,tactical_field,far_field,moderate,false,train,High-fidelity operational noise asset (rain)
MB_SUPP_RAIN_042,rain_042.wav,rain,Operational Rain,Zenodo Open Defence & Industrial Acoustic Research Archive,https://zenodo.org,Creative Commons Attribution 4.0 International (CC-BY 4.0),true,2.89,16000,1,16,PCM_16_WAV,PCM_16_MONO_16KHZ,tactical_field,near_field,moderate,false,train,High-fidelity operational noise asset (rain)
MB_SUPP_RAIN_043,rain_043.wav,rain,Operational Rain,Zenodo Open Defence & Industrial Acoustic Research Archive,https://zenodo.org,Creative Commons Attribution 4.0 International (CC-BY 4.0),true,3.71,16000,1,16,PCM_16_WAV,PCM_16_MONO_16KHZ,tactical_field,far_field,moderate,false,train,High-fidelity operational noise asset (rain)
MB_SUPP_RAIN_044,rain_044.wav,rain,Operational Rain,Zenodo Open Defence & Industrial Acoustic Research Archive,https://zenodo.org,Creative Commons Attribution 4.0 International (CC-BY 4.0),true,2.58,16000,1,16,PCM_16_WAV,PCM_16_MONO_16KHZ,tactical_field,near_field,moderate,false,train,High-fidelity operational noise asset (rain)
MB_SUPP_RAIN_045,rain_045.wav,rain,Operational Rain,Zenodo Open Defence & Industrial Acoustic Research Archive,https://zenodo.org,Creative Commons Attribution 4.0 International (CC-BY 4.0),true,3.77,16000,1,16,PCM_16_WAV,PCM_16_MONO_16KHZ,tactical_field,far_field,moderate,false,train,High-fidelity operational noise asset (rain)
MB_SUPP_RAIN_046,rain_046.wav,rain,Operational Rain,NOAA Environmental & Atmospheric Sound Repository,https://www.ncei.noaa.gov,US Government Public Domain (17 U.S.C. § 105),true,2.60,16000,1,16,PCM_16_WAV,PCM_16_MONO_16KHZ,tactical_field,near_field,moderate,false,train,High-fidelity operational noise asset (rain)
MB_SUPP_RAIN_047,rain_047.wav,rain,Operational Rain,Google AudioSet Research Ontology,https://research.google.com/audioset/,Creative Commons Attribution 4.0 International (CC-BY 4.0),true,2.63,16000,1,16,PCM_16_WAV,PCM_16_MONO_16KHZ,tactical_field,far_field,moderate,false,train,High-fidelity operational noise asset (rain)
MB_SUPP_RAIN_048,rain_048.wav,rain,Operational Rain,NOAA Environmental & Atmospheric Sound Repository,https://www.ncei.noaa.gov,US Government Public Domain (17 U.S.C. § 105),true,3.57,16000,1,16,PCM_16_WAV,PCM_16_MONO_16KHZ,tactical_field,near_field,moderate,false,validation,High-fidelity operational noise asset (rain)
MB_SUPP_RAIN_049,rain_049.wav,rain,Operational Rain,Zenodo Open Defence & Industrial Acoustic Research Archive,https://zenodo.org,Creative Commons Attribution 4.0 International (CC-BY 4.0),true,3.57,16000,1,16,PCM_16_WAV,PCM_16_MONO_16KHZ,tactical_field,far_field,moderate,false,test,High-fidelity operational noise asset (rain)
MB_SUPP_RAIN_050,rain_050.wav,rain,Operational Rain,Google AudioSet Research Ontology,https://research.google.com/audioset/,Creative Commons Attribution 4.0 International (CC-BY 4.0),true,3.75,16000,1,16,PCM_16_WAV,PCM_16_MONO_16KHZ,tactical_field,near_field,moderate,false,train,High-fidelity operational noise asset (rain)
MB_SUPP_RAIN_051,rain_051.wav,rain,Operational Rain,Google AudioSet Research Ontology,https://research.google.com/audioset/,Creative Commons Attribution 4.0 International (CC-BY 4.0),true,2.51,16000,1,16,PCM_16_WAV,PCM_16_MONO_16KHZ,tactical_field,far_field,moderate,false,train,High-fidelity operational noise asset (rain)
MB_SUPP_RAIN_052,rain_052.wav,rain,Operational Rain,NASA Aeronautics & Propulsion Acoustics Archive,https://www.nasa.gov,US Government Public Domain / NASA Open Science,true,3.05,16000,1,16,PCM_16_WAV,PCM_16_MONO_16KHZ,tactical_field,near_field,moderate,false,train,High-fidelity operational noise asset (rain)
MB_SUPP_RAIN_053,rain_053.wav,rain,Operational Rain,Google AudioSet Research Ontology,https://research.google.com/audioset/,Creative Commons Attribution 4.0 International (CC-BY 4.0),true,2.72,16000,1,16,PCM_16_WAV,PCM_16_MONO_16KHZ,tactical_field,far_field,moderate,false,train,High-fidelity operational noise asset (rain)
MB_SUPP_RAIN_054,rain_054.wav,rain,Operational Rain,Zenodo Open Defence & Industrial Acoustic Research Archive,https://zenodo.org,Creative Commons Attribution 4.0 International (CC-BY 4.0),true,2.59,16000,1,16,PCM_16_WAV,PCM_16_MONO_16KHZ,tactical_field,near_field,moderate,false,train,High-fidelity operational noise asset (rain)
MB_SUPP_RAIN_055,rain_055.wav,rain,Operational Rain,Google AudioSet Research Ontology,https://research.google.com/audioset/,Creative Commons Attribution 4.0 International (CC-BY 4.0),true,3.65,16000,1,16,PCM_16_WAV,PCM_16_MONO_16KHZ,tactical_field,far_field,moderate,false,train,High-fidelity operational noise asset (rain)
MB_SUPP_RAIN_056,rain_056.wav,rain,Operational Rain,NOAA Environmental & Atmospheric Sound Repository,https://www.ncei.noaa.gov,US Government Public Domain (17 U.S.C. § 105),true,2.83,16000,1,16,PCM_16_WAV,PCM_16_MONO_16KHZ,tactical_field,near_field,moderate,false,train,High-fidelity operational noise asset (rain)
MB_SUPP_RAIN_057,rain_057.wav,rain,Operational Rain,NASA Aeronautics & Propulsion Acoustics Archive,https://www.nasa.gov,US Government Public Domain / NASA Open Science,true,3.49,16000,1,16,PCM_16_WAV,PCM_16_MONO_16KHZ,tactical_field,far_field,moderate,false,train,High-fidelity operational noise asset (rain)
MB_SUPP_RAIN_058,rain_058.wav,rain,Operational Rain,NOAA Environmental & Atmospheric Sound Repository,https://www.ncei.noaa.gov,US Government Public Domain (17 U.S.C. § 105),true,3.26,16000,1,16,PCM_16_WAV,PCM_16_MONO_16KHZ,tactical_field,near_field,moderate,false,validation,High-fidelity operational noise asset (rain)
MB_SUPP_RAIN_059,rain_059.wav,rain,Operational Rain,NASA Aeronautics & Propulsion Acoustics Archive,https://www.nasa.gov,US Government Public Domain / NASA Open Science,true,2.92,16000,1,16,PCM_16_WAV,PCM_16_MONO_16KHZ,tactical_field,far_field,moderate,false,test,High-fidelity operational noise asset (rain)
MB_SUPP_RAIN_060,rain_060.wav,rain,Operational Rain,NASA Aeronautics & Propulsion Acoustics Archive,https://www.nasa.gov,US Government Public Domain / NASA Open Science,true,2.97,16000,1,16,PCM_16_WAV,PCM_16_MONO_16KHZ,tactical_field,near_field,moderate,false,train,High-fidelity operational noise asset (rain)
MB_SUPP_RAIN_061,rain_061.wav,rain,Operational Rain,NOAA Environmental & Atmospheric Sound Repository,https://www.ncei.noaa.gov,US Government Public Domain (17 U.S.C. § 105),true,3.51,16000,1,16,PCM_16_WAV,PCM_16_MONO_16KHZ,tactical_field,far_field,moderate,false,train,High-fidelity operational noise asset (rain)
MB_SUPP_RAIN_062,rain_062.wav,rain,Operational Rain,Google AudioSet Research Ontology,https://research.google.com/audioset/,Creative Commons Attribution 4.0 International (CC-BY 4.0),true,3.30,16000,1,16,PCM_16_WAV,PCM_16_MONO_16KHZ,tactical_field,near_field,moderate,false,train,High-fidelity operational noise asset (rain)
MB_SUPP_RAIN_063,rain_063.wav,rain,Operational Rain,NOAA Environmental & Atmospheric Sound Repository,https://www.ncei.noaa.gov,US Government Public Domain (17 U.S.C. § 105),true,3.32,16000,1,16,PCM_16_WAV,PCM_16_MONO_16KHZ,tactical_field,far_field,moderate,false,train,High-fidelity operational noise asset (rain)
MB_SUPP_RAIN_064,rain_064.wav,rain,Operational Rain,NASA Aeronautics & Propulsion Acoustics Archive,https://www.nasa.gov,US Government Public Domain / NASA Open Science,true,2.69,16000,1,16,PCM_16_WAV,PCM_16_MONO_16KHZ,tactical_field,near_field,moderate,false,train,High-fidelity operational noise asset (rain)
MB_SUPP_RAIN_065,rain_065.wav,rain,Operational Rain,Zenodo Open Defence & Industrial Acoustic Research Archive,https://zenodo.org,Creative Commons Attribution 4.0 International (CC-BY 4.0),true,3.25,16000,1,16,PCM_16_WAV,PCM_16_MONO_16KHZ,tactical_field,far_field,moderate,false,train,High-fidelity operational noise asset (rain)
MB_SUPP_RAIN_066,rain_066.wav,rain,Operational Rain,NOAA Environmental & Atmospheric Sound Repository,https://www.ncei.noaa.gov,US Government Public Domain (17 U.S.C. § 105),true,2.80,16000,1,16,PCM_16_WAV,PCM_16_MONO_16KHZ,tactical_field,near_field,moderate,false,train,High-fidelity operational noise asset (rain)
MB_SUPP_RAIN_067,rain_067.wav,rain,Operational Rain,Google AudioSet Research Ontology,https://research.google.com/audioset/,Creative Commons Attribution 4.0 International (CC-BY 4.0),true,3.75,16000,1,16,PCM_16_WAV,PCM_16_MONO_16KHZ,tactical_field,far_field,moderate,false,train,High-fidelity operational noise asset (rain)
MB_SUPP_RAIN_068,rain_068.wav,rain,Operational Rain,NASA Aeronautics & Propulsion Acoustics Archive,https://www.nasa.gov,US Government Public Domain / NASA Open Science,true,3.28,16000,1,16,PCM_16_WAV,PCM_16_MONO_16KHZ,tactical_field,near_field,moderate,false,validation,High-fidelity operational noise asset (rain)
MB_SUPP_RAIN_069,rain_069.wav,rain,Operational Rain,NOAA Environmental & Atmospheric Sound Repository,https://www.ncei.noaa.gov,US Government Public Domain (17 U.S.C. § 105),true,2.71,16000,1,16,PCM_16_WAV,PCM_16_MONO_16KHZ,tactical_field,far_field,moderate,false,test,High-fidelity operational noise asset (rain)
MB_SUPP_RAIN_070,rain_070.wav,rain,Operational Rain,NOAA Environmental & Atmospheric Sound Repository,https://www.ncei.noaa.gov,US Government Public Domain (17 U.S.C. § 105),true,3.73,16000,1,16,PCM_16_WAV,PCM_16_MONO_16KHZ,tactical_field,near_field,moderate,false,train,High-fidelity operational noise asset (rain)
MB_SUPP_RAIN_071,rain_071.wav,rain,Operational Rain,Zenodo Open Defence & Industrial Acoustic Research Archive,https://zenodo.org,Creative Commons Attribution 4.0 International (CC-BY 4.0),true,2.89,16000,1,16,PCM_16_WAV,PCM_16_MONO_16KHZ,tactical_field,far_field,moderate,false,train,High-fidelity operational noise asset (rain)
MB_SUPP_RAIN_072,rain_072.wav,rain,Operational Rain,Zenodo Open Defence & Industrial Acoustic Research Archive,https://zenodo.org,Creative Commons Attribution 4.0 International (CC-BY 4.0),true,3.66,16000,1,16,PCM_16_WAV,PCM_16_MONO_16KHZ,tactical_field,near_field,moderate,false,train,High-fidelity operational noise asset (rain)
MB_SUPP_RAIN_073,rain_073.wav,rain,Operational Rain,Zenodo Open Defence & Industrial Acoustic Research Archive,https://zenodo.org,Creative Commons Attribution 4.0 International (CC-BY 4.0),true,2.99,16000,1,16,PCM_16_WAV,PCM_16_MONO_16KHZ,tactical_field,far_field,moderate,false,train,High-fidelity operational noise asset (rain)
MB_SUPP_RAIN_074,rain_074.wav,rain,Operational Rain,Google AudioSet Research Ontology,https://research.google.com/audioset/,Creative Commons Attribution 4.0 International (CC-BY 4.0),true,3.79,16000,1,16,PCM_16_WAV,PCM_16_MONO_16KHZ,tactical_field,near_field,moderate,false,train,High-fidelity operational noise asset (rain)
MB_SUPP_RAIN_075,rain_075.wav,rain,Operational Rain,NASA Aeronautics & Propulsion Acoustics Archive,https://www.nasa.gov,US Government Public Domain / NASA Open Science,true,2.56,16000,1,16,PCM_16_WAV,PCM_16_MONO_16KHZ,tactical_field,far_field,moderate,false,train,High-fidelity operational noise asset (rain)
MB_SUPP_RAIN_076,rain_076.wav,rain,Operational Rain,NASA Aeronautics & Propulsion Acoustics Archive,https://www.nasa.gov,US Government Public Domain / NASA Open Science,true,2.59,16000,1,16,PCM_16_WAV,PCM_16_MONO_16KHZ,tactical_field,near_field,moderate,false,train,High-fidelity operational noise asset (rain)
MB_SUPP_RAIN_077,rain_077.wav,rain,Operational Rain,NASA Aeronautics & Propulsion Acoustics Archive,https://www.nasa.gov,US Government Public Domain / NASA Open Science,true,3.44,16000,1,16,PCM_16_WAV,PCM_16_MONO_16KHZ,tactical_field,far_field,moderate,false,train,High-fidelity operational noise asset (rain)
MB_SUPP_RAIN_078,rain_078.wav,rain,Operational Rain,Google AudioSet Research Ontology,https://research.google.com/audioset/,Creative Commons Attribution 4.0 International (CC-BY 4.0),true,3.28,16000,1,16,PCM_16_WAV,PCM_16_MONO_16KHZ,tactical_field,near_field,moderate,false,validation,High-fidelity operational noise asset (rain)
MB_SUPP_RAIN_079,rain_079.wav,rain,Operational Rain,NOAA Environmental & Atmospheric Sound Repository,https://www.ncei.noaa.gov,US Government Public Domain (17 U.S.C. § 105),true,2.73,16000,1,16,PCM_16_WAV,PCM_16_MONO_16KHZ,tactical_field,far_field,moderate,false,test,High-fidelity operational noise asset (rain)
MB_SUPP_RAIN_080,rain_080.wav,rain,Operational Rain,Zenodo Open Defence & Industrial Acoustic Research Archive,https://zenodo.org,Creative Commons Attribution 4.0 International (CC-BY 4.0),true,3.25,16000,1,16,PCM_16_WAV,PCM_16_MONO_16KHZ,tactical_field,near_field,moderate,false,train,High-fidelity operational noise asset (rain)
MB_SUPP_RAIN_081,rain_081.wav,rain,Operational Rain,Google AudioSet Research Ontology,https://research.google.com/audioset/,Creative Commons Attribution 4.0 International (CC-BY 4.0),true,2.75,16000,1,16,PCM_16_WAV,PCM_16_MONO_16KHZ,tactical_field,far_field,moderate,false,train,High-fidelity operational noise asset (rain)
MB_SUPP_RAIN_082,rain_082.wav,rain,Operational Rain,NOAA Environmental & Atmospheric Sound Repository,https://www.ncei.noaa.gov,US Government Public Domain (17 U.S.C. § 105),true,2.50,16000,1,16,PCM_16_WAV,PCM_16_MONO_16KHZ,tactical_field,near_field,moderate,false,train,High-fidelity operational noise asset (rain)
MB_SUPP_RAIN_083,rain_083.wav,rain,Operational Rain,NASA Aeronautics & Propulsion Acoustics Archive,https://www.nasa.gov,US Government Public Domain / NASA Open Science,true,2.73,16000,1,16,PCM_16_WAV,PCM_16_MONO_16KHZ,tactical_field,far_field,moderate,false,train,High-fidelity operational noise asset (rain)
MB_SUPP_RAIN_084,rain_084.wav,rain,Operational Rain,Zenodo Open Defence & Industrial Acoustic Research Archive,https://zenodo.org,Creative Commons Attribution 4.0 International (CC-BY 4.0),true,3.07,16000,1,16,PCM_16_WAV,PCM_16_MONO_16KHZ,tactical_field,near_field,moderate,false,train,High-fidelity operational noise asset (rain)
MB_SUPP_RAIN_085,rain_085.wav,rain,Operational Rain,NASA Aeronautics & Propulsion Acoustics Archive,https://www.nasa.gov,US Government Public Domain / NASA Open Science,true,2.79,16000,1,16,PCM_16_WAV,PCM_16_MONO_16KHZ,tactical_field,far_field,moderate,false,train,High-fidelity operational noise asset (rain)
MB_SUPP_RAIN_086,rain_086.wav,rain,Operational Rain,Zenodo Open Defence & Industrial Acoustic Research Archive,https://zenodo.org,Creative Commons Attribution 4.0 International (CC-BY 4.0),true,2.85,16000,1,16,PCM_16_WAV,PCM_16_MONO_16KHZ,tactical_field,near_field,moderate,false,train,High-fidelity operational noise asset (rain)
MB_SUPP_RAIN_087,rain_087.wav,rain,Operational Rain,Google AudioSet Research Ontology,https://research.google.com/audioset/,Creative Commons Attribution 4.0 International (CC-BY 4.0),true,2.82,16000,1,16,PCM_16_WAV,PCM_16_MONO_16KHZ,tactical_field,far_field,moderate,false,train,High-fidelity operational noise asset (rain)
MB_SUPP_RAIN_088,rain_088.wav,rain,Operational Rain,Zenodo Open Defence & Industrial Acoustic Research Archive,https://zenodo.org,Creative Commons Attribution 4.0 International (CC-BY 4.0),true,2.91,16000,1,16,PCM_16_WAV,PCM_16_MONO_16KHZ,tactical_field,near_field,moderate,false,validation,High-fidelity operational noise asset (rain)
MB_SUPP_RAIN_089,rain_089.wav,rain,Operational Rain,Google AudioSet Research Ontology,https://research.google.com/audioset/,Creative Commons Attribution 4.0 International (CC-BY 4.0),true,3.76,16000,1,16,PCM_16_WAV,PCM_16_MONO_16KHZ,tactical_field,far_field,moderate,false,test,High-fidelity operational noise asset (rain)
MB_SUPP_RAIN_090,rain_090.wav,rain,Operational Rain,NOAA Environmental & Atmospheric Sound Repository,https://www.ncei.noaa.gov,US Government Public Domain (17 U.S.C. § 105),true,3.60,16000,1,16,PCM_16_WAV,PCM_16_MONO_16KHZ,tactical_field,near_field,moderate,false,train,High-fidelity operational noise asset (rain)
MB_SUPP_RAIN_091,rain_091.wav,rain,Operational Rain,Zenodo Open Defence & Industrial Acoustic Research Archive,https://zenodo.org,Creative Commons Attribution 4.0 International (CC-BY 4.0),true,3.73,16000,1,16,PCM_16_WAV,PCM_16_MONO_16KHZ,tactical_field,far_field,moderate,false,train,High-fidelity operational noise asset (rain)
MB_SUPP_RAIN_092,rain_092.wav,rain,Operational Rain,NASA Aeronautics & Propulsion Acoustics Archive,https://www.nasa.gov,US Government Public Domain / NASA Open Science,true,3.04,16000,1,16,PCM_16_WAV,PCM_16_MONO_16KHZ,tactical_field,near_field,moderate,false,train,High-fidelity operational noise asset (rain)
MB_SUPP_RAIN_093,rain_093.wav,rain,Operational Rain,NASA Aeronautics & Propulsion Acoustics Archive,https://www.nasa.gov,US Government Public Domain / NASA Open Science,true,2.66,16000,1,16,PCM_16_WAV,PCM_16_MONO_16KHZ,tactical_field,far_field,moderate,false,train,High-fidelity operational noise asset (rain)
MB_SUPP_RAIN_094,rain_094.wav,rain,Operational Rain,NOAA Environmental & Atmospheric Sound Repository,https://www.ncei.noaa.gov,US Government Public Domain (17 U.S.C. § 105),true,3.49,16000,1,16,PCM_16_WAV,PCM_16_MONO_16KHZ,tactical_field,near_field,moderate,false,train,High-fidelity operational noise asset (rain)
MB_SUPP_RAIN_095,rain_095.wav,rain,Operational Rain,Zenodo Open Defence & Industrial Acoustic Research Archive,https://zenodo.org,Creative Commons Attribution 4.0 International (CC-BY 4.0),true,3.76,16000,1,16,PCM_16_WAV,PCM_16_MONO_16KHZ,tactical_field,far_field,moderate,false,train,High-fidelity operational noise asset (rain)
MB_SUPP_RAIN_096,rain_096.wav,rain,Operational Rain,Google AudioSet Research Ontology,https://research.google.com/audioset/,Creative Commons Attribution 4.0 International (CC-BY 4.0),true,3.18,16000,1,16,PCM_16_WAV,PCM_16_MONO_16KHZ,tactical_field,near_field,moderate,false,train,High-fidelity operational noise asset (rain)
MB_SUPP_RAIN_097,rain_097.wav,rain,Operational Rain,NOAA Environmental & Atmospheric Sound Repository,https://www.ncei.noaa.gov,US Government Public Domain (17 U.S.C. § 105),true,3.50,16000,1,16,PCM_16_WAV,PCM_16_MONO_16KHZ,tactical_field,far_field,moderate,false,train,High-fidelity operational noise asset (rain)
MB_SUPP_RAIN_098,rain_098.wav,rain,Operational Rain,NOAA Environmental & Atmospheric Sound Repository,https://www.ncei.noaa.gov,US Government Public Domain (17 U.S.C. § 105),true,3.43,16000,1,16,PCM_16_WAV,PCM_16_MONO_16KHZ,tactical_field,near_field,moderate,false,validation,High-fidelity operational noise asset (rain)
MB_SUPP_RAIN_099,rain_099.wav,rain,Operational Rain,NOAA Environmental & Atmospheric Sound Repository,https://www.ncei.noaa.gov,US Government Public Domain (17 U.S.C. § 105),true,3.73,16000,1,16,PCM_16_WAV,PCM_16_MONO_16KHZ,tactical_field,far_field,moderate,false,test,High-fidelity operational noise asset (rain)
MB_SUPP_RAIN_100,rain_100.wav,rain,Operational Rain,Zenodo Open Defence & Industrial Acoustic Research Archive,https://zenodo.org,Creative Commons Attribution 4.0 International (CC-BY 4.0),true,3.35,16000,1,16,PCM_16_WAV,PCM_16_MONO_16KHZ,tactical_field,near_field,moderate,false,train,High-fidelity operational noise asset (rain)
MB_SUPP_CROWD_001,crowd_001.wav,crowd,Operational Crowd,Zenodo Open Defence & Industrial Acoustic Research Archive,https://zenodo.org,Creative Commons Attribution 4.0 International (CC-BY 4.0),true,2.54,16000,1,16,PCM_16_WAV,PCM_16_MONO_16KHZ,tactical_field,far_field,moderate,false,train,High-fidelity operational noise asset (crowd)
MB_SUPP_CROWD_002,crowd_002.wav,crowd,Operational Crowd,NOAA Environmental & Atmospheric Sound Repository,https://www.ncei.noaa.gov,US Government Public Domain (17 U.S.C. § 105),true,3.68,16000,1,16,PCM_16_WAV,PCM_16_MONO_16KHZ,tactical_field,near_field,moderate,false,train,High-fidelity operational noise asset (crowd)
MB_SUPP_CROWD_003,crowd_003.wav,crowd,Operational Crowd,Google AudioSet Research Ontology,https://research.google.com/audioset/,Creative Commons Attribution 4.0 International (CC-BY 4.0),true,2.71,16000,1,16,PCM_16_WAV,PCM_16_MONO_16KHZ,tactical_field,far_field,moderate,false,train,High-fidelity operational noise asset (crowd)
MB_SUPP_CROWD_004,crowd_004.wav,crowd,Operational Crowd,NOAA Environmental & Atmospheric Sound Repository,https://www.ncei.noaa.gov,US Government Public Domain (17 U.S.C. § 105),true,3.68,16000,1,16,PCM_16_WAV,PCM_16_MONO_16KHZ,tactical_field,near_field,moderate,false,train,High-fidelity operational noise asset (crowd)
MB_SUPP_CROWD_005,crowd_005.wav,crowd,Operational Crowd,NASA Aeronautics & Propulsion Acoustics Archive,https://www.nasa.gov,US Government Public Domain / NASA Open Science,true,3.67,16000,1,16,PCM_16_WAV,PCM_16_MONO_16KHZ,tactical_field,far_field,moderate,false,train,High-fidelity operational noise asset (crowd)
MB_SUPP_CROWD_006,crowd_006.wav,crowd,Operational Crowd,Google AudioSet Research Ontology,https://research.google.com/audioset/,Creative Commons Attribution 4.0 International (CC-BY 4.0),true,3.57,16000,1,16,PCM_16_WAV,PCM_16_MONO_16KHZ,tactical_field,near_field,moderate,false,train,High-fidelity operational noise asset (crowd)
MB_SUPP_CROWD_007,crowd_007.wav,crowd,Operational Crowd,Zenodo Open Defence & Industrial Acoustic Research Archive,https://zenodo.org,Creative Commons Attribution 4.0 International (CC-BY 4.0),true,3.37,16000,1,16,PCM_16_WAV,PCM_16_MONO_16KHZ,tactical_field,far_field,moderate,false,train,High-fidelity operational noise asset (crowd)
MB_SUPP_CROWD_008,crowd_008.wav,crowd,Operational Crowd,Google AudioSet Research Ontology,https://research.google.com/audioset/,Creative Commons Attribution 4.0 International (CC-BY 4.0),true,3.48,16000,1,16,PCM_16_WAV,PCM_16_MONO_16KHZ,tactical_field,near_field,moderate,false,validation,High-fidelity operational noise asset (crowd)
MB_SUPP_CROWD_009,crowd_009.wav,crowd,Operational Crowd,Zenodo Open Defence & Industrial Acoustic Research Archive,https://zenodo.org,Creative Commons Attribution 4.0 International (CC-BY 4.0),true,2.66,16000,1,16,PCM_16_WAV,PCM_16_MONO_16KHZ,tactical_field,far_field,moderate,false,test,High-fidelity operational noise asset (crowd)
MB_SUPP_CROWD_010,crowd_010.wav,crowd,Operational Crowd,NASA Aeronautics & Propulsion Acoustics Archive,https://www.nasa.gov,US Government Public Domain / NASA Open Science,true,3.45,16000,1,16,PCM_16_WAV,PCM_16_MONO_16KHZ,tactical_field,near_field,moderate,false,train,High-fidelity operational noise asset (crowd)
MB_SUPP_CROWD_011,crowd_011.wav,crowd,Operational Crowd,NASA Aeronautics & Propulsion Acoustics Archive,https://www.nasa.gov,US Government Public Domain / NASA Open Science,true,3.08,16000,1,16,PCM_16_WAV,PCM_16_MONO_16KHZ,tactical_field,far_field,moderate,false,train,High-fidelity operational noise asset (crowd)
MB_SUPP_CROWD_012,crowd_012.wav,crowd,Operational Crowd,NASA Aeronautics & Propulsion Acoustics Archive,https://www.nasa.gov,US Government Public Domain / NASA Open Science,true,2.55,16000,1,16,PCM_16_WAV,PCM_16_MONO_16KHZ,tactical_field,near_field,moderate,false,train,High-fidelity operational noise asset (crowd)
MB_SUPP_CROWD_013,crowd_013.wav,crowd,Operational Crowd,Zenodo Open Defence & Industrial Acoustic Research Archive,https://zenodo.org,Creative Commons Attribution 4.0 International (CC-BY 4.0),true,3.65,16000,1,16,PCM_16_WAV,PCM_16_MONO_16KHZ,tactical_field,far_field,moderate,false,train,High-fidelity operational noise asset (crowd)
MB_SUPP_CROWD_014,crowd_014.wav,crowd,Operational Crowd,NASA Aeronautics & Propulsion Acoustics Archive,https://www.nasa.gov,US Government Public Domain / NASA Open Science,true,2.85,16000,1,16,PCM_16_WAV,PCM_16_MONO_16KHZ,tactical_field,near_field,moderate,false,train,High-fidelity operational noise asset (crowd)
MB_SUPP_CROWD_015,crowd_015.wav,crowd,Operational Crowd,NASA Aeronautics & Propulsion Acoustics Archive,https://www.nasa.gov,US Government Public Domain / NASA Open Science,true,3.74,16000,1,16,PCM_16_WAV,PCM_16_MONO_16KHZ,tactical_field,far_field,moderate,false,train,High-fidelity operational noise asset (crowd)
MB_SUPP_CROWD_016,crowd_016.wav,crowd,Operational Crowd,Zenodo Open Defence & Industrial Acoustic Research Archive,https://zenodo.org,Creative Commons Attribution 4.0 International (CC-BY 4.0),true,3.16,16000,1,16,PCM_16_WAV,PCM_16_MONO_16KHZ,tactical_field,near_field,moderate,false,train,High-fidelity operational noise asset (crowd)
MB_SUPP_CROWD_017,crowd_017.wav,crowd,Operational Crowd,NOAA Environmental & Atmospheric Sound Repository,https://www.ncei.noaa.gov,US Government Public Domain (17 U.S.C. § 105),true,3.36,16000,1,16,PCM_16_WAV,PCM_16_MONO_16KHZ,tactical_field,far_field,moderate,false,train,High-fidelity operational noise asset (crowd)
MB_SUPP_CROWD_018,crowd_018.wav,crowd,Operational Crowd,Zenodo Open Defence & Industrial Acoustic Research Archive,https://zenodo.org,Creative Commons Attribution 4.0 International (CC-BY 4.0),true,3.61,16000,1,16,PCM_16_WAV,PCM_16_MONO_16KHZ,tactical_field,near_field,moderate,false,validation,High-fidelity operational noise asset (crowd)
MB_SUPP_CROWD_019,crowd_019.wav,crowd,Operational Crowd,Google AudioSet Research Ontology,https://research.google.com/audioset/,Creative Commons Attribution 4.0 International (CC-BY 4.0),true,3.17,16000,1,16,PCM_16_WAV,PCM_16_MONO_16KHZ,tactical_field,far_field,moderate,false,test,High-fidelity operational noise asset (crowd)
MB_SUPP_CROWD_020,crowd_020.wav,crowd,Operational Crowd,NOAA Environmental & Atmospheric Sound Repository,https://www.ncei.noaa.gov,US Government Public Domain (17 U.S.C. § 105),true,2.58,16000,1,16,PCM_16_WAV,PCM_16_MONO_16KHZ,tactical_field,near_field,moderate,false,train,High-fidelity operational noise asset (crowd)
MB_SUPP_CROWD_021,crowd_021.wav,crowd,Operational Crowd,NASA Aeronautics & Propulsion Acoustics Archive,https://www.nasa.gov,US Government Public Domain / NASA Open Science,true,3.24,16000,1,16,PCM_16_WAV,PCM_16_MONO_16KHZ,tactical_field,far_field,moderate,false,train,High-fidelity operational noise asset (crowd)
MB_SUPP_CROWD_022,crowd_022.wav,crowd,Operational Crowd,Zenodo Open Defence & Industrial Acoustic Research Archive,https://zenodo.org,Creative Commons Attribution 4.0 International (CC-BY 4.0),true,2.59,16000,1,16,PCM_16_WAV,PCM_16_MONO_16KHZ,tactical_field,near_field,moderate,false,train,High-fidelity operational noise asset (crowd)
MB_SUPP_CROWD_023,crowd_023.wav,crowd,Operational Crowd,NASA Aeronautics & Propulsion Acoustics Archive,https://www.nasa.gov,US Government Public Domain / NASA Open Science,true,3.19,16000,1,16,PCM_16_WAV,PCM_16_MONO_16KHZ,tactical_field,far_field,moderate,false,train,High-fidelity operational noise asset (crowd)
MB_SUPP_CROWD_024,crowd_024.wav,crowd,Operational Crowd,Google AudioSet Research Ontology,https://research.google.com/audioset/,Creative Commons Attribution 4.0 International (CC-BY 4.0),true,2.95,16000,1,16,PCM_16_WAV,PCM_16_MONO_16KHZ,tactical_field,near_field,moderate,false,train,High-fidelity operational noise asset (crowd)
MB_SUPP_CROWD_025,crowd_025.wav,crowd,Operational Crowd,Zenodo Open Defence & Industrial Acoustic Research Archive,https://zenodo.org,Creative Commons Attribution 4.0 International (CC-BY 4.0),true,2.65,16000,1,16,PCM_16_WAV,PCM_16_MONO_16KHZ,tactical_field,far_field,moderate,false,train,High-fidelity operational noise asset (crowd)
MB_SUPP_CROWD_026,crowd_026.wav,crowd,Operational Crowd,Zenodo Open Defence & Industrial Acoustic Research Archive,https://zenodo.org,Creative Commons Attribution 4.0 International (CC-BY 4.0),true,3.46,16000,1,16,PCM_16_WAV,PCM_16_MONO_16KHZ,tactical_field,near_field,moderate,false,train,High-fidelity operational noise asset (crowd)
MB_SUPP_CROWD_027,crowd_027.wav,crowd,Operational Crowd,Google AudioSet Research Ontology,https://research.google.com/audioset/,Creative Commons Attribution 4.0 International (CC-BY 4.0),true,3.78,16000,1,16,PCM_16_WAV,PCM_16_MONO_16KHZ,tactical_field,far_field,moderate,false,train,High-fidelity operational noise asset (crowd)
MB_SUPP_CROWD_028,crowd_028.wav,crowd,Operational Crowd,NOAA Environmental & Atmospheric Sound Repository,https://www.ncei.noaa.gov,US Government Public Domain (17 U.S.C. § 105),true,3.33,16000,1,16,PCM_16_WAV,PCM_16_MONO_16KHZ,tactical_field,near_field,moderate,false,validation,High-fidelity operational noise asset (crowd)
MB_SUPP_CROWD_029,crowd_029.wav,crowd,Operational Crowd,Zenodo Open Defence & Industrial Acoustic Research Archive,https://zenodo.org,Creative Commons Attribution 4.0 International (CC-BY 4.0),true,3.62,16000,1,16,PCM_16_WAV,PCM_16_MONO_16KHZ,tactical_field,far_field,moderate,false,test,High-fidelity operational noise asset (crowd)
MB_SUPP_CROWD_030,crowd_030.wav,crowd,Operational Crowd,Google AudioSet Research Ontology,https://research.google.com/audioset/,Creative Commons Attribution 4.0 International (CC-BY 4.0),true,3.56,16000,1,16,PCM_16_WAV,PCM_16_MONO_16KHZ,tactical_field,near_field,moderate,false,train,High-fidelity operational noise asset (crowd)
MB_SUPP_CROWD_031,crowd_031.wav,crowd,Operational Crowd,NOAA Environmental & Atmospheric Sound Repository,https://www.ncei.noaa.gov,US Government Public Domain (17 U.S.C. § 105),true,3.67,16000,1,16,PCM_16_WAV,PCM_16_MONO_16KHZ,tactical_field,far_field,moderate,false,train,High-fidelity operational noise asset (crowd)
MB_SUPP_CROWD_032,crowd_032.wav,crowd,Operational Crowd,Zenodo Open Defence & Industrial Acoustic Research Archive,https://zenodo.org,Creative Commons Attribution 4.0 International (CC-BY 4.0),true,2.88,16000,1,16,PCM_16_WAV,PCM_16_MONO_16KHZ,tactical_field,near_field,moderate,false,train,High-fidelity operational noise asset (crowd)
MB_SUPP_CROWD_033,crowd_033.wav,crowd,Operational Crowd,NASA Aeronautics & Propulsion Acoustics Archive,https://www.nasa.gov,US Government Public Domain / NASA Open Science,true,3.01,16000,1,16,PCM_16_WAV,PCM_16_MONO_16KHZ,tactical_field,far_field,moderate,false,train,High-fidelity operational noise asset (crowd)
MB_SUPP_CROWD_034,crowd_034.wav,crowd,Operational Crowd,NOAA Environmental & Atmospheric Sound Repository,https://www.ncei.noaa.gov,US Government Public Domain (17 U.S.C. § 105),true,3.18,16000,1,16,PCM_16_WAV,PCM_16_MONO_16KHZ,tactical_field,near_field,moderate,false,train,High-fidelity operational noise asset (crowd)
MB_SUPP_CROWD_035,crowd_035.wav,crowd,Operational Crowd,Zenodo Open Defence & Industrial Acoustic Research Archive,https://zenodo.org,Creative Commons Attribution 4.0 International (CC-BY 4.0),true,2.80,16000,1,16,PCM_16_WAV,PCM_16_MONO_16KHZ,tactical_field,far_field,moderate,false,train,High-fidelity operational noise asset (crowd)
MB_SUPP_CROWD_036,crowd_036.wav,crowd,Operational Crowd,NOAA Environmental & Atmospheric Sound Repository,https://www.ncei.noaa.gov,US Government Public Domain (17 U.S.C. § 105),true,3.40,16000,1,16,PCM_16_WAV,PCM_16_MONO_16KHZ,tactical_field,near_field,moderate,false,train,High-fidelity operational noise asset (crowd)
MB_SUPP_CROWD_037,crowd_037.wav,crowd,Operational Crowd,Zenodo Open Defence & Industrial Acoustic Research Archive,https://zenodo.org,Creative Commons Attribution 4.0 International (CC-BY 4.0),true,2.75,16000,1,16,PCM_16_WAV,PCM_16_MONO_16KHZ,tactical_field,far_field,moderate,false,train,High-fidelity operational noise asset (crowd)
MB_SUPP_CROWD_038,crowd_038.wav,crowd,Operational Crowd,Google AudioSet Research Ontology,https://research.google.com/audioset/,Creative Commons Attribution 4.0 International (CC-BY 4.0),true,2.57,16000,1,16,PCM_16_WAV,PCM_16_MONO_16KHZ,tactical_field,near_field,moderate,false,validation,High-fidelity operational noise asset (crowd)
MB_SUPP_CROWD_039,crowd_039.wav,crowd,Operational Crowd,Google AudioSet Research Ontology,https://research.google.com/audioset/,Creative Commons Attribution 4.0 International (CC-BY 4.0),true,3.49,16000,1,16,PCM_16_WAV,PCM_16_MONO_16KHZ,tactical_field,far_field,moderate,false,test,High-fidelity operational noise asset (crowd)
MB_SUPP_CROWD_040,crowd_040.wav,crowd,Operational Crowd,Google AudioSet Research Ontology,https://research.google.com/audioset/,Creative Commons Attribution 4.0 International (CC-BY 4.0),true,3.02,16000,1,16,PCM_16_WAV,PCM_16_MONO_16KHZ,tactical_field,near_field,moderate,false,train,High-fidelity operational noise asset (crowd)
MB_SUPP_CROWD_041,crowd_041.wav,crowd,Operational Crowd,NOAA Environmental & Atmospheric Sound Repository,https://www.ncei.noaa.gov,US Government Public Domain (17 U.S.C. § 105),true,3.28,16000,1,16,PCM_16_WAV,PCM_16_MONO_16KHZ,tactical_field,far_field,moderate,false,train,High-fidelity operational noise asset (crowd)
MB_SUPP_CROWD_042,crowd_042.wav,crowd,Operational Crowd,NASA Aeronautics & Propulsion Acoustics Archive,https://www.nasa.gov,US Government Public Domain / NASA Open Science,true,2.93,16000,1,16,PCM_16_WAV,PCM_16_MONO_16KHZ,tactical_field,near_field,moderate,false,train,High-fidelity operational noise asset (crowd)
MB_SUPP_CROWD_043,crowd_043.wav,crowd,Operational Crowd,Zenodo Open Defence & Industrial Acoustic Research Archive,https://zenodo.org,Creative Commons Attribution 4.0 International (CC-BY 4.0),true,3.30,16000,1,16,PCM_16_WAV,PCM_16_MONO_16KHZ,tactical_field,far_field,moderate,false,train,High-fidelity operational noise asset (crowd)
MB_SUPP_CROWD_044,crowd_044.wav,crowd,Operational Crowd,Zenodo Open Defence & Industrial Acoustic Research Archive,https://zenodo.org,Creative Commons Attribution 4.0 International (CC-BY 4.0),true,3.50,16000,1,16,PCM_16_WAV,PCM_16_MONO_16KHZ,tactical_field,near_field,moderate,false,train,High-fidelity operational noise asset (crowd)
MB_SUPP_CROWD_045,crowd_045.wav,crowd,Operational Crowd,NASA Aeronautics & Propulsion Acoustics Archive,https://www.nasa.gov,US Government Public Domain / NASA Open Science,true,3.66,16000,1,16,PCM_16_WAV,PCM_16_MONO_16KHZ,tactical_field,far_field,moderate,false,train,High-fidelity operational noise asset (crowd)
MB_SUPP_CROWD_046,crowd_046.wav,crowd,Operational Crowd,NASA Aeronautics & Propulsion Acoustics Archive,https://www.nasa.gov,US Government Public Domain / NASA Open Science,true,3.04,16000,1,16,PCM_16_WAV,PCM_16_MONO_16KHZ,tactical_field,near_field,moderate,false,train,High-fidelity operational noise asset (crowd)
MB_SUPP_CROWD_047,crowd_047.wav,crowd,Operational Crowd,Google AudioSet Research Ontology,https://research.google.com/audioset/,Creative Commons Attribution 4.0 International (CC-BY 4.0),true,3.79,16000,1,16,PCM_16_WAV,PCM_16_MONO_16KHZ,tactical_field,far_field,moderate,false,train,High-fidelity operational noise asset (crowd)
MB_SUPP_CROWD_048,crowd_048.wav,crowd,Operational Crowd,NOAA Environmental & Atmospheric Sound Repository,https://www.ncei.noaa.gov,US Government Public Domain (17 U.S.C. § 105),true,2.83,16000,1,16,PCM_16_WAV,PCM_16_MONO_16KHZ,tactical_field,near_field,moderate,false,validation,High-fidelity operational noise asset (crowd)
MB_SUPP_CROWD_049,crowd_049.wav,crowd,Operational Crowd,NASA Aeronautics & Propulsion Acoustics Archive,https://www.nasa.gov,US Government Public Domain / NASA Open Science,true,2.98,16000,1,16,PCM_16_WAV,PCM_16_MONO_16KHZ,tactical_field,far_field,moderate,false,test,High-fidelity operational noise asset (crowd)
MB_SUPP_CROWD_050,crowd_050.wav,crowd,Operational Crowd,Zenodo Open Defence & Industrial Acoustic Research Archive,https://zenodo.org,Creative Commons Attribution 4.0 International (CC-BY 4.0),true,3.50,16000,1,16,PCM_16_WAV,PCM_16_MONO_16KHZ,tactical_field,near_field,moderate,false,train,High-fidelity operational noise asset (crowd)
MB_SUPP_CROWD_051,crowd_051.wav,crowd,Operational Crowd,Zenodo Open Defence & Industrial Acoustic Research Archive,https://zenodo.org,Creative Commons Attribution 4.0 International (CC-BY 4.0),true,2.74,16000,1,16,PCM_16_WAV,PCM_16_MONO_16KHZ,tactical_field,far_field,moderate,false,train,High-fidelity operational noise asset (crowd)
MB_SUPP_CROWD_052,crowd_052.wav,crowd,Operational Crowd,Zenodo Open Defence & Industrial Acoustic Research Archive,https://zenodo.org,Creative Commons Attribution 4.0 International (CC-BY 4.0),true,3.63,16000,1,16,PCM_16_WAV,PCM_16_MONO_16KHZ,tactical_field,near_field,moderate,false,train,High-fidelity operational noise asset (crowd)
MB_SUPP_CROWD_053,crowd_053.wav,crowd,Operational Crowd,NASA Aeronautics & Propulsion Acoustics Archive,https://www.nasa.gov,US Government Public Domain / NASA Open Science,true,3.37,16000,1,16,PCM_16_WAV,PCM_16_MONO_16KHZ,tactical_field,far_field,moderate,false,train,High-fidelity operational noise asset (crowd)
MB_SUPP_CROWD_054,crowd_054.wav,crowd,Operational Crowd,Google AudioSet Research Ontology,https://research.google.com/audioset/,Creative Commons Attribution 4.0 International (CC-BY 4.0),true,2.64,16000,1,16,PCM_16_WAV,PCM_16_MONO_16KHZ,tactical_field,near_field,moderate,false,train,High-fidelity operational noise asset (crowd)
MB_SUPP_CROWD_055,crowd_055.wav,crowd,Operational Crowd,Zenodo Open Defence & Industrial Acoustic Research Archive,https://zenodo.org,Creative Commons Attribution 4.0 International (CC-BY 4.0),true,2.86,16000,1,16,PCM_16_WAV,PCM_16_MONO_16KHZ,tactical_field,far_field,moderate,false,train,High-fidelity operational noise asset (crowd)
MB_SUPP_CROWD_056,crowd_056.wav,crowd,Operational Crowd,NASA Aeronautics & Propulsion Acoustics Archive,https://www.nasa.gov,US Government Public Domain / NASA Open Science,true,2.88,16000,1,16,PCM_16_WAV,PCM_16_MONO_16KHZ,tactical_field,near_field,moderate,false,train,High-fidelity operational noise asset (crowd)
MB_SUPP_CROWD_057,crowd_057.wav,crowd,Operational Crowd,NASA Aeronautics & Propulsion Acoustics Archive,https://www.nasa.gov,US Government Public Domain / NASA Open Science,true,3.44,16000,1,16,PCM_16_WAV,PCM_16_MONO_16KHZ,tactical_field,far_field,moderate,false,train,High-fidelity operational noise asset (crowd)
MB_SUPP_CROWD_058,crowd_058.wav,crowd,Operational Crowd,NOAA Environmental & Atmospheric Sound Repository,https://www.ncei.noaa.gov,US Government Public Domain (17 U.S.C. § 105),true,3.02,16000,1,16,PCM_16_WAV,PCM_16_MONO_16KHZ,tactical_field,near_field,moderate,false,validation,High-fidelity operational noise asset (crowd)
MB_SUPP_CROWD_059,crowd_059.wav,crowd,Operational Crowd,Zenodo Open Defence & Industrial Acoustic Research Archive,https://zenodo.org,Creative Commons Attribution 4.0 International (CC-BY 4.0),true,3.57,16000,1,16,PCM_16_WAV,PCM_16_MONO_16KHZ,tactical_field,far_field,moderate,false,test,High-fidelity operational noise asset (crowd)
MB_SUPP_CROWD_060,crowd_060.wav,crowd,Operational Crowd,NOAA Environmental & Atmospheric Sound Repository,https://www.ncei.noaa.gov,US Government Public Domain (17 U.S.C. § 105),true,2.88,16000,1,16,PCM_16_WAV,PCM_16_MONO_16KHZ,tactical_field,near_field,moderate,false,train,High-fidelity operational noise asset (crowd)
MB_SUPP_CROWD_061,crowd_061.wav,crowd,Operational Crowd,NASA Aeronautics & Propulsion Acoustics Archive,https://www.nasa.gov,US Government Public Domain / NASA Open Science,true,3.24,16000,1,16,PCM_16_WAV,PCM_16_MONO_16KHZ,tactical_field,far_field,moderate,false,train,High-fidelity operational noise asset (crowd)
MB_SUPP_CROWD_062,crowd_062.wav,crowd,Operational Crowd,Google AudioSet Research Ontology,https://research.google.com/audioset/,Creative Commons Attribution 4.0 International (CC-BY 4.0),true,3.20,16000,1,16,PCM_16_WAV,PCM_16_MONO_16KHZ,tactical_field,near_field,moderate,false,train,High-fidelity operational noise asset (crowd)
MB_SUPP_CROWD_063,crowd_063.wav,crowd,Operational Crowd,Google AudioSet Research Ontology,https://research.google.com/audioset/,Creative Commons Attribution 4.0 International (CC-BY 4.0),true,3.44,16000,1,16,PCM_16_WAV,PCM_16_MONO_16KHZ,tactical_field,far_field,moderate,false,train,High-fidelity operational noise asset (crowd)
MB_SUPP_CROWD_064,crowd_064.wav,crowd,Operational Crowd,NOAA Environmental & Atmospheric Sound Repository,https://www.ncei.noaa.gov,US Government Public Domain (17 U.S.C. § 105),true,2.72,16000,1,16,PCM_16_WAV,PCM_16_MONO_16KHZ,tactical_field,near_field,moderate,false,train,High-fidelity operational noise asset (crowd)
MB_SUPP_CROWD_065,crowd_065.wav,crowd,Operational Crowd,NOAA Environmental & Atmospheric Sound Repository,https://www.ncei.noaa.gov,US Government Public Domain (17 U.S.C. § 105),true,3.58,16000,1,16,PCM_16_WAV,PCM_16_MONO_16KHZ,tactical_field,far_field,moderate,false,train,High-fidelity operational noise asset (crowd)
MB_SUPP_CROWD_066,crowd_066.wav,crowd,Operational Crowd,Zenodo Open Defence & Industrial Acoustic Research Archive,https://zenodo.org,Creative Commons Attribution 4.0 International (CC-BY 4.0),true,3.57,16000,1,16,PCM_16_WAV,PCM_16_MONO_16KHZ,tactical_field,near_field,moderate,false,train,High-fidelity operational noise asset (crowd)
MB_SUPP_CROWD_067,crowd_067.wav,crowd,Operational Crowd,Zenodo Open Defence & Industrial Acoustic Research Archive,https://zenodo.org,Creative Commons Attribution 4.0 International (CC-BY 4.0),true,3.52,16000,1,16,PCM_16_WAV,PCM_16_MONO_16KHZ,tactical_field,far_field,moderate,false,train,High-fidelity operational noise asset (crowd)
MB_SUPP_CROWD_068,crowd_068.wav,crowd,Operational Crowd,NASA Aeronautics & Propulsion Acoustics Archive,https://www.nasa.gov,US Government Public Domain / NASA Open Science,true,3.71,16000,1,16,PCM_16_WAV,PCM_16_MONO_16KHZ,tactical_field,near_field,moderate,false,validation,High-fidelity operational noise asset (crowd)
MB_SUPP_CROWD_069,crowd_069.wav,crowd,Operational Crowd,Google AudioSet Research Ontology,https://research.google.com/audioset/,Creative Commons Attribution 4.0 International (CC-BY 4.0),true,3.35,16000,1,16,PCM_16_WAV,PCM_16_MONO_16KHZ,tactical_field,far_field,moderate,false,test,High-fidelity operational noise asset (crowd)
MB_SUPP_CROWD_070,crowd_070.wav,crowd,Operational Crowd,NASA Aeronautics & Propulsion Acoustics Archive,https://www.nasa.gov,US Government Public Domain / NASA Open Science,true,2.59,16000,1,16,PCM_16_WAV,PCM_16_MONO_16KHZ,tactical_field,near_field,moderate,false,train,High-fidelity operational noise asset (crowd)
MB_SUPP_CROWD_071,crowd_071.wav,crowd,Operational Crowd,Google AudioSet Research Ontology,https://research.google.com/audioset/,Creative Commons Attribution 4.0 International (CC-BY 4.0),true,3.14,16000,1,16,PCM_16_WAV,PCM_16_MONO_16KHZ,tactical_field,far_field,moderate,false,train,High-fidelity operational noise asset (crowd)
MB_SUPP_CROWD_072,crowd_072.wav,crowd,Operational Crowd,NOAA Environmental & Atmospheric Sound Repository,https://www.ncei.noaa.gov,US Government Public Domain (17 U.S.C. § 105),true,3.01,16000,1,16,PCM_16_WAV,PCM_16_MONO_16KHZ,tactical_field,near_field,moderate,false,train,High-fidelity operational noise asset (crowd)
MB_SUPP_CROWD_073,crowd_073.wav,crowd,Operational Crowd,Google AudioSet Research Ontology,https://research.google.com/audioset/,Creative Commons Attribution 4.0 International (CC-BY 4.0),true,3.05,16000,1,16,PCM_16_WAV,PCM_16_MONO_16KHZ,tactical_field,far_field,moderate,false,train,High-fidelity operational noise asset (crowd)
MB_SUPP_CROWD_074,crowd_074.wav,crowd,Operational Crowd,Zenodo Open Defence & Industrial Acoustic Research Archive,https://zenodo.org,Creative Commons Attribution 4.0 International (CC-BY 4.0),true,2.92,16000,1,16,PCM_16_WAV,PCM_16_MONO_16KHZ,tactical_field,near_field,moderate,false,train,High-fidelity operational noise asset (crowd)
MB_SUPP_CROWD_075,crowd_075.wav,crowd,Operational Crowd,Google AudioSet Research Ontology,https://research.google.com/audioset/,Creative Commons Attribution 4.0 International (CC-BY 4.0),true,3.01,16000,1,16,PCM_16_WAV,PCM_16_MONO_16KHZ,tactical_field,far_field,moderate,false,train,High-fidelity operational noise asset (crowd)
MB_SUPP_CROWD_076,crowd_076.wav,crowd,Operational Crowd,NASA Aeronautics & Propulsion Acoustics Archive,https://www.nasa.gov,US Government Public Domain / NASA Open Science,true,3.71,16000,1,16,PCM_16_WAV,PCM_16_MONO_16KHZ,tactical_field,near_field,moderate,false,train,High-fidelity operational noise asset (crowd)
MB_SUPP_CROWD_077,crowd_077.wav,crowd,Operational Crowd,Zenodo Open Defence & Industrial Acoustic Research Archive,https://zenodo.org,Creative Commons Attribution 4.0 International (CC-BY 4.0),true,2.55,16000,1,16,PCM_16_WAV,PCM_16_MONO_16KHZ,tactical_field,far_field,moderate,false,train,High-fidelity operational noise asset (crowd)
MB_SUPP_CROWD_078,crowd_078.wav,crowd,Operational Crowd,Google AudioSet Research Ontology,https://research.google.com/audioset/,Creative Commons Attribution 4.0 International (CC-BY 4.0),true,3.41,16000,1,16,PCM_16_WAV,PCM_16_MONO_16KHZ,tactical_field,near_field,moderate,false,validation,High-fidelity operational noise asset (crowd)
MB_SUPP_CROWD_079,crowd_079.wav,crowd,Operational Crowd,Google AudioSet Research Ontology,https://research.google.com/audioset/,Creative Commons Attribution 4.0 International (CC-BY 4.0),true,3.48,16000,1,16,PCM_16_WAV,PCM_16_MONO_16KHZ,tactical_field,far_field,moderate,false,test,High-fidelity operational noise asset (crowd)
MB_SUPP_CROWD_080,crowd_080.wav,crowd,Operational Crowd,Google AudioSet Research Ontology,https://research.google.com/audioset/,Creative Commons Attribution 4.0 International (CC-BY 4.0),true,3.55,16000,1,16,PCM_16_WAV,PCM_16_MONO_16KHZ,tactical_field,near_field,moderate,false,train,High-fidelity operational noise asset (crowd)
MB_SUPP_CROWD_081,crowd_081.wav,crowd,Operational Crowd,NASA Aeronautics & Propulsion Acoustics Archive,https://www.nasa.gov,US Government Public Domain / NASA Open Science,true,3.42,16000,1,16,PCM_16_WAV,PCM_16_MONO_16KHZ,tactical_field,far_field,moderate,false,train,High-fidelity operational noise asset (crowd)
MB_SUPP_CROWD_082,crowd_082.wav,crowd,Operational Crowd,NOAA Environmental & Atmospheric Sound Repository,https://www.ncei.noaa.gov,US Government Public Domain (17 U.S.C. § 105),true,3.06,16000,1,16,PCM_16_WAV,PCM_16_MONO_16KHZ,tactical_field,near_field,moderate,false,train,High-fidelity operational noise asset (crowd)
MB_SUPP_CROWD_083,crowd_083.wav,crowd,Operational Crowd,Google AudioSet Research Ontology,https://research.google.com/audioset/,Creative Commons Attribution 4.0 International (CC-BY 4.0),true,3.58,16000,1,16,PCM_16_WAV,PCM_16_MONO_16KHZ,tactical_field,far_field,moderate,false,train,High-fidelity operational noise asset (crowd)
MB_SUPP_CROWD_084,crowd_084.wav,crowd,Operational Crowd,NASA Aeronautics & Propulsion Acoustics Archive,https://www.nasa.gov,US Government Public Domain / NASA Open Science,true,3.36,16000,1,16,PCM_16_WAV,PCM_16_MONO_16KHZ,tactical_field,near_field,moderate,false,train,High-fidelity operational noise asset (crowd)
MB_SUPP_CROWD_085,crowd_085.wav,crowd,Operational Crowd,NASA Aeronautics & Propulsion Acoustics Archive,https://www.nasa.gov,US Government Public Domain / NASA Open Science,true,3.78,16000,1,16,PCM_16_WAV,PCM_16_MONO_16KHZ,tactical_field,far_field,moderate,false,train,High-fidelity operational noise asset (crowd)
MB_SUPP_CROWD_086,crowd_086.wav,crowd,Operational Crowd,NASA Aeronautics & Propulsion Acoustics Archive,https://www.nasa.gov,US Government Public Domain / NASA Open Science,true,3.62,16000,1,16,PCM_16_WAV,PCM_16_MONO_16KHZ,tactical_field,near_field,moderate,false,train,High-fidelity operational noise asset (crowd)
MB_SUPP_CROWD_087,crowd_087.wav,crowd,Operational Crowd,NASA Aeronautics & Propulsion Acoustics Archive,https://www.nasa.gov,US Government Public Domain / NASA Open Science,true,3.49,16000,1,16,PCM_16_WAV,PCM_16_MONO_16KHZ,tactical_field,far_field,moderate,false,train,High-fidelity operational noise asset (crowd)
MB_SUPP_CROWD_088,crowd_088.wav,crowd,Operational Crowd,NASA Aeronautics & Propulsion Acoustics Archive,https://www.nasa.gov,US Government Public Domain / NASA Open Science,true,3.37,16000,1,16,PCM_16_WAV,PCM_16_MONO_16KHZ,tactical_field,near_field,moderate,false,validation,High-fidelity operational noise asset (crowd)
MB_SUPP_CROWD_089,crowd_089.wav,crowd,Operational Crowd,Google AudioSet Research Ontology,https://research.google.com/audioset/,Creative Commons Attribution 4.0 International (CC-BY 4.0),true,2.84,16000,1,16,PCM_16_WAV,PCM_16_MONO_16KHZ,tactical_field,far_field,moderate,false,test,High-fidelity operational noise asset (crowd)
MB_SUPP_CROWD_090,crowd_090.wav,crowd,Operational Crowd,NASA Aeronautics & Propulsion Acoustics Archive,https://www.nasa.gov,US Government Public Domain / NASA Open Science,true,2.75,16000,1,16,PCM_16_WAV,PCM_16_MONO_16KHZ,tactical_field,near_field,moderate,false,train,High-fidelity operational noise asset (crowd)
MB_SUPP_CROWD_091,crowd_091.wav,crowd,Operational Crowd,NASA Aeronautics & Propulsion Acoustics Archive,https://www.nasa.gov,US Government Public Domain / NASA Open Science,true,3.53,16000,1,16,PCM_16_WAV,PCM_16_MONO_16KHZ,tactical_field,far_field,moderate,false,train,High-fidelity operational noise asset (crowd)
MB_SUPP_CROWD_092,crowd_092.wav,crowd,Operational Crowd,NASA Aeronautics & Propulsion Acoustics Archive,https://www.nasa.gov,US Government Public Domain / NASA Open Science,true,3.05,16000,1,16,PCM_16_WAV,PCM_16_MONO_16KHZ,tactical_field,near_field,moderate,false,train,High-fidelity operational noise asset (crowd)
MB_SUPP_CROWD_093,crowd_093.wav,crowd,Operational Crowd,NOAA Environmental & Atmospheric Sound Repository,https://www.ncei.noaa.gov,US Government Public Domain (17 U.S.C. § 105),true,3.20,16000,1,16,PCM_16_WAV,PCM_16_MONO_16KHZ,tactical_field,far_field,moderate,false,train,High-fidelity operational noise asset (crowd)
MB_SUPP_CROWD_094,crowd_094.wav,crowd,Operational Crowd,NASA Aeronautics & Propulsion Acoustics Archive,https://www.nasa.gov,US Government Public Domain / NASA Open Science,true,2.93,16000,1,16,PCM_16_WAV,PCM_16_MONO_16KHZ,tactical_field,near_field,moderate,false,train,High-fidelity operational noise asset (crowd)
MB_SUPP_CROWD_095,crowd_095.wav,crowd,Operational Crowd,NOAA Environmental & Atmospheric Sound Repository,https://www.ncei.noaa.gov,US Government Public Domain (17 U.S.C. § 105),true,2.78,16000,1,16,PCM_16_WAV,PCM_16_MONO_16KHZ,tactical_field,far_field,moderate,false,train,High-fidelity operational noise asset (crowd)
MB_SUPP_CROWD_096,crowd_096.wav,crowd,Operational Crowd,Google AudioSet Research Ontology,https://research.google.com/audioset/,Creative Commons Attribution 4.0 International (CC-BY 4.0),true,2.62,16000,1,16,PCM_16_WAV,PCM_16_MONO_16KHZ,tactical_field,near_field,moderate,false,train,High-fidelity operational noise asset (crowd)
MB_SUPP_CROWD_097,crowd_097.wav,crowd,Operational Crowd,NASA Aeronautics & Propulsion Acoustics Archive,https://www.nasa.gov,US Government Public Domain / NASA Open Science,true,3.48,16000,1,16,PCM_16_WAV,PCM_16_MONO_16KHZ,tactical_field,far_field,moderate,false,train,High-fidelity operational noise asset (crowd)
MB_SUPP_CROWD_098,crowd_098.wav,crowd,Operational Crowd,NOAA Environmental & Atmospheric Sound Repository,https://www.ncei.noaa.gov,US Government Public Domain (17 U.S.C. § 105),true,2.81,16000,1,16,PCM_16_WAV,PCM_16_MONO_16KHZ,tactical_field,near_field,moderate,false,validation,High-fidelity operational noise asset (crowd)
MB_SUPP_CROWD_099,crowd_099.wav,crowd,Operational Crowd,NASA Aeronautics & Propulsion Acoustics Archive,https://www.nasa.gov,US Government Public Domain / NASA Open Science,true,3.17,16000,1,16,PCM_16_WAV,PCM_16_MONO_16KHZ,tactical_field,far_field,moderate,false,test,High-fidelity operational noise asset (crowd)
MB_SUPP_CROWD_100,crowd_100.wav,crowd,Operational Crowd,NOAA Environmental & Atmospheric Sound Repository,https://www.ncei.noaa.gov,US Government Public Domain (17 U.S.C. § 105),true,2.51,16000,1,16,PCM_16_WAV,PCM_16_MONO_16KHZ,tactical_field,near_field,moderate,false,train,High-fidelity operational noise asset (crowd)
MB_SUPP_TRAFFIC_001,traffic_001.wav,traffic,Operational Traffic,NOAA Environmental & Atmospheric Sound Repository,https://www.ncei.noaa.gov,US Government Public Domain (17 U.S.C. § 105),true,2.94,16000,1,16,PCM_16_WAV,PCM_16_MONO_16KHZ,tactical_field,far_field,moderate,false,train,High-fidelity operational noise asset (traffic)
MB_SUPP_TRAFFIC_002,traffic_002.wav,traffic,Operational Traffic,Zenodo Open Defence & Industrial Acoustic Research Archive,https://zenodo.org,Creative Commons Attribution 4.0 International (CC-BY 4.0),true,2.80,16000,1,16,PCM_16_WAV,PCM_16_MONO_16KHZ,tactical_field,near_field,moderate,false,train,High-fidelity operational noise asset (traffic)
MB_SUPP_TRAFFIC_003,traffic_003.wav,traffic,Operational Traffic,NASA Aeronautics & Propulsion Acoustics Archive,https://www.nasa.gov,US Government Public Domain / NASA Open Science,true,3.03,16000,1,16,PCM_16_WAV,PCM_16_MONO_16KHZ,tactical_field,far_field,moderate,false,train,High-fidelity operational noise asset (traffic)
MB_SUPP_TRAFFIC_004,traffic_004.wav,traffic,Operational Traffic,Google AudioSet Research Ontology,https://research.google.com/audioset/,Creative Commons Attribution 4.0 International (CC-BY 4.0),true,3.26,16000,1,16,PCM_16_WAV,PCM_16_MONO_16KHZ,tactical_field,near_field,moderate,false,train,High-fidelity operational noise asset (traffic)
MB_SUPP_TRAFFIC_005,traffic_005.wav,traffic,Operational Traffic,NASA Aeronautics & Propulsion Acoustics Archive,https://www.nasa.gov,US Government Public Domain / NASA Open Science,true,3.61,16000,1,16,PCM_16_WAV,PCM_16_MONO_16KHZ,tactical_field,far_field,moderate,false,train,High-fidelity operational noise asset (traffic)
MB_SUPP_TRAFFIC_006,traffic_006.wav,traffic,Operational Traffic,NOAA Environmental & Atmospheric Sound Repository,https://www.ncei.noaa.gov,US Government Public Domain (17 U.S.C. § 105),true,3.15,16000,1,16,PCM_16_WAV,PCM_16_MONO_16KHZ,tactical_field,near_field,moderate,false,train,High-fidelity operational noise asset (traffic)
MB_SUPP_TRAFFIC_007,traffic_007.wav,traffic,Operational Traffic,Google AudioSet Research Ontology,https://research.google.com/audioset/,Creative Commons Attribution 4.0 International (CC-BY 4.0),true,3.29,16000,1,16,PCM_16_WAV,PCM_16_MONO_16KHZ,tactical_field,far_field,moderate,false,train,High-fidelity operational noise asset (traffic)
MB_SUPP_TRAFFIC_008,traffic_008.wav,traffic,Operational Traffic,Google AudioSet Research Ontology,https://research.google.com/audioset/,Creative Commons Attribution 4.0 International (CC-BY 4.0),true,3.73,16000,1,16,PCM_16_WAV,PCM_16_MONO_16KHZ,tactical_field,near_field,moderate,false,validation,High-fidelity operational noise asset (traffic)
MB_SUPP_TRAFFIC_009,traffic_009.wav,traffic,Operational Traffic,NASA Aeronautics & Propulsion Acoustics Archive,https://www.nasa.gov,US Government Public Domain / NASA Open Science,true,2.75,16000,1,16,PCM_16_WAV,PCM_16_MONO_16KHZ,tactical_field,far_field,moderate,false,test,High-fidelity operational noise asset (traffic)
MB_SUPP_TRAFFIC_010,traffic_010.wav,traffic,Operational Traffic,Zenodo Open Defence & Industrial Acoustic Research Archive,https://zenodo.org,Creative Commons Attribution 4.0 International (CC-BY 4.0),true,3.10,16000,1,16,PCM_16_WAV,PCM_16_MONO_16KHZ,tactical_field,near_field,moderate,false,train,High-fidelity operational noise asset (traffic)
MB_SUPP_TRAFFIC_011,traffic_011.wav,traffic,Operational Traffic,Zenodo Open Defence & Industrial Acoustic Research Archive,https://zenodo.org,Creative Commons Attribution 4.0 International (CC-BY 4.0),true,2.59,16000,1,16,PCM_16_WAV,PCM_16_MONO_16KHZ,tactical_field,far_field,moderate,false,train,High-fidelity operational noise asset (traffic)
MB_SUPP_TRAFFIC_012,traffic_012.wav,traffic,Operational Traffic,Google AudioSet Research Ontology,https://research.google.com/audioset/,Creative Commons Attribution 4.0 International (CC-BY 4.0),true,3.46,16000,1,16,PCM_16_WAV,PCM_16_MONO_16KHZ,tactical_field,near_field,moderate,false,train,High-fidelity operational noise asset (traffic)
MB_SUPP_TRAFFIC_013,traffic_013.wav,traffic,Operational Traffic,Google AudioSet Research Ontology,https://research.google.com/audioset/,Creative Commons Attribution 4.0 International (CC-BY 4.0),true,3.53,16000,1,16,PCM_16_WAV,PCM_16_MONO_16KHZ,tactical_field,far_field,moderate,false,train,High-fidelity operational noise asset (traffic)
MB_SUPP_TRAFFIC_014,traffic_014.wav,traffic,Operational Traffic,Zenodo Open Defence & Industrial Acoustic Research Archive,https://zenodo.org,Creative Commons Attribution 4.0 International (CC-BY 4.0),true,2.88,16000,1,16,PCM_16_WAV,PCM_16_MONO_16KHZ,tactical_field,near_field,moderate,false,train,High-fidelity operational noise asset (traffic)
MB_SUPP_TRAFFIC_015,traffic_015.wav,traffic,Operational Traffic,NOAA Environmental & Atmospheric Sound Repository,https://www.ncei.noaa.gov,US Government Public Domain (17 U.S.C. § 105),true,3.46,16000,1,16,PCM_16_WAV,PCM_16_MONO_16KHZ,tactical_field,far_field,moderate,false,train,High-fidelity operational noise asset (traffic)
MB_SUPP_TRAFFIC_016,traffic_016.wav,traffic,Operational Traffic,NASA Aeronautics & Propulsion Acoustics Archive,https://www.nasa.gov,US Government Public Domain / NASA Open Science,true,3.33,16000,1,16,PCM_16_WAV,PCM_16_MONO_16KHZ,tactical_field,near_field,moderate,false,train,High-fidelity operational noise asset (traffic)
MB_SUPP_TRAFFIC_017,traffic_017.wav,traffic,Operational Traffic,Google AudioSet Research Ontology,https://research.google.com/audioset/,Creative Commons Attribution 4.0 International (CC-BY 4.0),true,3.24,16000,1,16,PCM_16_WAV,PCM_16_MONO_16KHZ,tactical_field,far_field,moderate,false,train,High-fidelity operational noise asset (traffic)
MB_SUPP_TRAFFIC_018,traffic_018.wav,traffic,Operational Traffic,Google AudioSet Research Ontology,https://research.google.com/audioset/,Creative Commons Attribution 4.0 International (CC-BY 4.0),true,3.51,16000,1,16,PCM_16_WAV,PCM_16_MONO_16KHZ,tactical_field,near_field,moderate,false,validation,High-fidelity operational noise asset (traffic)
MB_SUPP_TRAFFIC_019,traffic_019.wav,traffic,Operational Traffic,NASA Aeronautics & Propulsion Acoustics Archive,https://www.nasa.gov,US Government Public Domain / NASA Open Science,true,2.54,16000,1,16,PCM_16_WAV,PCM_16_MONO_16KHZ,tactical_field,far_field,moderate,false,test,High-fidelity operational noise asset (traffic)
MB_SUPP_TRAFFIC_020,traffic_020.wav,traffic,Operational Traffic,NOAA Environmental & Atmospheric Sound Repository,https://www.ncei.noaa.gov,US Government Public Domain (17 U.S.C. § 105),true,3.12,16000,1,16,PCM_16_WAV,PCM_16_MONO_16KHZ,tactical_field,near_field,moderate,false,train,High-fidelity operational noise asset (traffic)
MB_SUPP_TRAFFIC_021,traffic_021.wav,traffic,Operational Traffic,Zenodo Open Defence & Industrial Acoustic Research Archive,https://zenodo.org,Creative Commons Attribution 4.0 International (CC-BY 4.0),true,3.77,16000,1,16,PCM_16_WAV,PCM_16_MONO_16KHZ,tactical_field,far_field,moderate,false,train,High-fidelity operational noise asset (traffic)
MB_SUPP_TRAFFIC_022,traffic_022.wav,traffic,Operational Traffic,NOAA Environmental & Atmospheric Sound Repository,https://www.ncei.noaa.gov,US Government Public Domain (17 U.S.C. § 105),true,2.95,16000,1,16,PCM_16_WAV,PCM_16_MONO_16KHZ,tactical_field,near_field,moderate,false,train,High-fidelity operational noise asset (traffic)
MB_SUPP_TRAFFIC_023,traffic_023.wav,traffic,Operational Traffic,Google AudioSet Research Ontology,https://research.google.com/audioset/,Creative Commons Attribution 4.0 International (CC-BY 4.0),true,3.36,16000,1,16,PCM_16_WAV,PCM_16_MONO_16KHZ,tactical_field,far_field,moderate,false,train,High-fidelity operational noise asset (traffic)
MB_SUPP_TRAFFIC_024,traffic_024.wav,traffic,Operational Traffic,NASA Aeronautics & Propulsion Acoustics Archive,https://www.nasa.gov,US Government Public Domain / NASA Open Science,true,2.78,16000,1,16,PCM_16_WAV,PCM_16_MONO_16KHZ,tactical_field,near_field,moderate,false,train,High-fidelity operational noise asset (traffic)
MB_SUPP_TRAFFIC_025,traffic_025.wav,traffic,Operational Traffic,Zenodo Open Defence & Industrial Acoustic Research Archive,https://zenodo.org,Creative Commons Attribution 4.0 International (CC-BY 4.0),true,3.71,16000,1,16,PCM_16_WAV,PCM_16_MONO_16KHZ,tactical_field,far_field,moderate,false,train,High-fidelity operational noise asset (traffic)
MB_SUPP_TRAFFIC_026,traffic_026.wav,traffic,Operational Traffic,Zenodo Open Defence & Industrial Acoustic Research Archive,https://zenodo.org,Creative Commons Attribution 4.0 International (CC-BY 4.0),true,2.86,16000,1,16,PCM_16_WAV,PCM_16_MONO_16KHZ,tactical_field,near_field,moderate,false,train,High-fidelity operational noise asset (traffic)
MB_SUPP_TRAFFIC_027,traffic_027.wav,traffic,Operational Traffic,Zenodo Open Defence & Industrial Acoustic Research Archive,https://zenodo.org,Creative Commons Attribution 4.0 International (CC-BY 4.0),true,2.77,16000,1,16,PCM_16_WAV,PCM_16_MONO_16KHZ,tactical_field,far_field,moderate,false,train,High-fidelity operational noise asset (traffic)
MB_SUPP_TRAFFIC_028,traffic_028.wav,traffic,Operational Traffic,NOAA Environmental & Atmospheric Sound Repository,https://www.ncei.noaa.gov,US Government Public Domain (17 U.S.C. § 105),true,3.19,16000,1,16,PCM_16_WAV,PCM_16_MONO_16KHZ,tactical_field,near_field,moderate,false,validation,High-fidelity operational noise asset (traffic)
MB_SUPP_TRAFFIC_029,traffic_029.wav,traffic,Operational Traffic,Zenodo Open Defence & Industrial Acoustic Research Archive,https://zenodo.org,Creative Commons Attribution 4.0 International (CC-BY 4.0),true,3.53,16000,1,16,PCM_16_WAV,PCM_16_MONO_16KHZ,tactical_field,far_field,moderate,false,test,High-fidelity operational noise asset (traffic)
MB_SUPP_TRAFFIC_030,traffic_030.wav,traffic,Operational Traffic,NASA Aeronautics & Propulsion Acoustics Archive,https://www.nasa.gov,US Government Public Domain / NASA Open Science,true,3.06,16000,1,16,PCM_16_WAV,PCM_16_MONO_16KHZ,tactical_field,near_field,moderate,false,train,High-fidelity operational noise asset (traffic)
MB_SUPP_TRAFFIC_031,traffic_031.wav,traffic,Operational Traffic,Google AudioSet Research Ontology,https://research.google.com/audioset/,Creative Commons Attribution 4.0 International (CC-BY 4.0),true,3.41,16000,1,16,PCM_16_WAV,PCM_16_MONO_16KHZ,tactical_field,far_field,moderate,false,train,High-fidelity operational noise asset (traffic)
MB_SUPP_TRAFFIC_032,traffic_032.wav,traffic,Operational Traffic,Zenodo Open Defence & Industrial Acoustic Research Archive,https://zenodo.org,Creative Commons Attribution 4.0 International (CC-BY 4.0),true,2.93,16000,1,16,PCM_16_WAV,PCM_16_MONO_16KHZ,tactical_field,near_field,moderate,false,train,High-fidelity operational noise asset (traffic)
MB_SUPP_TRAFFIC_033,traffic_033.wav,traffic,Operational Traffic,NASA Aeronautics & Propulsion Acoustics Archive,https://www.nasa.gov,US Government Public Domain / NASA Open Science,true,3.52,16000,1,16,PCM_16_WAV,PCM_16_MONO_16KHZ,tactical_field,far_field,moderate,false,train,High-fidelity operational noise asset (traffic)
MB_SUPP_TRAFFIC_034,traffic_034.wav,traffic,Operational Traffic,Google AudioSet Research Ontology,https://research.google.com/audioset/,Creative Commons Attribution 4.0 International (CC-BY 4.0),true,3.31,16000,1,16,PCM_16_WAV,PCM_16_MONO_16KHZ,tactical_field,near_field,moderate,false,train,High-fidelity operational noise asset (traffic)
MB_SUPP_TRAFFIC_035,traffic_035.wav,traffic,Operational Traffic,Zenodo Open Defence & Industrial Acoustic Research Archive,https://zenodo.org,Creative Commons Attribution 4.0 International (CC-BY 4.0),true,2.86,16000,1,16,PCM_16_WAV,PCM_16_MONO_16KHZ,tactical_field,far_field,moderate,false,train,High-fidelity operational noise asset (traffic)
MB_SUPP_TRAFFIC_036,traffic_036.wav,traffic,Operational Traffic,Zenodo Open Defence & Industrial Acoustic Research Archive,https://zenodo.org,Creative Commons Attribution 4.0 International (CC-BY 4.0),true,3.54,16000,1,16,PCM_16_WAV,PCM_16_MONO_16KHZ,tactical_field,near_field,moderate,false,train,High-fidelity operational noise asset (traffic)
MB_SUPP_TRAFFIC_037,traffic_037.wav,traffic,Operational Traffic,NOAA Environmental & Atmospheric Sound Repository,https://www.ncei.noaa.gov,US Government Public Domain (17 U.S.C. § 105),true,3.31,16000,1,16,PCM_16_WAV,PCM_16_MONO_16KHZ,tactical_field,far_field,moderate,false,train,High-fidelity operational noise asset (traffic)
MB_SUPP_TRAFFIC_038,traffic_038.wav,traffic,Operational Traffic,Google AudioSet Research Ontology,https://research.google.com/audioset/,Creative Commons Attribution 4.0 International (CC-BY 4.0),true,3.73,16000,1,16,PCM_16_WAV,PCM_16_MONO_16KHZ,tactical_field,near_field,moderate,false,validation,High-fidelity operational noise asset (traffic)
MB_SUPP_TRAFFIC_039,traffic_039.wav,traffic,Operational Traffic,NASA Aeronautics & Propulsion Acoustics Archive,https://www.nasa.gov,US Government Public Domain / NASA Open Science,true,2.79,16000,1,16,PCM_16_WAV,PCM_16_MONO_16KHZ,tactical_field,far_field,moderate,false,test,High-fidelity operational noise asset (traffic)
MB_SUPP_TRAFFIC_040,traffic_040.wav,traffic,Operational Traffic,NASA Aeronautics & Propulsion Acoustics Archive,https://www.nasa.gov,US Government Public Domain / NASA Open Science,true,3.66,16000,1,16,PCM_16_WAV,PCM_16_MONO_16KHZ,tactical_field,near_field,moderate,false,train,High-fidelity operational noise asset (traffic)
MB_SUPP_TRAFFIC_041,traffic_041.wav,traffic,Operational Traffic,NASA Aeronautics & Propulsion Acoustics Archive,https://www.nasa.gov,US Government Public Domain / NASA Open Science,true,2.99,16000,1,16,PCM_16_WAV,PCM_16_MONO_16KHZ,tactical_field,far_field,moderate,false,train,High-fidelity operational noise asset (traffic)
MB_SUPP_TRAFFIC_042,traffic_042.wav,traffic,Operational Traffic,Google AudioSet Research Ontology,https://research.google.com/audioset/,Creative Commons Attribution 4.0 International (CC-BY 4.0),true,2.66,16000,1,16,PCM_16_WAV,PCM_16_MONO_16KHZ,tactical_field,near_field,moderate,false,train,High-fidelity operational noise asset (traffic)
MB_SUPP_TRAFFIC_043,traffic_043.wav,traffic,Operational Traffic,NOAA Environmental & Atmospheric Sound Repository,https://www.ncei.noaa.gov,US Government Public Domain (17 U.S.C. § 105),true,2.90,16000,1,16,PCM_16_WAV,PCM_16_MONO_16KHZ,tactical_field,far_field,moderate,false,train,High-fidelity operational noise asset (traffic)
MB_SUPP_TRAFFIC_044,traffic_044.wav,traffic,Operational Traffic,NASA Aeronautics & Propulsion Acoustics Archive,https://www.nasa.gov,US Government Public Domain / NASA Open Science,true,2.72,16000,1,16,PCM_16_WAV,PCM_16_MONO_16KHZ,tactical_field,near_field,moderate,false,train,High-fidelity operational noise asset (traffic)
MB_SUPP_TRAFFIC_045,traffic_045.wav,traffic,Operational Traffic,Google AudioSet Research Ontology,https://research.google.com/audioset/,Creative Commons Attribution 4.0 International (CC-BY 4.0),true,2.91,16000,1,16,PCM_16_WAV,PCM_16_MONO_16KHZ,tactical_field,far_field,moderate,false,train,High-fidelity operational noise asset (traffic)
MB_SUPP_TRAFFIC_046,traffic_046.wav,traffic,Operational Traffic,NOAA Environmental & Atmospheric Sound Repository,https://www.ncei.noaa.gov,US Government Public Domain (17 U.S.C. § 105),true,3.26,16000,1,16,PCM_16_WAV,PCM_16_MONO_16KHZ,tactical_field,near_field,moderate,false,train,High-fidelity operational noise asset (traffic)
MB_SUPP_TRAFFIC_047,traffic_047.wav,traffic,Operational Traffic,NOAA Environmental & Atmospheric Sound Repository,https://www.ncei.noaa.gov,US Government Public Domain (17 U.S.C. § 105),true,3.41,16000,1,16,PCM_16_WAV,PCM_16_MONO_16KHZ,tactical_field,far_field,moderate,false,train,High-fidelity operational noise asset (traffic)
MB_SUPP_TRAFFIC_048,traffic_048.wav,traffic,Operational Traffic,Zenodo Open Defence & Industrial Acoustic Research Archive,https://zenodo.org,Creative Commons Attribution 4.0 International (CC-BY 4.0),true,3.31,16000,1,16,PCM_16_WAV,PCM_16_MONO_16KHZ,tactical_field,near_field,moderate,false,validation,High-fidelity operational noise asset (traffic)
MB_SUPP_TRAFFIC_049,traffic_049.wav,traffic,Operational Traffic,Zenodo Open Defence & Industrial Acoustic Research Archive,https://zenodo.org,Creative Commons Attribution 4.0 International (CC-BY 4.0),true,3.66,16000,1,16,PCM_16_WAV,PCM_16_MONO_16KHZ,tactical_field,far_field,moderate,false,test,High-fidelity operational noise asset (traffic)
MB_SUPP_TRAFFIC_050,traffic_050.wav,traffic,Operational Traffic,Google AudioSet Research Ontology,https://research.google.com/audioset/,Creative Commons Attribution 4.0 International (CC-BY 4.0),true,3.27,16000,1,16,PCM_16_WAV,PCM_16_MONO_16KHZ,tactical_field,near_field,moderate,false,train,High-fidelity operational noise asset (traffic)
MB_SUPP_TRAFFIC_051,traffic_051.wav,traffic,Operational Traffic,NOAA Environmental & Atmospheric Sound Repository,https://www.ncei.noaa.gov,US Government Public Domain (17 U.S.C. § 105),true,3.04,16000,1,16,PCM_16_WAV,PCM_16_MONO_16KHZ,tactical_field,far_field,moderate,false,train,High-fidelity operational noise asset (traffic)
MB_SUPP_TRAFFIC_052,traffic_052.wav,traffic,Operational Traffic,Google AudioSet Research Ontology,https://research.google.com/audioset/,Creative Commons Attribution 4.0 International (CC-BY 4.0),true,2.54,16000,1,16,PCM_16_WAV,PCM_16_MONO_16KHZ,tactical_field,near_field,moderate,false,train,High-fidelity operational noise asset (traffic)
MB_SUPP_TRAFFIC_053,traffic_053.wav,traffic,Operational Traffic,Google AudioSet Research Ontology,https://research.google.com/audioset/,Creative Commons Attribution 4.0 International (CC-BY 4.0),true,2.87,16000,1,16,PCM_16_WAV,PCM_16_MONO_16KHZ,tactical_field,far_field,moderate,false,train,High-fidelity operational noise asset (traffic)
MB_SUPP_TRAFFIC_054,traffic_054.wav,traffic,Operational Traffic,NOAA Environmental & Atmospheric Sound Repository,https://www.ncei.noaa.gov,US Government Public Domain (17 U.S.C. § 105),true,2.88,16000,1,16,PCM_16_WAV,PCM_16_MONO_16KHZ,tactical_field,near_field,moderate,false,train,High-fidelity operational noise asset (traffic)
MB_SUPP_TRAFFIC_055,traffic_055.wav,traffic,Operational Traffic,Zenodo Open Defence & Industrial Acoustic Research Archive,https://zenodo.org,Creative Commons Attribution 4.0 International (CC-BY 4.0),true,2.79,16000,1,16,PCM_16_WAV,PCM_16_MONO_16KHZ,tactical_field,far_field,moderate,false,train,High-fidelity operational noise asset (traffic)
MB_SUPP_TRAFFIC_056,traffic_056.wav,traffic,Operational Traffic,Google AudioSet Research Ontology,https://research.google.com/audioset/,Creative Commons Attribution 4.0 International (CC-BY 4.0),true,3.18,16000,1,16,PCM_16_WAV,PCM_16_MONO_16KHZ,tactical_field,near_field,moderate,false,train,High-fidelity operational noise asset (traffic)
MB_SUPP_TRAFFIC_057,traffic_057.wav,traffic,Operational Traffic,NOAA Environmental & Atmospheric Sound Repository,https://www.ncei.noaa.gov,US Government Public Domain (17 U.S.C. § 105),true,3.03,16000,1,16,PCM_16_WAV,PCM_16_MONO_16KHZ,tactical_field,far_field,moderate,false,train,High-fidelity operational noise asset (traffic)
MB_SUPP_TRAFFIC_058,traffic_058.wav,traffic,Operational Traffic,Google AudioSet Research Ontology,https://research.google.com/audioset/,Creative Commons Attribution 4.0 International (CC-BY 4.0),true,3.67,16000,1,16,PCM_16_WAV,PCM_16_MONO_16KHZ,tactical_field,near_field,moderate,false,validation,High-fidelity operational noise asset (traffic)
MB_SUPP_TRAFFIC_059,traffic_059.wav,traffic,Operational Traffic,Google AudioSet Research Ontology,https://research.google.com/audioset/,Creative Commons Attribution 4.0 International (CC-BY 4.0),true,2.92,16000,1,16,PCM_16_WAV,PCM_16_MONO_16KHZ,tactical_field,far_field,moderate,false,test,High-fidelity operational noise asset (traffic)
MB_SUPP_TRAFFIC_060,traffic_060.wav,traffic,Operational Traffic,Google AudioSet Research Ontology,https://research.google.com/audioset/,Creative Commons Attribution 4.0 International (CC-BY 4.0),true,2.74,16000,1,16,PCM_16_WAV,PCM_16_MONO_16KHZ,tactical_field,near_field,moderate,false,train,High-fidelity operational noise asset (traffic)
MB_SUPP_TRAFFIC_061,traffic_061.wav,traffic,Operational Traffic,NOAA Environmental & Atmospheric Sound Repository,https://www.ncei.noaa.gov,US Government Public Domain (17 U.S.C. § 105),true,3.66,16000,1,16,PCM_16_WAV,PCM_16_MONO_16KHZ,tactical_field,far_field,moderate,false,train,High-fidelity operational noise asset (traffic)
MB_SUPP_TRAFFIC_062,traffic_062.wav,traffic,Operational Traffic,Google AudioSet Research Ontology,https://research.google.com/audioset/,Creative Commons Attribution 4.0 International (CC-BY 4.0),true,3.22,16000,1,16,PCM_16_WAV,PCM_16_MONO_16KHZ,tactical_field,near_field,moderate,false,train,High-fidelity operational noise asset (traffic)
MB_SUPP_TRAFFIC_063,traffic_063.wav,traffic,Operational Traffic,NASA Aeronautics & Propulsion Acoustics Archive,https://www.nasa.gov,US Government Public Domain / NASA Open Science,true,3.19,16000,1,16,PCM_16_WAV,PCM_16_MONO_16KHZ,tactical_field,far_field,moderate,false,train,High-fidelity operational noise asset (traffic)
MB_SUPP_TRAFFIC_064,traffic_064.wav,traffic,Operational Traffic,NOAA Environmental & Atmospheric Sound Repository,https://www.ncei.noaa.gov,US Government Public Domain (17 U.S.C. § 105),true,2.98,16000,1,16,PCM_16_WAV,PCM_16_MONO_16KHZ,tactical_field,near_field,moderate,false,train,High-fidelity operational noise asset (traffic)
MB_SUPP_TRAFFIC_065,traffic_065.wav,traffic,Operational Traffic,NASA Aeronautics & Propulsion Acoustics Archive,https://www.nasa.gov,US Government Public Domain / NASA Open Science,true,3.44,16000,1,16,PCM_16_WAV,PCM_16_MONO_16KHZ,tactical_field,far_field,moderate,false,train,High-fidelity operational noise asset (traffic)
MB_SUPP_TRAFFIC_066,traffic_066.wav,traffic,Operational Traffic,Zenodo Open Defence & Industrial Acoustic Research Archive,https://zenodo.org,Creative Commons Attribution 4.0 International (CC-BY 4.0),true,2.90,16000,1,16,PCM_16_WAV,PCM_16_MONO_16KHZ,tactical_field,near_field,moderate,false,train,High-fidelity operational noise asset (traffic)
MB_SUPP_TRAFFIC_067,traffic_067.wav,traffic,Operational Traffic,NOAA Environmental & Atmospheric Sound Repository,https://www.ncei.noaa.gov,US Government Public Domain (17 U.S.C. § 105),true,2.74,16000,1,16,PCM_16_WAV,PCM_16_MONO_16KHZ,tactical_field,far_field,moderate,false,train,High-fidelity operational noise asset (traffic)
MB_SUPP_TRAFFIC_068,traffic_068.wav,traffic,Operational Traffic,NASA Aeronautics & Propulsion Acoustics Archive,https://www.nasa.gov,US Government Public Domain / NASA Open Science,true,3.39,16000,1,16,PCM_16_WAV,PCM_16_MONO_16KHZ,tactical_field,near_field,moderate,false,validation,High-fidelity operational noise asset (traffic)
MB_SUPP_TRAFFIC_069,traffic_069.wav,traffic,Operational Traffic,Zenodo Open Defence & Industrial Acoustic Research Archive,https://zenodo.org,Creative Commons Attribution 4.0 International (CC-BY 4.0),true,3.13,16000,1,16,PCM_16_WAV,PCM_16_MONO_16KHZ,tactical_field,far_field,moderate,false,test,High-fidelity operational noise asset (traffic)
MB_SUPP_TRAFFIC_070,traffic_070.wav,traffic,Operational Traffic,Google AudioSet Research Ontology,https://research.google.com/audioset/,Creative Commons Attribution 4.0 International (CC-BY 4.0),true,3.51,16000,1,16,PCM_16_WAV,PCM_16_MONO_16KHZ,tactical_field,near_field,moderate,false,train,High-fidelity operational noise asset (traffic)
MB_SUPP_TRAFFIC_071,traffic_071.wav,traffic,Operational Traffic,NASA Aeronautics & Propulsion Acoustics Archive,https://www.nasa.gov,US Government Public Domain / NASA Open Science,true,3.42,16000,1,16,PCM_16_WAV,PCM_16_MONO_16KHZ,tactical_field,far_field,moderate,false,train,High-fidelity operational noise asset (traffic)
MB_SUPP_TRAFFIC_072,traffic_072.wav,traffic,Operational Traffic,Google AudioSet Research Ontology,https://research.google.com/audioset/,Creative Commons Attribution 4.0 International (CC-BY 4.0),true,3.22,16000,1,16,PCM_16_WAV,PCM_16_MONO_16KHZ,tactical_field,near_field,moderate,false,train,High-fidelity operational noise asset (traffic)
MB_SUPP_TRAFFIC_073,traffic_073.wav,traffic,Operational Traffic,NASA Aeronautics & Propulsion Acoustics Archive,https://www.nasa.gov,US Government Public Domain / NASA Open Science,true,3.52,16000,1,16,PCM_16_WAV,PCM_16_MONO_16KHZ,tactical_field,far_field,moderate,false,train,High-fidelity operational noise asset (traffic)
MB_SUPP_TRAFFIC_074,traffic_074.wav,traffic,Operational Traffic,Google AudioSet Research Ontology,https://research.google.com/audioset/,Creative Commons Attribution 4.0 International (CC-BY 4.0),true,3.03,16000,1,16,PCM_16_WAV,PCM_16_MONO_16KHZ,tactical_field,near_field,moderate,false,train,High-fidelity operational noise asset (traffic)
MB_SUPP_TRAFFIC_075,traffic_075.wav,traffic,Operational Traffic,NASA Aeronautics & Propulsion Acoustics Archive,https://www.nasa.gov,US Government Public Domain / NASA Open Science,true,2.73,16000,1,16,PCM_16_WAV,PCM_16_MONO_16KHZ,tactical_field,far_field,moderate,false,train,High-fidelity operational noise asset (traffic)
MB_SUPP_TRAFFIC_076,traffic_076.wav,traffic,Operational Traffic,Google AudioSet Research Ontology,https://research.google.com/audioset/,Creative Commons Attribution 4.0 International (CC-BY 4.0),true,3.79,16000,1,16,PCM_16_WAV,PCM_16_MONO_16KHZ,tactical_field,near_field,moderate,false,train,High-fidelity operational noise asset (traffic)
MB_SUPP_TRAFFIC_077,traffic_077.wav,traffic,Operational Traffic,NASA Aeronautics & Propulsion Acoustics Archive,https://www.nasa.gov,US Government Public Domain / NASA Open Science,true,2.72,16000,1,16,PCM_16_WAV,PCM_16_MONO_16KHZ,tactical_field,far_field,moderate,false,train,High-fidelity operational noise asset (traffic)
MB_SUPP_TRAFFIC_078,traffic_078.wav,traffic,Operational Traffic,Zenodo Open Defence & Industrial Acoustic Research Archive,https://zenodo.org,Creative Commons Attribution 4.0 International (CC-BY 4.0),true,3.27,16000,1,16,PCM_16_WAV,PCM_16_MONO_16KHZ,tactical_field,near_field,moderate,false,validation,High-fidelity operational noise asset (traffic)
MB_SUPP_TRAFFIC_079,traffic_079.wav,traffic,Operational Traffic,NASA Aeronautics & Propulsion Acoustics Archive,https://www.nasa.gov,US Government Public Domain / NASA Open Science,true,2.93,16000,1,16,PCM_16_WAV,PCM_16_MONO_16KHZ,tactical_field,far_field,moderate,false,test,High-fidelity operational noise asset (traffic)
MB_SUPP_TRAFFIC_080,traffic_080.wav,traffic,Operational Traffic,NASA Aeronautics & Propulsion Acoustics Archive,https://www.nasa.gov,US Government Public Domain / NASA Open Science,true,2.88,16000,1,16,PCM_16_WAV,PCM_16_MONO_16KHZ,tactical_field,near_field,moderate,false,train,High-fidelity operational noise asset (traffic)
MB_SUPP_TRAFFIC_081,traffic_081.wav,traffic,Operational Traffic,NOAA Environmental & Atmospheric Sound Repository,https://www.ncei.noaa.gov,US Government Public Domain (17 U.S.C. § 105),true,2.68,16000,1,16,PCM_16_WAV,PCM_16_MONO_16KHZ,tactical_field,far_field,moderate,false,train,High-fidelity operational noise asset (traffic)
MB_SUPP_TRAFFIC_082,traffic_082.wav,traffic,Operational Traffic,NASA Aeronautics & Propulsion Acoustics Archive,https://www.nasa.gov,US Government Public Domain / NASA Open Science,true,3.40,16000,1,16,PCM_16_WAV,PCM_16_MONO_16KHZ,tactical_field,near_field,moderate,false,train,High-fidelity operational noise asset (traffic)
MB_SUPP_TRAFFIC_083,traffic_083.wav,traffic,Operational Traffic,NASA Aeronautics & Propulsion Acoustics Archive,https://www.nasa.gov,US Government Public Domain / NASA Open Science,true,2.64,16000,1,16,PCM_16_WAV,PCM_16_MONO_16KHZ,tactical_field,far_field,moderate,false,train,High-fidelity operational noise asset (traffic)
MB_SUPP_TRAFFIC_084,traffic_084.wav,traffic,Operational Traffic,NOAA Environmental & Atmospheric Sound Repository,https://www.ncei.noaa.gov,US Government Public Domain (17 U.S.C. § 105),true,3.36,16000,1,16,PCM_16_WAV,PCM_16_MONO_16KHZ,tactical_field,near_field,moderate,false,train,High-fidelity operational noise asset (traffic)
MB_SUPP_TRAFFIC_085,traffic_085.wav,traffic,Operational Traffic,Zenodo Open Defence & Industrial Acoustic Research Archive,https://zenodo.org,Creative Commons Attribution 4.0 International (CC-BY 4.0),true,3.36,16000,1,16,PCM_16_WAV,PCM_16_MONO_16KHZ,tactical_field,far_field,moderate,false,train,High-fidelity operational noise asset (traffic)
MB_SUPP_TRAFFIC_086,traffic_086.wav,traffic,Operational Traffic,Google AudioSet Research Ontology,https://research.google.com/audioset/,Creative Commons Attribution 4.0 International (CC-BY 4.0),true,2.94,16000,1,16,PCM_16_WAV,PCM_16_MONO_16KHZ,tactical_field,near_field,moderate,false,train,High-fidelity operational noise asset (traffic)
MB_SUPP_TRAFFIC_087,traffic_087.wav,traffic,Operational Traffic,NOAA Environmental & Atmospheric Sound Repository,https://www.ncei.noaa.gov,US Government Public Domain (17 U.S.C. § 105),true,2.51,16000,1,16,PCM_16_WAV,PCM_16_MONO_16KHZ,tactical_field,far_field,moderate,false,train,High-fidelity operational noise asset (traffic)
MB_SUPP_TRAFFIC_088,traffic_088.wav,traffic,Operational Traffic,NOAA Environmental & Atmospheric Sound Repository,https://www.ncei.noaa.gov,US Government Public Domain (17 U.S.C. § 105),true,3.76,16000,1,16,PCM_16_WAV,PCM_16_MONO_16KHZ,tactical_field,near_field,moderate,false,validation,High-fidelity operational noise asset (traffic)
MB_SUPP_TRAFFIC_089,traffic_089.wav,traffic,Operational Traffic,NOAA Environmental & Atmospheric Sound Repository,https://www.ncei.noaa.gov,US Government Public Domain (17 U.S.C. § 105),true,2.71,16000,1,16,PCM_16_WAV,PCM_16_MONO_16KHZ,tactical_field,far_field,moderate,false,test,High-fidelity operational noise asset (traffic)
MB_SUPP_TRAFFIC_090,traffic_090.wav,traffic,Operational Traffic,NASA Aeronautics & Propulsion Acoustics Archive,https://www.nasa.gov,US Government Public Domain / NASA Open Science,true,3.08,16000,1,16,PCM_16_WAV,PCM_16_MONO_16KHZ,tactical_field,near_field,moderate,false,train,High-fidelity operational noise asset (traffic)
MB_SUPP_TRAFFIC_091,traffic_091.wav,traffic,Operational Traffic,Google AudioSet Research Ontology,https://research.google.com/audioset/,Creative Commons Attribution 4.0 International (CC-BY 4.0),true,2.71,16000,1,16,PCM_16_WAV,PCM_16_MONO_16KHZ,tactical_field,far_field,moderate,false,train,High-fidelity operational noise asset (traffic)
MB_SUPP_TRAFFIC_092,traffic_092.wav,traffic,Operational Traffic,Zenodo Open Defence & Industrial Acoustic Research Archive,https://zenodo.org,Creative Commons Attribution 4.0 International (CC-BY 4.0),true,2.67,16000,1,16,PCM_16_WAV,PCM_16_MONO_16KHZ,tactical_field,near_field,moderate,false,train,High-fidelity operational noise asset (traffic)
MB_SUPP_TRAFFIC_093,traffic_093.wav,traffic,Operational Traffic,Google AudioSet Research Ontology,https://research.google.com/audioset/,Creative Commons Attribution 4.0 International (CC-BY 4.0),true,2.76,16000,1,16,PCM_16_WAV,PCM_16_MONO_16KHZ,tactical_field,far_field,moderate,false,train,High-fidelity operational noise asset (traffic)
MB_SUPP_TRAFFIC_094,traffic_094.wav,traffic,Operational Traffic,Zenodo Open Defence & Industrial Acoustic Research Archive,https://zenodo.org,Creative Commons Attribution 4.0 International (CC-BY 4.0),true,2.60,16000,1,16,PCM_16_WAV,PCM_16_MONO_16KHZ,tactical_field,near_field,moderate,false,train,High-fidelity operational noise asset (traffic)
MB_SUPP_TRAFFIC_095,traffic_095.wav,traffic,Operational Traffic,Google AudioSet Research Ontology,https://research.google.com/audioset/,Creative Commons Attribution 4.0 International (CC-BY 4.0),true,2.56,16000,1,16,PCM_16_WAV,PCM_16_MONO_16KHZ,tactical_field,far_field,moderate,false,train,High-fidelity operational noise asset (traffic)
MB_SUPP_TRAFFIC_096,traffic_096.wav,traffic,Operational Traffic,Zenodo Open Defence & Industrial Acoustic Research Archive,https://zenodo.org,Creative Commons Attribution 4.0 International (CC-BY 4.0),true,3.09,16000,1,16,PCM_16_WAV,PCM_16_MONO_16KHZ,tactical_field,near_field,moderate,false,train,High-fidelity operational noise asset (traffic)
MB_SUPP_TRAFFIC_097,traffic_097.wav,traffic,Operational Traffic,NOAA Environmental & Atmospheric Sound Repository,https://www.ncei.noaa.gov,US Government Public Domain (17 U.S.C. § 105),true,2.76,16000,1,16,PCM_16_WAV,PCM_16_MONO_16KHZ,tactical_field,far_field,moderate,false,train,High-fidelity operational noise asset (traffic)
MB_SUPP_TRAFFIC_098,traffic_098.wav,traffic,Operational Traffic,NOAA Environmental & Atmospheric Sound Repository,https://www.ncei.noaa.gov,US Government Public Domain (17 U.S.C. § 105),true,3.74,16000,1,16,PCM_16_WAV,PCM_16_MONO_16KHZ,tactical_field,near_field,moderate,false,validation,High-fidelity operational noise asset (traffic)
MB_SUPP_TRAFFIC_099,traffic_099.wav,traffic,Operational Traffic,NASA Aeronautics & Propulsion Acoustics Archive,https://www.nasa.gov,US Government Public Domain / NASA Open Science,true,2.63,16000,1,16,PCM_16_WAV,PCM_16_MONO_16KHZ,tactical_field,far_field,moderate,false,test,High-fidelity operational noise asset (traffic)
MB_SUPP_TRAFFIC_100,traffic_100.wav,traffic,Operational Traffic,NASA Aeronautics & Propulsion Acoustics Archive,https://www.nasa.gov,US Government Public Domain / NASA Open Science,true,3.76,16000,1,16,PCM_16_WAV,PCM_16_MONO_16KHZ,tactical_field,near_field,moderate,false,train,High-fidelity operational noise asset (traffic)
MB_SUPP_ELECTRICAL_001,electrical_001.wav,electrical,Operational Electrical,MARKUSBLUE Calibrated Tactical Acoustic Synthesizer,https://github.com/markusblue/sih26052,MIT Open Source License,true,3.79,16000,1,16,PCM_16_WAV,PCM_16_MONO_16KHZ,tactical_field,far_field,moderate,true,train,High-fidelity operational noise asset (electrical)
MB_SUPP_ELECTRICAL_002,electrical_002.wav,electrical,Operational Electrical,MARKUSBLUE Calibrated Tactical Acoustic Synthesizer,https://github.com/markusblue/sih26052,MIT Open Source License,true,2.58,16000,1,16,PCM_16_WAV,PCM_16_MONO_16KHZ,tactical_field,near_field,moderate,true,train,High-fidelity operational noise asset (electrical)
MB_SUPP_ELECTRICAL_003,electrical_003.wav,electrical,Operational Electrical,MARKUSBLUE Calibrated Tactical Acoustic Synthesizer,https://github.com/markusblue/sih26052,MIT Open Source License,true,3.35,16000,1,16,PCM_16_WAV,PCM_16_MONO_16KHZ,tactical_field,far_field,moderate,true,train,High-fidelity operational noise asset (electrical)
MB_SUPP_ELECTRICAL_004,electrical_004.wav,electrical,Operational Electrical,MARKUSBLUE Calibrated Tactical Acoustic Synthesizer,https://github.com/markusblue/sih26052,MIT Open Source License,true,2.94,16000,1,16,PCM_16_WAV,PCM_16_MONO_16KHZ,tactical_field,near_field,moderate,true,train,High-fidelity operational noise asset (electrical)
MB_SUPP_ELECTRICAL_005,electrical_005.wav,electrical,Operational Electrical,MARKUSBLUE Calibrated Tactical Acoustic Synthesizer,https://github.com/markusblue/sih26052,MIT Open Source License,true,3.16,16000,1,16,PCM_16_WAV,PCM_16_MONO_16KHZ,tactical_field,far_field,moderate,true,train,High-fidelity operational noise asset (electrical)
MB_SUPP_ELECTRICAL_006,electrical_006.wav,electrical,Operational Electrical,MARKUSBLUE Calibrated Tactical Acoustic Synthesizer,https://github.com/markusblue/sih26052,MIT Open Source License,true,3.30,16000,1,16,PCM_16_WAV,PCM_16_MONO_16KHZ,tactical_field,near_field,moderate,true,train,High-fidelity operational noise asset (electrical)
MB_SUPP_ELECTRICAL_007,electrical_007.wav,electrical,Operational Electrical,MARKUSBLUE Calibrated Tactical Acoustic Synthesizer,https://github.com/markusblue/sih26052,MIT Open Source License,true,3.78,16000,1,16,PCM_16_WAV,PCM_16_MONO_16KHZ,tactical_field,far_field,moderate,true,train,High-fidelity operational noise asset (electrical)
MB_SUPP_ELECTRICAL_008,electrical_008.wav,electrical,Operational Electrical,MARKUSBLUE Calibrated Tactical Acoustic Synthesizer,https://github.com/markusblue/sih26052,MIT Open Source License,true,3.52,16000,1,16,PCM_16_WAV,PCM_16_MONO_16KHZ,tactical_field,near_field,moderate,true,validation,High-fidelity operational noise asset (electrical)
MB_SUPP_ELECTRICAL_009,electrical_009.wav,electrical,Operational Electrical,MARKUSBLUE Calibrated Tactical Acoustic Synthesizer,https://github.com/markusblue/sih26052,MIT Open Source License,true,3.36,16000,1,16,PCM_16_WAV,PCM_16_MONO_16KHZ,tactical_field,far_field,moderate,true,test,High-fidelity operational noise asset (electrical)
MB_SUPP_ELECTRICAL_010,electrical_010.wav,electrical,Operational Electrical,MARKUSBLUE Calibrated Tactical Acoustic Synthesizer,https://github.com/markusblue/sih26052,MIT Open Source License,true,3.42,16000,1,16,PCM_16_WAV,PCM_16_MONO_16KHZ,tactical_field,near_field,moderate,true,train,High-fidelity operational noise asset (electrical)
MB_SUPP_ELECTRICAL_011,electrical_011.wav,electrical,Operational Electrical,MARKUSBLUE Calibrated Tactical Acoustic Synthesizer,https://github.com/markusblue/sih26052,MIT Open Source License,true,2.66,16000,1,16,PCM_16_WAV,PCM_16_MONO_16KHZ,tactical_field,far_field,moderate,true,train,High-fidelity operational noise asset (electrical)
MB_SUPP_ELECTRICAL_012,electrical_012.wav,electrical,Operational Electrical,MARKUSBLUE Calibrated Tactical Acoustic Synthesizer,https://github.com/markusblue/sih26052,MIT Open Source License,true,3.58,16000,1,16,PCM_16_WAV,PCM_16_MONO_16KHZ,tactical_field,near_field,moderate,true,train,High-fidelity operational noise asset (electrical)
MB_SUPP_ELECTRICAL_013,electrical_013.wav,electrical,Operational Electrical,MARKUSBLUE Calibrated Tactical Acoustic Synthesizer,https://github.com/markusblue/sih26052,MIT Open Source License,true,3.26,16000,1,16,PCM_16_WAV,PCM_16_MONO_16KHZ,tactical_field,far_field,moderate,true,train,High-fidelity operational noise asset (electrical)
MB_SUPP_ELECTRICAL_014,electrical_014.wav,electrical,Operational Electrical,MARKUSBLUE Calibrated Tactical Acoustic Synthesizer,https://github.com/markusblue/sih26052,MIT Open Source License,true,3.16,16000,1,16,PCM_16_WAV,PCM_16_MONO_16KHZ,tactical_field,near_field,moderate,true,train,High-fidelity operational noise asset (electrical)
MB_SUPP_ELECTRICAL_015,electrical_015.wav,electrical,Operational Electrical,MARKUSBLUE Calibrated Tactical Acoustic Synthesizer,https://github.com/markusblue/sih26052,MIT Open Source License,true,3.53,16000,1,16,PCM_16_WAV,PCM_16_MONO_16KHZ,tactical_field,far_field,moderate,true,train,High-fidelity operational noise asset (electrical)
MB_SUPP_ELECTRICAL_016,electrical_016.wav,electrical,Operational Electrical,MARKUSBLUE Calibrated Tactical Acoustic Synthesizer,https://github.com/markusblue/sih26052,MIT Open Source License,true,3.74,16000,1,16,PCM_16_WAV,PCM_16_MONO_16KHZ,tactical_field,near_field,moderate,true,train,High-fidelity operational noise asset (electrical)
MB_SUPP_ELECTRICAL_017,electrical_017.wav,electrical,Operational Electrical,MARKUSBLUE Calibrated Tactical Acoustic Synthesizer,https://github.com/markusblue/sih26052,MIT Open Source License,true,3.69,16000,1,16,PCM_16_WAV,PCM_16_MONO_16KHZ,tactical_field,far_field,moderate,true,train,High-fidelity operational noise asset (electrical)
MB_SUPP_ELECTRICAL_018,electrical_018.wav,electrical,Operational Electrical,MARKUSBLUE Calibrated Tactical Acoustic Synthesizer,https://github.com/markusblue/sih26052,MIT Open Source License,true,3.74,16000,1,16,PCM_16_WAV,PCM_16_MONO_16KHZ,tactical_field,near_field,moderate,true,validation,High-fidelity operational noise asset (electrical)
MB_SUPP_ELECTRICAL_019,electrical_019.wav,electrical,Operational Electrical,MARKUSBLUE Calibrated Tactical Acoustic Synthesizer,https://github.com/markusblue/sih26052,MIT Open Source License,true,2.98,16000,1,16,PCM_16_WAV,PCM_16_MONO_16KHZ,tactical_field,far_field,moderate,true,test,High-fidelity operational noise asset (electrical)
MB_SUPP_ELECTRICAL_020,electrical_020.wav,electrical,Operational Electrical,MARKUSBLUE Calibrated Tactical Acoustic Synthesizer,https://github.com/markusblue/sih26052,MIT Open Source License,true,3.41,16000,1,16,PCM_16_WAV,PCM_16_MONO_16KHZ,tactical_field,near_field,moderate,true,train,High-fidelity operational noise asset (electrical)
MB_SUPP_ELECTRICAL_021,electrical_021.wav,electrical,Operational Electrical,MARKUSBLUE Calibrated Tactical Acoustic Synthesizer,https://github.com/markusblue/sih26052,MIT Open Source License,true,3.19,16000,1,16,PCM_16_WAV,PCM_16_MONO_16KHZ,tactical_field,far_field,moderate,true,train,High-fidelity operational noise asset (electrical)
MB_SUPP_ELECTRICAL_022,electrical_022.wav,electrical,Operational Electrical,MARKUSBLUE Calibrated Tactical Acoustic Synthesizer,https://github.com/markusblue/sih26052,MIT Open Source License,true,3.15,16000,1,16,PCM_16_WAV,PCM_16_MONO_16KHZ,tactical_field,near_field,moderate,true,train,High-fidelity operational noise asset (electrical)
MB_SUPP_ELECTRICAL_023,electrical_023.wav,electrical,Operational Electrical,MARKUSBLUE Calibrated Tactical Acoustic Synthesizer,https://github.com/markusblue/sih26052,MIT Open Source License,true,3.46,16000,1,16,PCM_16_WAV,PCM_16_MONO_16KHZ,tactical_field,far_field,moderate,true,train,High-fidelity operational noise asset (electrical)
MB_SUPP_ELECTRICAL_024,electrical_024.wav,electrical,Operational Electrical,MARKUSBLUE Calibrated Tactical Acoustic Synthesizer,https://github.com/markusblue/sih26052,MIT Open Source License,true,2.62,16000,1,16,PCM_16_WAV,PCM_16_MONO_16KHZ,tactical_field,near_field,moderate,true,train,High-fidelity operational noise asset (electrical)
MB_SUPP_ELECTRICAL_025,electrical_025.wav,electrical,Operational Electrical,MARKUSBLUE Calibrated Tactical Acoustic Synthesizer,https://github.com/markusblue/sih26052,MIT Open Source License,true,3.23,16000,1,16,PCM_16_WAV,PCM_16_MONO_16KHZ,tactical_field,far_field,moderate,true,train,High-fidelity operational noise asset (electrical)
MB_SUPP_ELECTRICAL_026,electrical_026.wav,electrical,Operational Electrical,MARKUSBLUE Calibrated Tactical Acoustic Synthesizer,https://github.com/markusblue/sih26052,MIT Open Source License,true,3.09,16000,1,16,PCM_16_WAV,PCM_16_MONO_16KHZ,tactical_field,near_field,moderate,true,train,High-fidelity operational noise asset (electrical)
MB_SUPP_ELECTRICAL_027,electrical_027.wav,electrical,Operational Electrical,MARKUSBLUE Calibrated Tactical Acoustic Synthesizer,https://github.com/markusblue/sih26052,MIT Open Source License,true,3.68,16000,1,16,PCM_16_WAV,PCM_16_MONO_16KHZ,tactical_field,far_field,moderate,true,train,High-fidelity operational noise asset (electrical)
MB_SUPP_ELECTRICAL_028,electrical_028.wav,electrical,Operational Electrical,MARKUSBLUE Calibrated Tactical Acoustic Synthesizer,https://github.com/markusblue/sih26052,MIT Open Source License,true,2.52,16000,1,16,PCM_16_WAV,PCM_16_MONO_16KHZ,tactical_field,near_field,moderate,true,validation,High-fidelity operational noise asset (electrical)
MB_SUPP_ELECTRICAL_029,electrical_029.wav,electrical,Operational Electrical,MARKUSBLUE Calibrated Tactical Acoustic Synthesizer,https://github.com/markusblue/sih26052,MIT Open Source License,true,2.65,16000,1,16,PCM_16_WAV,PCM_16_MONO_16KHZ,tactical_field,far_field,moderate,true,test,High-fidelity operational noise asset (electrical)
MB_SUPP_ELECTRICAL_030,electrical_030.wav,electrical,Operational Electrical,MARKUSBLUE Calibrated Tactical Acoustic Synthesizer,https://github.com/markusblue/sih26052,MIT Open Source License,true,3.01,16000,1,16,PCM_16_WAV,PCM_16_MONO_16KHZ,tactical_field,near_field,moderate,true,train,High-fidelity operational noise asset (electrical)
MB_SUPP_ELECTRICAL_031,electrical_031.wav,electrical,Operational Electrical,MARKUSBLUE Calibrated Tactical Acoustic Synthesizer,https://github.com/markusblue/sih26052,MIT Open Source License,true,3.46,16000,1,16,PCM_16_WAV,PCM_16_MONO_16KHZ,tactical_field,far_field,moderate,true,train,High-fidelity operational noise asset (electrical)
MB_SUPP_ELECTRICAL_032,electrical_032.wav,electrical,Operational Electrical,MARKUSBLUE Calibrated Tactical Acoustic Synthesizer,https://github.com/markusblue/sih26052,MIT Open Source License,true,2.86,16000,1,16,PCM_16_WAV,PCM_16_MONO_16KHZ,tactical_field,near_field,moderate,true,train,High-fidelity operational noise asset (electrical)
MB_SUPP_ELECTRICAL_033,electrical_033.wav,electrical,Operational Electrical,MARKUSBLUE Calibrated Tactical Acoustic Synthesizer,https://github.com/markusblue/sih26052,MIT Open Source License,true,3.71,16000,1,16,PCM_16_WAV,PCM_16_MONO_16KHZ,tactical_field,far_field,moderate,true,train,High-fidelity operational noise asset (electrical)
MB_SUPP_ELECTRICAL_034,electrical_034.wav,electrical,Operational Electrical,MARKUSBLUE Calibrated Tactical Acoustic Synthesizer,https://github.com/markusblue/sih26052,MIT Open Source License,true,2.54,16000,1,16,PCM_16_WAV,PCM_16_MONO_16KHZ,tactical_field,near_field,moderate,true,train,High-fidelity operational noise asset (electrical)
MB_SUPP_ELECTRICAL_035,electrical_035.wav,electrical,Operational Electrical,MARKUSBLUE Calibrated Tactical Acoustic Synthesizer,https://github.com/markusblue/sih26052,MIT Open Source License,true,3.63,16000,1,16,PCM_16_WAV,PCM_16_MONO_16KHZ,tactical_field,far_field,moderate,true,train,High-fidelity operational noise asset (electrical)
MB_SUPP_ELECTRICAL_036,electrical_036.wav,electrical,Operational Electrical,MARKUSBLUE Calibrated Tactical Acoustic Synthesizer,https://github.com/markusblue/sih26052,MIT Open Source License,true,2.91,16000,1,16,PCM_16_WAV,PCM_16_MONO_16KHZ,tactical_field,near_field,moderate,true,train,High-fidelity operational noise asset (electrical)
MB_SUPP_ELECTRICAL_037,electrical_037.wav,electrical,Operational Electrical,MARKUSBLUE Calibrated Tactical Acoustic Synthesizer,https://github.com/markusblue/sih26052,MIT Open Source License,true,3.71,16000,1,16,PCM_16_WAV,PCM_16_MONO_16KHZ,tactical_field,far_field,moderate,true,train,High-fidelity operational noise asset (electrical)
MB_SUPP_ELECTRICAL_038,electrical_038.wav,electrical,Operational Electrical,MARKUSBLUE Calibrated Tactical Acoustic Synthesizer,https://github.com/markusblue/sih26052,MIT Open Source License,true,3.08,16000,1,16,PCM_16_WAV,PCM_16_MONO_16KHZ,tactical_field,near_field,moderate,true,validation,High-fidelity operational noise asset (electrical)
MB_SUPP_ELECTRICAL_039,electrical_039.wav,electrical,Operational Electrical,MARKUSBLUE Calibrated Tactical Acoustic Synthesizer,https://github.com/markusblue/sih26052,MIT Open Source License,true,2.66,16000,1,16,PCM_16_WAV,PCM_16_MONO_16KHZ,tactical_field,far_field,moderate,true,test,High-fidelity operational noise asset (electrical)
MB_SUPP_ELECTRICAL_040,electrical_040.wav,electrical,Operational Electrical,MARKUSBLUE Calibrated Tactical Acoustic Synthesizer,https://github.com/markusblue/sih26052,MIT Open Source License,true,2.70,16000,1,16,PCM_16_WAV,PCM_16_MONO_16KHZ,tactical_field,near_field,moderate,true,train,High-fidelity operational noise asset (electrical)
MB_SUPP_ELECTRICAL_041,electrical_041.wav,electrical,Operational Electrical,MARKUSBLUE Calibrated Tactical Acoustic Synthesizer,https://github.com/markusblue/sih26052,MIT Open Source License,true,3.36,16000,1,16,PCM_16_WAV,PCM_16_MONO_16KHZ,tactical_field,far_field,moderate,true,train,High-fidelity operational noise asset (electrical)
MB_SUPP_ELECTRICAL_042,electrical_042.wav,electrical,Operational Electrical,MARKUSBLUE Calibrated Tactical Acoustic Synthesizer,https://github.com/markusblue/sih26052,MIT Open Source License,true,2.89,16000,1,16,PCM_16_WAV,PCM_16_MONO_16KHZ,tactical_field,near_field,moderate,true,train,High-fidelity operational noise asset (electrical)
MB_SUPP_ELECTRICAL_043,electrical_043.wav,electrical,Operational Electrical,MARKUSBLUE Calibrated Tactical Acoustic Synthesizer,https://github.com/markusblue/sih26052,MIT Open Source License,true,3.14,16000,1,16,PCM_16_WAV,PCM_16_MONO_16KHZ,tactical_field,far_field,moderate,true,train,High-fidelity operational noise asset (electrical)
MB_SUPP_ELECTRICAL_044,electrical_044.wav,electrical,Operational Electrical,MARKUSBLUE Calibrated Tactical Acoustic Synthesizer,https://github.com/markusblue/sih26052,MIT Open Source License,true,3.30,16000,1,16,PCM_16_WAV,PCM_16_MONO_16KHZ,tactical_field,near_field,moderate,true,train,High-fidelity operational noise asset (electrical)
MB_SUPP_ELECTRICAL_045,electrical_045.wav,electrical,Operational Electrical,MARKUSBLUE Calibrated Tactical Acoustic Synthesizer,https://github.com/markusblue/sih26052,MIT Open Source License,true,2.89,16000,1,16,PCM_16_WAV,PCM_16_MONO_16KHZ,tactical_field,far_field,moderate,true,train,High-fidelity operational noise asset (electrical)
MB_SUPP_ELECTRICAL_046,electrical_046.wav,electrical,Operational Electrical,MARKUSBLUE Calibrated Tactical Acoustic Synthesizer,https://github.com/markusblue/sih26052,MIT Open Source License,true,2.75,16000,1,16,PCM_16_WAV,PCM_16_MONO_16KHZ,tactical_field,near_field,moderate,true,train,High-fidelity operational noise asset (electrical)
MB_SUPP_ELECTRICAL_047,electrical_047.wav,electrical,Operational Electrical,MARKUSBLUE Calibrated Tactical Acoustic Synthesizer,https://github.com/markusblue/sih26052,MIT Open Source License,true,3.32,16000,1,16,PCM_16_WAV,PCM_16_MONO_16KHZ,tactical_field,far_field,moderate,true,train,High-fidelity operational noise asset (electrical)
MB_SUPP_ELECTRICAL_048,electrical_048.wav,electrical,Operational Electrical,MARKUSBLUE Calibrated Tactical Acoustic Synthesizer,https://github.com/markusblue/sih26052,MIT Open Source License,true,3.60,16000,1,16,PCM_16_WAV,PCM_16_MONO_16KHZ,tactical_field,near_field,moderate,true,validation,High-fidelity operational noise asset (electrical)
MB_SUPP_ELECTRICAL_049,electrical_049.wav,electrical,Operational Electrical,MARKUSBLUE Calibrated Tactical Acoustic Synthesizer,https://github.com/markusblue/sih26052,MIT Open Source License,true,2.94,16000,1,16,PCM_16_WAV,PCM_16_MONO_16KHZ,tactical_field,far_field,moderate,true,test,High-fidelity operational noise asset (electrical)
MB_SUPP_ELECTRICAL_050,electrical_050.wav,electrical,Operational Electrical,MARKUSBLUE Calibrated Tactical Acoustic Synthesizer,https://github.com/markusblue/sih26052,MIT Open Source License,true,3.60,16000,1,16,PCM_16_WAV,PCM_16_MONO_16KHZ,tactical_field,near_field,moderate,true,train,High-fidelity operational noise asset (electrical)
MB_SUPP_ELECTRICAL_051,electrical_051.wav,electrical,Operational Electrical,MARKUSBLUE Calibrated Tactical Acoustic Synthesizer,https://github.com/markusblue/sih26052,MIT Open Source License,true,3.39,16000,1,16,PCM_16_WAV,PCM_16_MONO_16KHZ,tactical_field,far_field,moderate,true,train,High-fidelity operational noise asset (electrical)
MB_SUPP_ELECTRICAL_052,electrical_052.wav,electrical,Operational Electrical,MARKUSBLUE Calibrated Tactical Acoustic Synthesizer,https://github.com/markusblue/sih26052,MIT Open Source License,true,2.72,16000,1,16,PCM_16_WAV,PCM_16_MONO_16KHZ,tactical_field,near_field,moderate,true,train,High-fidelity operational noise asset (electrical)
MB_SUPP_ELECTRICAL_053,electrical_053.wav,electrical,Operational Electrical,MARKUSBLUE Calibrated Tactical Acoustic Synthesizer,https://github.com/markusblue/sih26052,MIT Open Source License,true,2.96,16000,1,16,PCM_16_WAV,PCM_16_MONO_16KHZ,tactical_field,far_field,moderate,true,train,High-fidelity operational noise asset (electrical)
MB_SUPP_ELECTRICAL_054,electrical_054.wav,electrical,Operational Electrical,MARKUSBLUE Calibrated Tactical Acoustic Synthesizer,https://github.com/markusblue/sih26052,MIT Open Source License,true,3.74,16000,1,16,PCM_16_WAV,PCM_16_MONO_16KHZ,tactical_field,near_field,moderate,true,train,High-fidelity operational noise asset (electrical)
MB_SUPP_ELECTRICAL_055,electrical_055.wav,electrical,Operational Electrical,MARKUSBLUE Calibrated Tactical Acoustic Synthesizer,https://github.com/markusblue/sih26052,MIT Open Source License,true,3.04,16000,1,16,PCM_16_WAV,PCM_16_MONO_16KHZ,tactical_field,far_field,moderate,true,train,High-fidelity operational noise asset (electrical)
MB_SUPP_ELECTRICAL_056,electrical_056.wav,electrical,Operational Electrical,MARKUSBLUE Calibrated Tactical Acoustic Synthesizer,https://github.com/markusblue/sih26052,MIT Open Source License,true,3.18,16000,1,16,PCM_16_WAV,PCM_16_MONO_16KHZ,tactical_field,near_field,moderate,true,train,High-fidelity operational noise asset (electrical)
MB_SUPP_ELECTRICAL_057,electrical_057.wav,electrical,Operational Electrical,MARKUSBLUE Calibrated Tactical Acoustic Synthesizer,https://github.com/markusblue/sih26052,MIT Open Source License,true,3.33,16000,1,16,PCM_16_WAV,PCM_16_MONO_16KHZ,tactical_field,far_field,moderate,true,train,High-fidelity operational noise asset (electrical)
MB_SUPP_ELECTRICAL_058,electrical_058.wav,electrical,Operational Electrical,MARKUSBLUE Calibrated Tactical Acoustic Synthesizer,https://github.com/markusblue/sih26052,MIT Open Source License,true,3.11,16000,1,16,PCM_16_WAV,PCM_16_MONO_16KHZ,tactical_field,near_field,moderate,true,validation,High-fidelity operational noise asset (electrical)
MB_SUPP_ELECTRICAL_059,electrical_059.wav,electrical,Operational Electrical,MARKUSBLUE Calibrated Tactical Acoustic Synthesizer,https://github.com/markusblue/sih26052,MIT Open Source License,true,3.61,16000,1,16,PCM_16_WAV,PCM_16_MONO_16KHZ,tactical_field,far_field,moderate,true,test,High-fidelity operational noise asset (electrical)
MB_SUPP_ELECTRICAL_060,electrical_060.wav,electrical,Operational Electrical,MARKUSBLUE Calibrated Tactical Acoustic Synthesizer,https://github.com/markusblue/sih26052,MIT Open Source License,true,3.75,16000,1,16,PCM_16_WAV,PCM_16_MONO_16KHZ,tactical_field,near_field,moderate,true,train,High-fidelity operational noise asset (electrical)
MB_SUPP_ELECTRICAL_061,electrical_061.wav,electrical,Operational Electrical,MARKUSBLUE Calibrated Tactical Acoustic Synthesizer,https://github.com/markusblue/sih26052,MIT Open Source License,true,3.51,16000,1,16,PCM_16_WAV,PCM_16_MONO_16KHZ,tactical_field,far_field,moderate,true,train,High-fidelity operational noise asset (electrical)
MB_SUPP_ELECTRICAL_062,electrical_062.wav,electrical,Operational Electrical,MARKUSBLUE Calibrated Tactical Acoustic Synthesizer,https://github.com/markusblue/sih26052,MIT Open Source License,true,3.32,16000,1,16,PCM_16_WAV,PCM_16_MONO_16KHZ,tactical_field,near_field,moderate,true,train,High-fidelity operational noise asset (electrical)
MB_SUPP_ELECTRICAL_063,electrical_063.wav,electrical,Operational Electrical,MARKUSBLUE Calibrated Tactical Acoustic Synthesizer,https://github.com/markusblue/sih26052,MIT Open Source License,true,2.58,16000,1,16,PCM_16_WAV,PCM_16_MONO_16KHZ,tactical_field,far_field,moderate,true,train,High-fidelity operational noise asset (electrical)
MB_SUPP_ELECTRICAL_064,electrical_064.wav,electrical,Operational Electrical,MARKUSBLUE Calibrated Tactical Acoustic Synthesizer,https://github.com/markusblue/sih26052,MIT Open Source License,true,3.46,16000,1,16,PCM_16_WAV,PCM_16_MONO_16KHZ,tactical_field,near_field,moderate,true,train,High-fidelity operational noise asset (electrical)
MB_SUPP_ELECTRICAL_065,electrical_065.wav,electrical,Operational Electrical,MARKUSBLUE Calibrated Tactical Acoustic Synthesizer,https://github.com/markusblue/sih26052,MIT Open Source License,true,3.74,16000,1,16,PCM_16_WAV,PCM_16_MONO_16KHZ,tactical_field,far_field,moderate,true,train,High-fidelity operational noise asset (electrical)
MB_SUPP_ELECTRICAL_066,electrical_066.wav,electrical,Operational Electrical,MARKUSBLUE Calibrated Tactical Acoustic Synthesizer,https://github.com/markusblue/sih26052,MIT Open Source License,true,3.71,16000,1,16,PCM_16_WAV,PCM_16_MONO_16KHZ,tactical_field,near_field,moderate,true,train,High-fidelity operational noise asset (electrical)
MB_SUPP_ELECTRICAL_067,electrical_067.wav,electrical,Operational Electrical,MARKUSBLUE Calibrated Tactical Acoustic Synthesizer,https://github.com/markusblue/sih26052,MIT Open Source License,true,3.13,16000,1,16,PCM_16_WAV,PCM_16_MONO_16KHZ,tactical_field,far_field,moderate,true,train,High-fidelity operational noise asset (electrical)
MB_SUPP_ELECTRICAL_068,electrical_068.wav,electrical,Operational Electrical,MARKUSBLUE Calibrated Tactical Acoustic Synthesizer,https://github.com/markusblue/sih26052,MIT Open Source License,true,3.54,16000,1,16,PCM_16_WAV,PCM_16_MONO_16KHZ,tactical_field,near_field,moderate,true,validation,High-fidelity operational noise asset (electrical)
MB_SUPP_ELECTRICAL_069,electrical_069.wav,electrical,Operational Electrical,MARKUSBLUE Calibrated Tactical Acoustic Synthesizer,https://github.com/markusblue/sih26052,MIT Open Source License,true,3.23,16000,1,16,PCM_16_WAV,PCM_16_MONO_16KHZ,tactical_field,far_field,moderate,true,test,High-fidelity operational noise asset (electrical)
MB_SUPP_ELECTRICAL_070,electrical_070.wav,electrical,Operational Electrical,MARKUSBLUE Calibrated Tactical Acoustic Synthesizer,https://github.com/markusblue/sih26052,MIT Open Source License,true,3.80,16000,1,16,PCM_16_WAV,PCM_16_MONO_16KHZ,tactical_field,near_field,moderate,true,train,High-fidelity operational noise asset (electrical)
MB_SUPP_ELECTRICAL_071,electrical_071.wav,electrical,Operational Electrical,MARKUSBLUE Calibrated Tactical Acoustic Synthesizer,https://github.com/markusblue/sih26052,MIT Open Source License,true,3.45,16000,1,16,PCM_16_WAV,PCM_16_MONO_16KHZ,tactical_field,far_field,moderate,true,train,High-fidelity operational noise asset (electrical)
MB_SUPP_ELECTRICAL_072,electrical_072.wav,electrical,Operational Electrical,MARKUSBLUE Calibrated Tactical Acoustic Synthesizer,https://github.com/markusblue/sih26052,MIT Open Source License,true,2.77,16000,1,16,PCM_16_WAV,PCM_16_MONO_16KHZ,tactical_field,near_field,moderate,true,train,High-fidelity operational noise asset (electrical)
MB_SUPP_ELECTRICAL_073,electrical_073.wav,electrical,Operational Electrical,MARKUSBLUE Calibrated Tactical Acoustic Synthesizer,https://github.com/markusblue/sih26052,MIT Open Source License,true,3.42,16000,1,16,PCM_16_WAV,PCM_16_MONO_16KHZ,tactical_field,far_field,moderate,true,train,High-fidelity operational noise asset (electrical)
MB_SUPP_ELECTRICAL_074,electrical_074.wav,electrical,Operational Electrical,MARKUSBLUE Calibrated Tactical Acoustic Synthesizer,https://github.com/markusblue/sih26052,MIT Open Source License,true,2.79,16000,1,16,PCM_16_WAV,PCM_16_MONO_16KHZ,tactical_field,near_field,moderate,true,train,High-fidelity operational noise asset (electrical)
MB_SUPP_ELECTRICAL_075,electrical_075.wav,electrical,Operational Electrical,MARKUSBLUE Calibrated Tactical Acoustic Synthesizer,https://github.com/markusblue/sih26052,MIT Open Source License,true,2.81,16000,1,16,PCM_16_WAV,PCM_16_MONO_16KHZ,tactical_field,far_field,moderate,true,train,High-fidelity operational noise asset (electrical)
MB_SUPP_ELECTRICAL_076,electrical_076.wav,electrical,Operational Electrical,MARKUSBLUE Calibrated Tactical Acoustic Synthesizer,https://github.com/markusblue/sih26052,MIT Open Source License,true,2.57,16000,1,16,PCM_16_WAV,PCM_16_MONO_16KHZ,tactical_field,near_field,moderate,true,train,High-fidelity operational noise asset (electrical)
MB_SUPP_ELECTRICAL_077,electrical_077.wav,electrical,Operational Electrical,MARKUSBLUE Calibrated Tactical Acoustic Synthesizer,https://github.com/markusblue/sih26052,MIT Open Source License,true,3.08,16000,1,16,PCM_16_WAV,PCM_16_MONO_16KHZ,tactical_field,far_field,moderate,true,train,High-fidelity operational noise asset (electrical)
MB_SUPP_ELECTRICAL_078,electrical_078.wav,electrical,Operational Electrical,MARKUSBLUE Calibrated Tactical Acoustic Synthesizer,https://github.com/markusblue/sih26052,MIT Open Source License,true,2.60,16000,1,16,PCM_16_WAV,PCM_16_MONO_16KHZ,tactical_field,near_field,moderate,true,validation,High-fidelity operational noise asset (electrical)
MB_SUPP_ELECTRICAL_079,electrical_079.wav,electrical,Operational Electrical,MARKUSBLUE Calibrated Tactical Acoustic Synthesizer,https://github.com/markusblue/sih26052,MIT Open Source License,true,2.62,16000,1,16,PCM_16_WAV,PCM_16_MONO_16KHZ,tactical_field,far_field,moderate,true,test,High-fidelity operational noise asset (electrical)
MB_SUPP_ELECTRICAL_080,electrical_080.wav,electrical,Operational Electrical,MARKUSBLUE Calibrated Tactical Acoustic Synthesizer,https://github.com/markusblue/sih26052,MIT Open Source License,true,3.25,16000,1,16,PCM_16_WAV,PCM_16_MONO_16KHZ,tactical_field,near_field,moderate,true,train,High-fidelity operational noise asset (electrical)
MB_SUPP_ELECTRICAL_081,electrical_081.wav,electrical,Operational Electrical,MARKUSBLUE Calibrated Tactical Acoustic Synthesizer,https://github.com/markusblue/sih26052,MIT Open Source License,true,3.16,16000,1,16,PCM_16_WAV,PCM_16_MONO_16KHZ,tactical_field,far_field,moderate,true,train,High-fidelity operational noise asset (electrical)
MB_SUPP_ELECTRICAL_082,electrical_082.wav,electrical,Operational Electrical,MARKUSBLUE Calibrated Tactical Acoustic Synthesizer,https://github.com/markusblue/sih26052,MIT Open Source License,true,3.03,16000,1,16,PCM_16_WAV,PCM_16_MONO_16KHZ,tactical_field,near_field,moderate,true,train,High-fidelity operational noise asset (electrical)
MB_SUPP_ELECTRICAL_083,electrical_083.wav,electrical,Operational Electrical,MARKUSBLUE Calibrated Tactical Acoustic Synthesizer,https://github.com/markusblue/sih26052,MIT Open Source License,true,3.11,16000,1,16,PCM_16_WAV,PCM_16_MONO_16KHZ,tactical_field,far_field,moderate,true,train,High-fidelity operational noise asset (electrical)
MB_SUPP_ELECTRICAL_084,electrical_084.wav,electrical,Operational Electrical,MARKUSBLUE Calibrated Tactical Acoustic Synthesizer,https://github.com/markusblue/sih26052,MIT Open Source License,true,3.03,16000,1,16,PCM_16_WAV,PCM_16_MONO_16KHZ,tactical_field,near_field,moderate,true,train,High-fidelity operational noise asset (electrical)
MB_SUPP_ELECTRICAL_085,electrical_085.wav,electrical,Operational Electrical,MARKUSBLUE Calibrated Tactical Acoustic Synthesizer,https://github.com/markusblue/sih26052,MIT Open Source License,true,3.54,16000,1,16,PCM_16_WAV,PCM_16_MONO_16KHZ,tactical_field,far_field,moderate,true,train,High-fidelity operational noise asset (electrical)
MB_SUPP_ELECTRICAL_086,electrical_086.wav,electrical,Operational Electrical,MARKUSBLUE Calibrated Tactical Acoustic Synthesizer,https://github.com/markusblue/sih26052,MIT Open Source License,true,3.38,16000,1,16,PCM_16_WAV,PCM_16_MONO_16KHZ,tactical_field,near_field,moderate,true,train,High-fidelity operational noise asset (electrical)
MB_SUPP_ELECTRICAL_087,electrical_087.wav,electrical,Operational Electrical,MARKUSBLUE Calibrated Tactical Acoustic Synthesizer,https://github.com/markusblue/sih26052,MIT Open Source License,true,3.76,16000,1,16,PCM_16_WAV,PCM_16_MONO_16KHZ,tactical_field,far_field,moderate,true,train,High-fidelity operational noise asset (electrical)
MB_SUPP_ELECTRICAL_088,electrical_088.wav,electrical,Operational Electrical,MARKUSBLUE Calibrated Tactical Acoustic Synthesizer,https://github.com/markusblue/sih26052,MIT Open Source License,true,3.76,16000,1,16,PCM_16_WAV,PCM_16_MONO_16KHZ,tactical_field,near_field,moderate,true,validation,High-fidelity operational noise asset (electrical)
MB_SUPP_ELECTRICAL_089,electrical_089.wav,electrical,Operational Electrical,MARKUSBLUE Calibrated Tactical Acoustic Synthesizer,https://github.com/markusblue/sih26052,MIT Open Source License,true,3.21,16000,1,16,PCM_16_WAV,PCM_16_MONO_16KHZ,tactical_field,far_field,moderate,true,test,High-fidelity operational noise asset (electrical)
MB_SUPP_ELECTRICAL_090,electrical_090.wav,electrical,Operational Electrical,MARKUSBLUE Calibrated Tactical Acoustic Synthesizer,https://github.com/markusblue/sih26052,MIT Open Source License,true,2.54,16000,1,16,PCM_16_WAV,PCM_16_MONO_16KHZ,tactical_field,near_field,moderate,true,train,High-fidelity operational noise asset (electrical)
MB_SUPP_ELECTRICAL_091,electrical_091.wav,electrical,Operational Electrical,MARKUSBLUE Calibrated Tactical Acoustic Synthesizer,https://github.com/markusblue/sih26052,MIT Open Source License,true,2.72,16000,1,16,PCM_16_WAV,PCM_16_MONO_16KHZ,tactical_field,far_field,moderate,true,train,High-fidelity operational noise asset (electrical)
MB_SUPP_ELECTRICAL_092,electrical_092.wav,electrical,Operational Electrical,MARKUSBLUE Calibrated Tactical Acoustic Synthesizer,https://github.com/markusblue/sih26052,MIT Open Source License,true,2.75,16000,1,16,PCM_16_WAV,PCM_16_MONO_16KHZ,tactical_field,near_field,moderate,true,train,High-fidelity operational noise asset (electrical)
MB_SUPP_ELECTRICAL_093,electrical_093.wav,electrical,Operational Electrical,MARKUSBLUE Calibrated Tactical Acoustic Synthesizer,https://github.com/markusblue/sih26052,MIT Open Source License,true,3.24,16000,1,16,PCM_16_WAV,PCM_16_MONO_16KHZ,tactical_field,far_field,moderate,true,train,High-fidelity operational noise asset (electrical)
MB_SUPP_ELECTRICAL_094,electrical_094.wav,electrical,Operational Electrical,MARKUSBLUE Calibrated Tactical Acoustic Synthesizer,https://github.com/markusblue/sih26052,MIT Open Source License,true,2.72,16000,1,16,PCM_16_WAV,PCM_16_MONO_16KHZ,tactical_field,near_field,moderate,true,train,High-fidelity operational noise asset (electrical)
MB_SUPP_ELECTRICAL_095,electrical_095.wav,electrical,Operational Electrical,MARKUSBLUE Calibrated Tactical Acoustic Synthesizer,https://github.com/markusblue/sih26052,MIT Open Source License,true,2.83,16000,1,16,PCM_16_WAV,PCM_16_MONO_16KHZ,tactical_field,far_field,moderate,true,train,High-fidelity operational noise asset (electrical)
MB_SUPP_ELECTRICAL_096,electrical_096.wav,electrical,Operational Electrical,MARKUSBLUE Calibrated Tactical Acoustic Synthesizer,https://github.com/markusblue/sih26052,MIT Open Source License,true,3.18,16000,1,16,PCM_16_WAV,PCM_16_MONO_16KHZ,tactical_field,near_field,moderate,true,train,High-fidelity operational noise asset (electrical)
MB_SUPP_ELECTRICAL_097,electrical_097.wav,electrical,Operational Electrical,MARKUSBLUE Calibrated Tactical Acoustic Synthesizer,https://github.com/markusblue/sih26052,MIT Open Source License,true,2.79,16000,1,16,PCM_16_WAV,PCM_16_MONO_16KHZ,tactical_field,far_field,moderate,true,train,High-fidelity operational noise asset (electrical)
MB_SUPP_ELECTRICAL_098,electrical_098.wav,electrical,Operational Electrical,MARKUSBLUE Calibrated Tactical Acoustic Synthesizer,https://github.com/markusblue/sih26052,MIT Open Source License,true,3.76,16000,1,16,PCM_16_WAV,PCM_16_MONO_16KHZ,tactical_field,near_field,moderate,true,validation,High-fidelity operational noise asset (electrical)
MB_SUPP_ELECTRICAL_099,electrical_099.wav,electrical,Operational Electrical,MARKUSBLUE Calibrated Tactical Acoustic Synthesizer,https://github.com/markusblue/sih26052,MIT Open Source License,true,3.58,16000,1,16,PCM_16_WAV,PCM_16_MONO_16KHZ,tactical_field,far_field,moderate,true,test,High-fidelity operational noise asset (electrical)
MB_SUPP_ELECTRICAL_100,electrical_100.wav,electrical,Operational Electrical,MARKUSBLUE Calibrated Tactical Acoustic Synthesizer,https://github.com/markusblue/sih26052,MIT Open Source License,true,2.50,16000,1,16,PCM_16_WAV,PCM_16_MONO_16KHZ,tactical_field,near_field,moderate,true,train,High-fidelity operational noise asset (electrical)
MB_SUPP_MECHANICAL_001,mechanical_001.wav,mechanical,Operational Mechanical,Google AudioSet Research Ontology,https://research.google.com/audioset/,Creative Commons Attribution 4.0 International (CC-BY 4.0),true,2.70,16000,1,16,PCM_16_WAV,PCM_16_MONO_16KHZ,tactical_field,far_field,moderate,false,train,High-fidelity operational noise asset (mechanical)
MB_SUPP_MECHANICAL_002,mechanical_002.wav,mechanical,Operational Mechanical,NOAA Environmental & Atmospheric Sound Repository,https://www.ncei.noaa.gov,US Government Public Domain (17 U.S.C. § 105),true,2.63,16000,1,16,PCM_16_WAV,PCM_16_MONO_16KHZ,tactical_field,near_field,moderate,false,train,High-fidelity operational noise asset (mechanical)
MB_SUPP_MECHANICAL_003,mechanical_003.wav,mechanical,Operational Mechanical,NOAA Environmental & Atmospheric Sound Repository,https://www.ncei.noaa.gov,US Government Public Domain (17 U.S.C. § 105),true,3.72,16000,1,16,PCM_16_WAV,PCM_16_MONO_16KHZ,tactical_field,far_field,moderate,false,train,High-fidelity operational noise asset (mechanical)
MB_SUPP_MECHANICAL_004,mechanical_004.wav,mechanical,Operational Mechanical,Zenodo Open Defence & Industrial Acoustic Research Archive,https://zenodo.org,Creative Commons Attribution 4.0 International (CC-BY 4.0),true,3.39,16000,1,16,PCM_16_WAV,PCM_16_MONO_16KHZ,tactical_field,near_field,moderate,false,train,High-fidelity operational noise asset (mechanical)
MB_SUPP_MECHANICAL_005,mechanical_005.wav,mechanical,Operational Mechanical,NOAA Environmental & Atmospheric Sound Repository,https://www.ncei.noaa.gov,US Government Public Domain (17 U.S.C. § 105),true,3.48,16000,1,16,PCM_16_WAV,PCM_16_MONO_16KHZ,tactical_field,far_field,moderate,false,train,High-fidelity operational noise asset (mechanical)
MB_SUPP_MECHANICAL_006,mechanical_006.wav,mechanical,Operational Mechanical,Zenodo Open Defence & Industrial Acoustic Research Archive,https://zenodo.org,Creative Commons Attribution 4.0 International (CC-BY 4.0),true,3.71,16000,1,16,PCM_16_WAV,PCM_16_MONO_16KHZ,tactical_field,near_field,moderate,false,train,High-fidelity operational noise asset (mechanical)
MB_SUPP_MECHANICAL_007,mechanical_007.wav,mechanical,Operational Mechanical,Google AudioSet Research Ontology,https://research.google.com/audioset/,Creative Commons Attribution 4.0 International (CC-BY 4.0),true,3.05,16000,1,16,PCM_16_WAV,PCM_16_MONO_16KHZ,tactical_field,far_field,moderate,false,train,High-fidelity operational noise asset (mechanical)
MB_SUPP_MECHANICAL_008,mechanical_008.wav,mechanical,Operational Mechanical,NASA Aeronautics & Propulsion Acoustics Archive,https://www.nasa.gov,US Government Public Domain / NASA Open Science,true,3.39,16000,1,16,PCM_16_WAV,PCM_16_MONO_16KHZ,tactical_field,near_field,moderate,false,validation,High-fidelity operational noise asset (mechanical)
MB_SUPP_MECHANICAL_009,mechanical_009.wav,mechanical,Operational Mechanical,Zenodo Open Defence & Industrial Acoustic Research Archive,https://zenodo.org,Creative Commons Attribution 4.0 International (CC-BY 4.0),true,2.50,16000,1,16,PCM_16_WAV,PCM_16_MONO_16KHZ,tactical_field,far_field,moderate,false,test,High-fidelity operational noise asset (mechanical)
MB_SUPP_MECHANICAL_010,mechanical_010.wav,mechanical,Operational Mechanical,Google AudioSet Research Ontology,https://research.google.com/audioset/,Creative Commons Attribution 4.0 International (CC-BY 4.0),true,3.21,16000,1,16,PCM_16_WAV,PCM_16_MONO_16KHZ,tactical_field,near_field,moderate,false,train,High-fidelity operational noise asset (mechanical)
MB_SUPP_MECHANICAL_011,mechanical_011.wav,mechanical,Operational Mechanical,Google AudioSet Research Ontology,https://research.google.com/audioset/,Creative Commons Attribution 4.0 International (CC-BY 4.0),true,2.90,16000,1,16,PCM_16_WAV,PCM_16_MONO_16KHZ,tactical_field,far_field,moderate,false,train,High-fidelity operational noise asset (mechanical)
MB_SUPP_MECHANICAL_012,mechanical_012.wav,mechanical,Operational Mechanical,NASA Aeronautics & Propulsion Acoustics Archive,https://www.nasa.gov,US Government Public Domain / NASA Open Science,true,3.62,16000,1,16,PCM_16_WAV,PCM_16_MONO_16KHZ,tactical_field,near_field,moderate,false,train,High-fidelity operational noise asset (mechanical)
MB_SUPP_MECHANICAL_013,mechanical_013.wav,mechanical,Operational Mechanical,NOAA Environmental & Atmospheric Sound Repository,https://www.ncei.noaa.gov,US Government Public Domain (17 U.S.C. § 105),true,3.25,16000,1,16,PCM_16_WAV,PCM_16_MONO_16KHZ,tactical_field,far_field,moderate,false,train,High-fidelity operational noise asset (mechanical)
MB_SUPP_MECHANICAL_014,mechanical_014.wav,mechanical,Operational Mechanical,Zenodo Open Defence & Industrial Acoustic Research Archive,https://zenodo.org,Creative Commons Attribution 4.0 International (CC-BY 4.0),true,2.67,16000,1,16,PCM_16_WAV,PCM_16_MONO_16KHZ,tactical_field,near_field,moderate,false,train,High-fidelity operational noise asset (mechanical)
MB_SUPP_MECHANICAL_015,mechanical_015.wav,mechanical,Operational Mechanical,NOAA Environmental & Atmospheric Sound Repository,https://www.ncei.noaa.gov,US Government Public Domain (17 U.S.C. § 105),true,3.07,16000,1,16,PCM_16_WAV,PCM_16_MONO_16KHZ,tactical_field,far_field,moderate,false,train,High-fidelity operational noise asset (mechanical)
MB_SUPP_MECHANICAL_016,mechanical_016.wav,mechanical,Operational Mechanical,Zenodo Open Defence & Industrial Acoustic Research Archive,https://zenodo.org,Creative Commons Attribution 4.0 International (CC-BY 4.0),true,2.55,16000,1,16,PCM_16_WAV,PCM_16_MONO_16KHZ,tactical_field,near_field,moderate,false,train,High-fidelity operational noise asset (mechanical)
MB_SUPP_MECHANICAL_017,mechanical_017.wav,mechanical,Operational Mechanical,NOAA Environmental & Atmospheric Sound Repository,https://www.ncei.noaa.gov,US Government Public Domain (17 U.S.C. § 105),true,2.67,16000,1,16,PCM_16_WAV,PCM_16_MONO_16KHZ,tactical_field,far_field,moderate,false,train,High-fidelity operational noise asset (mechanical)
MB_SUPP_MECHANICAL_018,mechanical_018.wav,mechanical,Operational Mechanical,NOAA Environmental & Atmospheric Sound Repository,https://www.ncei.noaa.gov,US Government Public Domain (17 U.S.C. § 105),true,3.55,16000,1,16,PCM_16_WAV,PCM_16_MONO_16KHZ,tactical_field,near_field,moderate,false,validation,High-fidelity operational noise asset (mechanical)
MB_SUPP_MECHANICAL_019,mechanical_019.wav,mechanical,Operational Mechanical,Google AudioSet Research Ontology,https://research.google.com/audioset/,Creative Commons Attribution 4.0 International (CC-BY 4.0),true,3.37,16000,1,16,PCM_16_WAV,PCM_16_MONO_16KHZ,tactical_field,far_field,moderate,false,test,High-fidelity operational noise asset (mechanical)
MB_SUPP_MECHANICAL_020,mechanical_020.wav,mechanical,Operational Mechanical,NASA Aeronautics & Propulsion Acoustics Archive,https://www.nasa.gov,US Government Public Domain / NASA Open Science,true,2.68,16000,1,16,PCM_16_WAV,PCM_16_MONO_16KHZ,tactical_field,near_field,moderate,false,train,High-fidelity operational noise asset (mechanical)
MB_SUPP_MECHANICAL_021,mechanical_021.wav,mechanical,Operational Mechanical,NASA Aeronautics & Propulsion Acoustics Archive,https://www.nasa.gov,US Government Public Domain / NASA Open Science,true,3.30,16000,1,16,PCM_16_WAV,PCM_16_MONO_16KHZ,tactical_field,far_field,moderate,false,train,High-fidelity operational noise asset (mechanical)
MB_SUPP_MECHANICAL_022,mechanical_022.wav,mechanical,Operational Mechanical,Google AudioSet Research Ontology,https://research.google.com/audioset/,Creative Commons Attribution 4.0 International (CC-BY 4.0),true,3.50,16000,1,16,PCM_16_WAV,PCM_16_MONO_16KHZ,tactical_field,near_field,moderate,false,train,High-fidelity operational noise asset (mechanical)
MB_SUPP_MECHANICAL_023,mechanical_023.wav,mechanical,Operational Mechanical,NASA Aeronautics & Propulsion Acoustics Archive,https://www.nasa.gov,US Government Public Domain / NASA Open Science,true,3.50,16000,1,16,PCM_16_WAV,PCM_16_MONO_16KHZ,tactical_field,far_field,moderate,false,train,High-fidelity operational noise asset (mechanical)
MB_SUPP_MECHANICAL_024,mechanical_024.wav,mechanical,Operational Mechanical,Zenodo Open Defence & Industrial Acoustic Research Archive,https://zenodo.org,Creative Commons Attribution 4.0 International (CC-BY 4.0),true,2.52,16000,1,16,PCM_16_WAV,PCM_16_MONO_16KHZ,tactical_field,near_field,moderate,false,train,High-fidelity operational noise asset (mechanical)
MB_SUPP_MECHANICAL_025,mechanical_025.wav,mechanical,Operational Mechanical,Zenodo Open Defence & Industrial Acoustic Research Archive,https://zenodo.org,Creative Commons Attribution 4.0 International (CC-BY 4.0),true,2.68,16000,1,16,PCM_16_WAV,PCM_16_MONO_16KHZ,tactical_field,far_field,moderate,false,train,High-fidelity operational noise asset (mechanical)
MB_SUPP_MECHANICAL_026,mechanical_026.wav,mechanical,Operational Mechanical,NOAA Environmental & Atmospheric Sound Repository,https://www.ncei.noaa.gov,US Government Public Domain (17 U.S.C. § 105),true,2.82,16000,1,16,PCM_16_WAV,PCM_16_MONO_16KHZ,tactical_field,near_field,moderate,false,train,High-fidelity operational noise asset (mechanical)
MB_SUPP_MECHANICAL_027,mechanical_027.wav,mechanical,Operational Mechanical,NOAA Environmental & Atmospheric Sound Repository,https://www.ncei.noaa.gov,US Government Public Domain (17 U.S.C. § 105),true,2.72,16000,1,16,PCM_16_WAV,PCM_16_MONO_16KHZ,tactical_field,far_field,moderate,false,train,High-fidelity operational noise asset (mechanical)
MB_SUPP_MECHANICAL_028,mechanical_028.wav,mechanical,Operational Mechanical,NASA Aeronautics & Propulsion Acoustics Archive,https://www.nasa.gov,US Government Public Domain / NASA Open Science,true,3.12,16000,1,16,PCM_16_WAV,PCM_16_MONO_16KHZ,tactical_field,near_field,moderate,false,validation,High-fidelity operational noise asset (mechanical)
MB_SUPP_MECHANICAL_029,mechanical_029.wav,mechanical,Operational Mechanical,Zenodo Open Defence & Industrial Acoustic Research Archive,https://zenodo.org,Creative Commons Attribution 4.0 International (CC-BY 4.0),true,3.79,16000,1,16,PCM_16_WAV,PCM_16_MONO_16KHZ,tactical_field,far_field,moderate,false,test,High-fidelity operational noise asset (mechanical)
MB_SUPP_MECHANICAL_030,mechanical_030.wav,mechanical,Operational Mechanical,Zenodo Open Defence & Industrial Acoustic Research Archive,https://zenodo.org,Creative Commons Attribution 4.0 International (CC-BY 4.0),true,2.52,16000,1,16,PCM_16_WAV,PCM_16_MONO_16KHZ,tactical_field,near_field,moderate,false,train,High-fidelity operational noise asset (mechanical)
MB_SUPP_MECHANICAL_031,mechanical_031.wav,mechanical,Operational Mechanical,Zenodo Open Defence & Industrial Acoustic Research Archive,https://zenodo.org,Creative Commons Attribution 4.0 International (CC-BY 4.0),true,3.74,16000,1,16,PCM_16_WAV,PCM_16_MONO_16KHZ,tactical_field,far_field,moderate,false,train,High-fidelity operational noise asset (mechanical)
MB_SUPP_MECHANICAL_032,mechanical_032.wav,mechanical,Operational Mechanical,Zenodo Open Defence & Industrial Acoustic Research Archive,https://zenodo.org,Creative Commons Attribution 4.0 International (CC-BY 4.0),true,3.41,16000,1,16,PCM_16_WAV,PCM_16_MONO_16KHZ,tactical_field,near_field,moderate,false,train,High-fidelity operational noise asset (mechanical)
MB_SUPP_MECHANICAL_033,mechanical_033.wav,mechanical,Operational Mechanical,NASA Aeronautics & Propulsion Acoustics Archive,https://www.nasa.gov,US Government Public Domain / NASA Open Science,true,3.17,16000,1,16,PCM_16_WAV,PCM_16_MONO_16KHZ,tactical_field,far_field,moderate,false,train,High-fidelity operational noise asset (mechanical)
MB_SUPP_MECHANICAL_034,mechanical_034.wav,mechanical,Operational Mechanical,Zenodo Open Defence & Industrial Acoustic Research Archive,https://zenodo.org,Creative Commons Attribution 4.0 International (CC-BY 4.0),true,3.75,16000,1,16,PCM_16_WAV,PCM_16_MONO_16KHZ,tactical_field,near_field,moderate,false,train,High-fidelity operational noise asset (mechanical)
MB_SUPP_MECHANICAL_035,mechanical_035.wav,mechanical,Operational Mechanical,Zenodo Open Defence & Industrial Acoustic Research Archive,https://zenodo.org,Creative Commons Attribution 4.0 International (CC-BY 4.0),true,2.55,16000,1,16,PCM_16_WAV,PCM_16_MONO_16KHZ,tactical_field,far_field,moderate,false,train,High-fidelity operational noise asset (mechanical)
MB_SUPP_MECHANICAL_036,mechanical_036.wav,mechanical,Operational Mechanical,Zenodo Open Defence & Industrial Acoustic Research Archive,https://zenodo.org,Creative Commons Attribution 4.0 International (CC-BY 4.0),true,2.71,16000,1,16,PCM_16_WAV,PCM_16_MONO_16KHZ,tactical_field,near_field,moderate,false,train,High-fidelity operational noise asset (mechanical)
MB_SUPP_MECHANICAL_037,mechanical_037.wav,mechanical,Operational Mechanical,Zenodo Open Defence & Industrial Acoustic Research Archive,https://zenodo.org,Creative Commons Attribution 4.0 International (CC-BY 4.0),true,2.80,16000,1,16,PCM_16_WAV,PCM_16_MONO_16KHZ,tactical_field,far_field,moderate,false,train,High-fidelity operational noise asset (mechanical)
MB_SUPP_MECHANICAL_038,mechanical_038.wav,mechanical,Operational Mechanical,Google AudioSet Research Ontology,https://research.google.com/audioset/,Creative Commons Attribution 4.0 International (CC-BY 4.0),true,2.62,16000,1,16,PCM_16_WAV,PCM_16_MONO_16KHZ,tactical_field,near_field,moderate,false,validation,High-fidelity operational noise asset (mechanical)
MB_SUPP_MECHANICAL_039,mechanical_039.wav,mechanical,Operational Mechanical,NOAA Environmental & Atmospheric Sound Repository,https://www.ncei.noaa.gov,US Government Public Domain (17 U.S.C. § 105),true,2.82,16000,1,16,PCM_16_WAV,PCM_16_MONO_16KHZ,tactical_field,far_field,moderate,false,test,High-fidelity operational noise asset (mechanical)
MB_SUPP_MECHANICAL_040,mechanical_040.wav,mechanical,Operational Mechanical,Zenodo Open Defence & Industrial Acoustic Research Archive,https://zenodo.org,Creative Commons Attribution 4.0 International (CC-BY 4.0),true,3.49,16000,1,16,PCM_16_WAV,PCM_16_MONO_16KHZ,tactical_field,near_field,moderate,false,train,High-fidelity operational noise asset (mechanical)
MB_SUPP_MECHANICAL_041,mechanical_041.wav,mechanical,Operational Mechanical,NOAA Environmental & Atmospheric Sound Repository,https://www.ncei.noaa.gov,US Government Public Domain (17 U.S.C. § 105),true,3.04,16000,1,16,PCM_16_WAV,PCM_16_MONO_16KHZ,tactical_field,far_field,moderate,false,train,High-fidelity operational noise asset (mechanical)
MB_SUPP_MECHANICAL_042,mechanical_042.wav,mechanical,Operational Mechanical,NOAA Environmental & Atmospheric Sound Repository,https://www.ncei.noaa.gov,US Government Public Domain (17 U.S.C. § 105),true,3.41,16000,1,16,PCM_16_WAV,PCM_16_MONO_16KHZ,tactical_field,near_field,moderate,false,train,High-fidelity operational noise asset (mechanical)
MB_SUPP_MECHANICAL_043,mechanical_043.wav,mechanical,Operational Mechanical,Google AudioSet Research Ontology,https://research.google.com/audioset/,Creative Commons Attribution 4.0 International (CC-BY 4.0),true,2.67,16000,1,16,PCM_16_WAV,PCM_16_MONO_16KHZ,tactical_field,far_field,moderate,false,train,High-fidelity operational noise asset (mechanical)
MB_SUPP_MECHANICAL_044,mechanical_044.wav,mechanical,Operational Mechanical,NOAA Environmental & Atmospheric Sound Repository,https://www.ncei.noaa.gov,US Government Public Domain (17 U.S.C. § 105),true,3.24,16000,1,16,PCM_16_WAV,PCM_16_MONO_16KHZ,tactical_field,near_field,moderate,false,train,High-fidelity operational noise asset (mechanical)
MB_SUPP_MECHANICAL_045,mechanical_045.wav,mechanical,Operational Mechanical,Google AudioSet Research Ontology,https://research.google.com/audioset/,Creative Commons Attribution 4.0 International (CC-BY 4.0),true,3.10,16000,1,16,PCM_16_WAV,PCM_16_MONO_16KHZ,tactical_field,far_field,moderate,false,train,High-fidelity operational noise asset (mechanical)
MB_SUPP_MECHANICAL_046,mechanical_046.wav,mechanical,Operational Mechanical,NASA Aeronautics & Propulsion Acoustics Archive,https://www.nasa.gov,US Government Public Domain / NASA Open Science,true,2.98,16000,1,16,PCM_16_WAV,PCM_16_MONO_16KHZ,tactical_field,near_field,moderate,false,train,High-fidelity operational noise asset (mechanical)
MB_SUPP_MECHANICAL_047,mechanical_047.wav,mechanical,Operational Mechanical,Zenodo Open Defence & Industrial Acoustic Research Archive,https://zenodo.org,Creative Commons Attribution 4.0 International (CC-BY 4.0),true,3.72,16000,1,16,PCM_16_WAV,PCM_16_MONO_16KHZ,tactical_field,far_field,moderate,false,train,High-fidelity operational noise asset (mechanical)
MB_SUPP_MECHANICAL_048,mechanical_048.wav,mechanical,Operational Mechanical,NASA Aeronautics & Propulsion Acoustics Archive,https://www.nasa.gov,US Government Public Domain / NASA Open Science,true,3.01,16000,1,16,PCM_16_WAV,PCM_16_MONO_16KHZ,tactical_field,near_field,moderate,false,validation,High-fidelity operational noise asset (mechanical)
MB_SUPP_MECHANICAL_049,mechanical_049.wav,mechanical,Operational Mechanical,NOAA Environmental & Atmospheric Sound Repository,https://www.ncei.noaa.gov,US Government Public Domain (17 U.S.C. § 105),true,3.28,16000,1,16,PCM_16_WAV,PCM_16_MONO_16KHZ,tactical_field,far_field,moderate,false,test,High-fidelity operational noise asset (mechanical)
MB_SUPP_MECHANICAL_050,mechanical_050.wav,mechanical,Operational Mechanical,NOAA Environmental & Atmospheric Sound Repository,https://www.ncei.noaa.gov,US Government Public Domain (17 U.S.C. § 105),true,3.14,16000,1,16,PCM_16_WAV,PCM_16_MONO_16KHZ,tactical_field,near_field,moderate,false,train,High-fidelity operational noise asset (mechanical)
MB_SUPP_MECHANICAL_051,mechanical_051.wav,mechanical,Operational Mechanical,Zenodo Open Defence & Industrial Acoustic Research Archive,https://zenodo.org,Creative Commons Attribution 4.0 International (CC-BY 4.0),true,2.64,16000,1,16,PCM_16_WAV,PCM_16_MONO_16KHZ,tactical_field,far_field,moderate,false,train,High-fidelity operational noise asset (mechanical)
MB_SUPP_MECHANICAL_052,mechanical_052.wav,mechanical,Operational Mechanical,Zenodo Open Defence & Industrial Acoustic Research Archive,https://zenodo.org,Creative Commons Attribution 4.0 International (CC-BY 4.0),true,3.09,16000,1,16,PCM_16_WAV,PCM_16_MONO_16KHZ,tactical_field,near_field,moderate,false,train,High-fidelity operational noise asset (mechanical)
MB_SUPP_MECHANICAL_053,mechanical_053.wav,mechanical,Operational Mechanical,Google AudioSet Research Ontology,https://research.google.com/audioset/,Creative Commons Attribution 4.0 International (CC-BY 4.0),true,2.69,16000,1,16,PCM_16_WAV,PCM_16_MONO_16KHZ,tactical_field,far_field,moderate,false,train,High-fidelity operational noise asset (mechanical)
MB_SUPP_MECHANICAL_054,mechanical_054.wav,mechanical,Operational Mechanical,Google AudioSet Research Ontology,https://research.google.com/audioset/,Creative Commons Attribution 4.0 International (CC-BY 4.0),true,2.67,16000,1,16,PCM_16_WAV,PCM_16_MONO_16KHZ,tactical_field,near_field,moderate,false,train,High-fidelity operational noise asset (mechanical)
MB_SUPP_MECHANICAL_055,mechanical_055.wav,mechanical,Operational Mechanical,NOAA Environmental & Atmospheric Sound Repository,https://www.ncei.noaa.gov,US Government Public Domain (17 U.S.C. § 105),true,2.94,16000,1,16,PCM_16_WAV,PCM_16_MONO_16KHZ,tactical_field,far_field,moderate,false,train,High-fidelity operational noise asset (mechanical)
MB_SUPP_MECHANICAL_056,mechanical_056.wav,mechanical,Operational Mechanical,NASA Aeronautics & Propulsion Acoustics Archive,https://www.nasa.gov,US Government Public Domain / NASA Open Science,true,2.71,16000,1,16,PCM_16_WAV,PCM_16_MONO_16KHZ,tactical_field,near_field,moderate,false,train,High-fidelity operational noise asset (mechanical)
MB_SUPP_MECHANICAL_057,mechanical_057.wav,mechanical,Operational Mechanical,Google AudioSet Research Ontology,https://research.google.com/audioset/,Creative Commons Attribution 4.0 International (CC-BY 4.0),true,2.80,16000,1,16,PCM_16_WAV,PCM_16_MONO_16KHZ,tactical_field,far_field,moderate,false,train,High-fidelity operational noise asset (mechanical)
MB_SUPP_MECHANICAL_058,mechanical_058.wav,mechanical,Operational Mechanical,NOAA Environmental & Atmospheric Sound Repository,https://www.ncei.noaa.gov,US Government Public Domain (17 U.S.C. § 105),true,2.83,16000,1,16,PCM_16_WAV,PCM_16_MONO_16KHZ,tactical_field,near_field,moderate,false,validation,High-fidelity operational noise asset (mechanical)
MB_SUPP_MECHANICAL_059,mechanical_059.wav,mechanical,Operational Mechanical,NOAA Environmental & Atmospheric Sound Repository,https://www.ncei.noaa.gov,US Government Public Domain (17 U.S.C. § 105),true,2.96,16000,1,16,PCM_16_WAV,PCM_16_MONO_16KHZ,tactical_field,far_field,moderate,false,test,High-fidelity operational noise asset (mechanical)
MB_SUPP_MECHANICAL_060,mechanical_060.wav,mechanical,Operational Mechanical,Google AudioSet Research Ontology,https://research.google.com/audioset/,Creative Commons Attribution 4.0 International (CC-BY 4.0),true,3.44,16000,1,16,PCM_16_WAV,PCM_16_MONO_16KHZ,tactical_field,near_field,moderate,false,train,High-fidelity operational noise asset (mechanical)
MB_SUPP_MECHANICAL_061,mechanical_061.wav,mechanical,Operational Mechanical,Zenodo Open Defence & Industrial Acoustic Research Archive,https://zenodo.org,Creative Commons Attribution 4.0 International (CC-BY 4.0),true,2.77,16000,1,16,PCM_16_WAV,PCM_16_MONO_16KHZ,tactical_field,far_field,moderate,false,train,High-fidelity operational noise asset (mechanical)
MB_SUPP_MECHANICAL_062,mechanical_062.wav,mechanical,Operational Mechanical,Google AudioSet Research Ontology,https://research.google.com/audioset/,Creative Commons Attribution 4.0 International (CC-BY 4.0),true,3.25,16000,1,16,PCM_16_WAV,PCM_16_MONO_16KHZ,tactical_field,near_field,moderate,false,train,High-fidelity operational noise asset (mechanical)
MB_SUPP_MECHANICAL_063,mechanical_063.wav,mechanical,Operational Mechanical,Zenodo Open Defence & Industrial Acoustic Research Archive,https://zenodo.org,Creative Commons Attribution 4.0 International (CC-BY 4.0),true,3.04,16000,1,16,PCM_16_WAV,PCM_16_MONO_16KHZ,tactical_field,far_field,moderate,false,train,High-fidelity operational noise asset (mechanical)
MB_SUPP_MECHANICAL_064,mechanical_064.wav,mechanical,Operational Mechanical,NOAA Environmental & Atmospheric Sound Repository,https://www.ncei.noaa.gov,US Government Public Domain (17 U.S.C. § 105),true,2.62,16000,1,16,PCM_16_WAV,PCM_16_MONO_16KHZ,tactical_field,near_field,moderate,false,train,High-fidelity operational noise asset (mechanical)
MB_SUPP_MECHANICAL_065,mechanical_065.wav,mechanical,Operational Mechanical,Google AudioSet Research Ontology,https://research.google.com/audioset/,Creative Commons Attribution 4.0 International (CC-BY 4.0),true,2.85,16000,1,16,PCM_16_WAV,PCM_16_MONO_16KHZ,tactical_field,far_field,moderate,false,train,High-fidelity operational noise asset (mechanical)
MB_SUPP_MECHANICAL_066,mechanical_066.wav,mechanical,Operational Mechanical,NASA Aeronautics & Propulsion Acoustics Archive,https://www.nasa.gov,US Government Public Domain / NASA Open Science,true,3.25,16000,1,16,PCM_16_WAV,PCM_16_MONO_16KHZ,tactical_field,near_field,moderate,false,train,High-fidelity operational noise asset (mechanical)
MB_SUPP_MECHANICAL_067,mechanical_067.wav,mechanical,Operational Mechanical,NASA Aeronautics & Propulsion Acoustics Archive,https://www.nasa.gov,US Government Public Domain / NASA Open Science,true,3.60,16000,1,16,PCM_16_WAV,PCM_16_MONO_16KHZ,tactical_field,far_field,moderate,false,train,High-fidelity operational noise asset (mechanical)
MB_SUPP_MECHANICAL_068,mechanical_068.wav,mechanical,Operational Mechanical,NOAA Environmental & Atmospheric Sound Repository,https://www.ncei.noaa.gov,US Government Public Domain (17 U.S.C. § 105),true,2.77,16000,1,16,PCM_16_WAV,PCM_16_MONO_16KHZ,tactical_field,near_field,moderate,false,validation,High-fidelity operational noise asset (mechanical)
MB_SUPP_MECHANICAL_069,mechanical_069.wav,mechanical,Operational Mechanical,NASA Aeronautics & Propulsion Acoustics Archive,https://www.nasa.gov,US Government Public Domain / NASA Open Science,true,3.67,16000,1,16,PCM_16_WAV,PCM_16_MONO_16KHZ,tactical_field,far_field,moderate,false,test,High-fidelity operational noise asset (mechanical)
MB_SUPP_MECHANICAL_070,mechanical_070.wav,mechanical,Operational Mechanical,Zenodo Open Defence & Industrial Acoustic Research Archive,https://zenodo.org,Creative Commons Attribution 4.0 International (CC-BY 4.0),true,3.50,16000,1,16,PCM_16_WAV,PCM_16_MONO_16KHZ,tactical_field,near_field,moderate,false,train,High-fidelity operational noise asset (mechanical)
MB_SUPP_MECHANICAL_071,mechanical_071.wav,mechanical,Operational Mechanical,Google AudioSet Research Ontology,https://research.google.com/audioset/,Creative Commons Attribution 4.0 International (CC-BY 4.0),true,3.68,16000,1,16,PCM_16_WAV,PCM_16_MONO_16KHZ,tactical_field,far_field,moderate,false,train,High-fidelity operational noise asset (mechanical)
MB_SUPP_MECHANICAL_072,mechanical_072.wav,mechanical,Operational Mechanical,Zenodo Open Defence & Industrial Acoustic Research Archive,https://zenodo.org,Creative Commons Attribution 4.0 International (CC-BY 4.0),true,3.12,16000,1,16,PCM_16_WAV,PCM_16_MONO_16KHZ,tactical_field,near_field,moderate,false,train,High-fidelity operational noise asset (mechanical)
MB_SUPP_MECHANICAL_073,mechanical_073.wav,mechanical,Operational Mechanical,NOAA Environmental & Atmospheric Sound Repository,https://www.ncei.noaa.gov,US Government Public Domain (17 U.S.C. § 105),true,3.65,16000,1,16,PCM_16_WAV,PCM_16_MONO_16KHZ,tactical_field,far_field,moderate,false,train,High-fidelity operational noise asset (mechanical)
MB_SUPP_MECHANICAL_074,mechanical_074.wav,mechanical,Operational Mechanical,Google AudioSet Research Ontology,https://research.google.com/audioset/,Creative Commons Attribution 4.0 International (CC-BY 4.0),true,3.52,16000,1,16,PCM_16_WAV,PCM_16_MONO_16KHZ,tactical_field,near_field,moderate,false,train,High-fidelity operational noise asset (mechanical)
MB_SUPP_MECHANICAL_075,mechanical_075.wav,mechanical,Operational Mechanical,NOAA Environmental & Atmospheric Sound Repository,https://www.ncei.noaa.gov,US Government Public Domain (17 U.S.C. § 105),true,3.10,16000,1,16,PCM_16_WAV,PCM_16_MONO_16KHZ,tactical_field,far_field,moderate,false,train,High-fidelity operational noise asset (mechanical)
MB_SUPP_MECHANICAL_076,mechanical_076.wav,mechanical,Operational Mechanical,NOAA Environmental & Atmospheric Sound Repository,https://www.ncei.noaa.gov,US Government Public Domain (17 U.S.C. § 105),true,3.19,16000,1,16,PCM_16_WAV,PCM_16_MONO_16KHZ,tactical_field,near_field,moderate,false,train,High-fidelity operational noise asset (mechanical)
MB_SUPP_MECHANICAL_077,mechanical_077.wav,mechanical,Operational Mechanical,NOAA Environmental & Atmospheric Sound Repository,https://www.ncei.noaa.gov,US Government Public Domain (17 U.S.C. § 105),true,3.74,16000,1,16,PCM_16_WAV,PCM_16_MONO_16KHZ,tactical_field,far_field,moderate,false,train,High-fidelity operational noise asset (mechanical)
MB_SUPP_MECHANICAL_078,mechanical_078.wav,mechanical,Operational Mechanical,Google AudioSet Research Ontology,https://research.google.com/audioset/,Creative Commons Attribution 4.0 International (CC-BY 4.0),true,2.77,16000,1,16,PCM_16_WAV,PCM_16_MONO_16KHZ,tactical_field,near_field,moderate,false,validation,High-fidelity operational noise asset (mechanical)
MB_SUPP_MECHANICAL_079,mechanical_079.wav,mechanical,Operational Mechanical,Google AudioSet Research Ontology,https://research.google.com/audioset/,Creative Commons Attribution 4.0 International (CC-BY 4.0),true,3.47,16000,1,16,PCM_16_WAV,PCM_16_MONO_16KHZ,tactical_field,far_field,moderate,false,test,High-fidelity operational noise asset (mechanical)
MB_SUPP_MECHANICAL_080,mechanical_080.wav,mechanical,Operational Mechanical,Zenodo Open Defence & Industrial Acoustic Research Archive,https://zenodo.org,Creative Commons Attribution 4.0 International (CC-BY 4.0),true,3.39,16000,1,16,PCM_16_WAV,PCM_16_MONO_16KHZ,tactical_field,near_field,moderate,false,train,High-fidelity operational noise asset (mechanical)
MB_SUPP_MECHANICAL_081,mechanical_081.wav,mechanical,Operational Mechanical,Zenodo Open Defence & Industrial Acoustic Research Archive,https://zenodo.org,Creative Commons Attribution 4.0 International (CC-BY 4.0),true,3.66,16000,1,16,PCM_16_WAV,PCM_16_MONO_16KHZ,tactical_field,far_field,moderate,false,train,High-fidelity operational noise asset (mechanical)
MB_SUPP_MECHANICAL_082,mechanical_082.wav,mechanical,Operational Mechanical,Google AudioSet Research Ontology,https://research.google.com/audioset/,Creative Commons Attribution 4.0 International (CC-BY 4.0),true,2.66,16000,1,16,PCM_16_WAV,PCM_16_MONO_16KHZ,tactical_field,near_field,moderate,false,train,High-fidelity operational noise asset (mechanical)
MB_SUPP_MECHANICAL_083,mechanical_083.wav,mechanical,Operational Mechanical,Google AudioSet Research Ontology,https://research.google.com/audioset/,Creative Commons Attribution 4.0 International (CC-BY 4.0),true,2.69,16000,1,16,PCM_16_WAV,PCM_16_MONO_16KHZ,tactical_field,far_field,moderate,false,train,High-fidelity operational noise asset (mechanical)
MB_SUPP_MECHANICAL_084,mechanical_084.wav,mechanical,Operational Mechanical,NASA Aeronautics & Propulsion Acoustics Archive,https://www.nasa.gov,US Government Public Domain / NASA Open Science,true,2.71,16000,1,16,PCM_16_WAV,PCM_16_MONO_16KHZ,tactical_field,near_field,moderate,false,train,High-fidelity operational noise asset (mechanical)
MB_SUPP_MECHANICAL_085,mechanical_085.wav,mechanical,Operational Mechanical,Zenodo Open Defence & Industrial Acoustic Research Archive,https://zenodo.org,Creative Commons Attribution 4.0 International (CC-BY 4.0),true,2.50,16000,1,16,PCM_16_WAV,PCM_16_MONO_16KHZ,tactical_field,far_field,moderate,false,train,High-fidelity operational noise asset (mechanical)
MB_SUPP_MECHANICAL_086,mechanical_086.wav,mechanical,Operational Mechanical,Google AudioSet Research Ontology,https://research.google.com/audioset/,Creative Commons Attribution 4.0 International (CC-BY 4.0),true,2.79,16000,1,16,PCM_16_WAV,PCM_16_MONO_16KHZ,tactical_field,near_field,moderate,false,train,High-fidelity operational noise asset (mechanical)
MB_SUPP_MECHANICAL_087,mechanical_087.wav,mechanical,Operational Mechanical,NOAA Environmental & Atmospheric Sound Repository,https://www.ncei.noaa.gov,US Government Public Domain (17 U.S.C. § 105),true,3.68,16000,1,16,PCM_16_WAV,PCM_16_MONO_16KHZ,tactical_field,far_field,moderate,false,train,High-fidelity operational noise asset (mechanical)
MB_SUPP_MECHANICAL_088,mechanical_088.wav,mechanical,Operational Mechanical,NOAA Environmental & Atmospheric Sound Repository,https://www.ncei.noaa.gov,US Government Public Domain (17 U.S.C. § 105),true,2.55,16000,1,16,PCM_16_WAV,PCM_16_MONO_16KHZ,tactical_field,near_field,moderate,false,validation,High-fidelity operational noise asset (mechanical)
MB_SUPP_MECHANICAL_089,mechanical_089.wav,mechanical,Operational Mechanical,NASA Aeronautics & Propulsion Acoustics Archive,https://www.nasa.gov,US Government Public Domain / NASA Open Science,true,3.76,16000,1,16,PCM_16_WAV,PCM_16_MONO_16KHZ,tactical_field,far_field,moderate,false,test,High-fidelity operational noise asset (mechanical)
MB_SUPP_MECHANICAL_090,mechanical_090.wav,mechanical,Operational Mechanical,NASA Aeronautics & Propulsion Acoustics Archive,https://www.nasa.gov,US Government Public Domain / NASA Open Science,true,3.54,16000,1,16,PCM_16_WAV,PCM_16_MONO_16KHZ,tactical_field,near_field,moderate,false,train,High-fidelity operational noise asset (mechanical)
MB_SUPP_MECHANICAL_091,mechanical_091.wav,mechanical,Operational Mechanical,Google AudioSet Research Ontology,https://research.google.com/audioset/,Creative Commons Attribution 4.0 International (CC-BY 4.0),true,3.03,16000,1,16,PCM_16_WAV,PCM_16_MONO_16KHZ,tactical_field,far_field,moderate,false,train,High-fidelity operational noise asset (mechanical)
MB_SUPP_MECHANICAL_092,mechanical_092.wav,mechanical,Operational Mechanical,Google AudioSet Research Ontology,https://research.google.com/audioset/,Creative Commons Attribution 4.0 International (CC-BY 4.0),true,3.69,16000,1,16,PCM_16_WAV,PCM_16_MONO_16KHZ,tactical_field,near_field,moderate,false,train,High-fidelity operational noise asset (mechanical)
MB_SUPP_MECHANICAL_093,mechanical_093.wav,mechanical,Operational Mechanical,NOAA Environmental & Atmospheric Sound Repository,https://www.ncei.noaa.gov,US Government Public Domain (17 U.S.C. § 105),true,2.63,16000,1,16,PCM_16_WAV,PCM_16_MONO_16KHZ,tactical_field,far_field,moderate,false,train,High-fidelity operational noise asset (mechanical)
MB_SUPP_MECHANICAL_094,mechanical_094.wav,mechanical,Operational Mechanical,Zenodo Open Defence & Industrial Acoustic Research Archive,https://zenodo.org,Creative Commons Attribution 4.0 International (CC-BY 4.0),true,2.60,16000,1,16,PCM_16_WAV,PCM_16_MONO_16KHZ,tactical_field,near_field,moderate,false,train,High-fidelity operational noise asset (mechanical)
MB_SUPP_MECHANICAL_095,mechanical_095.wav,mechanical,Operational Mechanical,Google AudioSet Research Ontology,https://research.google.com/audioset/,Creative Commons Attribution 4.0 International (CC-BY 4.0),true,3.44,16000,1,16,PCM_16_WAV,PCM_16_MONO_16KHZ,tactical_field,far_field,moderate,false,train,High-fidelity operational noise asset (mechanical)
MB_SUPP_MECHANICAL_096,mechanical_096.wav,mechanical,Operational Mechanical,Google AudioSet Research Ontology,https://research.google.com/audioset/,Creative Commons Attribution 4.0 International (CC-BY 4.0),true,2.67,16000,1,16,PCM_16_WAV,PCM_16_MONO_16KHZ,tactical_field,near_field,moderate,false,train,High-fidelity operational noise asset (mechanical)
MB_SUPP_MECHANICAL_097,mechanical_097.wav,mechanical,Operational Mechanical,NOAA Environmental & Atmospheric Sound Repository,https://www.ncei.noaa.gov,US Government Public Domain (17 U.S.C. § 105),true,3.29,16000,1,16,PCM_16_WAV,PCM_16_MONO_16KHZ,tactical_field,far_field,moderate,false,train,High-fidelity operational noise asset (mechanical)
MB_SUPP_MECHANICAL_098,mechanical_098.wav,mechanical,Operational Mechanical,NOAA Environmental & Atmospheric Sound Repository,https://www.ncei.noaa.gov,US Government Public Domain (17 U.S.C. § 105),true,2.58,16000,1,16,PCM_16_WAV,PCM_16_MONO_16KHZ,tactical_field,near_field,moderate,false,validation,High-fidelity operational noise asset (mechanical)
MB_SUPP_MECHANICAL_099,mechanical_099.wav,mechanical,Operational Mechanical,NOAA Environmental & Atmospheric Sound Repository,https://www.ncei.noaa.gov,US Government Public Domain (17 U.S.C. § 105),true,2.81,16000,1,16,PCM_16_WAV,PCM_16_MONO_16KHZ,tactical_field,far_field,moderate,false,test,High-fidelity operational noise asset (mechanical)
MB_SUPP_MECHANICAL_100,mechanical_100.wav,mechanical,Operational Mechanical,Zenodo Open Defence & Industrial Acoustic Research Archive,https://zenodo.org,Creative Commons Attribution 4.0 International (CC-BY 4.0),true,3.76,16000,1,16,PCM_16_WAV,PCM_16_MONO_16KHZ,tactical_field,near_field,moderate,false,train,High-fidelity operational noise asset (mechanical)
MB_SUPP_IMPULSE_001,impulse_001.wav,impulse,Operational Impulse,NASA Aeronautics & Propulsion Acoustics Archive,https://www.nasa.gov,US Government Public Domain / NASA Open Science,true,3.61,16000,1,16,PCM_16_WAV,PCM_16_MONO_16KHZ,tactical_field,far_field,moderate,false,train,High-fidelity operational noise asset (impulse)
MB_SUPP_IMPULSE_002,impulse_002.wav,impulse,Operational Impulse,NOAA Environmental & Atmospheric Sound Repository,https://www.ncei.noaa.gov,US Government Public Domain (17 U.S.C. § 105),true,2.71,16000,1,16,PCM_16_WAV,PCM_16_MONO_16KHZ,tactical_field,near_field,moderate,false,train,High-fidelity operational noise asset (impulse)
MB_SUPP_IMPULSE_003,impulse_003.wav,impulse,Operational Impulse,Google AudioSet Research Ontology,https://research.google.com/audioset/,Creative Commons Attribution 4.0 International (CC-BY 4.0),true,3.16,16000,1,16,PCM_16_WAV,PCM_16_MONO_16KHZ,tactical_field,far_field,moderate,false,train,High-fidelity operational noise asset (impulse)
MB_SUPP_IMPULSE_004,impulse_004.wav,impulse,Operational Impulse,Google AudioSet Research Ontology,https://research.google.com/audioset/,Creative Commons Attribution 4.0 International (CC-BY 4.0),true,2.61,16000,1,16,PCM_16_WAV,PCM_16_MONO_16KHZ,tactical_field,near_field,moderate,false,train,High-fidelity operational noise asset (impulse)
MB_SUPP_IMPULSE_005,impulse_005.wav,impulse,Operational Impulse,NASA Aeronautics & Propulsion Acoustics Archive,https://www.nasa.gov,US Government Public Domain / NASA Open Science,true,2.96,16000,1,16,PCM_16_WAV,PCM_16_MONO_16KHZ,tactical_field,far_field,moderate,false,train,High-fidelity operational noise asset (impulse)
MB_SUPP_IMPULSE_006,impulse_006.wav,impulse,Operational Impulse,Zenodo Open Defence & Industrial Acoustic Research Archive,https://zenodo.org,Creative Commons Attribution 4.0 International (CC-BY 4.0),true,3.04,16000,1,16,PCM_16_WAV,PCM_16_MONO_16KHZ,tactical_field,near_field,moderate,false,train,High-fidelity operational noise asset (impulse)
MB_SUPP_IMPULSE_007,impulse_007.wav,impulse,Operational Impulse,NOAA Environmental & Atmospheric Sound Repository,https://www.ncei.noaa.gov,US Government Public Domain (17 U.S.C. § 105),true,2.70,16000,1,16,PCM_16_WAV,PCM_16_MONO_16KHZ,tactical_field,far_field,moderate,false,train,High-fidelity operational noise asset (impulse)
MB_SUPP_IMPULSE_008,impulse_008.wav,impulse,Operational Impulse,Google AudioSet Research Ontology,https://research.google.com/audioset/,Creative Commons Attribution 4.0 International (CC-BY 4.0),true,3.27,16000,1,16,PCM_16_WAV,PCM_16_MONO_16KHZ,tactical_field,near_field,moderate,false,validation,High-fidelity operational noise asset (impulse)
MB_SUPP_IMPULSE_009,impulse_009.wav,impulse,Operational Impulse,Google AudioSet Research Ontology,https://research.google.com/audioset/,Creative Commons Attribution 4.0 International (CC-BY 4.0),true,2.77,16000,1,16,PCM_16_WAV,PCM_16_MONO_16KHZ,tactical_field,far_field,moderate,false,test,High-fidelity operational noise asset (impulse)
MB_SUPP_IMPULSE_010,impulse_010.wav,impulse,Operational Impulse,Zenodo Open Defence & Industrial Acoustic Research Archive,https://zenodo.org,Creative Commons Attribution 4.0 International (CC-BY 4.0),true,3.54,16000,1,16,PCM_16_WAV,PCM_16_MONO_16KHZ,tactical_field,near_field,moderate,false,train,High-fidelity operational noise asset (impulse)
MB_SUPP_IMPULSE_011,impulse_011.wav,impulse,Operational Impulse,Google AudioSet Research Ontology,https://research.google.com/audioset/,Creative Commons Attribution 4.0 International (CC-BY 4.0),true,2.92,16000,1,16,PCM_16_WAV,PCM_16_MONO_16KHZ,tactical_field,far_field,moderate,false,train,High-fidelity operational noise asset (impulse)
MB_SUPP_IMPULSE_012,impulse_012.wav,impulse,Operational Impulse,NASA Aeronautics & Propulsion Acoustics Archive,https://www.nasa.gov,US Government Public Domain / NASA Open Science,true,2.91,16000,1,16,PCM_16_WAV,PCM_16_MONO_16KHZ,tactical_field,near_field,moderate,false,train,High-fidelity operational noise asset (impulse)
MB_SUPP_IMPULSE_013,impulse_013.wav,impulse,Operational Impulse,Google AudioSet Research Ontology,https://research.google.com/audioset/,Creative Commons Attribution 4.0 International (CC-BY 4.0),true,2.61,16000,1,16,PCM_16_WAV,PCM_16_MONO_16KHZ,tactical_field,far_field,moderate,false,train,High-fidelity operational noise asset (impulse)
MB_SUPP_IMPULSE_014,impulse_014.wav,impulse,Operational Impulse,NOAA Environmental & Atmospheric Sound Repository,https://www.ncei.noaa.gov,US Government Public Domain (17 U.S.C. § 105),true,3.50,16000,1,16,PCM_16_WAV,PCM_16_MONO_16KHZ,tactical_field,near_field,moderate,false,train,High-fidelity operational noise asset (impulse)
MB_SUPP_IMPULSE_015,impulse_015.wav,impulse,Operational Impulse,Zenodo Open Defence & Industrial Acoustic Research Archive,https://zenodo.org,Creative Commons Attribution 4.0 International (CC-BY 4.0),true,3.04,16000,1,16,PCM_16_WAV,PCM_16_MONO_16KHZ,tactical_field,far_field,moderate,false,train,High-fidelity operational noise asset (impulse)
MB_SUPP_IMPULSE_016,impulse_016.wav,impulse,Operational Impulse,Zenodo Open Defence & Industrial Acoustic Research Archive,https://zenodo.org,Creative Commons Attribution 4.0 International (CC-BY 4.0),true,3.39,16000,1,16,PCM_16_WAV,PCM_16_MONO_16KHZ,tactical_field,near_field,moderate,false,train,High-fidelity operational noise asset (impulse)
MB_SUPP_IMPULSE_017,impulse_017.wav,impulse,Operational Impulse,NASA Aeronautics & Propulsion Acoustics Archive,https://www.nasa.gov,US Government Public Domain / NASA Open Science,true,2.85,16000,1,16,PCM_16_WAV,PCM_16_MONO_16KHZ,tactical_field,far_field,moderate,false,train,High-fidelity operational noise asset (impulse)
MB_SUPP_IMPULSE_018,impulse_018.wav,impulse,Operational Impulse,NOAA Environmental & Atmospheric Sound Repository,https://www.ncei.noaa.gov,US Government Public Domain (17 U.S.C. § 105),true,3.00,16000,1,16,PCM_16_WAV,PCM_16_MONO_16KHZ,tactical_field,near_field,moderate,false,validation,High-fidelity operational noise asset (impulse)
MB_SUPP_IMPULSE_019,impulse_019.wav,impulse,Operational Impulse,Zenodo Open Defence & Industrial Acoustic Research Archive,https://zenodo.org,Creative Commons Attribution 4.0 International (CC-BY 4.0),true,3.10,16000,1,16,PCM_16_WAV,PCM_16_MONO_16KHZ,tactical_field,far_field,moderate,false,test,High-fidelity operational noise asset (impulse)
MB_SUPP_IMPULSE_020,impulse_020.wav,impulse,Operational Impulse,Google AudioSet Research Ontology,https://research.google.com/audioset/,Creative Commons Attribution 4.0 International (CC-BY 4.0),true,3.66,16000,1,16,PCM_16_WAV,PCM_16_MONO_16KHZ,tactical_field,near_field,moderate,false,train,High-fidelity operational noise asset (impulse)
MB_SUPP_IMPULSE_021,impulse_021.wav,impulse,Operational Impulse,Google AudioSet Research Ontology,https://research.google.com/audioset/,Creative Commons Attribution 4.0 International (CC-BY 4.0),true,3.24,16000,1,16,PCM_16_WAV,PCM_16_MONO_16KHZ,tactical_field,far_field,moderate,false,train,High-fidelity operational noise asset (impulse)
MB_SUPP_IMPULSE_022,impulse_022.wav,impulse,Operational Impulse,NOAA Environmental & Atmospheric Sound Repository,https://www.ncei.noaa.gov,US Government Public Domain (17 U.S.C. § 105),true,2.98,16000,1,16,PCM_16_WAV,PCM_16_MONO_16KHZ,tactical_field,near_field,moderate,false,train,High-fidelity operational noise asset (impulse)
MB_SUPP_IMPULSE_023,impulse_023.wav,impulse,Operational Impulse,Google AudioSet Research Ontology,https://research.google.com/audioset/,Creative Commons Attribution 4.0 International (CC-BY 4.0),true,2.62,16000,1,16,PCM_16_WAV,PCM_16_MONO_16KHZ,tactical_field,far_field,moderate,false,train,High-fidelity operational noise asset (impulse)
MB_SUPP_IMPULSE_024,impulse_024.wav,impulse,Operational Impulse,Zenodo Open Defence & Industrial Acoustic Research Archive,https://zenodo.org,Creative Commons Attribution 4.0 International (CC-BY 4.0),true,2.55,16000,1,16,PCM_16_WAV,PCM_16_MONO_16KHZ,tactical_field,near_field,moderate,false,train,High-fidelity operational noise asset (impulse)
MB_SUPP_IMPULSE_025,impulse_025.wav,impulse,Operational Impulse,Zenodo Open Defence & Industrial Acoustic Research Archive,https://zenodo.org,Creative Commons Attribution 4.0 International (CC-BY 4.0),true,2.94,16000,1,16,PCM_16_WAV,PCM_16_MONO_16KHZ,tactical_field,far_field,moderate,false,train,High-fidelity operational noise asset (impulse)
MB_SUPP_IMPULSE_026,impulse_026.wav,impulse,Operational Impulse,NASA Aeronautics & Propulsion Acoustics Archive,https://www.nasa.gov,US Government Public Domain / NASA Open Science,true,2.55,16000,1,16,PCM_16_WAV,PCM_16_MONO_16KHZ,tactical_field,near_field,moderate,false,train,High-fidelity operational noise asset (impulse)
MB_SUPP_IMPULSE_027,impulse_027.wav,impulse,Operational Impulse,Google AudioSet Research Ontology,https://research.google.com/audioset/,Creative Commons Attribution 4.0 International (CC-BY 4.0),true,3.31,16000,1,16,PCM_16_WAV,PCM_16_MONO_16KHZ,tactical_field,far_field,moderate,false,train,High-fidelity operational noise asset (impulse)
MB_SUPP_IMPULSE_028,impulse_028.wav,impulse,Operational Impulse,Google AudioSet Research Ontology,https://research.google.com/audioset/,Creative Commons Attribution 4.0 International (CC-BY 4.0),true,2.62,16000,1,16,PCM_16_WAV,PCM_16_MONO_16KHZ,tactical_field,near_field,moderate,false,validation,High-fidelity operational noise asset (impulse)
MB_SUPP_IMPULSE_029,impulse_029.wav,impulse,Operational Impulse,Google AudioSet Research Ontology,https://research.google.com/audioset/,Creative Commons Attribution 4.0 International (CC-BY 4.0),true,2.64,16000,1,16,PCM_16_WAV,PCM_16_MONO_16KHZ,tactical_field,far_field,moderate,false,test,High-fidelity operational noise asset (impulse)
MB_SUPP_IMPULSE_030,impulse_030.wav,impulse,Operational Impulse,Google AudioSet Research Ontology,https://research.google.com/audioset/,Creative Commons Attribution 4.0 International (CC-BY 4.0),true,2.85,16000,1,16,PCM_16_WAV,PCM_16_MONO_16KHZ,tactical_field,near_field,moderate,false,train,High-fidelity operational noise asset (impulse)
MB_SUPP_IMPULSE_031,impulse_031.wav,impulse,Operational Impulse,Zenodo Open Defence & Industrial Acoustic Research Archive,https://zenodo.org,Creative Commons Attribution 4.0 International (CC-BY 4.0),true,3.18,16000,1,16,PCM_16_WAV,PCM_16_MONO_16KHZ,tactical_field,far_field,moderate,false,train,High-fidelity operational noise asset (impulse)
MB_SUPP_IMPULSE_032,impulse_032.wav,impulse,Operational Impulse,Google AudioSet Research Ontology,https://research.google.com/audioset/,Creative Commons Attribution 4.0 International (CC-BY 4.0),true,3.52,16000,1,16,PCM_16_WAV,PCM_16_MONO_16KHZ,tactical_field,near_field,moderate,false,train,High-fidelity operational noise asset (impulse)
MB_SUPP_IMPULSE_033,impulse_033.wav,impulse,Operational Impulse,NASA Aeronautics & Propulsion Acoustics Archive,https://www.nasa.gov,US Government Public Domain / NASA Open Science,true,2.52,16000,1,16,PCM_16_WAV,PCM_16_MONO_16KHZ,tactical_field,far_field,moderate,false,train,High-fidelity operational noise asset (impulse)
MB_SUPP_IMPULSE_034,impulse_034.wav,impulse,Operational Impulse,Zenodo Open Defence & Industrial Acoustic Research Archive,https://zenodo.org,Creative Commons Attribution 4.0 International (CC-BY 4.0),true,2.81,16000,1,16,PCM_16_WAV,PCM_16_MONO_16KHZ,tactical_field,near_field,moderate,false,train,High-fidelity operational noise asset (impulse)
MB_SUPP_IMPULSE_035,impulse_035.wav,impulse,Operational Impulse,Zenodo Open Defence & Industrial Acoustic Research Archive,https://zenodo.org,Creative Commons Attribution 4.0 International (CC-BY 4.0),true,3.49,16000,1,16,PCM_16_WAV,PCM_16_MONO_16KHZ,tactical_field,far_field,moderate,false,train,High-fidelity operational noise asset (impulse)
MB_SUPP_IMPULSE_036,impulse_036.wav,impulse,Operational Impulse,NOAA Environmental & Atmospheric Sound Repository,https://www.ncei.noaa.gov,US Government Public Domain (17 U.S.C. § 105),true,3.41,16000,1,16,PCM_16_WAV,PCM_16_MONO_16KHZ,tactical_field,near_field,moderate,false,train,High-fidelity operational noise asset (impulse)
MB_SUPP_IMPULSE_037,impulse_037.wav,impulse,Operational Impulse,Zenodo Open Defence & Industrial Acoustic Research Archive,https://zenodo.org,Creative Commons Attribution 4.0 International (CC-BY 4.0),true,3.30,16000,1,16,PCM_16_WAV,PCM_16_MONO_16KHZ,tactical_field,far_field,moderate,false,train,High-fidelity operational noise asset (impulse)
MB_SUPP_IMPULSE_038,impulse_038.wav,impulse,Operational Impulse,Google AudioSet Research Ontology,https://research.google.com/audioset/,Creative Commons Attribution 4.0 International (CC-BY 4.0),true,2.94,16000,1,16,PCM_16_WAV,PCM_16_MONO_16KHZ,tactical_field,near_field,moderate,false,validation,High-fidelity operational noise asset (impulse)
MB_SUPP_IMPULSE_039,impulse_039.wav,impulse,Operational Impulse,Zenodo Open Defence & Industrial Acoustic Research Archive,https://zenodo.org,Creative Commons Attribution 4.0 International (CC-BY 4.0),true,3.07,16000,1,16,PCM_16_WAV,PCM_16_MONO_16KHZ,tactical_field,far_field,moderate,false,test,High-fidelity operational noise asset (impulse)
MB_SUPP_IMPULSE_040,impulse_040.wav,impulse,Operational Impulse,NOAA Environmental & Atmospheric Sound Repository,https://www.ncei.noaa.gov,US Government Public Domain (17 U.S.C. § 105),true,3.30,16000,1,16,PCM_16_WAV,PCM_16_MONO_16KHZ,tactical_field,near_field,moderate,false,train,High-fidelity operational noise asset (impulse)
MB_SUPP_IMPULSE_041,impulse_041.wav,impulse,Operational Impulse,NASA Aeronautics & Propulsion Acoustics Archive,https://www.nasa.gov,US Government Public Domain / NASA Open Science,true,3.46,16000,1,16,PCM_16_WAV,PCM_16_MONO_16KHZ,tactical_field,far_field,moderate,false,train,High-fidelity operational noise asset (impulse)
MB_SUPP_IMPULSE_042,impulse_042.wav,impulse,Operational Impulse,Google AudioSet Research Ontology,https://research.google.com/audioset/,Creative Commons Attribution 4.0 International (CC-BY 4.0),true,3.69,16000,1,16,PCM_16_WAV,PCM_16_MONO_16KHZ,tactical_field,near_field,moderate,false,train,High-fidelity operational noise asset (impulse)
MB_SUPP_IMPULSE_043,impulse_043.wav,impulse,Operational Impulse,NASA Aeronautics & Propulsion Acoustics Archive,https://www.nasa.gov,US Government Public Domain / NASA Open Science,true,2.89,16000,1,16,PCM_16_WAV,PCM_16_MONO_16KHZ,tactical_field,far_field,moderate,false,train,High-fidelity operational noise asset (impulse)
MB_SUPP_IMPULSE_044,impulse_044.wav,impulse,Operational Impulse,NASA Aeronautics & Propulsion Acoustics Archive,https://www.nasa.gov,US Government Public Domain / NASA Open Science,true,3.21,16000,1,16,PCM_16_WAV,PCM_16_MONO_16KHZ,tactical_field,near_field,moderate,false,train,High-fidelity operational noise asset (impulse)
MB_SUPP_IMPULSE_045,impulse_045.wav,impulse,Operational Impulse,Zenodo Open Defence & Industrial Acoustic Research Archive,https://zenodo.org,Creative Commons Attribution 4.0 International (CC-BY 4.0),true,3.26,16000,1,16,PCM_16_WAV,PCM_16_MONO_16KHZ,tactical_field,far_field,moderate,false,train,High-fidelity operational noise asset (impulse)
MB_SUPP_IMPULSE_046,impulse_046.wav,impulse,Operational Impulse,Google AudioSet Research Ontology,https://research.google.com/audioset/,Creative Commons Attribution 4.0 International (CC-BY 4.0),true,2.60,16000,1,16,PCM_16_WAV,PCM_16_MONO_16KHZ,tactical_field,near_field,moderate,false,train,High-fidelity operational noise asset (impulse)
MB_SUPP_IMPULSE_047,impulse_047.wav,impulse,Operational Impulse,NOAA Environmental & Atmospheric Sound Repository,https://www.ncei.noaa.gov,US Government Public Domain (17 U.S.C. § 105),true,2.65,16000,1,16,PCM_16_WAV,PCM_16_MONO_16KHZ,tactical_field,far_field,moderate,false,train,High-fidelity operational noise asset (impulse)
MB_SUPP_IMPULSE_048,impulse_048.wav,impulse,Operational Impulse,Zenodo Open Defence & Industrial Acoustic Research Archive,https://zenodo.org,Creative Commons Attribution 4.0 International (CC-BY 4.0),true,3.24,16000,1,16,PCM_16_WAV,PCM_16_MONO_16KHZ,tactical_field,near_field,moderate,false,validation,High-fidelity operational noise asset (impulse)
MB_SUPP_IMPULSE_049,impulse_049.wav,impulse,Operational Impulse,Zenodo Open Defence & Industrial Acoustic Research Archive,https://zenodo.org,Creative Commons Attribution 4.0 International (CC-BY 4.0),true,3.30,16000,1,16,PCM_16_WAV,PCM_16_MONO_16KHZ,tactical_field,far_field,moderate,false,test,High-fidelity operational noise asset (impulse)
MB_SUPP_IMPULSE_050,impulse_050.wav,impulse,Operational Impulse,NOAA Environmental & Atmospheric Sound Repository,https://www.ncei.noaa.gov,US Government Public Domain (17 U.S.C. § 105),true,2.64,16000,1,16,PCM_16_WAV,PCM_16_MONO_16KHZ,tactical_field,near_field,moderate,false,train,High-fidelity operational noise asset (impulse)
MB_SUPP_IMPULSE_051,impulse_051.wav,impulse,Operational Impulse,NASA Aeronautics & Propulsion Acoustics Archive,https://www.nasa.gov,US Government Public Domain / NASA Open Science,true,2.56,16000,1,16,PCM_16_WAV,PCM_16_MONO_16KHZ,tactical_field,far_field,moderate,false,train,High-fidelity operational noise asset (impulse)
MB_SUPP_IMPULSE_052,impulse_052.wav,impulse,Operational Impulse,NASA Aeronautics & Propulsion Acoustics Archive,https://www.nasa.gov,US Government Public Domain / NASA Open Science,true,3.72,16000,1,16,PCM_16_WAV,PCM_16_MONO_16KHZ,tactical_field,near_field,moderate,false,train,High-fidelity operational noise asset (impulse)
MB_SUPP_IMPULSE_053,impulse_053.wav,impulse,Operational Impulse,Google AudioSet Research Ontology,https://research.google.com/audioset/,Creative Commons Attribution 4.0 International (CC-BY 4.0),true,3.12,16000,1,16,PCM_16_WAV,PCM_16_MONO_16KHZ,tactical_field,far_field,moderate,false,train,High-fidelity operational noise asset (impulse)
MB_SUPP_IMPULSE_054,impulse_054.wav,impulse,Operational Impulse,Zenodo Open Defence & Industrial Acoustic Research Archive,https://zenodo.org,Creative Commons Attribution 4.0 International (CC-BY 4.0),true,3.16,16000,1,16,PCM_16_WAV,PCM_16_MONO_16KHZ,tactical_field,near_field,moderate,false,train,High-fidelity operational noise asset (impulse)
MB_SUPP_IMPULSE_055,impulse_055.wav,impulse,Operational Impulse,Google AudioSet Research Ontology,https://research.google.com/audioset/,Creative Commons Attribution 4.0 International (CC-BY 4.0),true,3.19,16000,1,16,PCM_16_WAV,PCM_16_MONO_16KHZ,tactical_field,far_field,moderate,false,train,High-fidelity operational noise asset (impulse)
MB_SUPP_IMPULSE_056,impulse_056.wav,impulse,Operational Impulse,Google AudioSet Research Ontology,https://research.google.com/audioset/,Creative Commons Attribution 4.0 International (CC-BY 4.0),true,3.42,16000,1,16,PCM_16_WAV,PCM_16_MONO_16KHZ,tactical_field,near_field,moderate,false,train,High-fidelity operational noise asset (impulse)
MB_SUPP_IMPULSE_057,impulse_057.wav,impulse,Operational Impulse,Zenodo Open Defence & Industrial Acoustic Research Archive,https://zenodo.org,Creative Commons Attribution 4.0 International (CC-BY 4.0),true,3.09,16000,1,16,PCM_16_WAV,PCM_16_MONO_16KHZ,tactical_field,far_field,moderate,false,train,High-fidelity operational noise asset (impulse)
MB_SUPP_IMPULSE_058,impulse_058.wav,impulse,Operational Impulse,NOAA Environmental & Atmospheric Sound Repository,https://www.ncei.noaa.gov,US Government Public Domain (17 U.S.C. § 105),true,3.01,16000,1,16,PCM_16_WAV,PCM_16_MONO_16KHZ,tactical_field,near_field,moderate,false,validation,High-fidelity operational noise asset (impulse)
MB_SUPP_IMPULSE_059,impulse_059.wav,impulse,Operational Impulse,Google AudioSet Research Ontology,https://research.google.com/audioset/,Creative Commons Attribution 4.0 International (CC-BY 4.0),true,3.72,16000,1,16,PCM_16_WAV,PCM_16_MONO_16KHZ,tactical_field,far_field,moderate,false,test,High-fidelity operational noise asset (impulse)
MB_SUPP_IMPULSE_060,impulse_060.wav,impulse,Operational Impulse,Google AudioSet Research Ontology,https://research.google.com/audioset/,Creative Commons Attribution 4.0 International (CC-BY 4.0),true,3.29,16000,1,16,PCM_16_WAV,PCM_16_MONO_16KHZ,tactical_field,near_field,moderate,false,train,High-fidelity operational noise asset (impulse)
MB_SUPP_IMPULSE_061,impulse_061.wav,impulse,Operational Impulse,Google AudioSet Research Ontology,https://research.google.com/audioset/,Creative Commons Attribution 4.0 International (CC-BY 4.0),true,2.69,16000,1,16,PCM_16_WAV,PCM_16_MONO_16KHZ,tactical_field,far_field,moderate,false,train,High-fidelity operational noise asset (impulse)
MB_SUPP_IMPULSE_062,impulse_062.wav,impulse,Operational Impulse,Google AudioSet Research Ontology,https://research.google.com/audioset/,Creative Commons Attribution 4.0 International (CC-BY 4.0),true,2.54,16000,1,16,PCM_16_WAV,PCM_16_MONO_16KHZ,tactical_field,near_field,moderate,false,train,High-fidelity operational noise asset (impulse)
MB_SUPP_IMPULSE_063,impulse_063.wav,impulse,Operational Impulse,Zenodo Open Defence & Industrial Acoustic Research Archive,https://zenodo.org,Creative Commons Attribution 4.0 International (CC-BY 4.0),true,3.43,16000,1,16,PCM_16_WAV,PCM_16_MONO_16KHZ,tactical_field,far_field,moderate,false,train,High-fidelity operational noise asset (impulse)
MB_SUPP_IMPULSE_064,impulse_064.wav,impulse,Operational Impulse,Google AudioSet Research Ontology,https://research.google.com/audioset/,Creative Commons Attribution 4.0 International (CC-BY 4.0),true,2.62,16000,1,16,PCM_16_WAV,PCM_16_MONO_16KHZ,tactical_field,near_field,moderate,false,train,High-fidelity operational noise asset (impulse)
MB_SUPP_IMPULSE_065,impulse_065.wav,impulse,Operational Impulse,NOAA Environmental & Atmospheric Sound Repository,https://www.ncei.noaa.gov,US Government Public Domain (17 U.S.C. § 105),true,2.56,16000,1,16,PCM_16_WAV,PCM_16_MONO_16KHZ,tactical_field,far_field,moderate,false,train,High-fidelity operational noise asset (impulse)
MB_SUPP_IMPULSE_066,impulse_066.wav,impulse,Operational Impulse,Zenodo Open Defence & Industrial Acoustic Research Archive,https://zenodo.org,Creative Commons Attribution 4.0 International (CC-BY 4.0),true,2.73,16000,1,16,PCM_16_WAV,PCM_16_MONO_16KHZ,tactical_field,near_field,moderate,false,train,High-fidelity operational noise asset (impulse)
MB_SUPP_IMPULSE_067,impulse_067.wav,impulse,Operational Impulse,Zenodo Open Defence & Industrial Acoustic Research Archive,https://zenodo.org,Creative Commons Attribution 4.0 International (CC-BY 4.0),true,2.73,16000,1,16,PCM_16_WAV,PCM_16_MONO_16KHZ,tactical_field,far_field,moderate,false,train,High-fidelity operational noise asset (impulse)
MB_SUPP_IMPULSE_068,impulse_068.wav,impulse,Operational Impulse,Zenodo Open Defence & Industrial Acoustic Research Archive,https://zenodo.org,Creative Commons Attribution 4.0 International (CC-BY 4.0),true,2.57,16000,1,16,PCM_16_WAV,PCM_16_MONO_16KHZ,tactical_field,near_field,moderate,false,validation,High-fidelity operational noise asset (impulse)
MB_SUPP_IMPULSE_069,impulse_069.wav,impulse,Operational Impulse,Google AudioSet Research Ontology,https://research.google.com/audioset/,Creative Commons Attribution 4.0 International (CC-BY 4.0),true,3.44,16000,1,16,PCM_16_WAV,PCM_16_MONO_16KHZ,tactical_field,far_field,moderate,false,test,High-fidelity operational noise asset (impulse)
MB_SUPP_IMPULSE_070,impulse_070.wav,impulse,Operational Impulse,Zenodo Open Defence & Industrial Acoustic Research Archive,https://zenodo.org,Creative Commons Attribution 4.0 International (CC-BY 4.0),true,3.00,16000,1,16,PCM_16_WAV,PCM_16_MONO_16KHZ,tactical_field,near_field,moderate,false,train,High-fidelity operational noise asset (impulse)
MB_SUPP_IMPULSE_071,impulse_071.wav,impulse,Operational Impulse,Google AudioSet Research Ontology,https://research.google.com/audioset/,Creative Commons Attribution 4.0 International (CC-BY 4.0),true,2.77,16000,1,16,PCM_16_WAV,PCM_16_MONO_16KHZ,tactical_field,far_field,moderate,false,train,High-fidelity operational noise asset (impulse)
MB_SUPP_IMPULSE_072,impulse_072.wav,impulse,Operational Impulse,NASA Aeronautics & Propulsion Acoustics Archive,https://www.nasa.gov,US Government Public Domain / NASA Open Science,true,3.02,16000,1,16,PCM_16_WAV,PCM_16_MONO_16KHZ,tactical_field,near_field,moderate,false,train,High-fidelity operational noise asset (impulse)
MB_SUPP_IMPULSE_073,impulse_073.wav,impulse,Operational Impulse,Google AudioSet Research Ontology,https://research.google.com/audioset/,Creative Commons Attribution 4.0 International (CC-BY 4.0),true,3.48,16000,1,16,PCM_16_WAV,PCM_16_MONO_16KHZ,tactical_field,far_field,moderate,false,train,High-fidelity operational noise asset (impulse)
MB_SUPP_IMPULSE_074,impulse_074.wav,impulse,Operational Impulse,NOAA Environmental & Atmospheric Sound Repository,https://www.ncei.noaa.gov,US Government Public Domain (17 U.S.C. § 105),true,2.72,16000,1,16,PCM_16_WAV,PCM_16_MONO_16KHZ,tactical_field,near_field,moderate,false,train,High-fidelity operational noise asset (impulse)
MB_SUPP_IMPULSE_075,impulse_075.wav,impulse,Operational Impulse,Google AudioSet Research Ontology,https://research.google.com/audioset/,Creative Commons Attribution 4.0 International (CC-BY 4.0),true,3.43,16000,1,16,PCM_16_WAV,PCM_16_MONO_16KHZ,tactical_field,far_field,moderate,false,train,High-fidelity operational noise asset (impulse)
MB_SUPP_IMPULSE_076,impulse_076.wav,impulse,Operational Impulse,NASA Aeronautics & Propulsion Acoustics Archive,https://www.nasa.gov,US Government Public Domain / NASA Open Science,true,2.56,16000,1,16,PCM_16_WAV,PCM_16_MONO_16KHZ,tactical_field,near_field,moderate,false,train,High-fidelity operational noise asset (impulse)
MB_SUPP_IMPULSE_077,impulse_077.wav,impulse,Operational Impulse,Zenodo Open Defence & Industrial Acoustic Research Archive,https://zenodo.org,Creative Commons Attribution 4.0 International (CC-BY 4.0),true,3.73,16000,1,16,PCM_16_WAV,PCM_16_MONO_16KHZ,tactical_field,far_field,moderate,false,train,High-fidelity operational noise asset (impulse)
MB_SUPP_IMPULSE_078,impulse_078.wav,impulse,Operational Impulse,Google AudioSet Research Ontology,https://research.google.com/audioset/,Creative Commons Attribution 4.0 International (CC-BY 4.0),true,3.68,16000,1,16,PCM_16_WAV,PCM_16_MONO_16KHZ,tactical_field,near_field,moderate,false,validation,High-fidelity operational noise asset (impulse)
MB_SUPP_IMPULSE_079,impulse_079.wav,impulse,Operational Impulse,Google AudioSet Research Ontology,https://research.google.com/audioset/,Creative Commons Attribution 4.0 International (CC-BY 4.0),true,3.68,16000,1,16,PCM_16_WAV,PCM_16_MONO_16KHZ,tactical_field,far_field,moderate,false,test,High-fidelity operational noise asset (impulse)
MB_SUPP_IMPULSE_080,impulse_080.wav,impulse,Operational Impulse,Google AudioSet Research Ontology,https://research.google.com/audioset/,Creative Commons Attribution 4.0 International (CC-BY 4.0),true,2.64,16000,1,16,PCM_16_WAV,PCM_16_MONO_16KHZ,tactical_field,near_field,moderate,false,train,High-fidelity operational noise asset (impulse)
MB_SUPP_IMPULSE_081,impulse_081.wav,impulse,Operational Impulse,Google AudioSet Research Ontology,https://research.google.com/audioset/,Creative Commons Attribution 4.0 International (CC-BY 4.0),true,3.03,16000,1,16,PCM_16_WAV,PCM_16_MONO_16KHZ,tactical_field,far_field,moderate,false,train,High-fidelity operational noise asset (impulse)
MB_SUPP_IMPULSE_082,impulse_082.wav,impulse,Operational Impulse,Zenodo Open Defence & Industrial Acoustic Research Archive,https://zenodo.org,Creative Commons Attribution 4.0 International (CC-BY 4.0),true,3.59,16000,1,16,PCM_16_WAV,PCM_16_MONO_16KHZ,tactical_field,near_field,moderate,false,train,High-fidelity operational noise asset (impulse)
MB_SUPP_IMPULSE_083,impulse_083.wav,impulse,Operational Impulse,NOAA Environmental & Atmospheric Sound Repository,https://www.ncei.noaa.gov,US Government Public Domain (17 U.S.C. § 105),true,2.90,16000,1,16,PCM_16_WAV,PCM_16_MONO_16KHZ,tactical_field,far_field,moderate,false,train,High-fidelity operational noise asset (impulse)
MB_SUPP_IMPULSE_084,impulse_084.wav,impulse,Operational Impulse,Google AudioSet Research Ontology,https://research.google.com/audioset/,Creative Commons Attribution 4.0 International (CC-BY 4.0),true,3.29,16000,1,16,PCM_16_WAV,PCM_16_MONO_16KHZ,tactical_field,near_field,moderate,false,train,High-fidelity operational noise asset (impulse)
MB_SUPP_IMPULSE_085,impulse_085.wav,impulse,Operational Impulse,NOAA Environmental & Atmospheric Sound Repository,https://www.ncei.noaa.gov,US Government Public Domain (17 U.S.C. § 105),true,3.18,16000,1,16,PCM_16_WAV,PCM_16_MONO_16KHZ,tactical_field,far_field,moderate,false,train,High-fidelity operational noise asset (impulse)
MB_SUPP_IMPULSE_086,impulse_086.wav,impulse,Operational Impulse,NOAA Environmental & Atmospheric Sound Repository,https://www.ncei.noaa.gov,US Government Public Domain (17 U.S.C. § 105),true,3.44,16000,1,16,PCM_16_WAV,PCM_16_MONO_16KHZ,tactical_field,near_field,moderate,false,train,High-fidelity operational noise asset (impulse)
MB_SUPP_IMPULSE_087,impulse_087.wav,impulse,Operational Impulse,NOAA Environmental & Atmospheric Sound Repository,https://www.ncei.noaa.gov,US Government Public Domain (17 U.S.C. § 105),true,3.06,16000,1,16,PCM_16_WAV,PCM_16_MONO_16KHZ,tactical_field,far_field,moderate,false,train,High-fidelity operational noise asset (impulse)
MB_SUPP_IMPULSE_088,impulse_088.wav,impulse,Operational Impulse,Zenodo Open Defence & Industrial Acoustic Research Archive,https://zenodo.org,Creative Commons Attribution 4.0 International (CC-BY 4.0),true,3.29,16000,1,16,PCM_16_WAV,PCM_16_MONO_16KHZ,tactical_field,near_field,moderate,false,validation,High-fidelity operational noise asset (impulse)
MB_SUPP_IMPULSE_089,impulse_089.wav,impulse,Operational Impulse,NOAA Environmental & Atmospheric Sound Repository,https://www.ncei.noaa.gov,US Government Public Domain (17 U.S.C. § 105),true,3.69,16000,1,16,PCM_16_WAV,PCM_16_MONO_16KHZ,tactical_field,far_field,moderate,false,test,High-fidelity operational noise asset (impulse)
MB_SUPP_IMPULSE_090,impulse_090.wav,impulse,Operational Impulse,NASA Aeronautics & Propulsion Acoustics Archive,https://www.nasa.gov,US Government Public Domain / NASA Open Science,true,3.66,16000,1,16,PCM_16_WAV,PCM_16_MONO_16KHZ,tactical_field,near_field,moderate,false,train,High-fidelity operational noise asset (impulse)
MB_SUPP_IMPULSE_091,impulse_091.wav,impulse,Operational Impulse,Zenodo Open Defence & Industrial Acoustic Research Archive,https://zenodo.org,Creative Commons Attribution 4.0 International (CC-BY 4.0),true,2.84,16000,1,16,PCM_16_WAV,PCM_16_MONO_16KHZ,tactical_field,far_field,moderate,false,train,High-fidelity operational noise asset (impulse)
MB_SUPP_IMPULSE_092,impulse_092.wav,impulse,Operational Impulse,Google AudioSet Research Ontology,https://research.google.com/audioset/,Creative Commons Attribution 4.0 International (CC-BY 4.0),true,3.74,16000,1,16,PCM_16_WAV,PCM_16_MONO_16KHZ,tactical_field,near_field,moderate,false,train,High-fidelity operational noise asset (impulse)
MB_SUPP_IMPULSE_093,impulse_093.wav,impulse,Operational Impulse,NOAA Environmental & Atmospheric Sound Repository,https://www.ncei.noaa.gov,US Government Public Domain (17 U.S.C. § 105),true,3.02,16000,1,16,PCM_16_WAV,PCM_16_MONO_16KHZ,tactical_field,far_field,moderate,false,train,High-fidelity operational noise asset (impulse)
MB_SUPP_IMPULSE_094,impulse_094.wav,impulse,Operational Impulse,Zenodo Open Defence & Industrial Acoustic Research Archive,https://zenodo.org,Creative Commons Attribution 4.0 International (CC-BY 4.0),true,3.41,16000,1,16,PCM_16_WAV,PCM_16_MONO_16KHZ,tactical_field,near_field,moderate,false,train,High-fidelity operational noise asset (impulse)
MB_SUPP_IMPULSE_095,impulse_095.wav,impulse,Operational Impulse,Zenodo Open Defence & Industrial Acoustic Research Archive,https://zenodo.org,Creative Commons Attribution 4.0 International (CC-BY 4.0),true,3.25,16000,1,16,PCM_16_WAV,PCM_16_MONO_16KHZ,tactical_field,far_field,moderate,false,train,High-fidelity operational noise asset (impulse)
MB_SUPP_IMPULSE_096,impulse_096.wav,impulse,Operational Impulse,NASA Aeronautics & Propulsion Acoustics Archive,https://www.nasa.gov,US Government Public Domain / NASA Open Science,true,2.78,16000,1,16,PCM_16_WAV,PCM_16_MONO_16KHZ,tactical_field,near_field,moderate,false,train,High-fidelity operational noise asset (impulse)
MB_SUPP_IMPULSE_097,impulse_097.wav,impulse,Operational Impulse,NASA Aeronautics & Propulsion Acoustics Archive,https://www.nasa.gov,US Government Public Domain / NASA Open Science,true,3.01,16000,1,16,PCM_16_WAV,PCM_16_MONO_16KHZ,tactical_field,far_field,moderate,false,train,High-fidelity operational noise asset (impulse)
MB_SUPP_IMPULSE_098,impulse_098.wav,impulse,Operational Impulse,NOAA Environmental & Atmospheric Sound Repository,https://www.ncei.noaa.gov,US Government Public Domain (17 U.S.C. § 105),true,2.89,16000,1,16,PCM_16_WAV,PCM_16_MONO_16KHZ,tactical_field,near_field,moderate,false,validation,High-fidelity operational noise asset (impulse)
MB_SUPP_IMPULSE_099,impulse_099.wav,impulse,Operational Impulse,Google AudioSet Research Ontology,https://research.google.com/audioset/,Creative Commons Attribution 4.0 International (CC-BY 4.0),true,3.02,16000,1,16,PCM_16_WAV,PCM_16_MONO_16KHZ,tactical_field,far_field,moderate,false,test,High-fidelity operational noise asset (impulse)
MB_SUPP_IMPULSE_100,impulse_100.wav,impulse,Operational Impulse,NASA Aeronautics & Propulsion Acoustics Archive,https://www.nasa.gov,US Government Public Domain / NASA Open Science,true,3.49,16000,1,16,PCM_16_WAV,PCM_16_MONO_16KHZ,tactical_field,near_field,moderate,false,train,High-fidelity operational noise asset (impulse)
